gene,n_finite_cells,n_nonzero_cells,mean_count_qc,variance_count,fano,zero_fraction_qc,max_count,target_cells_qc,eligible,dispersion_score,dispersion_stratum,gene_seed,status,n_available_cells,target_cells,n_successful_resamples,mean_count,zero_fraction,median_heldout_gain,median_aux_delta_BIC,point_null_threshold,point_detection_power,bootstrap_probability_K3,bootstrap_probability_K2,bootstrap_probability_ambiguous,stable_state_call,initial_state_call,final_analysis_role,stable_state_call_70_30_split_matched,bootstrap_probability_K3_70_30_split_matched,bootstrap_probability_K2_70_30_split_matched,point_detection_power_70_30_split_matched,median_heldout_gain_70_30
0610007P14Rik,409,300,2.317848410757946,5.938092192179626,2.561898424685092,0.2665036674816626,13.0,200,True,1.5367973355711384,lower_dispersion,907387610,ok,409,200,30,2.317848410757946,0.2665036674816626,-9.545303889524349e-08,-10.147165688676182,0.0077637745532084,0.0666666666666666,0.0,0.971,0.029,K2,K2,stable_K2,,,,,
0610009B22Rik,401,323,4.00997506234414,14.199401745014026,3.541019962531483,0.1945137157107231,26.0,200,True,1.7076653638819446,lower_dispersion,1523916315,ok,401,200,30,4.00997506234414,0.1945137157107231,0.0242661630811673,-3.09590707309502,0.0077637745532084,0.7666666666666667,0.5743333333333334,0.0,0.4256666666666666,ambiguous,ambiguous,ambiguous,,,,,
0610031J06Rik,413,405,13.707021791767554,77.92627030703117,5.685135070977544,0.0193704600484261,58.0,200,True,1.919256875480867,middle,1984262802,ok,413,200,30,13.707021791767554,0.0193704600484261,0.0106081244162485,-7.677233733601383,0.0077637745532084,0.6,0.0163333333333333,0.0013333333333333,0.9823333333333334,ambiguous,ambiguous,ambiguous,,,,,
1110007C09Rik,385,270,3.688311688311688,19.16518805869456,5.1961953539418335,0.2987012987012987,32.0,200,True,2.1226367498005043,middle,2079419095,ok,385,200,30,3.688311688311688,0.2987012987012987,0.0216898510500854,-3.733082093066741,0.0077637745532084,0.8333333333333334,0.68,0.0,0.3199999999999999,ambiguous,ambiguous,ambiguous,,,,,
1110037F02Rik,403,297,2.724565756823821,9.003540444187205,3.3045781411725352,0.2630272952853598,19.0,200,True,1.7227064356044568,lower_dispersion,1651479707,ok,403,200,30,2.724565756823821,0.2630272952853598,-3.4519435665458785e-08,-9.179043555375472,0.0077637745532084,0.2666666666666666,0.0,0.2526666666666666,0.7473333333333334,ambiguous,ambiguous,ambiguous,,,,,
1110038B12Rik,409,351,4.119804400977995,15.034546661007528,3.649335064897376,0.1418092909535452,27.0,200,True,1.6785335035315303,lower_dispersion,527213816,ok,409,200,30,4.119804400977995,0.1418092909535452,1.5276337688163722e-07,-10.133266980197334,0.0077637745532084,0.2333333333333333,0.0,0.493,0.507,ambiguous,ambiguous,ambiguous,,,,,
1110058L19Rik,409,343,4.298288508557457,14.991708562239586,3.4878320830238856,0.1613691931540342,22.0,200,True,1.6627389460184867,lower_dispersion,561751134,ok,409,200,30,4.298288508557457,0.1613691931540342,0.0083660817671047,-9.050949718642016,0.0077637745532084,0.5333333333333333,0.0073333333333333,0.0396666666666666,0.953,ambiguous,ambiguous,ambiguous,,,,,
1500012F01Rik,361,228,2.401662049861496,9.010412750055632,3.751740487624087,0.3684210526315789,21.0,200,True,1.92693202201046,middle,527307401,ok,361,200,30,2.401662049861496,0.3684210526315789,0.0027772093370202,-8.314855022429015,0.0077637745532084,0.3,0.0,0.2106666666666666,0.7893333333333333,ambiguous,ambiguous,ambiguous,,,,,
1700021F05Rik,401,240,2.264339152119701,12.19945149594841,5.387643226734925,0.4014962593516209,37.0,200,True,2.255861637602252,higher_dispersion,945487658,ok,401,200,30,2.264339152119701,0.4014962593516209,0.0005744976001546,-9.562766534025911,0.0077637745532084,0.2333333333333333,0.0,0.3266666666666666,0.6733333333333333,ambiguous,ambiguous,ambiguous,,,,,
1700123O20Rik,409,343,4.171149144254279,15.16875198020098,3.636588253166589,0.1613691931540342,25.0,200,True,1.6953479986679043,lower_dispersion,1768314312,ok,409,200,30,4.171149144254279,0.1613691931540342,0.0073269513180333,-7.717328777870136,0.0077637745532084,0.4666666666666667,0.0023333333333333,0.0273333333333333,0.9703333333333334,ambiguous,ambiguous,ambiguous,,,,,
1810009A15Rik,411,387,6.897810218978102,30.96765943843572,4.489491368323486,0.0583941605839416,38.0,200,True,1.7612297648777755,lower_dispersion,548882172,ok,411,200,30,6.897810218978102,0.0583941605839416,-3.182132637391533e-08,-10.052808721684189,0.0077637745532084,0.1333333333333333,0.0,0.8746666666666667,0.1253333333333333,K2,K2,stable_K2,,,,,
1810013L24Rik,392,300,3.4872448979591835,16.841674042065808,4.829507113745279,0.2346938775510204,33.0,200,True,1.997626331242588,middle,1670812015,ok,392,200,30,3.4872448979591835,0.2346938775510204,1.509111982045397e-07,-10.150347621616106,0.0077637745532084,0.1333333333333333,0.0,0.884,0.1159999999999999,K2,K2,stable_K2,,,,,
1810037I17Rik,405,366,7.474074074074074,55.78019204389574,7.463157508350767,0.0962962962962963,55.0,200,True,2.2320186282196497,higher_dispersion,1791665123,ok,405,200,30,7.474074074074074,0.0962962962962963,-4.290992045241637e-07,-10.151760841405178,0.0077637745532084,0.0333333333333333,0.0,0.989,0.011,K2,K2,stable_K2,,,,,
1810043H04Rik,403,314,2.3746898263027294,6.040748973271185,2.543805471502913,0.2208436724565756,16.0,200,True,1.486044814162144,lower_dispersion,1819232659,ok,403,200,30,2.3746898263027294,0.2208436724565756,4.643361748435383e-08,-10.150347631425973,0.0077637745532084,0.0666666666666666,0.0,0.9863333333333332,0.0136666666666667,K2,K2,stable_K2,,,,,
1810055G02Rik,404,324,2.9183168316831685,9.1195654837761,3.124940165772302,0.198019801980198,18.0,200,True,1.6150713163943191,lower_dispersion,791767571,ok,404,200,30,2.9183168316831685,0.198019801980198,-2.6609549585998592e-08,-10.150347630645854,0.0077637745532084,0.0,0.0,1.0,0.0,K2,K2,stable_K2,,,,,
1810058I24Rik,413,396,7.426150121065375,29.232439657851074,3.936419164881804,0.0411622276029055,34.0,200,True,1.6378024305522405,lower_dispersion,984721436,ok,413,200,30,7.426150121065375,0.0411622276029055,3.091727501569608e-07,-10.073304705069232,0.0077637745532084,0.0666666666666666,0.0,0.9863333333333332,0.0136666666666667,K2,K2,stable_K2,,,,,
2010107E04Rik,413,408,17.75544794188862,114.48983109474756,6.448152221755182,0.0121065375302663,89.0,200,True,2.020072515233235,middle,1132758587,ok,413,200,30,17.75544794188862,0.0121065375302663,0.0005436891866565,-5.658026743361006,0.0077637745532084,0.4,0.0,0.026,0.974,ambiguous,ambiguous,ambiguous,,,,,
2200002D01Rik,378,201,4.174603174603175,42.31872008062484,10.13718389764017,0.4682539682539682,46.0,200,True,2.8785433788425285,higher_dispersion,252700788,ok,378,200,30,4.174603174603175,0.4682539682539682,0.0148925073401589,-2.703803917551909,0.0077637745532084,0.7,0.31,0.0003333333333333,0.6896666666666667,ambiguous,ambiguous,ambiguous,,,,,
2210016F16Rik,406,339,5.66256157635468,25.834411172316724,4.562318806420439,0.1650246305418719,32.0,200,True,1.88103970337702,middle,1230145888,ok,406,200,30,5.66256157635468,0.1650246305418719,0.017650212958356,-2.70512289206846,0.0077637745532084,0.7333333333333333,0.4566666666666666,0.0,0.5433333333333333,ambiguous,ambiguous,ambiguous,,,,,
2210016L21Rik,408,315,3.071078431372549,10.066026287966164,3.277684537502151,0.2279411764705882,18.0,200,True,1.6813530437624933,lower_dispersion,1744935075,ok,408,200,30,3.071078431372549,0.2279411764705882,2.777210259097274e-07,-9.4957868573087,0.0077637745532084,0.1333333333333333,0.0,0.793,0.2069999999999999,ambiguous,ambiguous,ambiguous,,,,,
2310022B05Rik,413,403,13.108958837772397,125.86464128886256,9.601421657240532,0.0242130750605326,96.0,200,True,2.385201185793055,higher_dispersion,224777211,ok,413,200,30,13.108958837772397,0.0242130750605326,-8.390766739303502e-05,-10.178935686069622,0.0077637745532084,0.0333333333333333,0.0,1.0,0.0,K2,K2,stable_K2,,,,,
2410006H16Rik,413,387,6.837772397094431,34.52816162374171,5.049621370610951,0.0629539951573849,40.0,200,True,1.862949681871624,middle,1958483158,ok,413,200,30,6.837772397094431,0.0629539951573849,1.0553824374426312e-07,-10.150347630831844,0.0077637745532084,0.0666666666666666,0.0,0.9963333333333332,0.0036666666666667,K2,K2,stable_K2,,,,,
2410015M20Rik,413,400,11.046004842615012,70.97367047939542,6.42527968171642,0.0314769975786924,79.0,200,True,2.0363673491292857,middle,209378850,ok,413,200,30,11.046004842615012,0.0314769975786924,0.0005750806121252,-9.04566425086466,0.0077637745532084,0.3333333333333333,0.0,0.0993333333333333,0.9006666666666667,ambiguous,ambiguous,ambiguous,,,,,
2610001J05Rik,411,371,5.766423357664234,22.889480881595546,3.96944162123872,0.097323600973236,40.0,200,True,1.700631084918692,lower_dispersion,582724540,ok,411,200,30,5.766423357664234,0.097323600973236,0.012038855315453,-6.300667846420822,0.0077637745532084,0.6,0.048,0.0013333333333333,0.9506666666666668,ambiguous,ambiguous,ambiguous,,,,,
2610203C20Rik,383,255,2.172323759791123,9.145239247660014,4.209887778670415,0.3342036553524804,30.0,200,True,1.984761971283168,middle,876031746,ok,383,200,30,2.172323759791123,0.3342036553524804,2.11364705293704e-08,-10.1503476306724,0.0077637745532084,0.0,0.0,1.0,0.0,K2,K2,stable_K2,,,,,
4833439L19Rik,413,317,2.401937046004843,6.366291647368515,2.650482308833867,0.2324455205811138,17.0,200,True,1.5273048188524103,lower_dispersion,1949779536,ok,413,200,30,2.401937046004843,0.2324455205811138,-4.930005097492085e-08,-10.150347631065811,0.0077637745532084,0.0,0.0,1.0,0.0,K2,K2,stable_K2,,,,,
9030624J02Rik,405,328,3.195061728395061,11.040963267794544,3.455633789379282,0.1901234567901234,23.0,200,True,1.68429277232583,lower_dispersion,299839629,ok,405,200,30,3.195061728395061,0.1901234567901234,6.362934357184713e-09,-10.150347631017723,0.0077637745532084,0.0333333333333333,0.0,0.999,0.001,K2,K2,stable_K2,,,,,
9530068E07Rik,413,379,6.5423728813559325,30.083555628513977,4.5982636841511,0.0823244552058111,32.0,200,True,1.8047809484679007,lower_dispersion,993476641,ok,413,200,30,6.5423728813559325,0.0823244552058111,-3.877938265794968e-06,-9.31611429544887,0.0077637745532084,0.1333333333333333,0.0,0.784,0.2159999999999999,ambiguous,ambiguous,ambiguous,,,,,
AI413582,411,341,4.581508515815085,20.929487748710937,4.568252503834411,0.170316301703163,28.0,200,True,1.8873975728152328,middle,1846744392,ok,411,200,30,4.581508515815085,0.170316301703163,1.7024253828878952e-08,-9.676032095658002,0.0077637745532084,0.1,0.0,0.9416666666666668,0.0583333333333333,K2,K2,stable_K2,,,,,
AI462493,386,290,4.4689119170984455,25.6428159145212,5.738044604640685,0.2487046632124352,33.0,200,True,2.156474428038448,higher_dispersion,333193495,ok,386,200,30,4.4689119170984455,0.2487046632124352,0.0024403966228142,-9.09683783355149,0.0077637745532084,0.3333333333333333,0.0,0.2443333333333333,0.7556666666666667,ambiguous,ambiguous,ambiguous,,,,,
AW549877,413,327,3.169491525423729,10.155291993269586,3.204076083437997,0.2082324455205811,17.0,200,True,1.6442869962397415,lower_dispersion,1334486114,ok,413,200,30,3.169491525423729,0.2082324455205811,-1.559249103166849e-08,-9.794359878826072,0.0077637745532084,0.1333333333333333,0.0,0.759,0.241,ambiguous,ambiguous,ambiguous,,,,,
Aamp,409,373,11.640586797066014,101.22290038916556,8.695687094973474,0.0880195599022004,65.0,200,True,2.359700717150405,higher_dispersion,1503406398,ok,409,200,30,11.640586797066014,0.0880195599022004,0.0287403076637517,-3.914461382839932,0.0077637745532084,0.8,0.595,0.0,0.405,ambiguous,ambiguous,ambiguous,,,,,
Aars,402,347,7.296019900497512,50.05913838766368,6.861157051428844,0.1368159203980099,44.0,200,True,2.1987497235660767,higher_dispersion,794621152,ok,402,200,30,7.296019900497512,0.1368159203980099,0.0064109217839645,-8.628987128808376,0.0077637745532084,0.4666666666666667,0.0056666666666666,0.0066666666666666,0.9876666666666666,ambiguous,ambiguous,ambiguous,,,,,
Aasdhppt,389,271,2.526992287917738,9.65801177629014,3.821939553384399,0.3033419023136247,17.0,200,True,1.876518146403904,middle,590702845,ok,389,200,30,2.526992287917738,0.3033419023136247,6.877670291061125e-08,-10.150347630260342,0.0077637745532084,0.0,0.0,1.0,0.0,K2,K2,stable_K2,,,,,
Abcc1,397,305,3.0680100755667508,14.11880032231662,4.601940663349506,0.2317380352644836,27.0,200,True,1.954851119998733,middle,187700332,ok,397,200,30,3.0680100755667508,0.2317380352644836,2.6838329780787266e-08,-10.150347631165404,0.0077637745532084,0.0333333333333333,0.0,0.9996666666666668,0.0003333333333332,K2,K2,stable_K2,,,,,
Abce1,402,334,4.281094527363184,19.59014009554219,4.57596532156186,0.1691542288557214,28.0,200,True,1.8876196830625136,middle,397202406,ok,402,200,30,4.281094527363184,0.1691542288557214,8.048613144850947e-07,-9.857432071631765,0.0077637745532084,0.2333333333333333,0.0,0.5446666666666666,0.4553333333333333,ambiguous,ambiguous,ambiguous,,,,,
Abcf1,399,324,4.857142857142857,25.601145721446468,5.270824119121332,0.18796992481203,30.0,200,True,2.023877709275935,middle,1661015442,ok,399,200,30,4.857142857142857,0.18796992481203,0.00802695290906,-7.223326955107041,0.0077637745532084,0.5,0.008,0.0076666666666666,0.9843333333333332,ambiguous,ambiguous,ambiguous,,,,,
Abcf2,405,325,3.854320987654321,15.793592440176804,4.097632888066372,0.1975308641975308,28.0,200,True,1.82630715658686,lower_dispersion,213703134,ok,405,200,30,3.854320987654321,0.1975308641975308,0.0008583183287004,-8.696246794675403,0.0077637745532084,0.3,0.0,0.2323333333333333,0.7676666666666667,ambiguous,ambiguous,ambiguous,,,,,
Abcf3,302,157,2.5264900662251657,14.60691417043112,5.781504691310876,0.4801324503311258,26.0,200,True,2.394331458532228,higher_dispersion,1250727572,ok,302,200,30,2.5264900662251657,0.4801324503311258,0.0192407609407734,-6.809294164112146,0.0077637745532084,0.6,0.014,0.0,0.986,ambiguous,ambiguous,ambiguous,,,,,
Abhd4,413,361,3.617433414043584,13.064296560336286,3.611482248607019,0.1259079903147699,28.0,200,True,1.654457324625961,lower_dispersion,448719070,ok,413,200,30,3.617433414043584,0.1259079903147699,-6.494697633030456e-08,-10.1503476339675,0.0077637745532084,0.0,0.0,1.0,0.0,K2,K2,stable_K2,,,,,
Abi1,399,344,4.591478696741855,18.30679455531058,3.9871239233454814,0.137844611528822,32.0,200,True,1.7447039870612864,lower_dispersion,1392605817,ok,399,200,30,4.591478696741855,0.137844611528822,0.008266359134827,-8.358361575396032,0.0077637745532084,0.5333333333333333,0.0053333333333333,0.0206666666666666,0.974,ambiguous,ambiguous,ambiguous,,,,,
Abi3bp,409,342,10.43520782396088,170.84237899103903,16.371727508747647,0.1638141809290953,82.0,200,True,3.0186582098205585,higher_dispersion,870620278,ok,409,200,30,10.43520782396088,0.1638141809290953,-4.622986793378914e-08,-10.15034763082167,0.0077637745532084,0.0,0.0,1.0,0.0,K2,K2,stable_K2,,,,,
Acadl,408,290,2.448529411764706,8.688527249134948,3.5484675852322907,0.2892156862745098,18.0,200,True,1.8040060680549377,lower_dispersion,1989874124,ok,408,200,30,2.448529411764706,0.2892156862745098,6.545587112327668e-08,-10.150347628936744,0.0077637745532084,0.0,0.0,1.0,0.0,K2,K2,stable_K2,,,,,
Acads,413,277,2.225181598062954,7.1429978483780765,3.210074114668276,0.3292978208232445,15.0,200,True,1.766778072796848,lower_dispersion,2106929822,ok,413,200,30,2.225181598062954,0.3292978208232445,-1.0863105899261429e-07,-10.150347630647502,0.0077637745532084,0.0,0.0,1.0,0.0,K2,K2,stable_K2,,,,,
Acat1,407,347,4.356265356265356,22.87798900083913,5.251743667987324,0.1474201474201474,49.0,200,True,1.980280559136827,middle,308389782,ok,407,200,30,4.356265356265356,0.1474201474201474,1.912771109502387e-07,-10.15034763215982,0.0077637745532084,0.0333333333333333,0.0,0.9986666666666668,0.0013333333333332,K2,K2,stable_K2,,,,,
Acbd3,315,176,2.123809523809524,7.943401360544218,3.740166559897502,0.4412698412698412,19.0,200,True,1.9973421155783408,middle,1560269823,ok,315,200,30,2.123809523809524,0.4412698412698412,0.0136535940886238,-7.285831310738956,0.0077637745532084,0.6333333333333333,0.0543333333333333,0.0,0.9456666666666668,ambiguous,ambiguous,ambiguous,,,,,
Acd,397,258,2.1007556675062973,7.1737273886643536,3.4148318624697223,0.3501259445843829,19.0,200,True,1.8350956946693049,middle,983652744,ok,397,200,30,2.1007556675062973,0.3501259445843829,7.66504602012219e-08,-9.748356028858382,0.0077637745532084,0.2333333333333333,0.0,0.483,0.517,ambiguous,ambiguous,ambiguous,,,,,
Acin1,370,276,4.408108108108108,22.23074506939372,5.04314878950072,0.254054054054054,24.0,200,True,2.0529792529242945,middle,1718395662,ok,370,200,30,4.408108108108108,0.254054054054054,0.0041390326915751,-8.69828981124391,0.0077637745532084,0.3333333333333333,0.0013333333333333,0.102,0.8966666666666667,ambiguous,ambiguous,ambiguous,,,,,
Acly,386,290,3.2072538860103625,15.008859298236196,4.6796604920187175,0.2487046632124352,32.0,200,True,1.9855961216271305,middle,1342834638,ok,386,200,30,3.2072538860103625,0.2487046632124352,6.19194562290204e-08,-10.150347630663248,0.0077637745532084,0.0,0.0,0.9976666666666668,0.0023333333333332,K2,K2,stable_K2,,,,,
Aco2,404,311,2.3316831683168315,6.3751347907067935,2.734134241449623,0.2301980198019802,15.0,200,True,1.5477140153865931,lower_dispersion,1774175962,ok,404,200,30,2.3316831683168315,0.2301980198019802,-1.1655718168412931e-09,-10.150347630921488,0.0077637745532084,0.0,0.0,1.0,0.0,K2,K2,stable_K2,,,,,
Acot7,410,292,3.6219512195121952,24.908298631766804,6.877038679477703,0.2878048780487804,46.0,200,True,2.351756909190526,higher_dispersion,1326310776,ok,410,200,30,3.6219512195121952,0.2878048780487804,1.1756869623624766e-05,-10.15176358828893,0.0077637745532084,0.0666666666666666,0.0,0.988,0.012,K2,K2,stable_K2,,,,,
Acsl5,401,288,2.942643391521197,11.52040099253114,3.9149837271228702,0.2817955112219451,26.0,200,True,1.8740839539555472,middle,824319416,ok,401,200,30,2.942643391521197,0.2817955112219451,2.3520230190143821e-07,-9.6767862419739,0.0077637745532084,0.1666666666666666,0.0,0.7436666666666667,0.2563333333333333,ambiguous,ambiguous,ambiguous,,,,,
Actn1,413,412,50.13075060532688,1014.2008219547512,20.231111836713307,0.0024213075060532,212.0,200,True,3.057888952867959,higher_dispersion,1016790573,ok,413,200,30,50.13075060532688,0.0024213075060532,-1.1539917433722735e-05,-8.402968164579647,0.0077637745532084,0.1333333333333333,0.0,0.8553333333333333,0.1446666666666667,K2,K2,stable_K2,,,,,
Actn4,413,402,23.397094430992738,267.0674976109375,11.414558264857412,0.0266343825665859,104.0,200,True,2.5455042201331266,higher_dispersion,1581817393,ok,413,200,30,23.397094430992738,0.0266343825665859,0.0265116719622312,-4.729777339247107,0.0077637745532084,0.6666666666666666,0.0836666666666666,0.0,0.9163333333333332,ambiguous,ambiguous,ambiguous,,,,,
Actr10,411,370,6.35279805352798,28.23319776700351,4.444214585307715,0.0997566909975669,35.0,200,True,1.7943101918556124,lower_dispersion,1453409983,ok,411,200,30,6.35279805352798,0.0997566909975669,0.0014247380974824,-8.134166811056446,0.0077637745532084,0.3,0.0,0.1416666666666666,0.8583333333333334,ambiguous,ambiguous,ambiguous,,,,,
Actr1a,413,351,4.624697336561743,17.71629076795901,3.83080004563721,0.1501210653753026,24.0,200,True,1.7251331602415187,lower_dispersion,689374046,ok,413,200,30,4.624697336561743,0.1501210653753026,0.0114943771328002,-6.076062018920652,0.0077637745532084,0.6333333333333333,0.063,0.0016666666666666,0.9353333333333332,ambiguous,ambiguous,ambiguous,,,,,
Actr1b,407,328,3.0614250614250613,10.082222047824011,3.2933100910629,0.1941031941031941,19.0,200,True,1.6511612125243325,lower_dispersion,937791219,ok,407,200,30,3.0614250614250613,0.1941031941031941,-7.213884849477382e-08,-10.150347630582871,0.0077637745532084,0.0,0.0,1.0,0.0,K2,K2,stable_K2,,,,,
Actr2,413,398,4.108958837772397,9.719362838499377,2.365407691396725,0.036319612590799,20.0,200,True,1.2498687247815472,lower_dispersion,1333815350,ok,413,200,30,4.108958837772397,0.036319612590799,-4.6856908753056817e-08,-10.150347639704364,0.0077637745532084,0.0,0.0,1.0,0.0,K2,K2,stable_K2,,,,,
Actr3,411,385,7.350364963503649,30.00376507361429,4.08194221954832,0.0632603406326034,32.0,200,True,1.6889538558375112,lower_dispersion,901241333,ok,411,200,30,7.350364963503649,0.0632603406326034,0.0044918875195373,-7.833849780982462,0.0077637745532084,0.4333333333333333,0.0003333333333333,0.04,0.9596666666666668,ambiguous,ambiguous,ambiguous,,,,,
Adam12,393,296,2.796437659033079,10.538715045095792,3.7686214856439,0.2468193384223918,26.0,200,True,1.8088766048346856,lower_dispersion,1494833835,ok,393,200,30,2.796437659033079,0.2468193384223918,-7.33894367499488e-08,-10.150347630702695,0.0077637745532084,0.0,0.0,1.0,0.0,K2,K2,stable_K2,,,,,
Adam15,402,283,2.6044776119402986,11.030129204722655,4.235063935337639,0.2960199004975124,35.0,200,True,1.951398957799424,middle,209166026,ok,402,200,30,2.6044776119402986,0.2960199004975124,1.0368846794506226e-07,-10.047850275158735,0.0077637745532084,0.2333333333333333,0.0,0.3976666666666666,0.6023333333333334,ambiguous,ambiguous,ambiguous,,,,,
Adam19,411,356,5.02676399026764,27.37397955257192,5.445646464717839,0.1338199513381995,40.0,200,True,1.9972248875428853,middle,1175676101,ok,411,200,30,5.02676399026764,0.1338199513381995,-1.5108375848171817e-07,-10.150347630861743,0.0077637745532084,0.0,0.0,1.0,0.0,K2,K2,stable_K2,,,,,
Adam9,413,379,6.535108958837772,34.77661239732894,5.321504601740219,0.0823244552058111,41.0,200,True,1.9262817049260408,middle,754822121,ok,413,200,30,6.535108958837772,0.0823244552058111,2.983260149136413e-07,-10.150347630735723,0.0077637745532084,0.0666666666666666,0.0,0.9943333333333332,0.0056666666666667,K2,K2,stable_K2,,,,,
Adamts1,381,176,4.136482939632546,77.48268474314726,18.73153736493598,0.5380577427821522,78.0,200,True,3.5202759799501395,higher_dispersion,1399044330,ok,381,200,30,4.136482939632546,0.5380577427821522,0.0058866169893951,-8.87624489327726,0.0077637745532084,0.4,0.0033333333333333,0.0543333333333333,0.9423333333333334,ambiguous,ambiguous,ambiguous,,,,,
Adamts5,400,316,13.625,407.424375,29.902706422018348,0.21,191.0,200,True,3.640843766541314,higher_dispersion,631136629,ok,400,200,30,13.625,0.21,4.353781427823833e-07,-9.56662005906992,0.0077637745532084,0.2,0.0,0.6533333333333333,0.3466666666666667,ambiguous,ambiguous,ambiguous,,,,,
Add1,401,330,2.947630922693267,9.396259973507629,3.187732867492858,0.1770573566084788,31.0,200,True,1.609216862361025,lower_dispersion,70764926,ok,401,200,30,2.947630922693267,0.1770573566084788,-6.011547633022474e-08,-10.150347631133002,0.0077637745532084,0.0,0.0,1.0,0.0,K2,K2,stable_K2,,,,,
Adh5,413,358,4.138014527845036,16.167392668069812,3.9070410602181584,0.1331719128329297,22.0,200,True,1.723843037588214,lower_dispersion,1578385942,ok,413,200,30,4.138014527845036,0.1331719128329297,1.6385915024841324e-08,-10.150347630055135,0.0077637745532084,0.0,0.0,1.0,0.0,K2,K2,stable_K2,,,,,
Adipor1,413,388,5.99273607748184,21.009632465453866,3.505849781104018,0.0605326876513317,29.0,200,True,1.5659091915788277,lower_dispersion,684993084,ok,413,200,30,5.99273607748184,0.0605326876513317,-1.0014803883962033e-07,-10.150347629744658,0.0077637745532084,0.1666666666666666,0.0,0.807,0.1929999999999999,K2,K2,stable_K2,,,,,
Adipor2,391,252,2.741687979539642,16.81562784126216,6.133312020460358,0.3554987212276215,52.0,200,True,2.320274366796923,higher_dispersion,1049323266,ok,391,200,30,2.741687979539642,0.3554987212276215,2.1631912360930985e-06,-10.079880044436038,0.0077637745532084,0.1,0.0,0.9683333333333334,0.0316666666666666,K2,K2,stable_K2,,,,,
Adk,407,385,11.2997542997543,101.9101473597788,9.018793210574032,0.054054054054054,81.0,200,True,2.358516704391062,higher_dispersion,621501164,ok,407,200,30,11.2997542997543,0.054054054054054,0.0046477058538428,-7.604069623002147,0.0077637745532084,0.4666666666666667,0.0003333333333333,0.0006666666666666,0.999,ambiguous,ambiguous,ambiguous,,,,,
Adra1d,391,257,2.319693094629156,9.245622412202955,3.985709330949675,0.3427109974424552,19.0,200,True,1.949286683802701,middle,1496097407,ok,391,200,30,2.319693094629156,0.3427109974424552,1.8240724308782323e-08,-10.150347630530632,0.0077637745532084,0.0,0.0,1.0,0.0,K2,K2,stable_K2,,,,,
Adss,406,318,2.431034482758621,7.654110752505522,3.148499458477449,0.2167487684729064,21.0,200,True,1.639495461060558,lower_dispersion,1457129137,ok,406,200,30,2.431034482758621,0.2167487684729064,-1.7931789386693626e-11,-10.15034763249406,0.0077637745532084,0.0,0.0,1.0,0.0,K2,K2,stable_K2,,,,,
Aebp1,413,408,35.00968523002421,710.7989376733169,20.302922834157265,0.0121065375302663,176.0,200,True,3.0709508230924367,higher_dispersion,769282408,ok,413,200,30,35.00968523002421,0.0121065375302663,0.0013341854084725,-9.588905466583697,0.0077637745532084,0.1666666666666666,0.0,0.8146666666666667,0.1853333333333333,K2,K2,stable_K2,,,,,
Aebp2,405,296,2.762962962962963,12.12159122085048,4.387171085294409,0.2691358024691358,27.0,200,True,1.9531562045818125,middle,876521403,ok,405,200,30,2.762962962962963,0.2691358024691358,6.19663794054759e-08,-10.150347630521992,0.0077637745532084,0.0333333333333333,0.0,1.0,0.0,K2,K2,stable_K2,,,,,
Aen,367,276,5.427792915531335,35.721625374009754,6.581243229046978,0.2479564032697547,38.0,200,True,2.273633603861291,higher_dispersion,279604719,ok,367,200,30,5.427792915531335,0.2479564032697547,0.0254929857095582,-4.13170138831191,0.0077637745532084,0.8333333333333334,0.788,0.0,0.2119999999999999,ambiguous,ambiguous,ambiguous,,,,,
Aes,411,393,5.559610705596107,14.504354106357413,2.60887944757676,0.0437956204379562,26.0,200,True,1.3271929422646624,lower_dispersion,264268981,ok,411,200,30,5.559610705596107,0.0437956204379562,1.4664271379416508e-07,-10.141947128979496,0.0077637745532084,0.1666666666666666,0.0,0.7976666666666666,0.2023333333333333,ambiguous,ambiguous,ambiguous,,,,,
Aff1,346,235,4.794797687861272,30.665984496642054,6.395678502614919,0.3208092485549133,39.0,200,True,2.3217050920456,higher_dispersion,1999657393,ok,346,200,30,4.794797687861272,0.3208092485549133,0.0569331418892035,6.377138475801132,0.0077637745532084,0.6666666666666666,0.115,0.0,0.885,ambiguous,ambiguous,ambiguous,,,,,
Afg3l2,407,300,2.9975429975429977,13.717438680583646,4.576227494260282,0.2628992628992629,27.0,200,True,1.981411734352403,middle,444303050,ok,407,200,30,2.9975429975429977,0.2628992628992629,-8.833134934604916e-08,-10.150347630608051,0.0077637745532084,0.0333333333333333,0.0,0.998,0.002,K2,K2,stable_K2,,,,,
Aga,401,320,3.403990024937656,10.310607521097506,3.028977008029377,0.2019950124688279,20.0,200,True,1.5955075120420923,lower_dispersion,2117916629,ok,401,200,30,3.403990024937656,0.2019950124688279,0.0120984284918296,-5.988556331668008,0.0077637745532084,0.6666666666666666,0.045,0.0016666666666666,0.9533333333333333,ambiguous,ambiguous,ambiguous,,,,,
Agpat6,399,324,4.245614035087719,16.962230136745372,3.995236023944158,0.18796992481203,33.0,200,True,1.796454587837077,lower_dispersion,1296793624,ok,399,200,30,4.245614035087719,0.18796992481203,0.0234807301574445,-4.668598118707337,0.0077637745532084,0.7666666666666667,0.3586666666666667,0.0,0.6413333333333333,ambiguous,ambiguous,ambiguous,,,,,
Ahcyl1,213,123,6.553990610328638,74.34098172761136,11.34285752720718,0.4225352112676056,58.0,200,True,2.9356127691617724,higher_dispersion,1334862878,ok,213,200,30,6.553990610328638,0.4225352112676056,0.1533822298055351,30.83722536066716,0.0077637745532084,0.9666666666666668,1.0,0.0,0.0,K3,K3,formal_K3,K3,1.0,0.0,1.0,0.1661669397657675
Ahnak,413,411,30.208232445520583,448.7556707256301,14.85540974749,0.0048426150121065,132.0,200,True,2.768353366092638,higher_dispersion,1430131431,ok,413,200,30,30.208232445520583,0.0048426150121065,5.828215000036608e-06,-10.16627236631416,0.0077637745532084,0.1,0.0,0.9783333333333334,0.0216666666666666,K2,K2,stable_K2,,,,,
Ahsa2,302,148,2.0264900662251657,10.913205561159598,5.385274639657187,0.5099337748344371,25.0,200,True,2.363928276652657,higher_dispersion,1221730610,ok,302,200,30,2.0264900662251657,0.5099337748344371,0.0254753872656009,-4.840141864784755,0.0077637745532084,0.7333333333333333,0.3626666666666667,0.0,0.6373333333333333,ambiguous,ambiguous,ambiguous,,,,,
Aimp1,399,309,2.4160401002506267,5.952223918191469,2.4636279495419044,0.225563909774436,14.0,200,True,1.4678804898396534,lower_dispersion,92068697,ok,399,200,30,2.4160401002506267,0.225563909774436,-4.9074137642435296e-08,-10.150347630579006,0.0077637745532084,0.0,0.0,1.0,0.0,K2,K2,stable_K2,,,,,
Aimp2,372,283,4.456989247311828,20.87718233321771,4.684144648948727,0.239247311827957,30.0,200,True,1.976927970181779,middle,581056387,ok,372,200,30,4.456989247311828,0.239247311827957,0.0250183919314414,-2.5283021556641643,0.0077637745532084,0.6666666666666666,0.176,0.0003333333333333,0.8236666666666668,ambiguous,ambiguous,ambiguous,,,,,
Aip,388,257,2.9587628865979383,13.544691253055584,4.57782247925572,0.3376288659793814,26.0,200,True,2.0564273295179247,middle,359798189,ok,388,200,30,2.9587628865979383,0.3376288659793814,0.0012742379353069,-8.458252376164637,0.0077637745532084,0.2666666666666666,0.0,0.1953333333333333,0.8046666666666666,ambiguous,ambiguous,ambiguous,,,,,
Ak2,413,379,7.428571428571429,48.9325492909028,6.587073943006145,0.0823244552058111,55.0,200,True,2.108770457527984,middle,64726941,ok,413,200,30,7.428571428571429,0.0823244552058111,-3.728576468731148e-06,-10.149246209636033,0.0077637745532084,0.0333333333333333,0.0,1.0,0.0,K2,K2,stable_K2,,,,,
Akap12,411,378,7.406326034063261,73.93465584503998,9.982635858183782,0.0802919708029197,89.0,200,True,2.4766074380184047,higher_dispersion,5057704,ok,411,200,30,7.406326034063261,0.0802919708029197,-7.161528527248606e-05,-10.184916481302764,0.0077637745532084,0.0,0.0,1.0,0.0,K2,K2,stable_K2,,,,,
Akap2,410,372,7.660975609756098,46.16067221891731,6.02542999355495,0.0926829268292682,41.0,200,True,2.0422193492228486,middle,735260541,ok,410,200,30,7.660975609756098,0.0926829268292682,0.0029120019346631,-9.517853948656011,0.0077637745532084,0.3333333333333333,0.0,0.0936666666666666,0.9063333333333332,ambiguous,ambiguous,ambiguous,,,,,
Akap8,382,246,2.662303664921466,11.78386694443683,4.4261919102997735,0.3560209424083769,27.0,200,True,2.0472585246705592,middle,1169670895,ok,382,200,30,2.662303664921466,0.3560209424083769,0.0204823855344306,-7.021699048965843,0.0077637745532084,0.7,0.167,0.0,0.833,ambiguous,ambiguous,ambiguous,,,,,
Akap9,395,262,2.913924050632912,13.703983336003848,4.702930858142068,0.3367088607594937,26.0,200,True,2.077689089090819,middle,1815359892,ok,395,200,30,2.913924050632912,0.3367088607594937,3.040804324783153e-07,-9.214741829801994,0.0077637745532084,0.3,0.0,0.2203333333333333,0.7796666666666667,ambiguous,ambiguous,ambiguous,,,,,
Akirin1,283,171,3.759717314487633,22.02706988475321,5.858703738143947,0.3957597173144876,29.0,200,True,2.32127818174296,higher_dispersion,1393642199,ok,283,200,30,3.759717314487633,0.3957597173144876,0.0772052923455767,8.866150048575378,0.0077637745532084,1.0,0.9996666666666668,0.0,0.0003333333333332,K3,K3,formal_K3,K3,0.998,0.0,0.9333333333333332,0.0768901519358531
Akt1,398,354,6.761306532663316,51.7043319613141,7.647091832256787,0.1105527638190954,63.0,200,True,2.2677758238701484,higher_dispersion,807229159,ok,398,200,30,6.761306532663316,0.1105527638190954,-7.411286006409057e-05,-10.191569913098364,0.0077637745532084,0.0666666666666666,0.0,0.9966666666666668,0.0033333333333332,K2,K2,stable_K2,,,,,
Akt1s1,410,342,3.473170731707317,9.73708506841166,2.80351466155111,0.1658536585365853,22.0,200,True,1.5017792087368684,lower_dispersion,646452975,ok,410,200,30,3.473170731707317,0.1658536585365853,0.0002610834507352,-9.172340983909066,0.0077637745532084,0.2666666666666666,0.0,0.2606666666666666,0.7393333333333334,ambiguous,ambiguous,ambiguous,,,,,
Alas1,411,354,5.851581508515815,30.666536428271204,5.240726183791877,0.1386861313868613,37.0,200,True,1.9697826826047544,middle,421160900,ok,411,200,30,5.851581508515815,0.1386861313868613,0.0047719735893291,-9.014695658119765,0.0077637745532084,0.4,0.0003333333333333,0.0536666666666666,0.946,ambiguous,ambiguous,ambiguous,,,,,
Aldh18a1,411,359,5.970802919708029,29.04051006091605,4.863752907512835,0.1265206812652068,30.0,200,True,1.895310507770908,middle,1461229256,ok,411,200,30,5.970802919708029,0.1265206812652068,0.003489368508564,-8.938661595685858,0.0077637745532084,0.3666666666666666,0.0,0.094,0.906,ambiguous,ambiguous,ambiguous,,,,,
Aldh2,401,306,3.2094763092269325,13.44739149632154,4.189902090151467,0.2369077306733167,27.0,200,True,1.8836225625771088,middle,300554760,ok,401,200,30,3.2094763092269325,0.2369077306733167,3.03878362650778e-07,-10.120425137823872,0.0077637745532084,0.1,0.0,0.9166666666666666,0.0833333333333333,K2,K2,stable_K2,,,,,
Aldh7a1,413,369,5.980629539951574,30.144903235640705,5.040423091627373,0.1065375302663438,34.0,200,True,1.9050115880424787,middle,1765701779,ok,413,200,30,5.980629539951574,0.1065375302663438,0.0037862778376689,-8.726704716974552,0.0077637745532084,0.4,0.0,0.1163333333333333,0.8836666666666667,ambiguous,ambiguous,ambiguous,,,,,
Aldoa,413,409,31.772397094431,597.6237417115653,18.809526392842287,0.009685230024213,153.0,200,True,2.995848182969949,higher_dispersion,217036014,ok,413,200,30,31.772397094431,0.009685230024213,-0.0010610359561432,-10.260259953109426,0.0077637745532084,0.1666666666666666,0.0,0.7826666666666666,0.2173333333333333,ambiguous,ambiguous,ambiguous,,,,,
Alg5,402,337,3.753731343283582,14.598555728818592,3.8890784645361656,0.1616915422885572,24.0,200,True,1.74869537495574,lower_dispersion,31663916,ok,402,200,30,3.753731343283582,0.1616915422885572,-1.337073864959848e-08,-10.150347630797285,0.0077637745532084,0.0,0.0,1.0,0.0,K2,K2,stable_K2,,,,,
Amdhd2,393,269,3.870229007633588,21.166365596410465,5.469021485463059,0.3155216284987277,25.0,200,True,2.1825464868509425,higher_dispersion,1965002065,ok,393,200,30,3.870229007633588,0.3155216284987277,0.0053402558274402,-7.847680278443818,0.0077637745532084,0.4666666666666667,0.0,0.0343333333333333,0.9656666666666668,ambiguous,ambiguous,ambiguous,,,,,
Amfr,409,312,2.806845965770171,10.86978198360842,3.8725965429406313,0.2371638141809291,20.0,200,True,1.8207907802252896,lower_dispersion,1614329427,ok,409,200,30,2.806845965770171,0.2371638141809291,-3.486529180918296e-08,-10.150347631120953,0.0077637745532084,0.0,0.0,1.0,0.0,K2,K2,stable_K2,,,,,
Amotl1,382,293,4.350785340314136,24.850771634549496,5.711789870275516,0.2329842931937172,41.0,200,True,2.136849955294592,higher_dispersion,1885710870,ok,382,200,30,4.350785340314136,0.2329842931937172,0.0013780678813873,-9.612456044949,0.0077637745532084,0.3,0.0,0.23,0.77,ambiguous,ambiguous,ambiguous,,,,,
Anapc16,413,370,4.728813559322034,16.807813846595806,3.554340562541765,0.1041162227602905,25.0,200,True,1.6201969707725516,lower_dispersion,1164239645,ok,413,200,30,4.728813559322034,0.1041162227602905,2.232111793176728e-08,-10.135866344926797,0.0077637745532084,0.1333333333333333,0.0,0.941,0.059,K2,K2,stable_K2,,,,,
Anapc2,374,305,4.2032085561497325,20.049615373616632,4.770073886598359,0.1844919786096256,38.0,200,True,1.9371768643506555,middle,1789390099,ok,374,200,30,4.2032085561497325,0.1844919786096256,0.0034955140220569,-7.360049656862088,0.0077637745532084,0.4666666666666667,0.0003333333333333,0.0176666666666666,0.982,ambiguous,ambiguous,ambiguous,,,,,
Anapc4,391,271,2.176470588235294,6.902361967805026,3.1713554987212285,0.3069053708439898,24.0,200,True,1.735146413479638,lower_dispersion,994854544,ok,391,200,30,2.176470588235294,0.3069053708439898,-1.106032581077443e-07,-10.149958052832517,0.0077637745532084,0.0333333333333333,0.0,1.0,0.0,K2,K2,stable_K2,,,,,
Anapc5,407,334,4.329238329238329,19.54762177858001,4.515256562929663,0.1793611793611793,26.0,200,True,1.8868793519147096,middle,765455020,ok,407,200,30,4.329238329238329,0.1793611793611793,3.363979899972947e-07,-9.03559933543687,0.0077637745532084,0.2333333333333333,0.0,0.4446666666666666,0.5553333333333333,ambiguous,ambiguous,ambiguous,,,,,
Angptl2,411,406,28.287104622871045,436.6864273832147,15.437650236925965,0.0121654501216545,125.0,200,True,2.8117398999069017,higher_dispersion,1190253641,ok,411,200,30,28.287104622871045,0.0121654501216545,0.0011487813731889,-9.358629983858007,0.0077637745532084,0.2333333333333333,0.0,0.506,0.494,ambiguous,ambiguous,ambiguous,,,,,
Ankrd11,379,267,4.580474934036939,31.483629325888845,6.873442116654305,0.2955145118733509,48.0,200,True,2.359009850558217,higher_dispersion,705739139,ok,379,200,30,4.580474934036939,0.2955145118733509,0.040159843645139,-4.353263030678249,0.0077637745532084,0.7333333333333333,0.459,0.0,0.5409999999999999,ambiguous,ambiguous,ambiguous,,,,,
Ankrd17,405,351,6.298765432098765,38.53543057460754,6.117933901495905,0.1333333333333333,55.0,200,True,2.0959508342719952,middle,1548515142,ok,405,200,30,6.298765432098765,0.1333333333333333,0.0221711379376438,-5.978293284282813,0.0077637745532084,0.7,0.1426666666666666,0.0,0.8573333333333333,ambiguous,ambiguous,ambiguous,,,,,
Ankrd27,397,258,2.395465994962217,8.27937490879328,3.456269020810654,0.3501259445843829,21.0,200,True,1.844437818100349,middle,1586475301,ok,397,200,30,2.395465994962217,0.3501259445843829,0.0125064881436747,-8.081112711915807,0.0077637745532084,0.6333333333333333,0.029,0.0023333333333333,0.9686666666666668,ambiguous,ambiguous,ambiguous,,,,,
Ano6,395,317,4.065822784810127,14.896933183784652,3.663940602487508,0.1974683544303797,19.0,200,True,1.7373290680817617,lower_dispersion,29939551,ok,395,200,30,4.065822784810127,0.1974683544303797,3.564030048863742e-08,-9.446424846701971,0.0077637745532084,0.1333333333333333,0.0,0.6853333333333333,0.3146666666666666,ambiguous,ambiguous,ambiguous,,,,,
Anp32a,380,279,3.66578947368421,17.78040858725762,4.850362715834814,0.2657894736842105,28.0,200,True,2.032293135712693,middle,774653521,ok,380,200,30,3.66578947368421,0.2657894736842105,0.0047011679547427,-8.327728037063423,0.0077637745532084,0.4,0.0006666666666666,0.067,0.9323333333333332,ambiguous,ambiguous,ambiguous,,,,,
Anp32b,393,316,2.3791348600508906,6.449132075960349,2.7107047121416223,0.1959287531806615,14.0,200,True,1.5071505611262277,lower_dispersion,553972229,ok,393,200,30,2.3791348600508906,0.1959287531806615,3.6267380920662615e-08,-10.150347632141973,0.0077637745532084,0.0,0.0,1.0,0.0,K2,K2,stable_K2,,,,,
Anp32e,245,122,2.559183673469388,13.944456476468137,5.448790808189304,0.5020408163265306,18.0,200,True,2.365933457960657,higher_dispersion,1799039149,ok,245,200,30,2.559183673469388,0.5020408163265306,0.0108786678212101,-7.014935229592823,0.0077637745532084,0.6,0.0423333333333333,0.0036666666666666,0.954,ambiguous,ambiguous,ambiguous,,,,,
Antxr1,393,301,5.066157760814249,35.60376564432272,7.027764891119452,0.2340966921119593,34.0,200,True,2.3170028365085167,higher_dispersion,712396239,ok,393,200,30,5.066157760814249,0.2340966921119593,4.351121756229759e-08,-9.259677170281408,0.0077637745532084,0.2333333333333333,0.0,0.495,0.505,ambiguous,ambiguous,ambiguous,,,,,
Anxa1,413,412,60.14527845036319,1264.8554074890512,21.03000335317948,0.0024213075060532,220.0,200,True,3.094826620529984,higher_dispersion,776466020,ok,413,200,30,60.14527845036319,0.0024213075060532,-7.510658156810735e-05,-8.967259553428335,0.0077637745532084,0.1,0.0,0.8116666666666666,0.1883333333333333,K2,K2,stable_K2,,,,,
Anxa2,411,409,46.22627737226277,1057.9804287211182,22.886991747164565,0.0048661800486618,241.0,200,True,3.178200212451577,higher_dispersion,1387490335,ok,411,200,30,46.22627737226277,0.0048661800486618,-0.0005334908815871,-8.955170999836355,0.0077637745532084,0.0666666666666666,0.0,0.9976666666666668,0.0023333333333332,K2,K2,stable_K2,,,,,
Anxa3,413,410,25.779661016949152,315.9393441950179,12.2553723257765,0.0072639225181598,105.0,200,True,2.591666851323455,higher_dispersion,1467483513,ok,413,200,30,25.779661016949152,0.0072639225181598,-4.074398045617045e-07,-10.150347622049594,0.0077637745532084,0.0,0.0,1.0,0.0,K2,K2,stable_K2,,,,,
Anxa4,404,333,3.935643564356436,17.084967160082343,4.341085995391992,0.1757425742574257,37.0,200,True,1.8511715764762635,middle,1264571626,ok,404,200,30,3.935643564356436,0.1757425742574257,-1.4856923868933337e-08,-10.150347630560134,0.0077637745532084,0.0333333333333333,0.0,1.0,0.0,K2,K2,stable_K2,,,,,
Anxa5,413,410,21.406779661016948,243.30184265605124,11.365644272927176,0.0072639225181598,108.0,200,True,2.522185926697603,higher_dispersion,1172204986,ok,413,200,30,21.406779661016948,0.0072639225181598,-0.000199136654194,-9.453858819923768,0.0077637745532084,0.1,0.0,0.9193333333333332,0.0806666666666666,K2,K2,stable_K2,,,,,
Anxa6,411,378,15.5352798053528,251.4507018073537,16.185785190731774,0.0802919708029197,142.0,200,True,2.92437457053122,higher_dispersion,1783274731,ok,411,200,30,15.5352798053528,0.0802919708029197,-0.0002683567963085,-7.198514065775044,0.0077637745532084,0.2666666666666666,0.0,0.203,0.7969999999999999,ambiguous,ambiguous,ambiguous,,,,,
Anxa7,411,322,3.194647201946472,11.504691542200202,3.601240079089324,0.2165450121654501,21.0,200,True,1.7428708617404134,lower_dispersion,100090637,ok,411,200,30,3.194647201946472,0.2165450121654501,-6.322421537419132e-08,-10.136309002299868,0.0077637745532084,0.2,0.0,0.735,0.265,ambiguous,ambiguous,ambiguous,,,,,
Anxa8,411,322,9.739659367396596,161.2825877185193,16.559366363305376,0.2165450121654501,90.0,200,True,3.082132515627148,higher_dispersion,26354431,ok,411,200,30,9.739659367396596,0.2165450121654501,0.0034187749990064,-8.32540746394352,0.0077637745532084,0.3666666666666666,0.0,0.177,0.823,ambiguous,ambiguous,ambiguous,,,,,
Ap1s1,411,389,11.81021897810219,94.56252330971282,8.006839118313136,0.0535279805352798,59.0,200,True,2.2515121713269264,higher_dispersion,706123848,ok,411,200,30,11.81021897810219,0.0535279805352798,0.0043687989920272,-7.713104130646116,0.0077637745532084,0.3666666666666666,0.0003333333333333,0.121,0.8786666666666667,ambiguous,ambiguous,ambiguous,,,,,
Ap2b1,411,370,4.841849148418492,18.63922188478638,3.849608138013669,0.0997566909975669,33.0,200,True,1.6786545963969215,lower_dispersion,857852396,ok,411,200,30,4.841849148418492,0.0997566909975669,1.6468730148488928e-07,-10.150347629954863,0.0077637745532084,0.0333333333333333,0.0,0.9693333333333334,0.0306666666666666,K2,K2,stable_K2,,,,,
Ap2m1,387,332,10.682170542635658,109.7103539450754,10.270417749575277,0.1421188630490956,59.0,200,True,2.564300257811785,higher_dispersion,1751136294,ok,387,200,30,10.682170542635658,0.1421188630490956,0.0061885163577212,-8.648639441239538,0.0077637745532084,0.4333333333333333,0.0013333333333333,0.0026666666666666,0.996,ambiguous,ambiguous,ambiguous,,,,,
Ap2s1,411,398,7.32360097323601,35.14345759260246,4.798658162976615,0.0316301703163017,37.0,200,True,1.7892567098919272,lower_dispersion,2090416797,ok,411,200,30,7.32360097323601,0.0316301703163017,4.080837854303354e-08,-10.150347634320669,0.0077637745532084,0.0,0.0,1.0,0.0,K2,K2,stable_K2,,,,,
Ap3d1,409,337,5.34718826405868,26.29510823106031,4.917557963650511,0.1760391198044009,33.0,200,True,1.953962977456136,middle,1580095217,ok,409,200,30,5.34718826405868,0.1760391198044009,0.0083085332321827,-6.957476570361166,0.0077637745532084,0.5,0.002,0.007,0.991,ambiguous,ambiguous,ambiguous,,,,,
Ap3s2,411,273,2.294403892944039,8.996051408646645,3.920866520629661,0.3357664233576642,23.0,200,True,1.929251060433408,middle,368197509,ok,411,200,30,2.294403892944039,0.3357664233576642,2.9200761098024944e-08,-8.99646465214471,0.0077637745532084,0.2,0.0,0.603,0.397,ambiguous,ambiguous,ambiguous,,,,,
Api5,380,250,2.207894736842105,6.896253462603878,3.1234521046358448,0.3421052631578947,22.0,200,True,1.7587959651606229,lower_dispersion,2079335597,ok,380,200,30,2.207894736842105,0.3421052631578947,0.0178946022323341,-7.67121995933195,0.0077637745532084,0.8666666666666667,0.6743333333333333,0.0003333333333333,0.3253333333333333,ambiguous,ambiguous,ambiguous,,,,,
Aplp2,399,350,5.62406015037594,29.23210281342454,5.19768673019447,0.1228070175438596,50.0,200,True,1.9469831319396351,middle,2043269118,ok,399,200,30,5.62406015037594,0.1228070175438596,0.0042763281495325,-8.0315787938668,0.0077637745532084,0.4333333333333333,0.0003333333333333,0.0523333333333333,0.9473333333333334,ambiguous,ambiguous,ambiguous,,,,,
Apoa1bp,396,350,6.757575757575758,31.83011937557392,4.710286723739638,0.1161616161616161,32.0,200,True,1.858430852884012,middle,1313582337,ok,396,200,30,6.757575757575758,0.1161616161616161,0.015214458659531,-4.4900206024393015,0.0077637745532084,0.6333333333333333,0.031,0.0,0.969,ambiguous,ambiguous,ambiguous,,,,,
App,413,399,11.944309927360775,103.44726181193536,8.660798525913094,0.0338983050847457,68.0,200,True,2.301974613030765,higher_dispersion,923898084,ok,413,200,30,11.944309927360775,0.0338983050847457,-2.1749345604860083e-05,-10.1731289661451,0.0077637745532084,0.0333333333333333,0.0,1.0,0.0,K2,K2,stable_K2,,,,,
Aprt,413,408,11.714285714285714,63.95226565202352,5.459339750782496,0.0121065375302663,47.0,200,True,1.8776336443401884,middle,203840210,ok,413,200,30,11.714285714285714,0.0121065375302663,6.403646313657418e-07,-10.15619186832646,0.0077637745532084,0.0,0.0,1.0,0.0,K2,K2,stable_K2,,,,,
Arcn1,401,338,3.910224438902743,13.971990223941392,3.573193928444196,0.1571072319201995,23.0,200,True,1.6773190829666238,lower_dispersion,1495223518,ok,401,200,30,3.910224438902743,0.1571072319201995,9.767128297255569e-08,-10.059434961731654,0.0077637745532084,0.0333333333333333,0.0,0.9976666666666668,0.0023333333333332,K2,K2,stable_K2,,,,,
Arf4,413,410,12.392251815980629,71.94299081310203,5.805481673663763,0.0072639225181598,71.0,200,True,1.9249923384331364,middle,1799253034,ok,413,200,30,12.392251815980629,0.0072639225181598,3.672049473379957e-08,-10.16192407608446,0.0077637745532084,0.0,0.0,1.0,0.0,K2,K2,stable_K2,,,,,
Arf6,383,310,3.4986945169712795,14.187335110335471,4.0550368263123024,0.1906005221932115,27.0,200,True,1.810985659765184,lower_dispersion,2124486613,ok,383,200,30,3.4986945169712795,0.1906005221932115,4.3405868055401695e-08,-10.150347630443209,0.0077637745532084,0.0333333333333333,0.0,1.0,0.0,K2,K2,stable_K2,,,,,
Arfgap1,394,254,2.228426395939086,7.379293462856555,3.3114369298012334,0.3553299492385787,14.0,200,True,1.8166011921761127,lower_dispersion,1687200814,ok,394,200,30,2.228426395939086,0.3553299492385787,2.6628018723329213e-08,-10.095660220645811,0.0077637745532084,0.1,0.0,0.956,0.044,K2,K2,stable_K2,,,,,
Arfip1,399,293,2.137844611528822,5.687765780365701,2.6605141223516,0.2656641604010025,15.0,200,True,1.5632677685370768,lower_dispersion,197020160,ok,399,200,30,2.137844611528822,0.2656641604010025,-6.45050695524674e-08,-10.150347630870954,0.0077637745532084,0.0333333333333333,0.0,1.0,0.0,K2,K2,stable_K2,,,,,
Arhgap1,413,367,5.101694915254237,21.360118192637582,4.186867021148231,0.1113801452784503,24.0,200,True,1.7575100033706008,lower_dispersion,1195645105,ok,413,200,30,5.101694915254237,0.1113801452784503,1.930290881801966e-07,-10.103433958161132,0.0077637745532084,0.0666666666666666,0.0,0.968,0.032,K2,K2,stable_K2,,,,,
Arhgdib,409,315,7.466992665036675,89.76969291192665,12.02220183398101,0.2298288508557457,80.0,200,True,2.7964845850112905,higher_dispersion,137892006,ok,409,200,30,7.466992665036675,0.2298288508557457,0.0035137793062826,-8.937900596558563,0.0077637745532084,0.3666666666666666,0.0003333333333333,0.2163333333333333,0.7833333333333334,ambiguous,ambiguous,ambiguous,,,,,
Arhgef17,395,248,2.6253164556962023,12.92290338086845,4.922417391941213,0.3721518987341772,23.0,200,True,2.150896607513996,higher_dispersion,1127502265,ok,395,200,30,2.6253164556962023,0.3721518987341772,-0.0002849846156721,-9.167613562486338,0.0077637745532084,0.1666666666666666,0.0,0.746,0.254,ambiguous,ambiguous,ambiguous,,,,,
Arhgef25,400,298,3.4575,17.70819375,5.121675704989154,0.255,37.0,200,True,2.066835867050428,middle,581733295,ok,400,200,30,3.4575,0.255,-1.891970992318193e-07,-10.150347630674048,0.0077637745532084,0.0,0.0,1.0,0.0,K2,K2,stable_K2,,,,,
Arid5b,395,283,2.6860759493670887,9.506514981573464,3.539183240076832,0.2835443037974683,21.0,200,True,1.79629139659945,lower_dispersion,918522239,ok,395,200,30,2.6860759493670887,0.2835443037974683,1.5456449622419657e-06,-9.41193577782633,0.0077637745532084,0.1,0.0,0.8506666666666667,0.1493333333333333,K2,K2,stable_K2,,,,,
Arl2,409,349,3.980440097799511,15.04607217795207,3.7800021626427496,0.1466992665036675,26.0,200,True,1.7111402654426515,lower_dispersion,33917144,ok,409,200,30,3.980440097799511,0.1466992665036675,-7.856476891276999e-08,-10.150347629894611,0.0077637745532084,0.0,0.0,1.0,0.0,K2,K2,stable_K2,,,,,
Arl4c,366,198,2.346994535519125,14.35227238794828,6.115170772979128,0.4590163934426229,22.0,200,True,2.421245626520592,higher_dispersion,1909070960,ok,366,200,30,2.346994535519125,0.4590163934426229,-8.917725224932838e-09,-10.150347630600322,0.0077637745532084,0.0,0.0,1.0,0.0,K2,K2,stable_K2,,,,,
Arl6ip1,405,323,4.392592592592592,32.87550068587105,7.484304540628318,0.2024691358024691,42.0,200,True,2.340687067738589,higher_dispersion,33541867,ok,405,200,30,4.392592592592592,0.2024691358024691,-7.845336643050871e-05,-10.167437504835846,0.0077637745532084,0.0,0.0,1.0,0.0,K2,K2,stable_K2,,,,,
Arl6ip4,285,207,7.564912280701755,55.873856571252695,7.385922598704553,0.2736842105263158,40.0,200,True,2.400238629409319,higher_dispersion,1629766201,ok,285,200,30,7.564912280701755,0.2736842105263158,0.1056730986458234,20.80889402011519,0.0077637745532084,0.9333333333333332,0.9966666666666668,0.0,0.0033333333333332,K3,K3,formal_K3,K3,0.989,0.0,0.9333333333333332,0.0968702515174989
Arl6ip5,413,394,12.774818401937043,102.276169761211,8.006076215197147,0.0460048426150121,66.0,200,True,2.2439043271720127,higher_dispersion,1707267019,ok,413,200,30,12.774818401937043,0.0460048426150121,0.0143933081814878,-6.341403816497632,0.0077637745532084,0.6,0.03,0.0,0.97,ambiguous,ambiguous,ambiguous,,,,,
Arl8b,395,332,3.843037974683544,11.757641403621216,3.0594653191240977,0.1594936708860759,18.0,200,True,1.5605449410301755,lower_dispersion,89007371,ok,395,200,30,3.843037974683544,0.1594936708860759,-5.459144762909319e-08,-10.150347630169676,0.0077637745532084,0.0,0.0,1.0,0.0,K2,K2,stable_K2,,,,,
Arpc1a,366,283,3.7704918032786887,14.351697572337187,3.8063197909242095,0.226775956284153,24.0,200,True,1.796707631319039,lower_dispersion,107249251,ok,366,200,30,3.7704918032786887,0.226775956284153,0.0073784187558059,-8.643764193289087,0.0077637745532084,0.5,0.0056666666666666,0.037,0.9573333333333331,ambiguous,ambiguous,ambiguous,,,,,
Arpc1b,413,407,24.51089588377724,342.3322057349226,13.966531756250422,0.0145278450363196,107.0,200,True,2.7203443370168,higher_dispersion,485018903,ok,413,200,30,24.51089588377724,0.0145278450363196,0.0033988721750652,-8.502563881967262,0.0077637745532084,0.4,0.0,0.0276666666666666,0.9723333333333334,ambiguous,ambiguous,ambiguous,,,,,
Arpc3,413,402,5.547215496368039,16.6787634329802,3.0066910946402543,0.0266343825665859,25.0,200,True,1.4146001198189626,lower_dispersion,1909983119,ok,413,200,30,5.547215496368039,0.0266343825665859,-7.839458113778618e-08,-10.150347635854814,0.0077637745532084,0.0,0.0,1.0,0.0,K2,K2,stable_K2,,,,,
Arpc4,409,395,19.6919315403423,201.9148737752644,10.253685544336124,0.0342298288508557,93.0,200,True,2.4549255077918195,higher_dispersion,457911953,ok,409,200,30,19.6919315403423,0.0342298288508557,0.0140973605650163,-5.497118774443038,0.0077637745532084,0.6,0.021,0.0,0.979,ambiguous,ambiguous,ambiguous,,,,,
Arpc5,413,408,20.479418886198548,246.74836576400168,12.048601922503272,0.0121065375302663,96.0,200,True,2.5807875331846577,higher_dispersion,1459216331,ok,413,200,30,20.479418886198548,0.0121065375302663,-0.000178913019528,-10.156257929995604,0.0077637745532084,0.0,0.0,0.9996666666666668,0.0003333333333332,K2,K2,stable_K2,,,,,
Arpc5l,398,315,2.479899497487437,6.149093457235928,2.479573653475075,0.2085427135678391,12.0,200,True,1.4554524864796152,lower_dispersion,1806141984,ok,398,200,30,2.479899497487437,0.2085427135678391,-8.885725115703735e-08,-10.150347630640963,0.0077637745532084,0.0,0.0,1.0,0.0,K2,K2,stable_K2,,,,,
Arpp19,352,287,20.894886363636363,402.9633829416324,19.285263194487367,0.1846590909090909,112.0,200,True,3.194553762316327,higher_dispersion,522030117,ok,352,200,30,20.894886363636363,0.1846590909090909,0.1308092478880077,26.25841430410196,0.0077637745532084,0.9,0.9753333333333334,0.0,0.0246666666666666,K3,K3,formal_K3,K3,1.0,0.0,0.9666666666666668,0.1398610069893792
Asah1,411,388,8.89051094890511,45.34810947129132,5.100731525095985,0.0559610705596107,51.0,200,True,1.8643697566956727,middle,921892730,ok,411,200,30,8.89051094890511,0.0559610705596107,0.0010554845837766,-4.674142949607187,0.0077637745532084,0.4666666666666667,0.0,0.0046666666666666,0.9953333333333332,ambiguous,ambiguous,ambiguous,,,,,
Asap1,393,320,5.297709923664122,27.51696676572849,5.194124850591401,0.1857506361323155,28.0,200,True,2.009351874178827,middle,1245158999,ok,393,200,30,5.297709923664122,0.1857506361323155,0.0058662940082456,-8.595739448774907,0.0077637745532084,0.4333333333333333,0.0013333333333333,0.0243333333333333,0.9743333333333334,ambiguous,ambiguous,ambiguous,,,,,
Ash2l,354,239,3.556497175141243,15.054717673720834,4.23301831334168,0.3248587570621469,27.0,200,True,1.97984698403365,middle,1987788696,ok,354,200,30,3.556497175141243,0.3248587570621469,0.0413653742163367,1.1057607127659708,0.0077637745532084,0.9,0.9536666666666668,0.0,0.0463333333333333,K3,K3,formal_K3,K3,0.9073333333333332,0.0,0.8666666666666667,0.0537191530672141
Asns,413,393,11.016949152542374,95.8859112734436,8.703490407897187,0.0484261501210653,61.0,200,True,2.320911806770693,higher_dispersion,1579077301,ok,413,200,30,11.016949152542374,0.0484261501210653,3.2560659626312825e-07,-10.15034763090705,0.0077637745532084,0.0333333333333333,0.0,1.0,0.0,K2,K2,stable_K2,,,,,
Asph,403,324,3.69727047146402,17.665178653892337,4.777897313770881,0.1960297766749379,35.0,200,True,1.9500696066280163,middle,789132577,ok,403,200,30,3.69727047146402,0.1960297766749379,7.464935028682618e-05,-9.864583867014517,0.0077637745532084,0.1666666666666666,0.0,0.6953333333333334,0.3046666666666666,ambiguous,ambiguous,ambiguous,,,,,
Ate1,409,310,3.640586797066015,18.42583437449561,5.061226500449097,0.2420537897310513,41.0,200,True,2.0439659621469946,middle,2092737653,ok,409,200,30,3.640586797066015,0.2420537897310513,3.997554958630189e-05,-10.132218040481291,0.0077637745532084,0.2,0.0,0.61,0.39,ambiguous,ambiguous,ambiguous,,,,,
Atf4,387,318,5.31266149870801,30.65934873037812,5.770996088840628,0.1782945736434108,44.0,200,True,2.0909427825128177,middle,717742383,ok,387,200,30,5.31266149870801,0.1782945736434108,0.0143322122698171,-8.075667538446112,0.0077637745532084,0.6666666666666666,0.1403333333333333,0.0006666666666666,0.859,ambiguous,ambiguous,ambiguous,,,,,
Atf5,361,275,7.022160664819944,86.64770835091811,12.33918055805974,0.2382271468144044,106.0,200,True,2.8289327579833365,higher_dispersion,53462487,ok,361,200,30,7.022160664819944,0.2382271468144044,0.0231643168410535,-7.00211581493096,0.0077637745532084,0.7333333333333333,0.3306666666666666,0.0,0.6693333333333333,ambiguous,ambiguous,ambiguous,,,,,
Atic,409,314,2.76039119804401,10.113736766279493,3.663878066792128,0.2322738386308068,22.0,200,True,1.7721211438535736,lower_dispersion,1765421529,ok,409,200,30,2.76039119804401,0.2322738386308068,-3.2011701200929115e-08,-10.15034763091444,0.0077637745532084,0.0,0.0,1.0,0.0,K2,K2,stable_K2,,,,,
Atoh8,402,293,3.328358208955224,13.528996807009728,4.0647658568145815,0.2711442786069651,19.0,200,True,1.893452187561801,middle,344841574,ok,402,200,30,3.328358208955224,0.2711442786069651,0.0052316666132083,-8.783399127696441,0.0077637745532084,0.4,0.003,0.151,0.846,ambiguous,ambiguous,ambiguous,,,,,
Atox1,413,408,9.830508474576272,42.89621209012189,4.363580195374468,0.0121065375302663,38.0,200,True,1.691738236533955,lower_dispersion,395327171,ok,413,200,30,9.830508474576272,0.0121065375302663,-2.9440384707868363e-08,-10.15034763074459,0.0077637745532084,0.0333333333333333,0.0,1.0,0.0,K2,K2,stable_K2,,,,,
Atp13a3,407,306,2.336609336609337,7.166792434605703,3.067176152349654,0.2481572481572481,18.0,200,True,1.651106186745713,lower_dispersion,1578651274,ok,407,200,30,2.336609336609337,0.2481572481572481,7.523054428304476e-08,-10.1503476316405,0.0077637745532084,0.0,0.0,1.0,0.0,K2,K2,stable_K2,,,,,
Atp1a1,363,312,9.5564738292011,74.18069500413603,7.762350039348913,0.140495867768595,55.0,200,True,2.31096000607118,higher_dispersion,837340330,ok,363,200,30,9.5564738292011,0.140495867768595,0.0490524614629894,1.195548875603663,0.0077637745532084,0.8666666666666667,0.8426666666666667,0.0,0.1573333333333333,K3,K3,formal_K3,K3,0.9793333333333332,0.0,0.9,0.0454447255397672
Atp1b3,413,383,6.6440677966101696,32.108179094677226,4.832608588229481,0.072639225181598,31.0,200,True,1.8361035677064748,middle,1308054970,ok,413,200,30,6.6440677966101696,0.072639225181598,4.598111861042753e-07,-10.131654606578934,0.0077637745532084,0.0666666666666666,0.0,0.9743333333333334,0.0256666666666666,K2,K2,stable_K2,,,,,
Atp2a2,405,372,6.325925925925926,26.935747599451304,4.257992887501084,0.0814814814814814,30.0,200,True,1.7412308550878155,lower_dispersion,832508025,ok,405,200,30,6.325925925925926,0.0814814814814814,0.000365155440938,-9.32564745251966,0.0077637745532084,0.2333333333333333,0.0,0.419,0.581,ambiguous,ambiguous,ambiguous,,,,,
Atp5a1,413,405,18.63680387409201,183.75670842884696,9.85988314682523,0.0193704600484261,93.0,200,True,2.4044460145354827,higher_dispersion,192280465,ok,413,200,30,18.63680387409201,0.0193704600484261,-3.006672815324408e-05,-8.11853378408091,0.0077637745532084,0.2666666666666666,0.0,0.3343333333333333,0.6656666666666666,ambiguous,ambiguous,ambiguous,,,,,
Atp5b,413,406,21.25181598062954,189.7574119564516,8.928997509173351,0.0169491525423728,101.0,200,True,2.312408669730001,higher_dispersion,1805729769,ok,413,200,30,21.25181598062954,0.0169491525423728,0.0076828030334294,-3.2069440847172928,0.0077637745532084,0.4666666666666667,0.0016666666666666,0.002,0.9963333333333332,ambiguous,ambiguous,ambiguous,,,,,
Atp5c1,413,408,19.181598062953995,207.57234902004464,10.82143147504146,0.0121065375302663,97.0,200,True,2.4820206483549376,higher_dispersion,1732711814,ok,413,200,30,19.181598062953995,0.0121065375302663,0.0001504634956955,-10.16825278457918,0.0077637745532084,0.0666666666666666,0.0,0.961,0.039,K2,K2,stable_K2,,,,,
Atp5e,413,407,15.559322033898304,75.53945910452661,4.854932556826874,0.0145278450363196,57.0,200,True,1.78181232311733,lower_dispersion,532189070,ok,413,200,30,15.559322033898304,0.0145278450363196,0.0058027997999104,-4.539278332789763,0.0077637745532084,0.4666666666666667,0.0006666666666666,0.0036666666666666,0.9956666666666666,ambiguous,ambiguous,ambiguous,,,,,
Atp5f1,413,400,13.895883777239709,117.90441404944625,8.48484457264703,0.0314769975786924,74.0,200,True,2.2811722141837563,higher_dispersion,1541625974,ok,413,200,30,13.895883777239709,0.0314769975786924,0.0007324248145234,-8.570919422695624,0.0077637745532084,0.2333333333333333,0.0,0.3863333333333333,0.6136666666666667,ambiguous,ambiguous,ambiguous,,,,,
Atp5g3,413,403,12.617433414043584,86.73015612450095,6.8738350564995,0.0242130750605326,80.0,200,True,2.087758319496209,middle,1257989061,ok,413,200,30,12.617433414043584,0.0242130750605326,0.000114951256782,-8.910972336928694,0.0077637745532084,0.2666666666666666,0.0,0.345,0.655,ambiguous,ambiguous,ambiguous,,,,,
Atp5j2,413,412,14.602905569007264,88.17645644870993,6.038281630462145,0.0024213075060532,55.0,200,True,1.9537853612999443,middle,935583816,ok,413,200,30,14.602905569007264,0.0024213075060532,-1.3901272579630584e-05,-10.155703956356431,0.0077637745532084,0.0,0.0,1.0,0.0,K2,K2,stable_K2,,,,,
Atp5o,413,409,10.56900726392252,52.06121862706589,4.925838096902225,0.009685230024213,55.0,200,True,1.7890073579961272,lower_dispersion,1571813593,ok,413,200,30,10.56900726392252,0.009685230024213,-7.414524674231871e-08,-10.150347631042225,0.0077637745532084,0.0,0.0,1.0,0.0,K2,K2,stable_K2,,,,,
Atp6v0a2,371,230,2.183288409703504,7.3626317739627005,3.372267145852052,0.3800539083557951,15.0,200,True,1.8553355806121208,middle,1655015416,ok,371,200,30,2.183288409703504,0.3800539083557951,-4.0756659203111664e-08,-10.026612100364105,0.0077637745532084,0.0333333333333333,0.0,0.985,0.015,K2,K2,stable_K2,,,,,
Atp6v0b,409,389,6.69682151589242,32.279720948583524,4.8201554830122895,0.0488997555012225,39.0,200,True,1.8102267321819296,lower_dispersion,2136695463,ok,409,200,30,6.69682151589242,0.0488997555012225,-3.6808017433997974e-08,-10.150347632929195,0.0077637745532084,0.0,0.0,1.0,0.0,K2,K2,stable_K2,,,,,
Atp6v0d1,413,354,2.946731234866828,8.132755659000171,2.7599244758973467,0.1428571428571428,16.0,200,True,1.4672560138597015,lower_dispersion,323676691,ok,413,200,30,2.946731234866828,0.1428571428571428,1.0203136113773326e-08,-10.15034763176078,0.0077637745532084,0.0,0.0,1.0,0.0,K2,K2,stable_K2,,,,,
Atp6v0e,413,413,22.174334140435835,192.8800192297545,8.698345483936299,0.0,119.0,200,True,2.271955302294487,higher_dispersion,1167699308,ok,413,200,30,22.174334140435835,0.0,-0.0001825042634788,-10.236790939142224,0.0077637745532084,0.0,0.0,1.0,0.0,K2,K2,stable_K2,,,,,
Atp6v1a,413,372,5.9709443099273605,31.238865209973675,5.231813192100214,0.099273607748184,40.0,200,True,1.9289409402736784,middle,108122826,ok,413,200,30,5.9709443099273605,0.099273607748184,-5.945927892270222e-08,-10.150347630574004,0.0077637745532084,0.0666666666666666,0.0,0.998,0.002,K2,K2,stable_K2,,,,,
Atp6v1c1,407,338,3.348894348894349,8.654685509722365,2.584341161010273,0.1695331695331695,16.0,200,True,1.4461078501295983,lower_dispersion,1670488761,ok,407,200,30,3.348894348894349,0.1695331695331695,2.184728442600204e-07,-9.997757345355296,0.0077637745532084,0.1333333333333333,0.0,0.795,0.2049999999999999,ambiguous,ambiguous,ambiguous,,,,,
Atp6v1d,408,357,4.776960784313726,18.70760644944252,3.9162152033722655,0.125,25.0,200,True,1.7175389668587966,lower_dispersion,236800124,ok,408,200,30,4.776960784313726,0.125,0.0001089863354934,-9.78938711505606,0.0077637745532084,0.2,0.0,0.571,0.429,ambiguous,ambiguous,ambiguous,,,,,
Atp6v1e1,393,336,6.005089058524173,30.03050845262837,5.000843144865658,0.1450381679389313,43.0,200,True,1.9369381514386697,middle,159703644,ok,393,200,30,6.005089058524173,0.1450381679389313,0.0275372813997236,-3.675320754669201,0.0077637745532084,0.8,0.5606666666666666,0.0,0.4393333333333333,ambiguous,ambiguous,ambiguous,,,,,
Atp6v1f,413,386,3.0338983050847457,7.156235892805844,2.358759316623156,0.0653753026634382,18.0,200,True,1.2769469574435988,lower_dispersion,911492878,ok,413,200,30,3.0338983050847457,0.0653753026634382,-6.839938855307537e-08,-10.150347637386233,0.0077637745532084,0.0,0.0,1.0,0.0,K2,K2,stable_K2,,,,,
Atpif1,413,412,30.25423728813559,328.94020601633355,10.87253342014772,0.0024213075060532,130.0,200,True,2.476648923864075,higher_dispersion,273665860,ok,413,200,30,30.25423728813559,0.0024213075060532,3.493365065807552e-05,-9.015712853189145,0.0077637745532084,0.1666666666666666,0.0,0.6286666666666667,0.3713333333333333,ambiguous,ambiguous,ambiguous,,,,,
Atrx,407,201,6.14987714987715,76.76132062372851,12.481764879687375,0.5061425061425061,54.0,200,True,3.107480528849466,higher_dispersion,1392595704,ok,407,200,30,6.14987714987715,0.5061425061425061,0.0890257871550083,17.921019453154543,0.0077637745532084,0.8666666666666667,0.9046666666666666,0.0,0.0953333333333333,K3,K3,formal_K3,K3,1.0,0.0,0.9666666666666668,0.1002660968226308
Atxn10,390,324,3.364102564102564,13.164865220249837,3.91333646028768,0.1692307692307692,30.0,200,True,1.7611840037458348,lower_dispersion,288360952,ok,390,200,30,3.364102564102564,0.1692307692307692,2.4536256049145776e-08,-10.150347632157091,0.0077637745532084,0.0,0.0,1.0,0.0,K2,K2,stable_K2,,,,,
Atxn7l3b,405,330,5.390123456790123,30.22311233043744,5.60712803198679,0.1851851851851851,41.0,200,True,2.0733342562783843,middle,2112283862,ok,405,200,30,5.390123456790123,0.1851851851851851,0.0209990512039599,-4.977602479785844,0.0077637745532084,0.7,0.1343333333333333,0.0,0.8656666666666667,ambiguous,ambiguous,ambiguous,,,,,
Aup1,401,320,4.304239401496259,19.019657837948767,4.41881969467987,0.2019950124688279,23.0,200,True,1.8918730356961289,middle,94030498,ok,401,200,30,4.304239401496259,0.2019950124688279,0.0153502628974658,-7.078318835511084,0.0077637745532084,0.6333333333333333,0.0593333333333333,0.001,0.9396666666666668,ambiguous,ambiguous,ambiguous,,,,,
Aurkaip1,409,374,5.266503667481663,22.11234987834841,4.19867739101416,0.0855745721271393,30.0,200,True,1.7339788174807205,lower_dispersion,1950577850,ok,409,200,30,5.266503667481663,0.0855745721271393,-8.000720264078608e-09,-10.150347630887154,0.0077637745532084,0.0,0.0,0.9983333333333332,0.0016666666666667,K2,K2,stable_K2,,,,,
Avpi1,407,331,4.319410319410319,20.53679768667483,4.7545373483940025,0.1867321867321867,24.0,200,True,1.936720834431044,middle,721671643,ok,407,200,30,4.319410319410319,0.1867321867321867,-6.57388826041938e-08,-10.150347630567808,0.0077637745532084,0.0,0.0,1.0,0.0,K2,K2,stable_K2,,,,,
Axl,413,412,17.663438256658594,171.2014961687059,9.692421921545654,0.0024213075060532,112.0,200,True,2.371956566428167,higher_dispersion,295401382,ok,413,200,30,17.663438256658594,0.0024213075060532,-0.0002736863999739,-10.251145486008795,0.0077637745532084,0.0333333333333333,0.0,1.0,0.0,K2,K2,stable_K2,,,,,
B2m,413,410,8.641646489104117,48.15729704694288,5.57269926600936,0.0072639225181598,48.0,200,True,1.8901885178256783,middle,875189812,ok,413,200,30,8.641646489104117,0.0072639225181598,3.052638222200699e-07,-10.150347643217856,0.0077637745532084,0.0,0.0,1.0,0.0,K2,K2,stable_K2,,,,,
B4galt2,263,146,2.9847908745247147,14.334369442958552,4.802470271972101,0.4448669201520912,19.0,200,True,2.203150655991696,higher_dispersion,2024072324,ok,263,200,30,2.9847908745247147,0.4448669201520912,0.03222988371171,-4.61229787582073,0.0077637745532084,0.7,0.193,0.0,0.8069999999999999,ambiguous,ambiguous,ambiguous,,,,,
BC004004,409,356,4.985330073349633,22.307853252909776,4.474699352839676,0.1295843520782396,27.0,200,True,1.8297217135496984,lower_dispersion,1419760390,ok,409,200,30,4.985330073349633,0.1295843520782396,-3.73726549618425e-07,-10.00200414591734,0.0077637745532084,0.0666666666666666,0.0,0.9893333333333332,0.0106666666666667,K2,K2,stable_K2,,,,,
BC031181,405,380,5.024691358024692,20.117908855357417,4.0038098704765375,0.0617283950617283,27.0,200,True,1.6719279914362597,lower_dispersion,1060381981,ok,405,200,30,5.024691358024692,0.0617283950617283,1.6032050886849445e-08,-10.150347632760258,0.0077637745532084,0.0,0.0,1.0,0.0,K2,K2,stable_K2,,,,,
Bad,401,299,2.364089775561097,6.879907463262044,2.91017182781443,0.2543640897755611,16.0,200,True,1.6179454085398408,lower_dispersion,212517645,ok,401,200,30,2.364089775561097,0.2543640897755611,5.120383885781621e-08,-10.15034763063204,0.0077637745532084,0.0,0.0,1.0,0.0,K2,K2,stable_K2,,,,,
Bag2,407,331,4.614250614250614,29.59812615832272,6.41450337935961,0.1867321867321867,42.0,200,True,2.19017018494221,higher_dispersion,1169466781,ok,407,200,30,4.614250614250614,0.1867321867321867,-2.3042181485877224e-05,-10.155800674079217,0.0077637745532084,0.0,0.0,1.0,0.0,K2,K2,stable_K2,,,,,
Bag3,389,289,3.259640102827764,17.091970050422614,5.24351447130473,0.2570694087403599,29.0,200,True,2.088612649130025,middle,139707641,ok,389,200,30,3.259640102827764,0.2570694087403599,1.6493225807323597e-07,-10.15034763084293,0.0077637745532084,0.0333333333333333,0.0,1.0,0.0,K2,K2,stable_K2,,,,,
Bag6,391,307,4.352941176470588,18.668271400631863,4.288656943388402,0.2148337595907928,23.0,200,True,1.8803980872885897,middle,585523058,ok,391,200,30,4.352941176470588,0.2148337595907928,0.0252371557668691,-3.0583048133259467,0.0077637745532084,0.8666666666666667,0.7866666666666666,0.0,0.2133333333333333,ambiguous,ambiguous,ambiguous,,,,,
Bak1,409,339,3.2787286063569683,13.69737148869268,4.177647232569207,0.1711491442542787,33.0,200,True,1.815499895137887,lower_dispersion,1231755496,ok,409,200,30,3.2787286063569683,0.1711491442542787,2.6683659726245423e-08,-10.150347631666762,0.0077637745532084,0.0,0.0,1.0,0.0,K2,K2,stable_K2,,,,,
Banf1,409,391,14.93643031784841,143.55586109600014,9.61112247311574,0.0440097799511002,103.0,200,True,2.4059125208658263,higher_dispersion,1593289817,ok,409,200,30,14.93643031784841,0.0440097799511002,0.0016952620555983,-5.064437980867751,0.0077637745532084,0.4,0.0,0.0386666666666666,0.9613333333333334,ambiguous,ambiguous,ambiguous,,,,,
Basp1,397,328,6.53904282115869,55.764848454085744,8.52798337298615,0.1738035264483627,74.0,200,True,2.428036613431215,higher_dispersion,1873559782,ok,397,200,30,6.53904282115869,0.1738035264483627,0.006563356618103,-3.629641569298485,0.0077637745532084,0.5,0.002,0.0106666666666666,0.9873333333333332,ambiguous,ambiguous,ambiguous,,,,,
Bax,413,405,18.89830508474576,204.7935322362211,10.836608432230534,0.0193704600484261,112.0,200,True,2.4905675984891245,higher_dispersion,512961522,ok,413,200,30,18.89830508474576,0.0193704600484261,5.421235499625254e-07,-9.74361344240708,0.0077637745532084,0.1333333333333333,0.0,0.84,0.16,K2,K2,stable_K2,,,,,
Baz1b,374,236,2.270053475935829,8.721188767193802,3.841842872709637,0.3689839572192513,21.0,200,True,1.946279364301851,middle,1574620735,ok,374,200,30,2.270053475935829,0.3689839572192513,-7.07607961558665e-08,-10.150347628717329,0.0077637745532084,0.0,0.0,0.995,0.005,K2,K2,stable_K2,,,,,
Bbip1,399,315,3.5839598997493733,14.744203868066151,4.113942198152724,0.2105263157894736,24.0,200,True,1.8424968899259824,middle,1480566898,ok,399,200,30,3.5839598997493733,0.2105263157894736,-3.9661141144620164e-07,-10.03660750460358,0.0077637745532084,0.0666666666666666,0.0,0.9933333333333332,0.0066666666666667,K2,K2,stable_K2,,,,,
Bcap31,413,208,13.694915254237287,300.2216932736899,21.922128593004583,0.4963680387409201,108.0,200,True,3.628470796825195,higher_dispersion,1978397869,ok,413,200,30,13.694915254237287,0.4963680387409201,0.2883593019821564,70.23011995405062,0.0077637745532084,1.0,1.0,0.0,0.0,K3,K3,formal_K3,K3,1.0,0.0,1.0,0.2909899394608177
Bcas2,411,340,4.119221411192214,16.67435073199898,4.047937478352972,0.1727493917274939,28.0,200,True,1.7917291314604211,lower_dispersion,2050723594,ok,411,200,30,4.119221411192214,0.1727493917274939,0.0110399945045834,-7.43714608057752,0.0077637745532084,0.5666666666666667,0.007,0.0083333333333333,0.9846666666666668,ambiguous,ambiguous,ambiguous,,,,,
Bcat1,405,307,3.580246913580247,17.19664685261393,4.803201362281822,0.2419753086419753,30.0,200,True,2.0003850329351094,middle,1541140607,ok,405,200,30,3.580246913580247,0.2419753086419753,3.9821047259636094e-08,-9.018517033240355,0.0077637745532084,0.2333333333333333,0.0,0.453,0.5469999999999999,ambiguous,ambiguous,ambiguous,,,,,
Bccip,407,328,2.882063882063882,8.595427681422766,2.9823862458133554,0.1941031941031941,17.0,200,True,1.5759843929852897,lower_dispersion,1351622416,ok,407,200,30,2.882063882063882,0.1941031941031941,2.82535747686552e-08,-10.15034763087516,0.0077637745532084,0.0,0.0,1.0,0.0,K2,K2,stable_K2,,,,,
Bckdk,411,345,3.778588807785888,10.23078243676038,2.707567019644891,0.1605839416058394,15.0,200,True,1.4709598132478323,lower_dispersion,803681969,ok,411,200,30,3.778588807785888,0.1605839416058394,-8.893809546606238e-08,-10.007533042406578,0.0077637745532084,0.1,0.0,0.9406666666666668,0.0593333333333333,K2,K2,stable_K2,,,,,
Bclaf1,371,283,3.4824797843665767,12.211957192987551,3.5066843023207293,0.2371967654986523,19.0,200,True,1.742758460674552,lower_dispersion,353764978,ok,371,200,30,3.4824797843665767,0.2371967654986523,-1.6182870155034834e-08,-9.756907040748388,0.0077637745532084,0.0666666666666666,0.0,0.97,0.03,K2,K2,stable_K2,,,,,
Bdnf,348,215,3.4827586206896552,19.82441537851764,5.69215887105952,0.382183908045977,27.0,200,True,2.283120431333991,higher_dispersion,1177021362,ok,348,200,30,3.4827586206896552,0.382183908045977,0.0270857786905825,-3.962686924598245,0.0077637745532084,0.8666666666666667,0.762,0.0,0.238,ambiguous,ambiguous,ambiguous,,,,,
Bet1,401,246,2.319201995012469,8.875666196105746,3.827034564127316,0.3865336658354115,19.0,200,True,1.9607659830697168,middle,814932313,ok,401,200,30,2.319201995012469,0.3865336658354115,0.0041059580397744,-9.114827398463206,0.0077637745532084,0.3666666666666666,0.0,0.078,0.922,ambiguous,ambiguous,ambiguous,,,,,
Bicc1,410,295,3.0146341463414634,13.077834622248664,4.338116662720026,0.2804878048780488,25.0,200,True,1.9553607107583213,middle,1844733834,ok,410,200,30,3.0146341463414634,0.2804878048780488,2.214032399194821e-07,-10.150347626391069,0.0077637745532084,0.0666666666666666,0.0,0.957,0.043,K2,K2,stable_K2,,,,,
Bid,411,296,2.94647201946472,10.902244244350909,3.7001010606343714,0.2798053527980535,22.0,200,True,1.8273893635455285,lower_dispersion,179569330,ok,411,200,30,2.94647201946472,0.2798053527980535,1.603841056407873e-07,-9.926311108380505,0.0077637745532084,0.1333333333333333,0.0,0.9,0.0999999999999999,K2,K2,stable_K2,,,,,
Bin1,395,342,6.326582278481013,30.224989585002408,4.777459338165647,0.1341772151898734,38.0,200,True,1.8881412403679656,middle,2051720848,ok,395,200,30,6.326582278481013,0.1341772151898734,0.012967829817863,-5.519821261507332,0.0077637745532084,0.6,0.0466666666666666,0.0006666666666666,0.9526666666666668,ambiguous,ambiguous,ambiguous,,,,,
Blcap,391,277,2.9232736572890023,11.395647595188414,3.898248652422284,0.2915601023017903,26.0,200,True,1.8804378256563763,middle,54243316,ok,391,200,30,2.9232736572890023,0.2915601023017903,0.0033179666278039,-9.672717689772467,0.0077637745532084,0.3,0.0,0.1636666666666666,0.8363333333333334,ambiguous,ambiguous,ambiguous,,,,,
Blvrb,407,309,3.864864864864865,22.313433826947342,5.7734059552241375,0.2407862407862407,27.0,200,True,2.153790296506782,higher_dispersion,45710396,ok,407,200,30,3.864864864864865,0.2407862407862407,-1.16121731608132e-07,-10.150404415687603,0.0077637745532084,0.0333333333333333,0.0,1.0,0.0,K2,K2,stable_K2,,,,,
Bmp1,407,376,7.96068796068796,75.865776430887,9.53005278005278,0.0761670761670761,93.0,200,True,2.43040041465109,higher_dispersion,1624992343,ok,407,200,30,7.96068796068796,0.0761670761670761,-4.8435926093404186e-05,-10.220214574788317,0.0077637745532084,0.0666666666666666,0.0,0.998,0.002,K2,K2,stable_K2,,,,,
Bms1,375,247,2.1546666666666665,6.258744888888888,2.9047392739273925,0.3413333333333333,12.0,200,True,1.7035243471558468,lower_dispersion,687224324,ok,375,200,30,2.1546666666666665,0.3413333333333333,-4.5617386303042906e-05,-10.123113484200871,0.0077637745532084,0.0,0.0,1.0,0.0,K2,K2,stable_K2,,,,,
Bnip3l,359,269,3.899721448467967,18.59161552129484,4.76742140867489,0.2506963788300835,33.0,200,True,2.0029214632186845,middle,526497338,ok,359,200,30,3.899721448467967,0.2506963788300835,0.0135080762641573,-7.289025328382991,0.0077637745532084,0.5666666666666667,0.048,0.0003333333333333,0.9516666666666668,ambiguous,ambiguous,ambiguous,,,,,
Bod1l,398,292,4.022613065326633,24.650242418120754,6.127917852849508,0.2663316582914573,28.0,200,True,2.230350823821378,higher_dispersion,1879295630,ok,398,200,30,4.022613065326633,0.2663316582914573,4.828455714509516e-05,-9.41876480723488,0.0077637745532084,0.2666666666666666,0.0,0.3906666666666666,0.6093333333333333,ambiguous,ambiguous,ambiguous,,,,,
Bola1,250,144,3.228,21.328016,6.607192069392813,0.424,36.0,200,True,2.4530941247292524,higher_dispersion,120268722,ok,250,200,30,3.228,0.424,0.0387093394643951,-1.31747574131316,0.0077637745532084,0.9,0.8453333333333334,0.0,0.1546666666666666,K3,K3,formal_K3,K3,0.9953333333333332,0.0,0.9333333333333332,0.0412342456250915
Bop1,370,220,2.256756756756757,9.136778670562457,4.04863246480013,0.4054054054054054,18.0,200,True,2.0245228129705115,middle,1165817815,ok,370,200,30,2.256756756756757,0.4054054054054054,0.0003129158162678,-9.23042940384812,0.0077637745532084,0.1,0.0,0.8643333333333333,0.1356666666666667,K2,K2,stable_K2,,,,,
Bptf,383,279,3.660574412532637,16.970952150467998,4.636144560363227,0.2715404699738903,26.0,200,True,2.000740713142565,middle,1608988942,ok,383,200,30,3.660574412532637,0.2715404699738903,0.0234162222414394,-5.70397900096674,0.0077637745532084,0.7333333333333333,0.2433333333333333,0.0,0.7566666666666666,ambiguous,ambiguous,ambiguous,,,,,
Brd2,395,323,5.463291139240506,39.40308283928858,7.212334439999531,0.1822784810126582,67.0,200,True,2.287915705107187,higher_dispersion,1819418308,ok,395,200,30,5.463291139240506,0.1822784810126582,0.0119177702125869,-6.98877617054228,0.0077637745532084,0.6666666666666666,0.089,0.0,0.911,ambiguous,ambiguous,ambiguous,,,,,
Brd7,253,144,4.636363636363637,45.55946819978441,9.826551964659382,0.4308300395256917,47.0,200,True,2.812831671697714,higher_dispersion,1458333872,ok,253,200,30,4.636363636363637,0.4308300395256917,0.0407372055426835,-0.1058124539086975,0.0077637745532084,0.7666666666666667,0.4973333333333333,0.0,0.5026666666666666,ambiguous,ambiguous,ambiguous,,,,,
Brix1,409,373,7.579462102689487,38.48329457619216,5.077312090858901,0.0880195599022004,47.0,200,True,1.8925820678102805,middle,1956085123,ok,409,200,30,7.579462102689487,0.0880195599022004,0.0115772878997574,-7.415592687481819,0.0077637745532084,0.7333333333333333,0.3183333333333333,0.001,0.6806666666666666,ambiguous,ambiguous,ambiguous,,,,,
Bsg,413,412,57.898305084745765,1012.793532236221,17.492628337803584,0.0024213075060532,213.0,200,True,2.91979349195394,higher_dispersion,406505327,ok,413,200,30,57.898305084745765,0.0024213075060532,7.445138659427642e-05,-7.852577840193135,0.0077637745532084,0.0666666666666666,0.0,0.9913333333333332,0.0086666666666667,K2,K2,stable_K2,,,,,
Btf3,255,171,10.0,120.11764705882354,12.011764705882351,0.3294117647058823,91.0,200,True,2.895265690297846,higher_dispersion,1116103761,ok,255,200,30,10.0,0.3294117647058823,0.2082091722726916,50.59118520708961,0.0077637745532084,0.9666666666666668,1.0,0.0,0.0,K3,K3,formal_K3,K3,1.0,0.0,1.0,0.1862829121953384
Btg1,407,314,2.670761670761671,12.456712687670915,4.664104934574115,0.2285012285012285,36.0,200,True,1.962650111305445,middle,1252084476,ok,407,200,30,2.670761670761671,0.2285012285012285,-4.989624766693624e-08,-10.150347632640717,0.0077637745532084,0.0,0.0,1.0,0.0,K2,K2,stable_K2,,,,,
Btg2,411,322,7.844282238442823,122.17039918068213,15.574452252872316,0.2165450121654501,80.0,200,True,3.0244075011074534,higher_dispersion,1418449747,ok,411,200,30,7.844282238442823,0.2165450121654501,0.0001130963199667,-8.179512896235053,0.0077637745532084,0.3333333333333333,0.0,0.161,0.839,ambiguous,ambiguous,ambiguous,,,,,
Bub3,405,357,4.930864197530864,30.6470720926688,6.2153551314626245,0.1185185185185185,52.0,200,True,2.0947299308029668,middle,1169685603,ok,405,200,30,4.930864197530864,0.1185185185185185,-1.6029376599391297e-07,-10.153239916775476,0.0077637745532084,0.0,0.0,1.0,0.0,K2,K2,stable_K2,,,,,
Bud31,409,363,4.30562347188264,14.652315564828042,3.403064773432521,0.1124694376528117,24.0,200,True,1.594770275522517,lower_dispersion,419321763,ok,409,200,30,4.30562347188264,0.1124694376528117,-5.777230818182488e-08,-10.150347629637622,0.0077637745532084,0.0333333333333333,0.0,1.0,0.0,K2,K2,stable_K2,,,,,
Bysl,407,287,2.4914004914004915,7.704471502997301,3.0924259385797845,0.2948402948402948,15.0,200,True,1.703978228074648,lower_dispersion,296043662,ok,407,200,30,2.4914004914004915,0.2948402948402948,3.323171071656361e-09,-10.150347630627095,0.0077637745532084,0.0,0.0,1.0,0.0,K2,K2,stable_K2,,,,,
Bzw1,394,345,6.360406091370559,34.00208714473447,5.345898776945483,0.1243654822335025,35.0,200,True,1.9721742245811096,middle,679971765,ok,394,200,30,6.360406091370559,0.1243654822335025,0.0161682670558697,-6.4267079731481545,0.0077637745532084,0.7,0.2863333333333333,0.001,0.7126666666666667,ambiguous,ambiguous,ambiguous,,,,,
Bzw2,400,312,4.4375,21.64109375,4.876866197183099,0.22,26.0,200,True,1.9910236601743143,middle,231392845,ok,400,200,30,4.4375,0.22,0.0021711306455365,-8.89751410647483,0.0077637745532084,0.2333333333333333,0.0,0.4073333333333333,0.5926666666666667,ambiguous,ambiguous,ambiguous,,,,,
C1qbp,410,378,12.43658536585366,111.55329565734684,8.969768821241852,0.0780487804878048,74.0,200,True,2.3776061767545897,higher_dispersion,22177373,ok,410,200,30,12.43658536585366,0.0780487804878048,0.0276481146106732,-0.1762972110800547,0.0077637745532084,0.7,0.126,0.0,0.874,ambiguous,ambiguous,ambiguous,,,,,
Cacybp,399,333,4.954887218045113,24.454105187781487,4.935350515895201,0.1654135338345864,30.0,200,True,1.9463396192753293,middle,1154873094,ok,399,200,30,4.954887218045113,0.1654135338345864,0.0011957467188807,-9.21833565438294,0.0077637745532084,0.2,0.0,0.4573333333333333,0.5426666666666666,ambiguous,ambiguous,ambiguous,,,,,
Cald1,413,411,37.30992736077482,582.581911132738,15.6146621648271,0.0048426150121065,148.0,200,True,2.815128183468825,higher_dispersion,1669317738,ok,413,200,30,37.30992736077482,0.0048426150121065,-0.0003804429724457,-10.150347631166367,0.0077637745532084,0.0333333333333333,0.0,1.0,0.0,K2,K2,stable_K2,,,,,
Calm1,413,411,19.682808716707022,136.28922019827752,6.924277025696717,0.0048426150121065,81.0,200,True,2.074773703572588,middle,90752688,ok,413,200,30,19.682808716707022,0.0048426150121065,-0.0004126835550014,-8.69898932188869,0.0077637745532084,0.0666666666666666,0.0,0.997,0.003,K2,K2,stable_K2,,,,,
Calm3,407,378,8.226044226044227,52.54841260738068,6.3880537428924535,0.0712530712530712,56.0,200,True,2.071117407912883,middle,1052890472,ok,407,200,30,8.226044226044227,0.0712530712530712,-2.9270092059974216e-05,-9.8427555623868,0.0077637745532084,0.2,0.0,0.768,0.2319999999999999,ambiguous,ambiguous,ambiguous,,,,,
Calr,413,412,27.16707021791768,416.6960584865949,15.33827737566521,0.0024213075060532,135.0,200,True,2.795931967614535,higher_dispersion,1012181166,ok,413,200,30,27.16707021791768,0.0024213075060532,-0.0001384839056314,-10.246416357340877,0.0077637745532084,0.0,0.0,1.0,0.0,K2,K2,stable_K2,,,,,
Calu,413,410,17.796610169491526,149.87630812163988,8.42162112302548,0.0072639225181598,92.0,200,True,2.250271090039438,higher_dispersion,28866419,ok,413,200,30,17.796610169491526,0.0072639225181598,-3.5700474875000054e-06,-10.150347631639193,0.0077637745532084,0.0666666666666666,0.0,0.998,0.002,K2,K2,stable_K2,,,,,
Camk2g,380,283,3.652631578947368,16.137229916897507,4.417973608372517,0.2552631578947368,24.0,200,True,1.9449850304443583,middle,982464367,ok,380,200,30,3.652631578947368,0.2552631578947368,0.0006649394935633,-9.381243962049666,0.0077637745532084,0.2333333333333333,0.0,0.4263333333333333,0.5736666666666667,ambiguous,ambiguous,ambiguous,,,,,
Cant1,410,274,2.070731707317073,5.909631171921476,2.853885489384929,0.3317073170731707,15.0,200,True,1.6807891744767929,lower_dispersion,70240761,ok,410,200,30,2.070731707317073,0.3317073170731707,-1.6894562548941396e-08,-10.149266635244146,0.0077637745532084,0.0666666666666666,0.0,0.9953333333333332,0.0046666666666667,K2,K2,stable_K2,,,,,
Canx,413,407,14.077481840193704,103.73249535378643,7.36868259049085,0.0145278450363196,83.0,200,True,2.139024320553484,higher_dispersion,1831478218,ok,413,200,30,14.077481840193704,0.0145278450363196,9.544543868500456e-06,-10.163809429261732,0.0077637745532084,0.1666666666666666,0.0,0.8573333333333333,0.1426666666666667,K2,K2,stable_K2,,,,,
Cap1,407,375,7.906633906633907,51.082191863518645,6.460674980873862,0.0786240786240786,59.0,200,True,2.08826996875658,middle,877840632,ok,407,200,30,7.906633906633907,0.0786240786240786,0.0005011532225347,-8.653733294199697,0.0077637745532084,0.3666666666666666,0.0003333333333333,0.075,0.9246666666666667,ambiguous,ambiguous,ambiguous,,,,,
Capg,411,391,12.167883211678832,99.13239916884224,8.147053800918647,0.048661800486618,58.0,200,True,2.262093638953829,higher_dispersion,1069622009,ok,411,200,30,12.167883211678832,0.048661800486618,-0.001576653903907,-9.316430443544618,0.0077637745532084,0.1,0.0,0.976,0.024,K2,K2,stable_K2,,,,,
Capn2,397,368,12.652392947103277,96.45851442493768,7.623736855803356,0.0730478589420654,63.0,200,True,2.2275663596333604,higher_dispersion,383034638,ok,397,200,30,12.652392947103277,0.0730478589420654,0.0459376946343482,-1.2627451469688822,0.0077637745532084,0.8666666666666667,0.8993333333333333,0.0,0.1006666666666666,K3,K3,formal_K3,K3,0.925,0.0,0.9333333333333332,0.0382248748998984
Capns1,413,405,10.312348668280872,68.14699036753454,6.60828997928898,0.0193704600484261,82.0,200,True,2.0486088996136544,middle,1582799843,ok,413,200,30,10.312348668280872,0.0193704600484261,-0.0001212082528921,-10.170272660126445,0.0077637745532084,0.0,0.0,1.0,0.0,K2,K2,stable_K2,,,,,
Caprin1,391,351,9.930946291560105,72.64740549839418,7.315255099117209,0.1023017902813299,56.0,200,True,2.2203935818443385,higher_dispersion,1654305992,ok,391,200,30,9.930946291560105,0.1023017902813299,0.0410346763245623,-4.029724096996347,0.0077637745532084,0.7333333333333333,0.4753333333333333,0.0,0.5246666666666666,ambiguous,ambiguous,ambiguous,,,,,
Capza2,411,361,3.1143552311435525,8.237531153616189,2.645019768856448,0.121654501216545,15.0,200,True,1.4150162902170402,lower_dispersion,808720741,ok,411,200,30,3.1143552311435525,0.121654501216545,5.1455396921085134e-08,-10.15034763257512,0.0077637745532084,0.0,0.0,1.0,0.0,K2,K2,stable_K2,,,,,
Carkd,407,286,2.75921375921376,9.204921249147294,3.336066739450533,0.2972972972972973,23.0,200,True,1.7642649532558865,lower_dispersion,1682686972,ok,407,200,30,2.75921375921376,0.2972972972972973,0.026214203683774,-8.282906316497872,0.0077637745532084,0.7,0.2606666666666666,0.0,0.7393333333333334,ambiguous,ambiguous,ambiguous,,,,,
Cars,385,271,3.4727272727272727,17.070035419126327,4.915455225402869,0.2961038961038961,30.0,200,True,2.0736723517568034,middle,1913310869,ok,385,200,30,3.4727272727272727,0.2961038961038961,5.211773314623968e-05,-9.818378192867328,0.0077637745532084,0.1666666666666666,0.0,0.652,0.348,ambiguous,ambiguous,ambiguous,,,,,
Cast,383,306,2.671018276762402,10.82649687433959,4.053321899190678,0.2010443864229765,30.0,200,True,1.821090215273395,lower_dispersion,1662068360,ok,383,200,30,2.671018276762402,0.2010443864229765,-3.0318054733413646e-08,-10.15034763456191,0.0077637745532084,0.0,0.0,1.0,0.0,K2,K2,stable_K2,,,,,
Cat,409,320,2.9926650366748166,10.779897298557517,3.6021062051552484,0.2176039119804401,19.0,200,True,1.7441179813706162,lower_dispersion,327030088,ok,409,200,30,2.9926650366748166,0.2176039119804401,-3.2084892787054284e-08,-10.150347630357489,0.0077637745532084,0.0,0.0,1.0,0.0,K2,K2,stable_K2,,,,,
Cav1,413,407,14.634382566585955,127.32637231853386,8.700494997940847,0.0145278450363196,62.0,200,True,2.2867047599591857,higher_dispersion,982987882,ok,413,200,30,14.634382566585955,0.0145278450363196,-7.504186072537777e-08,-10.150347630707188,0.0077637745532084,0.0,0.0,1.0,0.0,K2,K2,stable_K2,,,,,
Cbfb,383,291,3.0783289817232378,12.11919094137938,3.9369381938492807,0.2402088772845953,23.0,200,True,1.8369542175138032,middle,1445057961,ok,383,200,30,3.0783289817232378,0.2402088772845953,-3.092473246368854e-08,-10.15034762844556,0.0077637745532084,0.0666666666666666,0.0,0.9873333333333332,0.0126666666666667,K2,K2,stable_K2,,,,,
Cbr3,407,269,2.262899262899263,9.304348351031395,4.111693570976959,0.339066339066339,32.0,200,True,1.97059711126529,middle,483085336,ok,407,200,30,2.262899262899263,0.339066339066339,3.231850449481044e-07,-10.0701493744927,0.0077637745532084,0.2333333333333333,0.0,0.4256666666666667,0.5743333333333334,ambiguous,ambiguous,ambiguous,,,,,
Cbx5,390,306,3.9974358974358974,21.961531886916504,5.493904705514712,0.2153846153846154,28.0,200,True,2.086248614722109,middle,1116438156,ok,390,200,30,3.9974358974358974,0.2153846153846154,9.543452783589148e-08,-10.150347630697524,0.0077637745532084,0.0,0.0,1.0,0.0,K2,K2,stable_K2,,,,,
Ccar1,392,308,4.038265306122449,16.30720923573511,4.0381718385395855,0.2142857142857142,30.0,200,True,1.8313290001178943,lower_dispersion,1235298457,ok,392,200,30,4.038265306122449,0.2142857142857142,0.0205485517582303,-3.508672156713942,0.0077637745532084,0.7666666666666667,0.4396666666666666,0.0,0.5603333333333333,ambiguous,ambiguous,ambiguous,,,,,
Ccdc104,343,256,5.924198250728863,41.33536196652754,6.977376552420742,0.2536443148688047,49.0,200,True,2.330253919449983,higher_dispersion,482618225,ok,343,200,30,5.924198250728863,0.2536443148688047,0.0565827167957829,3.41607449171238,0.0077637745532084,0.9666666666666668,0.9986666666666668,0.0,0.0013333333333332,K3,K3,formal_K3,K3,1.0,0.0,1.0,0.0602411479716785
Ccdc107,405,283,3.004938271604938,13.051827465325406,4.343459427655538,0.3012345679012346,25.0,200,True,1.9771078440144887,middle,570190929,ok,405,200,30,3.004938271604938,0.3012345679012346,0.0024810435859087,-9.040296708530036,0.0077637745532084,0.3666666666666666,0.0,0.1306666666666666,0.8693333333333333,ambiguous,ambiguous,ambiguous,,,,,
Ccdc109b,409,282,3.1491442542787285,19.53032322857945,6.201787422739905,0.3105134474327628,40.0,200,True,2.284842695803376,higher_dispersion,1357539869,ok,409,200,30,3.1491442542787285,0.3105134474327628,-1.9423304387089496e-08,-10.150347627161295,0.0077637745532084,0.1333333333333333,0.0,0.9146666666666666,0.0853333333333333,K2,K2,stable_K2,,,,,
Ccdc127,409,334,4.080684596577017,19.140189262378872,4.690435834819029,0.1833740831295843,39.0,200,True,1.922160924963455,middle,1678262497,ok,409,200,30,4.080684596577017,0.1833740831295843,8.831310861889818e-05,-9.588171378954373,0.0077637745532084,0.3333333333333333,0.0,0.0946666666666666,0.9053333333333332,ambiguous,ambiguous,ambiguous,,,,,
Ccdc23,397,289,2.816120906801008,8.804979411074239,3.126634012698098,0.2720403022670025,16.0,200,True,1.6895023679075811,lower_dispersion,1664472816,ok,397,200,30,2.816120906801008,0.2720403022670025,0.0094571665618815,-8.469581026213632,0.0077637745532084,0.5,0.004,0.0116666666666666,0.9843333333333332,ambiguous,ambiguous,ambiguous,,,,,
Ccdc25,402,253,2.4228855721393034,8.970421524219697,3.7023711013719898,0.3706467661691542,20.0,200,True,1.91871363732666,middle,1412908723,ok,402,200,30,2.4228855721393034,0.3706467661691542,2.201026834569575e-07,-10.039000024802704,0.0077637745532084,0.2333333333333333,0.0,0.4,0.6,ambiguous,ambiguous,ambiguous,,,,,
Ccdc34,315,181,3.0507936507936506,18.39107079868985,6.028290636407182,0.4253968253968254,25.0,200,True,2.3753403489370783,higher_dispersion,232779017,ok,315,200,30,3.0507936507936506,0.4253968253968254,0.0099237036765366,-8.16021203047768,0.0077637745532084,0.5666666666666667,0.062,0.0056666666666666,0.9323333333333332,ambiguous,ambiguous,ambiguous,,,,,
Ccdc47,397,289,3.234256926952141,12.879632508295844,3.98225397647465,0.2720403022670025,23.0,200,True,1.8779226966262927,middle,1435661915,ok,397,200,30,3.234256926952141,0.2720403022670025,0.0029354019422186,-8.235607771607249,0.0077637745532084,0.3333333333333333,0.0,0.1476666666666666,0.8523333333333334,ambiguous,ambiguous,ambiguous,,,,,
Ccdc50,413,312,2.2276029055690074,4.945775609870492,2.220223181387514,0.2445520581113801,13.0,200,True,1.4140027262557124,lower_dispersion,1670748286,ok,413,200,30,2.2276029055690074,0.2445520581113801,3.268307087118672e-05,-9.806966194312906,0.0077637745532084,0.1,0.0,0.9233333333333332,0.0766666666666666,K2,K2,stable_K2,,,,,
Ccdc53,395,270,2.610126582278481,8.202429097900977,3.1425407310095883,0.3164556962025316,15.0,200,True,1.7377649989434052,lower_dispersion,1913367799,ok,395,200,30,2.610126582278481,0.3164556962025316,0.0101258196420099,-7.112225986543365,0.0077637745532084,0.5666666666666667,0.0083333333333333,0.001,0.9906666666666668,ambiguous,ambiguous,ambiguous,,,,,
Ccdc55,402,286,2.8034825870646767,10.78973911536843,3.848691325978802,0.2885572139303483,20.0,200,True,1.8672660527740657,middle,1135760912,ok,402,200,30,2.8034825870646767,0.2885572139303483,-1.2087322254217271e-08,-10.150347630220152,0.0077637745532084,0.0,0.0,1.0,0.0,K2,K2,stable_K2,,,,,
Ccdc59,399,295,2.817042606516291,8.55048649191902,3.035270560743496,0.2606516290726817,19.0,200,True,1.6557249820146391,lower_dispersion,2028387367,ok,399,200,30,2.817042606516291,0.2606516290726817,0.0151330966622762,-7.196338360191248,0.0077637745532084,0.7,0.211,0.0,0.789,ambiguous,ambiguous,ambiguous,,,,,
Ccdc80,413,407,19.271186440677965,243.1080559773464,12.615105807091856,0.0145278450363196,85.0,200,True,2.625707742493716,higher_dispersion,1678903628,ok,413,200,30,19.271186440677965,0.0145278450363196,-1.171657331155984e-08,-10.060243243245168,0.0077637745532084,0.1,0.0,0.961,0.039,K2,K2,stable_K2,,,,,
Ccdc86,407,261,2.3538083538083536,8.675802449758223,3.6858576169640886,0.3587223587223587,18.0,200,True,1.9032713135755484,middle,1405179099,ok,407,200,30,2.3538083538083536,0.3587223587223587,0.0001817450687701,-9.400237388887888,0.0077637745532084,0.2,0.0,0.5363333333333333,0.4636666666666666,ambiguous,ambiguous,ambiguous,,,,,
Ccdc88a,361,260,4.191135734072022,23.27925660484496,5.554402930832143,0.2797783933518005,36.0,200,True,2.1599154203520783,higher_dispersion,625740925,ok,361,200,30,4.191135734072022,0.2797783933518005,0.0330562011123003,-3.425610385953576,0.0077637745532084,0.8,0.617,0.0,0.383,ambiguous,ambiguous,ambiguous,,,,,
Cck,411,304,25.447688564476884,1310.9431272606716,51.51521419869357,0.2603406326034063,289.0,200,True,4.221443554479569,higher_dispersion,1447091340,ok,411,200,30,25.447688564476884,0.2603406326034063,0.0205439557205089,-2.0001765411150245,0.0077637745532084,0.6333333333333333,0.0603333333333333,0.0,0.9396666666666668,ambiguous,ambiguous,ambiguous,,,,,
Ccl2,413,390,42.907990314769975,1956.5048514091072,45.59768092274484,0.0556900726392251,258.0,200,True,3.897240846926143,higher_dispersion,1806052654,ok,413,200,30,42.907990314769975,0.0556900726392251,-6.048274414638399e-08,-10.13982284829808,0.0077637745532084,0.0666666666666666,0.0,0.9896666666666668,0.0103333333333333,K2,K2,stable_K2,,,,,
Ccl8,411,245,9.695863746958638,400.8588393390994,41.343283053543246,0.4038929440389294,180.0,200,True,4.149702746974403,higher_dispersion,914996803,ok,411,200,30,9.695863746958638,0.4038929440389294,6.109067143711399e-07,-10.150347630615329,0.0077637745532084,0.0,0.0,1.0,0.0,K2,K2,stable_K2,,,,,
Ccm2,411,333,2.097323600973236,4.890771425696035,2.3319107377738635,0.1897810218978102,14.0,200,True,1.3933269564599702,lower_dispersion,1864238839,ok,411,200,30,2.097323600973236,0.1897810218978102,-2.421411871011969e-09,-10.150347634384332,0.0077637745532084,0.0,0.0,1.0,0.0,K2,K2,stable_K2,,,,,
Ccnd1,413,309,4.547215496368039,46.31556730707221,10.18547885932951,0.2518159806295399,45.0,200,True,2.666432387290828,higher_dispersion,105344240,ok,413,200,30,4.547215496368039,0.2518159806295399,-5.247955807305971e-05,-10.172625117348048,0.0077637745532084,0.0,0.0,1.0,0.0,K2,K2,stable_K2,,,,,
Ccnd2,406,394,17.438423645320196,224.50236598801231,12.874005733210875,0.0295566502463054,114.0,200,True,2.6595736484435,higher_dispersion,1980657434,ok,406,200,30,17.438423645320196,0.0295566502463054,0.0002812363201698,-9.989325831643214,0.0077637745532084,0.1333333333333333,0.0,0.788,0.2119999999999999,ambiguous,ambiguous,ambiguous,,,,,
Ccnd3,407,333,3.115479115479116,11.035804623028213,3.542249591145491,0.1818181818181818,21.0,200,True,1.6952405758071407,lower_dispersion,2110320423,ok,407,200,30,3.115479115479116,0.1818181818181818,-1.28238407803849e-07,-10.15034763217841,0.0077637745532084,0.0333333333333333,0.0,1.0,0.0,K2,K2,stable_K2,,,,,
Ccne1,403,312,6.9851116625310175,90.30250786594335,12.927854589689227,0.2258064516129032,68.0,200,True,2.8596972138813594,higher_dispersion,1991110193,ok,403,200,30,6.9851116625310175,0.2258064516129032,6.011564472885311e-08,-10.150347630033025,0.0077637745532084,0.0,0.0,1.0,0.0,K2,K2,stable_K2,,,,,
Ccng1,413,410,16.331719128329297,182.0134491027092,11.144781983605467,0.0072639225181598,131.0,200,True,2.504163533687703,higher_dispersion,2067068086,ok,413,200,30,16.331719128329297,0.0072639225181598,-0.0004885267847743,-10.301816376106215,0.0077637745532084,0.0,0.0,1.0,0.0,K2,K2,stable_K2,,,,,
Ccnl2,371,257,2.54177897574124,9.159305730124018,3.603502042286332,0.307277628032345,18.0,200,True,1.834094955415749,middle,611216023,ok,371,200,30,2.54177897574124,0.307277628032345,0.0024059867050121,-9.477781466192312,0.0077637745532084,0.3666666666666666,0.0,0.2006666666666666,0.7993333333333333,ambiguous,ambiguous,ambiguous,,,,,
Ccny,398,294,2.748743718592965,8.16300093431984,2.9697206324125194,0.2613065326633166,17.0,200,True,1.6400022552169635,lower_dispersion,2028480377,ok,398,200,30,2.748743718592965,0.2613065326633166,0.002008269486086,-8.957486237320893,0.0077637745532084,0.4,0.0,0.0953333333333333,0.9046666666666666,ambiguous,ambiguous,ambiguous,,,,,
Ccs,407,304,4.434889434889435,28.87966724821761,6.511924969542698,0.253071253071253,45.0,200,True,2.2695630068472883,higher_dispersion,1645586766,ok,407,200,30,4.434889434889435,0.253071253071253,0.0260119562650755,-4.549325293473487,0.0077637745532084,0.7,0.1293333333333333,0.0,0.8706666666666667,ambiguous,ambiguous,ambiguous,,,,,
Cct2,395,370,15.432911392405064,133.31385354911072,8.63828283331672,0.0632911392405063,53.0,200,True,2.3290341026720567,higher_dispersion,1399865177,ok,395,200,30,15.432911392405064,0.0632911392405063,0.0219133932832956,-4.548394288078725,0.0077637745532084,0.8,0.508,0.0,0.492,ambiguous,ambiguous,ambiguous,,,,,
Cct4,413,397,9.523002421307506,47.62961616706434,5.001533556317715,0.0387409200968523,47.0,200,True,1.830755949386272,lower_dispersion,1055035821,ok,413,200,30,9.523002421307506,0.0387409200968523,1.770611738756145e-05,-9.26030267763889,0.0077637745532084,0.2666666666666666,0.0,0.207,0.793,ambiguous,ambiguous,ambiguous,,,,,
Cct5,406,385,16.886699507389164,177.6817442791623,10.521993608130089,0.0517241379310344,105.0,200,True,2.495981834487565,higher_dispersion,762476495,ok,406,200,30,16.886699507389164,0.0517241379310344,0.0345882924533281,-0.4393835380940345,0.0077637745532084,0.8666666666666667,0.8233333333333334,0.0,0.1766666666666666,K3,K3,ambiguous,ambiguous,0.6616666666666666,0.0,0.8,0.0457857297406971
Cct6a,413,395,7.343825665859564,34.332147107622134,4.674967608126588,0.0435835351089588,32.0,200,True,1.779648390641032,lower_dispersion,910243452,ok,413,200,30,7.343825665859564,0.0435835351089588,-1.367795894324786e-07,-10.150347629709133,0.0077637745532084,0.0,0.0,1.0,0.0,K2,K2,stable_K2,,,,,
Cct8,367,328,19.55040871934605,221.90958430161336,11.3506365768212,0.106267029972752,79.0,200,True,2.619974636400236,higher_dispersion,1343845001,ok,367,200,30,19.55040871934605,0.106267029972752,0.0775811736441479,14.766826836144332,0.0077637745532084,0.9,0.9753333333333334,0.0,0.0246666666666666,K3,K3,formal_K3,K3,0.995,0.0,0.9333333333333332,0.0953829092415053
Cd164,413,404,8.256658595641646,32.466814016614975,3.932197709343691,0.0217917675544794,47.0,200,True,1.6175764391057672,lower_dispersion,749132990,ok,413,200,30,8.256658595641646,0.0217917675544794,-1.794514261632685e-08,-10.150347640366078,0.0077637745532084,0.1333333333333333,0.0,0.856,0.144,K2,K2,stable_K2,,,,,
Cd248,318,251,10.163522012578616,112.57703413630789,11.076576997322372,0.210691823899371,56.0,200,True,2.701959615102874,higher_dispersion,2010125488,ok,318,200,30,10.163522012578616,0.210691823899371,0.0657833331803226,6.2905674352851975,0.0077637745532084,0.9,0.9806666666666668,0.0,0.0193333333333333,K3,K3,formal_K3,K3,0.9996666666666668,0.0,0.9666666666666668,0.058141976799299
Cd3eap,392,230,2.318877551020408,10.50290894418992,4.529307267461439,0.413265306122449,18.0,200,True,2.1233278457198344,middle,802892711,ok,392,200,30,2.318877551020408,0.413265306122449,0.0020892919452352,-8.725423484045677,0.0077637745532084,0.2333333333333333,0.0,0.4103333333333333,0.5896666666666667,ambiguous,ambiguous,ambiguous,,,,,
Cd44,413,409,20.559322033898304,328.1835269011369,15.962760170789016,0.009685230024213,147.0,200,True,2.840705593065453,higher_dispersion,107745034,ok,413,200,30,20.559322033898304,0.009685230024213,-5.483657804496999e-05,-10.2412677388387,0.0077637745532084,0.0,0.0,1.0,0.0,K2,K2,stable_K2,,,,,
Cd47,386,284,2.9326424870466323,9.92292410534511,3.3836119299144984,0.2642487046632124,19.0,200,True,1.7421217307545414,lower_dispersion,610527009,ok,386,200,30,2.9326424870466323,0.2642487046632124,0.0089546791901742,-8.328090949120565,0.0077637745532084,0.5666666666666667,0.016,0.0183333333333333,0.9656666666666668,ambiguous,ambiguous,ambiguous,,,,,
Cd59a,391,200,3.248081841432225,28.38602573243241,8.739319733370925,0.4884910485933504,42.0,200,True,2.7646623212389683,higher_dispersion,928926006,ok,391,200,30,3.248081841432225,0.4884910485933504,0.0073987223148925,-6.339242104629022,0.0077637745532084,0.5,0.0006666666666666,0.003,0.9963333333333332,ambiguous,ambiguous,ambiguous,,,,,
Cd81,413,411,35.90556900726392,485.1993152331314,13.51320501660822,0.0048426150121065,258.0,200,True,2.679901540811926,higher_dispersion,2135399642,ok,413,200,30,35.90556900726392,0.0048426150121065,-0.0009100413626111,-10.274489510465628,0.0077637745532084,0.0666666666666666,0.0,0.982,0.018,K2,K2,stable_K2,,,,,
Cd9,413,406,24.702179176755447,352.7902373819393,14.281745543887563,0.0169491525423728,130.0,200,True,2.743608166921596,higher_dispersion,898728333,ok,413,200,30,24.702179176755447,0.0169491525423728,-8.371051321489632e-05,-8.773416417560384,0.0077637745532084,0.4,0.0003333333333333,0.0286666666666666,0.971,ambiguous,ambiguous,ambiguous,,,,,
Cdc123,413,362,7.295399515738499,40.62944614789322,5.569187274835679,0.1234866828087167,44.0,200,True,2.005876805193133,middle,1557576756,ok,413,200,30,7.295399515738499,0.1234866828087167,0.0290717504361602,-2.59599356278801,0.0077637745532084,0.6666666666666666,0.1543333333333333,0.0,0.8456666666666667,ambiguous,ambiguous,ambiguous,,,,,
Cdc16,413,390,5.544794188861985,17.647509219142986,3.1827167281685824,0.0556900726392251,36.0,200,True,1.4866510430281883,lower_dispersion,1815937585,ok,413,200,30,5.544794188861985,0.0556900726392251,-1.222225227692775e-07,-9.619981400987342,0.0077637745532084,0.1333333333333333,0.0,0.908,0.0919999999999999,K2,K2,stable_K2,,,,,
Cdc23,381,245,2.42257217847769,7.929044302533049,3.2729857846859067,0.3569553805774278,14.0,200,True,1.8092682104577245,lower_dispersion,546184806,ok,381,200,30,2.42257217847769,0.3569553805774278,0.0072161021616706,-7.383649164322037,0.0077637745532084,0.5,0.008,0.0076666666666666,0.9843333333333332,ambiguous,ambiguous,ambiguous,,,,,
Cdc37,400,366,8.855,64.538975,7.288421795595707,0.085,44.0,200,True,2.199859576547893,higher_dispersion,1129840877,ok,400,200,30,8.855,0.085,0.0001913364266169,-8.985707737750431,0.0077637745532084,0.2666666666666666,0.0,0.244,0.756,ambiguous,ambiguous,ambiguous,,,,,
Cdc42,413,410,13.573849878934626,97.68764546898907,7.196753046502407,0.0072639225181598,73.0,200,True,2.111002028432839,middle,524363732,ok,413,200,30,13.573849878934626,0.0072639225181598,-0.0001121360498601,-10.192094580774096,0.0077637745532084,0.0,0.0,1.0,0.0,K2,K2,stable_K2,,,,,
Cdc42bpa,400,297,2.6175,10.79119375,4.122710124164279,0.2575,29.0,200,True,1.8911836201362409,middle,1826354973,ok,400,200,30,2.6175,0.2575,-2.5358186839241625e-08,-10.150347630983276,0.0077637745532084,0.0,0.0,1.0,0.0,K2,K2,stable_K2,,,,,
Cdc42ep3,395,223,4.820253164556962,67.24617208780644,13.950755238804383,0.4354430379746835,57.0,200,True,3.140204854181184,higher_dispersion,1315452759,ok,395,200,30,4.820253164556962,0.4354430379746835,0.0035318200433435,-8.951356601934947,0.0077637745532084,0.4333333333333333,0.0,0.0306666666666666,0.9693333333333334,ambiguous,ambiguous,ambiguous,,,,,
Cdc42se1,319,184,3.0689655172413794,18.716246892227865,6.098552358141664,0.4231974921630094,26.0,200,True,2.3830883622017467,higher_dispersion,1779705192,ok,319,200,30,3.0689655172413794,0.4231974921630094,0.0004662023681868,-8.542562797457038,0.0077637745532084,0.1666666666666666,0.0,0.7796666666666666,0.2203333333333333,ambiguous,ambiguous,ambiguous,,,,,
Cdc42se2,316,179,2.316455696202532,10.849222880948568,4.6835443037974684,0.4335443037974683,27.0,200,True,2.171119339072701,higher_dispersion,273124652,ok,316,200,30,2.316455696202532,0.4335443037974683,0.0282806425682263,-4.335715345084566,0.0077637745532084,0.8333333333333334,0.7496666666666667,0.0,0.2503333333333333,ambiguous,ambiguous,ambiguous,,,,,
Cdipt,413,369,4.087167070217918,14.539617398237665,3.5573826928152577,0.1065375302663438,21.0,200,True,1.6232860181344524,lower_dispersion,327707819,ok,413,200,30,4.087167070217918,0.1065375302663438,2.0050555527006965e-08,-10.150347632362411,0.0077637745532084,0.0,0.0,1.0,0.0,K2,K2,stable_K2,,,,,
Cdk1,407,234,5.171990171990172,101.9704193807388,19.71589581375805,0.4250614250614251,69.0,200,True,3.4559627443459924,higher_dispersion,996010874,ok,407,200,30,5.171990171990172,0.4250614250614251,9.24637284072105e-08,-10.150347630642102,0.0077637745532084,0.0,0.0,1.0,0.0,K2,K2,stable_K2,,,,,
Cdk11b,385,255,3.007792207792208,15.140199021757464,5.033658569409865,0.3376623376623376,31.0,200,True,2.135015892345125,higher_dispersion,1654220434,ok,385,200,30,3.007792207792208,0.3376623376623376,4.537083798439312e-07,-9.229401096103686,0.0077637745532084,0.3,0.0,0.2116666666666666,0.7883333333333333,ambiguous,ambiguous,ambiguous,,,,,
Cdk4,411,400,21.150851581508515,187.0721343113053,8.84466205014914,0.0267639902676399,100.0,200,True,2.313693374715112,higher_dispersion,787061046,ok,411,200,30,21.150851581508515,0.0267639902676399,0.0372257119592173,-0.1248285719389059,0.0077637745532084,0.8666666666666667,0.8393333333333334,0.0,0.1606666666666666,K3,K3,formal_K3,K3,0.8043333333333333,0.0,0.8666666666666667,0.0378273762974013
Cdk5,375,277,3.994666666666667,20.23463822222222,5.065413440142411,0.2613333333333333,25.0,200,True,2.063936041607552,middle,669626037,ok,375,200,30,3.994666666666667,0.2613333333333333,0.0152949480471473,-6.824081485480519,0.0077637745532084,0.6333333333333333,0.0946666666666666,0.0013333333333333,0.904,ambiguous,ambiguous,ambiguous,,,,,
Cdk5rap3,383,260,2.6631853785900783,11.596738678428512,4.354461680233451,0.3211488250652741,25.0,200,True,1.9990789973448029,middle,508126986,ok,383,200,30,2.6631853785900783,0.3211488250652741,-1.5637801631385172e-08,-10.150347629713792,0.0077637745532084,0.0333333333333333,0.0,0.9993333333333332,0.0006666666666667,K2,K2,stable_K2,,,,,
Cdk7,407,344,4.503685503685504,25.45391762099379,5.651797311371779,0.1547911547911548,44.0,200,True,2.049678245328649,middle,2049904634,ok,407,200,30,4.503685503685504,0.1547911547911548,8.46018362921086e-08,-10.153876434824497,0.0077637745532084,0.0,0.0,1.0,0.0,K2,K2,stable_K2,,,,,
Cdkn2a,391,203,3.429667519181585,36.62868505569691,10.679952167619309,0.4808184143222506,44.0,200,True,2.9386922964758733,higher_dispersion,1785789996,ok,391,200,30,3.429667519181585,0.4808184143222506,0.0029466530727082,-8.343612470192909,0.0077637745532084,0.3333333333333333,0.0,0.1353333333333333,0.8646666666666667,ambiguous,ambiguous,ambiguous,,,,,
Cdkn2b,408,344,8.901960784313726,105.61293733179544,11.864008378681866,0.1568627450980392,58.0,200,True,2.711296108862319,higher_dispersion,1330466689,ok,408,200,30,8.901960784313726,0.1568627450980392,-2.5975680522094536e-07,-10.010577381265762,0.0077637745532084,0.0666666666666666,0.0,0.9743333333333334,0.0256666666666666,K2,K2,stable_K2,,,,,
Cebpd,379,237,4.435356200527704,45.45954149581248,10.24935528073345,0.3746701846965699,52.0,200,True,2.7949810033255624,higher_dispersion,730125898,ok,379,200,30,4.435356200527704,0.3746701846965699,0.0032446765739226,-8.828937291555008,0.0077637745532084,0.3666666666666666,0.0,0.1246666666666666,0.8753333333333333,ambiguous,ambiguous,ambiguous,,,,,
Cebpz,405,274,2.65679012345679,9.943935375704925,3.742838129331314,0.3234567901234568,17.0,200,True,1.880092508106623,middle,1396500211,ok,405,200,30,2.65679012345679,0.3234567901234568,0.0034458503077249,-8.58614152273259,0.0077637745532084,0.3,0.0,0.21,0.79,ambiguous,ambiguous,ambiguous,,,,,
Cenpb,377,236,2.4827586206896552,11.629013079667065,4.683908045977011,0.3740053050397878,24.0,200,True,2.111644337447971,middle,100480474,ok,377,200,30,2.4827586206896552,0.3740053050397878,0.0044281252611108,-9.301640601797317,0.0077637745532084,0.3,0.0003333333333333,0.3143333333333333,0.6853333333333333,ambiguous,ambiguous,ambiguous,,,,,
Cfdp1,402,328,5.196517412935323,25.93899284671172,4.9916108781130255,0.1840796019900497,31.0,200,True,1.9744399058614508,middle,113961921,ok,402,200,30,5.196517412935323,0.1840796019900497,0.0003143107687932,-8.457203028883953,0.0077637745532084,0.2666666666666666,0.0,0.2756666666666666,0.7243333333333333,ambiguous,ambiguous,ambiguous,,,,,
Cfl2,411,384,4.2773722627737225,12.876835917381497,3.010454813449258,0.0656934306569343,23.0,200,True,1.4545980853566538,lower_dispersion,1427490146,ok,411,200,30,4.2773722627737225,0.0656934306569343,6.446742997212596e-08,-10.15034763414542,0.0077637745532084,0.0,0.0,1.0,0.0,K2,K2,stable_K2,,,,,
Chchd1,401,362,7.556109725685785,45.99747514007998,6.087454630749859,0.0972568578553615,47.0,200,True,2.055583125583609,middle,1253677586,ok,401,200,30,7.556109725685785,0.0972568578553615,0.0119710388505879,-6.155160760037916,0.0077637745532084,0.5333333333333333,0.004,0.0003333333333333,0.9956666666666668,ambiguous,ambiguous,ambiguous,,,,,
Chd4,380,308,5.007894736842105,23.48677977839335,4.689950770251956,0.1894736842105263,33.0,200,True,1.928175280334528,middle,1493565472,ok,380,200,30,5.007894736842105,0.1894736842105263,0.0057270911126304,-7.186894775701092,0.0077637745532084,0.4333333333333333,0.0003333333333333,0.0173333333333333,0.9823333333333334,ambiguous,ambiguous,ambiguous,,,,,
Chid1,370,245,2.6648648648648647,11.698495252008769,4.389901869415055,0.3378378378378378,24.0,200,True,2.022365016547567,middle,317281436,ok,370,200,30,2.6648648648648647,0.3378378378378378,3.774571818908612e-05,-8.557252413507229,0.0077637745532084,0.3333333333333333,0.0,0.0943333333333333,0.9056666666666666,ambiguous,ambiguous,ambiguous,,,,,
Chmp2b,411,312,2.97323600973236,14.736509966197218,4.95638755818908,0.2408759124087591,36.0,200,True,2.025340095326623,middle,744216052,ok,411,200,30,2.97323600973236,0.2408759124087591,-3.828616712553412e-08,-10.150347631717295,0.0077637745532084,0.0,0.0,1.0,0.0,K2,K2,stable_K2,,,,,
Chmp4b,389,327,5.017994858611825,24.26959906424092,4.836513338109486,0.1593830334190231,26.0,200,True,1.9235166208194605,middle,877044671,ok,389,200,30,5.017994858611825,0.1593830334190231,-1.8128764320834989e-07,-9.97540863930118,0.0077637745532084,0.0666666666666666,0.0,0.9833333333333332,0.0166666666666667,K2,K2,stable_K2,,,,,
Chmp5,393,329,3.104325699745547,8.3478947743268,2.6891169232052725,0.1628498727735369,17.0,200,True,1.468236985980747,lower_dispersion,1662586365,ok,393,200,30,3.104325699745547,0.1628498727735369,5.015985138356882e-09,-10.15034763074567,0.0077637745532084,0.0,0.0,0.9993333333333332,0.0006666666666667,K2,K2,stable_K2,,,,,
Chmp7,369,221,2.338753387533876,12.917766467637575,5.523355534829971,0.4010840108401084,40.0,200,True,2.276472906971735,higher_dispersion,1213437318,ok,369,200,30,2.338753387533876,0.4010840108401084,0.0001683902112048,-9.22038324824365,0.0077637745532084,0.3333333333333333,0.0,0.2326666666666666,0.7673333333333333,ambiguous,ambiguous,ambiguous,,,,,
Chordc1,369,240,2.3008130081300813,6.465067089695287,2.8099054842138527,0.3495934959349593,13.0,200,True,1.6871978774729108,lower_dispersion,2047317597,ok,369,200,30,2.3008130081300813,0.3495934959349593,0.0054625644935534,-8.682534811135326,0.0077637745532084,0.3333333333333333,0.0023333333333333,0.178,0.8196666666666668,ambiguous,ambiguous,ambiguous,,,,,
Chpf,413,401,13.830508474576272,92.66860918455288,6.7003038503537,0.0290556900726392,71.0,200,True,2.070315479238605,middle,1345500548,ok,413,200,30,13.830508474576272,0.0290556900726392,0.0112728991021445,-7.18315716916004,0.0077637745532084,0.6,0.0746666666666666,0.0003333333333333,0.925,ambiguous,ambiguous,ambiguous,,,,,
Chst12,411,300,3.457420924574209,16.530425465158267,4.781143466699541,0.2700729927007299,19.0,200,True,2.0246744874278413,middle,352519500,ok,411,200,30,3.457420924574209,0.2700729927007299,4.342864290407533e-08,-10.150347630623912,0.0077637745532084,0.0,0.0,1.0,0.0,K2,K2,stable_K2,,,,,
Chst14,409,352,4.801955990220049,18.89231891248857,3.9342965556047984,0.1393643031784841,28.0,200,True,1.7355744239798103,lower_dispersion,1038613489,ok,409,200,30,4.801955990220049,0.1393643031784841,0.0013540064310555,-9.175376162830958,0.0077637745532084,0.2333333333333333,0.0,0.47,0.53,ambiguous,ambiguous,ambiguous,,,,,
Chsy1,404,327,2.507425742574257,6.601430006862072,2.6327519474553576,0.1905940594059406,19.0,200,True,1.4805845327074207,lower_dispersion,1879665620,ok,404,200,30,2.507425742574257,0.1905940594059406,-6.71436058752306e-08,-10.15034763182689,0.0077637745532084,0.0,0.0,1.0,0.0,K2,K2,stable_K2,,,,,
Chtf8,386,298,3.546632124352332,12.382540470885123,3.49135180552349,0.2279792746113989,20.0,200,True,1.730133001325494,lower_dispersion,1767255031,ok,386,200,30,3.546632124352332,0.2279792746113989,0.0036866400936014,-9.449657832104153,0.0077637745532084,0.3,0.0,0.149,0.851,ambiguous,ambiguous,ambiguous,,,,,
Ciao1,296,162,2.6283783783783785,13.02405953250548,4.955169179462239,0.4527027027027027,27.0,200,True,2.23696231475583,higher_dispersion,624874850,ok,296,200,30,2.6283783783783785,0.4527027027027027,0.0299351892879959,-2.8510500813833914,0.0077637745532084,0.8333333333333334,0.7546666666666667,0.0,0.2453333333333333,ambiguous,ambiguous,ambiguous,,,,,
Ciapin1,319,207,4.294670846394984,30.220379123632828,7.036716014918885,0.3510971786833856,30.0,200,True,2.4351177225775853,higher_dispersion,516958744,ok,319,200,30,4.294670846394984,0.3510971786833856,0.0143941043600648,-6.91246874494891,0.0077637745532084,0.7,0.101,0.0036666666666666,0.8953333333333333,ambiguous,ambiguous,ambiguous,,,,,
Cib1,383,323,12.441253263707573,110.71130077919952,8.898725749933561,0.1566579634464752,68.0,200,True,2.4490640001749795,higher_dispersion,1021744278,ok,383,200,30,12.441253263707573,0.1566579634464752,0.1216902272265066,28.081597078358755,0.0077637745532084,0.9,0.9846666666666668,0.0,0.0153333333333333,K3,K3,formal_K3,K3,1.0,0.0,1.0,0.1326032999950797
Cinp,391,275,2.838874680306905,11.296289270739988,3.979143337711113,0.2966751918158568,22.0,200,True,1.9019330475152512,middle,244044062,ok,391,200,30,2.838874680306905,0.2966751918158568,2.350490844627018e-06,-9.746603137451132,0.0077637745532084,0.2666666666666666,0.0,0.3396666666666667,0.6603333333333333,ambiguous,ambiguous,ambiguous,,,,,
Cisd2,238,121,3.2815126050420167,21.42075065320245,6.527706345022003,0.4915966386554621,22.0,200,True,2.510187031811861,higher_dispersion,1772271679,ok,238,200,30,3.2815126050420167,0.4915966386554621,0.0340665379902231,2.449226444125827,0.0077637745532084,0.8666666666666667,0.831,0.0,0.169,K3,K3,ambiguous,ambiguous,0.772,0.0,0.8333333333333334,0.0439270060896989
Cited2,361,296,6.61218836565097,55.20140269028016,8.348431659485186,0.1800554016620498,62.0,200,True,2.415263993939773,higher_dispersion,1274556001,ok,361,200,30,6.61218836565097,0.1800554016620498,0.0142581529048236,-5.308735194309634,0.0077637745532084,0.6,0.0573333333333333,0.0003333333333333,0.9423333333333334,ambiguous,ambiguous,ambiguous,,,,,
Ckap4,413,390,8.11864406779661,46.5597734641113,5.734919904765275,0.0556900726392251,42.0,200,True,1.962995990042608,middle,140482819,ok,413,200,30,8.11864406779661,0.0556900726392251,-3.54845240124746e-07,-10.149727160106636,0.0077637745532084,0.0333333333333333,0.0,0.9946666666666668,0.0053333333333333,K2,K2,stable_K2,,,,,
Cks2,401,242,3.516209476309227,27.99038563193015,7.960386268371623,0.3965087281795511,35.0,200,True,2.5893220645465007,higher_dispersion,1006231726,ok,401,200,30,3.516209476309227,0.3965087281795511,0.0019950015396492,-9.566672290426029,0.0077637745532084,0.3,0.0,0.3036666666666666,0.6963333333333334,ambiguous,ambiguous,ambiguous,,,,,
Clic1,406,385,11.362068965517242,101.0536351282487,8.893946642546926,0.0517241379310344,66.0,200,True,2.343647257811855,higher_dispersion,1989752368,ok,406,200,30,11.362068965517242,0.0517241379310344,-4.42966254254884e-07,-10.148488310799962,0.0077637745532084,0.1,0.0,0.9833333333333332,0.0166666666666667,K2,K2,stable_K2,,,,,
Clic4,405,360,7.530864197530864,46.60954122847127,6.189135802469136,0.1111111111111111,43.0,200,True,2.083682081248675,middle,1943936306,ok,405,200,30,7.530864197530864,0.1111111111111111,0.0073769012369481,-6.413512633141465,0.0077637745532084,0.5,0.1036666666666666,0.009,0.8873333333333333,ambiguous,ambiguous,ambiguous,,,,,
Clint1,397,287,2.251889168765743,6.500783584693767,2.8868132920843683,0.2770780856423174,17.0,200,True,1.6346677024210905,lower_dispersion,812056366,ok,397,200,30,2.251889168765743,0.2770780856423174,6.517237416403532e-09,-10.150347630833892,0.0077637745532084,0.0666666666666666,0.0,0.9646666666666668,0.0353333333333333,K2,K2,stable_K2,,,,,
Cln5,413,382,4.782082324455206,15.289073630026556,3.197158181873908,0.0750605326876513,21.0,200,True,1.5094682056007214,lower_dispersion,1613806884,ok,413,200,30,4.782082324455206,0.0750605326876513,6.092716553496302e-08,-10.150347630707188,0.0077637745532084,0.0,0.0,1.0,0.0,K2,K2,stable_K2,,,,,
Clns1a,411,320,2.802919708029197,8.625392935159038,3.077288625304136,0.2214111922141119,23.0,200,True,1.626843407095676,lower_dispersion,1757500296,ok,411,200,30,2.802919708029197,0.2214111922141119,-8.863434963757301e-09,-10.150347630524095,0.0077637745532084,0.1,0.0,0.984,0.016,K2,K2,stable_K2,,,,,
Clpp,413,352,4.196125907990314,18.23029976138689,4.344554992182796,0.1476997578692493,26.0,200,True,1.8237780420388288,lower_dispersion,285973049,ok,413,200,30,4.196125907990314,0.1476997578692493,6.113757056169788e-08,-10.150347630618796,0.0077637745532084,0.1,0.0,0.9443333333333334,0.0556666666666666,K2,K2,stable_K2,,,,,
Clptm1,413,361,3.8983050847457625,13.272951122419668,3.40480050531635,0.1259079903147699,24.0,200,True,1.6086029604404457,lower_dispersion,1268836940,ok,413,200,30,3.8983050847457625,0.1259079903147699,-1.62208941389963e-08,-10.150347631414943,0.0077637745532084,0.0,0.0,0.9973333333333332,0.0026666666666667,K2,K2,stable_K2,,,,,
Clptm1l,413,395,6.876513317191283,25.774097286142265,3.748134570132661,0.0435835351089588,34.0,200,True,1.6013353539426631,lower_dispersion,188885041,ok,413,200,30,6.876513317191283,0.0435835351089588,1.5885848547725347e-08,-9.61804288065639,0.0077637745532084,0.1,0.0,0.866,0.134,K2,K2,stable_K2,,,,,
Clta,413,398,10.450363196125908,79.07562335477138,7.566782308971404,0.036319612590799,86.0,200,True,2.184211814834472,higher_dispersion,783630387,ok,413,200,30,10.450363196125908,0.036319612590799,3.446907790127796e-06,-10.16519902442019,0.0077637745532084,0.2333333333333333,0.0,0.512,0.488,ambiguous,ambiguous,ambiguous,,,,,
Cltb,356,258,2.8876404494382024,12.41434162353238,4.299129978577361,0.2752808988764045,32.0,200,True,1.9428235509741727,middle,1605109727,ok,356,200,30,2.8876404494382024,0.2752808988764045,0.0001533107701868,-9.402532746902864,0.0077637745532084,0.4,0.0,0.077,0.923,ambiguous,ambiguous,ambiguous,,,,,
Cltc,413,393,5.985472154963681,32.2177066172634,5.3826508223825975,0.0484261501210653,51.0,200,True,1.902009650587605,middle,1825381934,ok,413,200,30,5.985472154963681,0.0484261501210653,1.0430150982898569e-07,-10.150347637354685,0.0077637745532084,0.0,0.0,1.0,0.0,K2,K2,stable_K2,,,,,
Cmtm3,413,350,3.907990314769976,16.592018479325084,4.245665199480334,0.1525423728813559,38.0,200,True,1.809944432137012,lower_dispersion,1329304448,ok,413,200,30,3.907990314769976,0.1525423728813559,-5.1400777500987255e-08,-10.150347630743966,0.0077637745532084,0.0,0.0,1.0,0.0,K2,K2,stable_K2,,,,,
Cmtm7,407,358,6.805896805896806,45.31121829893329,6.657641100240379,0.1203931203931203,51.0,200,True,2.1560971063589074,higher_dispersion,1483195758,ok,407,200,30,6.805896805896806,0.1203931203931203,4.738833442043954e-05,-10.022664262121168,0.0077637745532084,0.1666666666666666,0.0,0.6186666666666667,0.3813333333333333,ambiguous,ambiguous,ambiguous,,,,,
Cnbp,413,402,21.249394673123486,295.82884345924526,13.921753913932122,0.0266343825665859,121.0,200,True,2.729454524986297,higher_dispersion,759146935,ok,413,200,30,21.249394673123486,0.0266343825665859,0.0001069007292453,-8.894102880977357,0.0077637745532084,0.3,0.0,0.2493333333333333,0.7506666666666667,ambiguous,ambiguous,ambiguous,,,,,
Cndp2,369,223,2.4769647696476964,10.77521463561519,4.350168709564557,0.3956639566395664,18.0,200,True,2.072792051548328,middle,89481274,ok,369,200,30,2.4769647696476964,0.3956639566395664,4.043667996000977e-08,-9.813622436037464,0.0077637745532084,0.1333333333333333,0.0,0.7133333333333334,0.2866666666666666,ambiguous,ambiguous,ambiguous,,,,,
Cnn1,411,310,19.255474452554743,597.1926403466708,31.01417427122589,0.2457420924574209,141.0,200,True,3.711920843161347,higher_dispersion,1856799539,ok,411,200,30,19.255474452554743,0.2457420924574209,0.0263192116768578,-5.796681292217386,0.0077637745532084,0.8,0.532,0.0,0.4679999999999999,ambiguous,ambiguous,ambiguous,,,,,
Cnn2,413,409,35.44794188861985,484.8187185244681,13.67692149935829,0.009685230024213,143.0,200,True,2.6959615240907864,higher_dispersion,102360321,ok,413,200,30,35.44794188861985,0.009685230024213,0.0007666951475744,-7.046500912902275,0.0077637745532084,0.4,0.0,0.0176666666666666,0.9823333333333332,ambiguous,ambiguous,ambiguous,,,,,
Cnn3,413,407,8.42130750605327,34.93145882311557,4.147985190899002,0.0145278450363196,47.0,200,True,1.6531332580953166,lower_dispersion,1756979703,ok,413,200,30,8.42130750605327,0.0145278450363196,-1.4955980347508558e-07,-10.150347631049785,0.0077637745532084,0.0,0.0,1.0,0.0,K2,K2,stable_K2,,,,,
Cnot4,371,233,2.121293800539084,8.974506142791755,4.230675703908185,0.3719676549865229,24.0,200,True,2.026508122406041,middle,97404978,ok,371,200,30,2.121293800539084,0.3719676549865229,-1.4732763862213005e-07,-10.150347627453757,0.0077637745532084,0.0,0.0,0.9996666666666668,0.0003333333333332,K2,K2,stable_K2,,,,,
Cnpy2,407,351,4.1302211302211305,14.093607567809045,3.4123130756087328,0.1375921375921376,24.0,200,True,1.621991196485962,lower_dispersion,1641249478,ok,407,200,30,4.1302211302211305,0.1375921375921376,3.870526299465383e-09,-10.142520509005353,0.0077637745532084,0.0333333333333333,0.0,0.9906666666666668,0.0093333333333333,K2,K2,stable_K2,,,,,
Cnpy4,405,341,3.585185185185185,13.013113854595334,3.6296908478726655,0.1580246913580247,26.0,200,True,1.6905147857090677,lower_dispersion,874987295,ok,405,200,30,3.585185185185185,0.1580246913580247,6.51901347126227e-08,-10.15034763101562,0.0077637745532084,0.0,0.0,1.0,0.0,K2,K2,stable_K2,,,,,
Cog4,369,291,3.5962059620596207,13.861340618826244,3.854434580517621,0.2113821138211382,21.0,200,True,1.7912747475088813,lower_dispersion,723213265,ok,369,200,30,3.5962059620596207,0.2113821138211382,3.9117647609998585e-07,-10.087646963577583,0.0077637745532084,0.1333333333333333,0.0,0.7973333333333333,0.2026666666666666,ambiguous,ambiguous,ambiguous,,,,,
Col12a1,413,402,14.40677966101695,190.10571674806093,13.195573280159522,0.0266343825665859,132.0,200,True,2.67956455773869,higher_dispersion,1080320346,ok,413,200,30,14.40677966101695,0.0266343825665859,-0.0001570878310403,-10.22562328317008,0.0077637745532084,0.0,0.0,1.0,0.0,K2,K2,stable_K2,,,,,
Col1a2,409,403,33.951100244498775,717.7482200608558,21.14064683889457,0.0146699266503667,204.0,200,True,3.11208506935298,higher_dispersion,129435186,ok,409,200,30,33.951100244498775,0.0146699266503667,-3.2075034031464613e-06,-8.20666509813077,0.0077637745532084,0.2333333333333333,0.0,0.4183333333333333,0.5816666666666667,ambiguous,ambiguous,ambiguous,,,,,
Col3a1,362,294,17.77900552486188,346.43734928726224,19.485755196082803,0.1878453038674033,98.0,200,True,3.207575079995,higher_dispersion,924132088,ok,362,200,30,17.77900552486188,0.1878453038674033,0.0868397399112886,16.036874466381846,0.0077637745532084,0.7666666666666667,0.508,0.0,0.492,ambiguous,ambiguous,ambiguous,,,,,
Col4a1,412,390,17.288834951456312,329.39472971062304,19.05245383135992,0.0533980582524271,118.0,200,True,3.0517495901204845,higher_dispersion,1033681185,ok,412,200,30,17.288834951456312,0.0533980582524271,-0.0004357154630369,-10.16458934628281,0.0077637745532084,0.0,0.0,1.0,0.0,K2,K2,stable_K2,,,,,
Col4a2,410,378,8.890243902439025,83.50746579417013,9.393158017999932,0.0780487804878048,65.0,200,True,2.419196487250605,higher_dispersion,1233973579,ok,410,200,30,8.890243902439025,0.0780487804878048,4.164565652331476e-07,-10.15911436213446,0.0077637745532084,0.0,0.0,1.0,0.0,K2,K2,stable_K2,,,,,
Col5a1,405,386,26.849382716049384,565.41188233501,21.058654804642178,0.0469135802469135,151.0,200,True,3.140618613275634,higher_dispersion,1771213928,ok,405,200,30,26.849382716049384,0.0469135802469135,0.0081861463284024,-6.7587773503779545,0.0077637745532084,0.5333333333333333,0.0046666666666666,0.0066666666666666,0.9886666666666666,ambiguous,ambiguous,ambiguous,,,,,
Col5a3,379,268,3.8443271767810026,23.59318022013214,6.13714159466718,0.2928759894459103,32.0,200,True,2.258188348759853,higher_dispersion,304306566,ok,379,200,30,3.8443271767810026,0.2928759894459103,1.229617156095486e-05,-10.05382150287653,0.0077637745532084,0.2333333333333333,0.0,0.4703333333333333,0.5296666666666667,ambiguous,ambiguous,ambiguous,,,,,
Col6a1,411,382,10.564476885644767,113.36506414240978,10.730778756916264,0.0705596107055961,69.0,200,True,2.532775661356189,higher_dispersion,468474114,ok,411,200,30,10.564476885644767,0.0705596107055961,-3.288374198717747e-07,-10.15218614645812,0.0077637745532084,0.0,0.0,1.0,0.0,K2,K2,stable_K2,,,,,
Col6a2,409,361,8.902200488997556,82.86085090356944,9.30790662443282,0.1173594132029339,56.0,200,True,2.450270647398747,higher_dispersion,1096318547,ok,409,200,30,8.902200488997556,0.1173594132029339,0.0023178286269796,-8.850753577270211,0.0077637745532084,0.3333333333333333,0.0,0.1746666666666666,0.8253333333333334,ambiguous,ambiguous,ambiguous,,,,,
Col6a3,397,303,9.073047858942063,127.96695620173976,14.104075961157882,0.2367758186397985,76.0,200,True,2.951740457238313,higher_dispersion,1328903106,ok,397,200,30,9.073047858942063,0.2367758186397985,0.0030160005815004,-7.812738363300525,0.0077637745532084,0.4333333333333333,0.0003333333333333,0.019,0.9806666666666668,ambiguous,ambiguous,ambiguous,,,,,
Col8a1,408,322,7.549019607843137,88.01230296039984,11.658772599949067,0.2107843137254902,70.0,200,True,2.749134774710586,higher_dispersion,1096515293,ok,408,200,30,7.549019607843137,0.2107843137254902,-2.3664845922866106e-07,-9.976155795308443,0.0077637745532084,0.1,0.0,0.9386666666666666,0.0613333333333333,K2,K2,stable_K2,,,,,
Colec12,405,338,3.8049382716049385,13.865654625819234,3.644120780958332,0.1654320987654321,24.0,200,True,1.701034170221173,lower_dispersion,2127614505,ok,405,200,30,3.8049382716049385,0.1654320987654321,7.56210420504999e-08,-10.015016498819136,0.0077637745532084,0.1,0.0,0.9196666666666666,0.0803333333333333,K2,K2,stable_K2,,,,,
Commd1,291,170,4.529209621993127,33.99485126533697,7.505691743712487,0.415807560137457,46.0,200,True,2.5565431164477097,higher_dispersion,1037284339,ok,291,200,30,4.529209621993127,0.415807560137457,0.1243873255688285,17.47251149388785,0.0077637745532084,1.0,1.0,0.0,0.0,K3,K3,formal_K3,K3,1.0,0.0,0.9666666666666668,0.1294083805901742
Commd2,413,303,2.736077481840194,7.874654831768961,2.878081810195204,0.2663438256658595,15.0,200,True,1.621684478239874,lower_dispersion,938662008,ok,413,200,30,2.736077481840194,0.2663438256658595,-7.238601149595069e-08,-9.35564846023584,0.0077637745532084,0.2333333333333333,0.0,0.6096666666666667,0.3903333333333333,ambiguous,ambiguous,ambiguous,,,,,
Commd3,413,399,7.520581113801453,33.063135739788585,4.396353850783221,0.0338983050847457,54.0,200,True,1.719621817778213,lower_dispersion,46848871,ok,413,200,30,7.520581113801453,0.0338983050847457,-2.5757329069620023e-08,-10.150347637241566,0.0077637745532084,0.1,0.0,0.978,0.022,K2,K2,stable_K2,,,,,
Commd4,413,338,5.508474576271187,27.286247794147823,4.953503445706835,0.1815980629539951,34.0,200,True,1.96557792363286,middle,1008208026,ok,413,200,30,5.508474576271187,0.1815980629539951,0.0156146327151232,-3.197548729672804,0.0077637745532084,0.6,0.0193333333333333,0.0,0.9806666666666668,ambiguous,ambiguous,ambiguous,,,,,
Commd6,409,351,4.677261613691932,17.142783699284436,3.6651325316295527,0.1418092909535452,31.0,200,True,1.6819255346305568,lower_dispersion,1069677221,ok,409,200,30,4.677261613691932,0.1418092909535452,3.418661783882726e-07,-8.876577335651064,0.0077637745532084,0.3,0.0,0.1443333333333333,0.8556666666666667,ambiguous,ambiguous,ambiguous,,,,,
Commd7,409,307,2.765281173594132,9.739528099425517,3.522075148244948,0.2493887530562347,24.0,200,True,1.7583597451385793,lower_dispersion,141503460,ok,409,200,30,2.765281173594132,0.2493887530562347,2.6980592693348624e-08,-10.150347630748286,0.0077637745532084,0.0333333333333333,0.0,0.9986666666666668,0.0013333333333332,K2,K2,stable_K2,,,,,
Commd8,411,298,2.0754257907542577,7.4955274951012605,3.6115613135833744,0.2749391727493917,27.0,200,True,1.803505652155003,lower_dispersion,1456712938,ok,411,200,30,2.0754257907542577,0.2749391727493917,2.4660540631771254e-08,-10.150347632421528,0.0077637745532084,0.0,0.0,1.0,0.0,K2,K2,stable_K2,,,,,
Comt,409,368,6.158924205378973,27.77669908716471,4.509992031222853,0.1002444987775061,35.0,200,True,1.8068076757022369,lower_dispersion,519426573,ok,409,200,30,6.158924205378973,0.1002444987775061,5.065186293506939e-07,-9.32075903388261,0.0077637745532084,0.1,0.0,0.8816666666666667,0.1183333333333332,K2,K2,stable_K2,,,,,
Copa,411,376,4.59610705596107,17.0047537014344,3.6998167132289774,0.0851581508515815,26.0,200,True,1.6326816616218605,lower_dispersion,1536398777,ok,411,200,30,4.59610705596107,0.0851581508515815,-6.736555775432862e-08,-10.15034763127801,0.0077637745532084,0.0,0.0,1.0,0.0,K2,K2,stable_K2,,,,,
Copb1,404,364,4.878712871287129,22.18083398686404,4.546452019631187,0.099009900990099,45.0,200,True,1.8121683485824496,lower_dispersion,1265901495,ok,404,200,30,4.878712871287129,0.099009900990099,-6.20613647583923e-08,-10.150347634836578,0.0077637745532084,0.0666666666666666,0.0,0.9966666666666668,0.0033333333333332,K2,K2,stable_K2,,,,,
Copb2,398,354,5.939698492462312,26.34812252215853,4.435936025304185,0.1105527638190954,31.0,200,True,1.8035844913309016,lower_dispersion,485905741,ok,398,200,30,5.939698492462312,0.1105527638190954,0.0102067609458357,-7.271562465804322,0.0077637745532084,0.6333333333333333,0.039,0.007,0.954,ambiguous,ambiguous,ambiguous,,,,,
Cope,410,377,4.197560975609756,11.675603807257584,2.781520953501226,0.0804878048780487,19.0,200,True,1.4106141022321057,lower_dispersion,1543639517,ok,410,200,30,4.197560975609756,0.0804878048780487,-9.603760631193835e-09,-10.150347630552004,0.0077637745532084,0.0,0.0,1.0,0.0,K2,K2,stable_K2,,,,,
Cops2,401,332,3.6733167082294265,11.5616072039353,3.147457222524138,0.1720698254364089,20.0,200,True,1.5945652544268962,lower_dispersion,378743527,ok,401,200,30,3.6733167082294265,0.1720698254364089,0.0018398986277446,-9.117592251250016,0.0077637745532084,0.2666666666666666,0.0,0.3013333333333333,0.6986666666666667,ambiguous,ambiguous,ambiguous,,,,,
Cops3,407,300,2.437346437346437,6.934035219047503,2.844911627169691,0.2628992628992629,15.0,200,True,1.6096498817617082,lower_dispersion,2024218350,ok,407,200,30,2.437346437346437,0.2628992628992629,-1.1506104868885812e-08,-10.150347630629485,0.0077637745532084,0.0333333333333333,0.0,1.0,0.0,K2,K2,stable_K2,,,,,
Cops4,409,345,3.968215158924205,14.143244002606393,3.564132345696867,0.1564792176039119,33.0,200,True,1.6747076469258362,lower_dispersion,532432934,ok,409,200,30,3.968215158924205,0.1564792176039119,3.484495577410485e-07,-8.266354412772273,0.0077637745532084,0.3,0.0,0.1286666666666666,0.8713333333333333,ambiguous,ambiguous,ambiguous,,,,,
Cops5,413,397,9.782082324455208,53.69101067603141,5.488709754752716,0.0387409200968523,44.0,200,True,1.9088046259256448,middle,703299422,ok,413,200,30,9.782082324455208,0.0387409200968523,0.000240632477644,-9.75921171470327,0.0077637745532084,0.1,0.0,0.876,0.124,K2,K2,stable_K2,,,,,
Cops6,409,386,3.882640586797066,9.106031169110654,2.3453191109359306,0.0562347188264058,19.0,200,True,1.2637968072393049,lower_dispersion,490573613,ok,409,200,30,3.882640586797066,0.0562347188264058,-7.1517868960313545e-09,-10.150347631687907,0.0077637745532084,0.0,0.0,1.0,0.0,K2,K2,stable_K2,,,,,
Cops7a,405,343,5.177777777777778,25.66716049382716,4.957176919408679,0.1530864197530864,41.0,200,True,1.9376831173725304,middle,1513349660,ok,405,200,30,5.177777777777778,0.1530864197530864,0.004478168277286,-8.009456400419708,0.0077637745532084,0.4333333333333333,0.0006666666666666,0.1123333333333333,0.887,ambiguous,ambiguous,ambiguous,,,,,
Cops8,406,313,3.330049261083744,9.68909704190832,2.9095957093304574,0.229064039408867,22.0,200,True,1.5924980089118603,lower_dispersion,1791817087,ok,406,200,30,3.330049261083744,0.229064039408867,0.0132221500545275,-8.356530795384174,0.0077637745532084,0.6,0.0476666666666666,0.001,0.9513333333333334,ambiguous,ambiguous,ambiguous,,,,,
Coq10b,403,270,2.235732009925558,6.284380791704894,2.8108828624384823,0.3300248138957816,15.0,200,True,1.6678856986156956,lower_dispersion,1996624115,ok,403,200,30,2.235732009925558,0.3300248138957816,1.661651003459497e-07,-9.918967351533864,0.0077637745532084,0.1333333333333333,0.0,0.8413333333333334,0.1586666666666666,K2,K2,stable_K2,,,,,
Coq7,409,270,2.6601466992665035,9.515306579946316,3.5769856536746727,0.3398533007334963,19.0,200,True,1.8608939279615204,middle,2027072660,ok,409,200,30,2.6601466992665035,0.3398533007334963,0.0086889619777565,-7.417227201812523,0.0077637745532084,0.5,0.0263333333333333,0.0026666666666666,0.971,ambiguous,ambiguous,ambiguous,,,,,
Coro1b,375,283,2.48,7.2362666666666655,2.917849462365591,0.2453333333333333,20.0,200,True,1.6108762300566866,lower_dispersion,1621890730,ok,375,200,30,2.48,0.2453333333333333,-3.2664078730704214e-08,-10.150347630666433,0.0077637745532084,0.0,0.0,1.0,0.0,K2,K2,stable_K2,,,,,
Coro1c,402,346,6.601990049751244,36.66248360189105,5.553247327792088,0.1393034825870646,35.0,200,True,2.0192641846137205,middle,26354161,ok,402,200,30,6.601990049751244,0.1393034825870646,0.0075005570843115,-4.900890945673211,0.0077637745532084,0.5,0.002,0.002,0.996,ambiguous,ambiguous,ambiguous,,,,,
Cotl1,369,267,5.1924119241192415,38.90335705525077,7.492347992373452,0.2764227642276423,48.0,200,True,2.415588286076599,higher_dispersion,1864118309,ok,369,200,30,5.1924119241192415,0.2764227642276423,0.0130017615126419,-5.3759818059374425,0.0077637745532084,0.7333333333333333,0.241,0.0,0.759,ambiguous,ambiguous,ambiguous,,,,,
Cox16,325,168,2.64,14.3104,5.42060606060606,0.483076923076923,24.0,200,True,2.3425894382867685,higher_dispersion,11601256,ok,325,200,30,2.64,0.483076923076923,0.0118299568382095,-5.708159269000703,0.0077637745532084,0.6,0.0126666666666666,0.0,0.9873333333333332,ambiguous,ambiguous,ambiguous,,,,,
Cox5a,413,411,11.121065375302663,79.45749813858322,7.144773945402759,0.0048426150121065,64.0,200,True,2.1022191028937103,middle,2002352389,ok,413,200,30,11.121065375302663,0.0048426150121065,-0.000175491012138,-10.199515632515272,0.0077637745532084,0.0,0.0,1.0,0.0,K2,K2,stable_K2,,,,,
Cox6a1,413,413,43.93946731234867,453.28205007944,10.31605701674154,0.0,148.0,200,True,2.426222692021673,higher_dispersion,1872321420,ok,413,200,30,43.93946731234867,0.0,-0.0001958474038723,-10.190197798973031,0.0077637745532084,0.0333333333333333,0.0,0.997,0.003,K2,K2,stable_K2,,,,,
Cox6c,413,409,12.94188861985472,68.97967391495523,5.329954223924511,0.009685230024213,51.0,200,True,1.854978234546648,middle,918430578,ok,413,200,30,12.94188861985472,0.009685230024213,-3.365193428805924e-07,-10.15034764768916,0.0077637745532084,0.0,0.0,1.0,0.0,K2,K2,stable_K2,,,,,
Cox7a2,413,400,19.15738498789346,223.348111321518,11.658590745170237,0.0314769975786924,99.0,200,True,2.5698130925513127,higher_dispersion,25017206,ok,413,200,30,19.15738498789346,0.0314769975786924,0.0004498250416482,-8.4129715176025,0.0077637745532084,0.3333333333333333,0.0,0.075,0.925,ambiguous,ambiguous,ambiguous,,,,,
Cox7a2l,413,394,4.811138014527845,14.898955847780076,3.096763344304565,0.0460048426150121,23.0,200,True,1.4562020763443326,lower_dispersion,444230493,ok,413,200,30,4.811138014527845,0.0460048426150121,-2.6954483800523122e-08,-10.150347631094064,0.0077637745532084,0.0,0.0,1.0,0.0,K2,K2,stable_K2,,,,,
Cox7b,365,287,15.126027397260271,206.4608294239069,13.64937560944141,0.2136986301369863,80.0,200,True,2.898096344175838,higher_dispersion,1778432190,ok,365,200,30,15.126027397260271,0.2136986301369863,0.0783792129173569,11.917918302847852,0.0077637745532084,0.9,0.9766666666666668,0.0,0.0233333333333333,K3,K3,formal_K3,K3,0.9563333333333334,0.0,0.9,0.0733117485207285
Cox7c,413,410,11.995157384987891,49.8111145636077,4.152602001366569,0.0072639225181598,45.0,200,True,1.646765752585343,lower_dispersion,347985399,ok,413,200,30,11.995157384987891,0.0072639225181598,9.3473790485632e-08,-10.05504935302804,0.0077637745532084,0.1666666666666666,0.0,0.7776666666666666,0.2223333333333333,ambiguous,ambiguous,ambiguous,,,,,
Cox8a,413,413,26.17191283292978,197.1302522732736,7.532130094260524,0.0,95.0,200,True,2.1438390482964818,higher_dispersion,353144066,ok,413,200,30,26.17191283292978,0.0,-3.178559920797852e-05,-10.175162943480018,0.0077637745532084,0.0,0.0,1.0,0.0,K2,K2,stable_K2,,,,,
Cpe,411,373,7.588807785888078,56.27131025745762,7.415039601094929,0.0924574209245742,45.0,200,True,2.22247795456874,higher_dispersion,1151371442,ok,411,200,30,7.588807785888078,0.0924574209245742,5.809657253053047e-07,-10.150626146582963,0.0077637745532084,0.0333333333333333,0.0,1.0,0.0,K2,K2,stable_K2,,,,,
Cpsf2,395,279,2.2810126582278483,7.245082518827111,3.176257042105115,0.2936708860759494,23.0,200,True,1.7230862869902628,lower_dispersion,1043733237,ok,395,200,30,2.2810126582278483,0.2936708860759494,-4.279190992662053e-08,-10.150347630650913,0.0077637745532084,0.0,0.0,1.0,0.0,K2,K2,stable_K2,,,,,
Cpsf6,362,239,2.977900552486188,14.993986752541131,5.035086460500825,0.3397790055248619,24.0,200,True,2.137369186483883,higher_dispersion,26695053,ok,362,200,30,2.977900552486188,0.3397790055248619,5.188378384701764e-07,-9.826758974979557,0.0077637745532084,0.2666666666666666,0.0,0.4136666666666667,0.5863333333333334,ambiguous,ambiguous,ambiguous,,,,,
Cpt1c,354,254,4.028248587570621,23.67716811899518,5.877782267969351,0.2824858757062147,54.0,200,True,2.210782130915327,higher_dispersion,473547003,ok,354,200,30,4.028248587570621,0.2824858757062147,0.0321916460632262,-2.2592267005270514,0.0077637745532084,0.9,0.9776666666666668,0.0,0.0223333333333333,K3,K3,formal_K3,K3,0.9963333333333332,0.0,0.9333333333333332,0.0381329661824767
Creb3,409,349,5.67237163814181,25.04669388633497,4.415559396340949,0.1466992665036675,27.0,200,True,1.835975446577809,middle,283508740,ok,409,200,30,5.67237163814181,0.1466992665036675,0.0020365566464947,-8.912608384844873,0.0077637745532084,0.2666666666666666,0.0,0.3486666666666667,0.6513333333333333,ambiguous,ambiguous,ambiguous,,,,,
Crim1,353,228,2.855524079320113,13.659013393896108,4.783364809568776,0.3541076487252124,24.0,200,True,2.109093309011894,middle,1013536363,ok,353,200,30,2.855524079320113,0.3541076487252124,0.005592518295721,-8.25865374327833,0.0077637745532084,0.4333333333333333,0.0,0.193,0.8069999999999999,ambiguous,ambiguous,ambiguous,,,,,
Crip1,381,239,9.868766404199476,175.98277774333326,17.832297425587758,0.3727034120734908,86.0,200,True,3.308276756093912,higher_dispersion,1639757758,ok,381,200,30,9.868766404199476,0.3727034120734908,0.0479024796862603,4.091958071337956,0.0077637745532084,0.9,0.9703333333333334,0.0,0.0296666666666666,K3,K3,formal_K3,K3,0.976,0.0,0.9,0.052947784556954
Cript,413,346,3.694915254237288,11.72774654245496,3.174023146811205,0.162227602905569,24.0,200,True,1.5911079570198556,lower_dispersion,990039548,ok,413,200,30,3.694915254237288,0.162227602905569,0.0027917392839878,-8.489312503395752,0.0077637745532084,0.2666666666666666,0.0,0.1883333333333333,0.8116666666666666,ambiguous,ambiguous,ambiguous,,,,,
Crk,394,313,3.0939086294416245,7.75514056017934,2.506583577285201,0.2055837563451776,16.0,200,True,1.460225980015376,lower_dispersion,1133872020,ok,394,200,30,3.0939086294416245,0.2055837563451776,0.0117328519887447,-7.772512061874465,0.0077637745532084,0.6333333333333333,0.1243333333333333,0.0033333333333333,0.8723333333333334,ambiguous,ambiguous,ambiguous,,,,,
Crlf1,403,388,13.79652605459057,153.02559587214992,11.091603441812303,0.0372208436724565,116.0,200,True,2.529732124965254,higher_dispersion,738165482,ok,403,200,30,13.79652605459057,0.0372208436724565,3.3294966184271854e-05,-10.1737653760473,0.0077637745532084,0.2,0.0,0.5623333333333334,0.4376666666666666,ambiguous,ambiguous,ambiguous,,,,,
Crtap,395,349,6.934177215189873,36.70452812049352,5.293278060458174,0.1164556962025316,48.0,200,True,1.955937785447028,middle,350218943,ok,395,200,30,6.934177215189873,0.1164556962025316,0.029684518223321,-3.925434922029467,0.0077637745532084,0.6666666666666666,0.1856666666666666,0.0,0.8143333333333334,ambiguous,ambiguous,ambiguous,,,,,
Cryab,413,380,10.062953995157384,111.35681161289564,11.066016168461475,0.0799031476997578,93.0,200,True,2.57029606771921,higher_dispersion,1432998155,ok,413,200,30,10.062953995157384,0.0799031476997578,1.17098561354112e-06,-10.189292666196252,0.0077637745532084,0.0666666666666666,0.0,0.997,0.003,K2,K2,stable_K2,,,,,
Cryzl1,407,325,2.982800982800983,10.852284046387242,3.638286331861291,0.2014742014742014,29.0,200,True,1.7358191744651856,lower_dispersion,1493688450,ok,407,200,30,2.982800982800983,0.2014742014742014,2.8365591298040728e-08,-10.150347632078931,0.0077637745532084,0.0,0.0,1.0,0.0,K2,K2,stable_K2,,,,,
Cs,409,359,3.0048899755501224,9.134450415767482,3.0398618552065906,0.1222493887530562,21.0,200,True,1.5184598858856837,lower_dispersion,453354683,ok,409,200,30,3.0048899755501224,0.1222493887530562,-1.9599674772052825e-08,-10.15034763449694,0.0077637745532084,0.0,0.0,1.0,0.0,K2,K2,stable_K2,,,,,
Csde1,413,400,6.234866828087167,21.46783999437178,3.443191424340017,0.0314769975786924,24.0,200,True,1.5228499050833142,lower_dispersion,1210605383,ok,413,200,30,6.234866828087167,0.0314769975786924,8.328717626682194e-09,-10.150347630858503,0.0077637745532084,0.0,0.0,1.0,0.0,K2,K2,stable_K2,,,,,
Csgalnact1,411,344,4.846715328467154,25.92540891896212,5.349067804062965,0.1630170316301703,31.0,200,True,2.0113250312484583,middle,545115614,ok,411,200,30,4.846715328467154,0.1630170316301703,-1.254195129973823e-08,-9.897904964438569,0.0077637745532084,0.1,0.0,0.939,0.061,K2,K2,stable_K2,,,,,
Csk,403,298,2.312655086848636,8.601998657709855,3.7195337543530806,0.260545905707196,31.0,200,True,1.812255919568112,lower_dispersion,25653612,ok,403,200,30,2.312655086848636,0.260545905707196,1.7305069199835544e-08,-10.150347632390094,0.0077637745532084,0.0,0.0,1.0,0.0,K2,K2,stable_K2,,,,,
Csnk1a1,406,343,2.4211822660098523,6.253639981557428,2.58288690998201,0.1551724137931034,18.0,200,True,1.431341288676692,lower_dispersion,594408979,ok,406,200,30,2.4211822660098523,0.1551724137931034,1.531769093787716e-08,-10.15034763498437,0.0077637745532084,0.0,0.0,1.0,0.0,K2,K2,stable_K2,,,,,
Csnk1d,381,311,4.653543307086614,23.187054374108747,4.982666506788174,0.1837270341207349,35.0,200,True,1.9725934068427449,middle,1896697671,ok,381,200,30,4.653543307086614,0.1837270341207349,0.0067964057571892,-8.624152489438416,0.0077637745532084,0.4666666666666667,0.001,0.01,0.989,ambiguous,ambiguous,ambiguous,,,,,
Csnk2a2,401,325,4.349127182044888,18.356913203276097,4.220826946395479,0.1895261845386533,40.0,200,True,1.8421819927359684,middle,812654296,ok,401,200,30,4.349127182044888,0.1895261845386533,0.0370137924366243,-4.564439507031466,0.0077637745532084,0.8333333333333334,0.6883333333333334,0.0,0.3116666666666666,ambiguous,ambiguous,ambiguous,,,,,
Csrp1,413,399,22.246973365617432,329.1254448346417,14.794167252580218,0.0338983050847457,100.0,200,True,2.7935390157317856,higher_dispersion,850718440,ok,413,200,30,22.246973365617432,0.0338983050847457,-5.8385911572145245e-08,-9.678092282318175,0.0077637745532084,0.2666666666666666,0.0,0.5016666666666667,0.4983333333333333,ambiguous,ambiguous,ambiguous,,,,,
Cst3,413,412,32.743341404358354,371.05277043307984,11.33215959394084,0.0024213075060532,137.0,200,True,2.51463175889455,higher_dispersion,452362723,ok,413,200,30,32.743341404358354,0.0024213075060532,0.0013360287225548,-6.993466231192087,0.0077637745532084,0.3666666666666666,0.0,0.059,0.941,ambiguous,ambiguous,ambiguous,,,,,
Cstb,413,411,19.46973365617433,100.31688055860091,5.152452639062577,0.0048426150121065,64.0,200,True,1.8216934204293191,lower_dispersion,235219127,ok,413,200,30,19.46973365617433,0.0048426150121065,-2.2425605497033985e-06,-9.270458368469008,0.0077637745532084,0.1,0.0,0.8336666666666667,0.1663333333333333,K2,K2,stable_K2,,,,,
Ctdsp2,413,357,3.513317191283293,7.901154371544653,2.2489157515147773,0.135593220338983,14.0,200,True,1.313914546100262,lower_dispersion,1057702149,ok,413,200,30,3.513317191283293,0.135593220338983,-3.1518997367641073e-08,-9.341896887079995,0.0077637745532084,0.1333333333333333,0.0,0.7606666666666667,0.2393333333333333,ambiguous,ambiguous,ambiguous,,,,,
Ctnna1,413,387,7.280871670702179,36.337575995638126,4.990827697438824,0.0629539951573849,40.0,200,True,1.8531835776117087,middle,110626173,ok,413,200,30,7.280871670702179,0.0629539951573849,1.8784728972320866e-07,-10.130194655669923,0.0077637745532084,0.1333333333333333,0.0,0.8586666666666667,0.1413333333333333,K2,K2,stable_K2,,,,,
Ctnnb1,411,388,6.177615571776156,25.18743081085241,4.077209162371146,0.0559610705596107,35.0,200,True,1.6807228037009023,lower_dispersion,1621155091,ok,411,200,30,6.177615571776156,0.0559610705596107,-1.6896175978331484e-07,-10.15034763336996,0.0077637745532084,0.0666666666666666,0.0,0.9876666666666668,0.0123333333333333,K2,K2,stable_K2,,,,,
Ctnnd1,258,152,2.8217054263565893,12.138753680668229,4.301920947269784,0.4108527131782946,18.0,200,True,2.0789219109509074,middle,656247017,ok,258,200,30,2.8217054263565893,0.4108527131782946,0.0131920597256852,-5.361265658118498,0.0077637745532084,0.5666666666666667,0.0133333333333333,0.0023333333333333,0.9843333333333334,ambiguous,ambiguous,ambiguous,,,,,
Ctps,411,372,6.961070559610706,41.979019778476335,6.030540765100935,0.0948905109489051,41.0,200,True,2.04515413630256,middle,763047816,ok,411,200,30,6.961070559610706,0.0948905109489051,7.861921364185064e-05,-9.97999362093492,0.0077637745532084,0.2,0.0,0.611,0.389,ambiguous,ambiguous,ambiguous,,,,,
Ctsa,409,395,13.67237163814181,110.82175501102934,8.105525357566345,0.0342298288508557,85.0,200,True,2.2431112402633087,higher_dispersion,809442975,ok,409,200,30,13.67237163814181,0.0342298288508557,0.0054326130405339,-7.801878101364991,0.0077637745532084,0.4666666666666667,0.0,0.0096666666666666,0.9903333333333332,ambiguous,ambiguous,ambiguous,,,,,
Ctsb,413,413,35.23002421307506,512.7872825659997,14.555405340189544,0.0,153.0,200,True,2.744408188524358,higher_dispersion,79068132,ok,413,200,30,35.23002421307506,0.0,-1.125602864249231e-07,-10.150347628115242,0.0077637745532084,0.0,0.0,1.0,0.0,K2,K2,stable_K2,,,,,
Ctsh,411,365,5.542579075425791,26.691009406764103,4.815629879798089,0.1119221411192214,29.0,200,True,1.8724712410513824,middle,1860030224,ok,411,200,30,5.542579075425791,0.1119221411192214,-5.4890155887221686e-08,-10.150347630213789,0.0077637745532084,0.0,0.0,1.0,0.0,K2,K2,stable_K2,,,,,
Ctsk,407,289,2.7346437346437344,10.43572855857868,3.816119967063364,0.2899262899262899,17.0,200,True,1.8618949077270768,middle,1771243598,ok,407,200,30,2.7346437346437344,0.2899262899262899,2.9417222613403743e-08,-10.150347630559397,0.0077637745532084,0.0,0.0,1.0,0.0,K2,K2,stable_K2,,,,,
Ctsl,408,394,32.294117647058826,950.4478085351786,29.430988606735948,0.034313725490196,225.0,200,True,3.449775176769349,higher_dispersion,1721803761,ok,408,200,30,32.294117647058826,0.034313725490196,0.0007412803970339,-6.013501823351476,0.0077637745532084,0.4333333333333333,0.0,0.0113333333333333,0.9886666666666668,ambiguous,ambiguous,ambiguous,,,,,
Ctsz,412,380,16.49271844660194,199.7887819304364,12.113756902919766,0.0776699029126213,105.0,200,True,2.6513317273639747,higher_dispersion,607571741,ok,412,200,30,16.49271844660194,0.0776699029126213,0.0152086915817069,-3.295326232768275,0.0077637745532084,0.6333333333333333,0.0423333333333333,0.0003333333333333,0.9573333333333334,ambiguous,ambiguous,ambiguous,,,,,
Cttn,407,384,7.965601965601966,51.54181431822709,6.4705485587657074,0.0565110565110565,78.0,200,True,2.0674794878679665,middle,674986886,ok,407,200,30,7.965601965601966,0.0565110565110565,5.910554307320126e-07,-10.16654784380961,0.0077637745532084,0.0666666666666666,0.0,0.9603333333333334,0.0396666666666666,K2,K2,stable_K2,,,,,
Ctxn1,399,283,2.2957393483709274,9.04035778669732,3.937885105777544,0.2907268170426065,18.0,200,True,1.887663940335153,middle,453094986,ok,399,200,30,2.2957393483709274,0.2907268170426065,3.2985073161739824e-08,-10.150347631086731,0.0077637745532084,0.0,0.0,1.0,0.0,K2,K2,stable_K2,,,,,
Cuedc2,397,308,4.18639798488665,22.8821323655375,5.46582824856702,0.2241813602015113,30.0,200,True,2.09071247691365,middle,449882300,ok,397,200,30,4.18639798488665,0.2241813602015113,1.2377709298938554e-05,-10.127539804189382,0.0077637745532084,0.2,0.0,0.7133333333333334,0.2866666666666666,ambiguous,ambiguous,ambiguous,,,,,
Cul1,367,277,2.893732970027248,8.50369369436257,2.9386587437203984,0.2452316076294278,14.0,200,True,1.6160718526075677,lower_dispersion,982289769,ok,367,200,30,2.893732970027248,0.2452316076294278,3.9801404128070326e-08,-10.143513848131306,0.0077637745532084,0.0,0.0,1.0,0.0,K2,K2,stable_K2,,,,,
Cuta,413,348,2.9588377723970942,8.349395259396491,2.82184962531158,0.1573849878934624,18.0,200,True,1.498119488435064,lower_dispersion,1835949444,ok,413,200,30,2.9588377723970942,0.1573849878934624,-1.1391169607577468e-08,-10.150347632239402,0.0077637745532084,0.0,0.0,1.0,0.0,K2,K2,stable_K2,,,,,
Cwc15,413,360,4.329297820823244,15.421829289026729,3.562201060608523,0.1283292978208232,20.0,200,True,1.6461344936203255,lower_dispersion,1349356488,ok,413,200,30,4.329297820823244,0.1283292978208232,-6.06370939237877e-08,-10.09865349433261,0.0077637745532084,0.1,0.0,0.9576666666666668,0.0423333333333333,K2,K2,stable_K2,,,,,
Cxcl5,411,382,27.77615571776156,1232.8987988467982,44.38694869709478,0.0705596107055961,293.0,200,True,3.88578420079216,higher_dispersion,1173984649,ok,411,200,30,27.77615571776156,0.0705596107055961,-4.045651584547727e-05,-10.325480742396508,0.0077637745532084,0.1,0.0,0.961,0.039,K2,K2,stable_K2,,,,,
Cyb5b,413,350,3.27360774818402,10.949351875194203,3.344735447082253,0.1525423728813559,22.0,200,True,1.6215072429975703,lower_dispersion,1095065550,ok,413,200,30,3.27360774818402,0.1525423728813559,-4.857421025405983e-08,-10.15034763160304,0.0077637745532084,0.0,0.0,1.0,0.0,K2,K2,stable_K2,,,,,
Cyb5r1,403,285,3.1464019851116625,16.020750081584147,5.091768361891492,0.292803970223325,27.0,200,True,2.0997423812062657,middle,2071641339,ok,403,200,30,3.1464019851116625,0.292803970223325,1.4444562612858646e-05,-9.90979649389385,0.0077637745532084,0.2333333333333333,0.0,0.5506666666666666,0.4493333333333333,ambiguous,ambiguous,ambiguous,,,,,
Cyba,409,360,11.23960880195599,107.97192747532596,9.606377710987234,0.1198044009779951,55.0,200,True,2.4812598920125346,higher_dispersion,1577107208,ok,409,200,30,11.23960880195599,0.1198044009779951,0.0211476912550097,-2.6988909366168627,0.0077637745532084,0.7333333333333333,0.2053333333333333,0.0,0.7946666666666666,ambiguous,ambiguous,ambiguous,,,,,
Cyfip1,409,353,4.425427872860635,16.91925562377078,3.823190911669751,0.1369193154034229,26.0,200,True,1.7103550392999958,lower_dispersion,757551321,ok,409,200,30,4.425427872860635,0.1369193154034229,-3.3805864951830254e-08,-9.889699463557122,0.0077637745532084,0.0666666666666666,0.0,0.984,0.016,K2,K2,stable_K2,,,,,
Cyp1b1,407,285,9.574938574938574,388.023253988856,40.5248817997086,0.2997542997542997,274.0,200,True,4.026047108764565,higher_dispersion,2104441542,ok,407,200,30,9.574938574938574,0.2997542997542997,-0.0006762481007795,-10.157780355395062,0.0077637745532084,0.0666666666666666,0.0,0.986,0.014,K2,K2,stable_K2,,,,,
Cyp51,409,299,4.288508557457213,27.862973081222613,6.497124281767416,0.2689486552567237,32.0,200,True,2.283468173173578,higher_dispersion,1652510625,ok,409,200,30,4.288508557457213,0.2689486552567237,4.84032944276791e-05,-9.846445959688197,0.0077637745532084,0.0333333333333333,0.0,0.951,0.049,K2,K2,stable_K2,,,,,
Cyr61,411,402,61.50851581508516,1964.089343539288,31.93199051402877,0.0218978102189781,212.0,200,True,3.5163423516078907,higher_dispersion,1636687525,ok,411,200,30,61.50851581508516,0.0218978102189781,0.0116400232960184,-4.138672649454634,0.0077637745532084,0.6666666666666666,0.1843333333333333,0.0006666666666666,0.815,ambiguous,ambiguous,ambiguous,,,,,
Cyth2,386,283,3.567357512953368,18.9345821364332,5.307733264098194,0.266839378238342,36.0,200,True,2.1086157611087164,middle,1317617681,ok,386,200,30,3.567357512953368,0.266839378238342,0.0097246466422921,-7.770073291486199,0.0077637745532084,0.6,0.0133333333333333,0.005,0.9816666666666668,ambiguous,ambiguous,ambiguous,,,,,
D17Wsu104e,409,374,8.036674816625917,60.52432732946359,7.531016086933559,0.0855745721271393,50.0,200,True,2.2292830457550674,higher_dispersion,154677603,ok,409,200,30,8.036674816625917,0.0855745721271393,-4.179814905871381e-05,-10.150330305359205,0.0077637745532084,0.0666666666666666,0.0,0.9946666666666668,0.0053333333333333,K2,K2,stable_K2,,,,,
D17Wsu92e,400,269,2.0975,8.31299375,3.963286650774732,0.3275,27.0,200,True,1.9295681524982973,middle,502394282,ok,400,200,30,2.0975,0.3275,-7.329476243711497e-08,-10.15034763108548,0.0077637745532084,0.0,0.0,1.0,0.0,K2,K2,stable_K2,,,,,
D19Bwg1357e,405,328,5.303703703703704,29.925048010973946,5.642292571901511,0.1901234567901234,30.0,200,True,2.08358062754022,middle,1627335225,ok,405,200,30,5.303703703703704,0.1901234567901234,0.0044766810611804,-8.63306477163303,0.0077637745532084,0.4,0.0,0.0433333333333333,0.9566666666666668,ambiguous,ambiguous,ambiguous,,,,,
Dad1,413,413,18.523002421307503,130.50128686924353,7.0453635917643895,0.0,75.0,200,True,2.085095974173174,middle,1402995148,ok,413,200,30,18.523002421307503,0.0,-0.0001041139056354,-10.179879255019728,0.0077637745532084,0.0,0.0,1.0,0.0,K2,K2,stable_K2,,,,,
