gene_id,state,kon,koff,ksyn,bs_pred,bf_pred,pon_pred,bs_true,bf_true,pon_true,bs_log10_abs_error,bf_log10_abs_error,pon_abs_error,condition,n_cells,eta,pon_design,switch_total,true_mean,replicate,observed_mean,observed_zero,success,kon_mle,koff_mle,ksyn_obs_mle,ksyn_latent_mle,bs_mle,bf_mle,pon_mle,nll,mle_bs_log10_abs_error,mle_bf_log10_abs_error
0,2,0.01659412959175015,0.5528110790917916,104.53066026707896,180.9151665858883,0.01613205486932036,0.027845673970119972,229.09507445589924,0.00873,0.03,0.10254077554381535,0.26667544678117244,0.002154326029880027,n200_eta1,200,1.0,0.03,0.3,2.0,0,3.275,0.905,True,0.011793698668592662,0.23819436346335857,65.50088565040309,65.50088565040309,274.98923441351326,0.011237306786918937,0.0471770474478401,145.64773782503215,0.07929993995794556,0.10964799388587651
1,2,0.017297809545092226,0.5844339950233037,126.91708251210889,197.9801795532546,0.01680055443444887,0.028746709769644673,229.09507445589924,0.00873,0.03,0.06339403816919922,0.2843093703922314,0.0012532902303553257,n200_eta1,200,1.0,0.03,0.3,2.0,1,2.385,0.93,,,,,,,,,,,
2,2,0.013229080527900476,0.5033954313249981,262.93796729210214,517.0924537337416,0.012893636562615328,0.025356559329855703,916.380297823597,0.00873,0.03,0.24850754340969913,0.16936118073356343,0.004643440670144296,n200_eta1,200,1.0,0.03,0.3,8.0,0,4.295,0.935,True,0.008182545045701352,0.39687757314345734,271.012056286535,271.012056286535,682.8605963798657,0.008017250956211,0.020200816319024012,101.8169693289642,0.12774369026707197,0.03698876559753763
3,2,0.01225802906370647,0.48249384763411224,280.85520690896925,582.0907526305892,0.011738173985278962,0.025651526311930177,916.380297823597,0.00873,0.03,0.19708504335453875,0.12858629870887325,0.004348473688069822,n200_eta1,200,1.0,0.03,0.3,8.0,1,10.8,0.905,,,,,,,,,,,
4,2,0.04226765202909073,0.7595495014756124,46.07754176609153,60.664303875619076,0.04003952009122515,0.05271482637199879,34.364261168384886,0.058199999999999995,0.03,0.24682620740905956,0.16243412121178297,0.022714826371998793,n200_eta1,200,1.0,0.03,2.0,2.0,0,3.095,0.78,True,0.0517716763955103,0.8005612655387218,49.436343887375116,49.436343887375116,61.752105698129064,0.04862700563959781,0.0607411421621495,257.3644741892973,0.2545447602696119,0.07804545730334038
5,2,0.03730592602532451,0.8116703486014434,49.89134225667709,61.46749396801653,0.03538125526496699,0.046701293139609815,34.364261168384886,0.058199999999999995,0.03,0.2525384962657406,0.21614974779529633,0.016701293139609816,n200_eta1,200,1.0,0.03,2.0,2.0,1,2.285,0.8,,,,,,,,,,,
6,2,0.042973470351045984,1.2070361826820049,180.77827799262573,140.9223735177889,0.04149610643667036,0.03376974849517499,137.45704467353954,0.058199999999999995,0.03,0.01081294693437637,0.14691563570640423,0.0037697484951749877,n200_eta1,200,1.0,0.03,2.0,8.0,0,6.265,0.715,True,0.0692801704380293,2.459069999846725,234.2994300135798,234.2994300135798,95.27969111419513,0.06738180126736104,0.027401335167994804,327.5650286162298,0.15916666179783406,0.06361963182037148
7,2,0.03555725259449249,0.9083324447998559,232.37790316932637,245.31581868367115,0.03431154787268054,0.0350337731662908,137.45704467353954,0.058199999999999995,0.03,0.25155855134956,0.22948267413085754,0.005033773166290799,n200_eta1,200,1.0,0.03,2.0,8.0,1,8.255,0.745,,,,,,,,,,,
8,2,0.20161644460874187,1.1056078886121148,11.24476565894136,12.404521739248736,0.17052064130731867,0.14098013305191953,6.872852233676977,0.291,0.03,0.25644301787459384,0.23211603167920364,0.11098013305191953,n200_eta1,200,1.0,0.03,10.0,2.0,0,1.69,0.585,True,0.27146767527888155,240.63671411921092,1500.0,1500.0,6.2334627759956165,0.27116177160150384,0.0011268512063673328,321.6135447419701,0.04240763630771953,0.03066452633057988
9,2,0.32177169747687995,2.047946466509014,19.068923085038204,9.31124099036808,0.27807999317606036,0.13578479600108062,6.872852233676977,0.291,0.03,0.13187056037756728,0.01972324487469733,0.10578479600108062,n200_eta1,200,1.0,0.03,10.0,2.0,1,2.0,0.515,,,,,,,,,,,
10,2,0.3172219836370111,2.396820753701199,94.36878606490251,36.76538194434911,0.2801445325275667,0.11223506670587935,27.49140893470791,0.291,0.03,0.12624208407818382,0.016510838056953716,0.08223506670587935,n200_eta1,200,1.0,0.03,10.0,8.0,0,8.385,0.355,True,0.29462640872208756,3.4602687439538853,107.33587653637326,107.33587653637326,31.019520297063874,0.2715086605062387,0.07846461665171087,579.6727144430056,0.05243807935456113,0.030109301837902273
11,2,0.3090715042530375,1.2370992759334742,61.4532016745209,49.67523857626571,0.2472897166488814,0.19989480348073502,27.49140893470791,0.291,0.03,0.2569429635756534,0.07068693204839735,0.16989480348073502,n200_eta1,200,1.0,0.03,10.0,8.0,1,9.365,0.34,,,,,,,,,,,
12,2,0.024962456635204838,0.5535559280602549,59.30549848891062,93.08137015524052,0.023848977915731533,0.04460613535540235,140.35087719298247,0.014249999999999999,0.05,0.1783523638547306,0.22365490707900854,0.005393864644597651,n200_eta1,200,1.0,0.05,0.3,2.0,0,2.15,0.88,True,0.018420451196798807,0.31889449739012127,42.67622248515235,42.67622248515235,133.82552171461325,0.01741452773056911,0.054609056829428314,158.80834918841506,0.020676186177220376,0.08709683685633432
13,2,0.021840469139923952,0.42323673327173045,41.40905223187495,97.83898460743747,0.02076873127137596,0.049071192641593854,140.35087719298247,0.014249999999999999,0.05,0.15670319446288256,0.16359510264458926,0.0009288073584061488,n200_eta1,200,1.0,0.05,0.3,2.0,1,2.765,0.885,,,,,,,,,,,
14,2,0.013530766226254634,0.4812667513594342,234.88407565175993,470.72719980096326,0.013160752982124225,0.02734606732118736,561.4035087719299,0.014249999999999999,0.05,0.07650582898883715,0.034534126538753145,0.022653932678812643,n200_eta1,200,1.0,0.05,0.3,8.0,0,5.49,0.905,True,0.012602399478109812,0.36506172611286225,163.10735680506974,163.10735680506974,446.79391220169595,0.012181865829706382,0.033369331700196486,144.4032117067254,0.09916787565062592,0.06810105244452137
15,2,0.014602622397708976,0.5077465100968234,238.05256949575497,468.8413701757599,0.014194396237034146,0.034567569961871276,561.4035087719299,0.014249999999999999,0.05,0.07824919615970323,0.0016979399378117875,0.015432430038128726,n200_eta1,200,1.0,0.05,0.3,8.0,1,7.77,0.9,,,,,,,,,,,
16,2,0.08935356702590379,0.7717346984337686,23.36561021415457,29.295627067622135,0.08008150949067472,0.09205832610881834,21.05263157894737,0.095,0.05,0.14349640806307515,0.07419135453771569,0.042058326108818336,n200_eta1,200,1.0,0.05,2.0,2.0,0,1.77,0.705,True,0.11266242171872308,1.5883285688732371,26.361123459815573,26.361123459815573,16.59676969640872,0.10520040614207961,0.06623340296441872,280.3484067730758,0.10328282278943716,0.04429381119164396
17,2,0.12674546005439893,0.8774983680528138,18.558880864797445,20.786418934902926,0.11074893491301044,0.12620984715762437,21.05263157894737,0.095,0.05,0.0055267144525476515,0.06661595295951839,0.07620984715762437,n200_eta1,200,1.0,0.05,2.0,2.0,1,2.555,0.615,,,,,,,,,,,
18,2,0.0688836344829181,1.4848233717575283,146.43977574810057,80.77398990260559,0.0656753953192381,0.05083195775806867,84.21052631578948,0.095,0.05,0.01809484593223142,0.16032090967852083,0.0008319577580686646,n200_eta1,200,1.0,0.05,2.0,8.0,0,6.275,0.665,True,0.09131242294278767,2.615445873777705,185.6718278243223,185.6718278243223,70.99050669939543,0.08823200065543944,0.03373497480488811,374.25331776874646,0.07416610571253737,0.03209747834856464
19,2,0.07074638214122855,1.3546066907623768,178.80658208894457,131.9988918616013,0.06723493597310341,0.05689452108247994,84.21052631578948,0.095,0.05,0.19520390359054315,0.1501286096492905,0.00689452108247994,n200_eta1,200,1.0,0.05,2.0,8.0,1,9.43,0.65,,,,,,,,,,,
20,2,0.31124099163757374,1.3007130746095217,10.316245336754621,7.931222910057694,0.2527159407682359,0.17963115950562988,4.2105263157894735,0.47500000000000003,0.05,0.27500377002282683,0.27406097249587347,0.12963115950562987,n200_eta1,200,1.0,0.05,10.0,2.0,0,1.94,0.49,True,0.35322113788170817,3.444734679733548,20.89923027639918,20.89923027639918,6.06700725003754,0.32037052606895966,0.0930029612886588,361.01311283608334,0.1586381278845638,0.17104105525388516
21,2,0.35987163551147694,2.186526500708284,16.169841824317345,7.395218772367694,0.3089297117486049,0.14096397385381476,4.2105263157894735,0.47500000000000003,0.05,0.24461464019463594,0.18683393043337496,0.09096397385381476,n200_eta1,200,1.0,0.05,10.0,2.0,1,1.95,0.43,,,,,,,,,,,
22,2,0.43583944800125357,1.8882658814991706,42.15123015044377,25.660014133669396,0.36259486763676857,0.20066013541227443,16.842105263157894,0.47500000000000003,0.05,0.18286051388356062,0.11727195706009651,0.1506601354122744,n200_eta1,200,1.0,0.05,10.0,8.0,0,7.67,0.265,True,0.4236862357084299,3.2067996317535896,65.6583529828196,65.6583529828196,20.474728864464577,0.3742410559495371,0.1167023509182858,596.6135088268657,0.08482178198129872,0.10354217976322463
23,2,0.43666162264427555,1.5396008335892395,47.98769428465379,33.22841793906069,0.3299349229010226,0.22674423682850514,16.842105263157894,0.47500000000000003,0.05,0.2951132869121684,0.15826532251089567,0.17674423682850515,n200_eta1,200,1.0,0.05,10.0,8.0,1,9.13,0.225,,,,,,,,,,,
24,2,0.031069082250907123,0.5785994711287745,32.512663053033776,58.66950753939386,0.029419681128815187,0.053088182932850475,96.09609609609609,0.0208125,0.075,0.21429330196663238,0.1503137103777412,0.021911817067149522,n200_eta1,200,1.0,0.075,0.3,2.0,0,1.72,0.865,True,0.025081904280581366,0.38724018827896195,26.472857258941108,26.472857258941108,68.36288706654193,0.023556150667829224,0.06083085222254807,173.13784716618966,0.1478853494747761,0.05378007260321185
25,2,0.028773626816067314,0.5287216569098634,29.999118849421556,58.720943610762475,0.027169216337185904,0.05049736676889427,96.09609609609609,0.0208125,0.075,0.21391271899456157,0.11575286105501355,0.024502633231105728,n200_eta1,200,1.0,0.075,0.3,2.0,1,1.5,0.88,,,,,,,,,,,
26,2,0.03612368001296929,0.6989996497413326,133.34851362187908,190.77050134606677,0.0345539260438374,0.04345498488992029,384.38438438438436,0.0208125,0.075,0.3042545151081671,0.22017314853870928,0.031545015110079705,n200_eta1,200,1.0,0.075,0.3,8.0,0,8.445,0.805,True,0.029526881988232192,0.3652064334448842,106.5741457199958,106.5741457199958,291.81891653636393,0.02731820913022836,0.07480210266983464,273.073473426729,0.11965229546183097,0.11812797452686659
27,2,0.0261044983191796,0.6887793831763664,172.5308556527498,256.8059735380033,0.025076116362764043,0.03533783465761878,384.38438438438436,0.0208125,0.075,0.17516061454683773,0.08093602561358594,0.03966216534238122,n200_eta1,200,1.0,0.075,0.3,8.0,1,6.785,0.825,,,,,,,,,,,
28,2,0.08106684290670435,0.7119634177748257,19.587445594126983,26.97751127797451,0.07172420946720047,0.11174814422171472,14.414414414414415,0.13875,0.075,0.2722048788982072,0.2865672215748253,0.036748144221714726,n200_eta1,200,1.0,0.075,2.0,2.0,0,1.715,0.68,True,0.12283352723824378,1.2940739770278034,19.954843962181663,19.954843962181663,15.420172506685782,0.11218493135717113,0.08669128144809361,286.468978065592,0.029292228359462272,0.09229846524818955
29,2,0.1392254760459129,0.8103774644448709,11.516902852300204,18.360973212572553,0.12131871283050313,0.1654553206907596,14.414414414414415,0.13875,0.075,0.1050986931293079,0.05830519791717647,0.09045532069075961,n200_eta1,200,1.0,0.075,2.0,2.0,1,2.315,0.605,,,,,,,,,,,
30,2,0.12708370298614102,1.5546179401930509,126.5200021183256,84.38950353590977,0.11808704460452987,0.0707931715099007,57.65765765765766,0.13875,0.075,0.1654314367374136,0.07003073825734743,0.004206828490099304,n200_eta1,200,1.0,0.075,2.0,8.0,0,9.895,0.525,True,0.13871962885577327,1.5269202575127792,119.42323820586653,119.42323820586653,78.2118369432053,0.12716663016297802,0.08328308537219976,506.72108108423146,0.13241549098393365,0.037859828889423214
31,2,0.17393839926829452,1.1408364765505705,94.15073738813535,70.70601332543012,0.15092718472772643,0.12999444630665125,57.65765765765766,0.13875,0.075,0.0885993555586058,0.036534479352156826,0.05499444630665125,n200_eta1,200,1.0,0.075,2.0,8.0,1,11.085,0.46,,,,,,,,,,,
32,2,0.5264678274068071,1.2852964538617149,6.105235092508574,4.7500598590816905,0.37571553012600045,0.2923181877590582,2.882882882882883,0.69375,0.075,0.21687208299794822,0.266343849221117,0.2173181877590582,n200_eta1,200,1.0,0.075,10.0,2.0,0,1.905,0.38,True,0.813939755257109,58.228223659228355,138.18590491751314,138.18590491751314,2.3731774083685724,0.8027189956020612,0.013785737313572358,373.46869048448696,0.08449679414541802,0.06336054414458783
33,2,0.4522660097638366,0.8121269603373846,5.7483101148205895,7.139108825606809,0.28170165390012425,0.3599115939359233,2.882882882882883,0.69375,0.075,0.39381700268032555,0.39141359934876113,0.2849115939359233,n200_eta1,200,1.0,0.075,10.0,2.0,1,2.22,0.325,,,,,,,,,,,
34,2,0.5507987791517369,1.4745154577990824,34.23812707701651,23.219917360596295,0.4010050880888667,0.26410018835285076,11.531531531531533,0.69375,0.075,0.3039736788953112,0.2380531129995795,0.18910018835285075,n200_eta1,200,1.0,0.075,10.0,8.0,0,7.38,0.17,True,0.606118444303953,3.852215610832243,54.46929768098156,54.46929768098156,14.139732347228058,0.5237155637700893,0.13595177858098767,606.9044794952098,0.08855419786260632,0.1221075156815465
35,2,0.5708942811188663,1.6514107762903432,43.79247790986298,26.5182222004367,0.429993614899276,0.2468069323508485,11.531531531531533,0.69375,0.075,0.3616574144514506,0.20774098946881908,0.17180693235084848,n200_eta1,200,1.0,0.075,10.0,8.0,1,8.815,0.155,,,,,,,,,,,
36,2,0.036136451692757136,0.4588933160237439,23.258799733887454,45.88107257861895,0.033498543376724685,0.0729985428137973,74.07407407407408,0.027000000000000003,0.1,0.20803266949610363,0.0936621587822075,0.0270014571862027,n200_eta1,200,1.0,0.1,0.3,2.0,0,1.745,0.84,True,0.02565711878545507,0.25360128258526865,18.29115723834638,18.29115723834638,72.12564957038938,0.023299847737781,0.09187590654217952,193.56893651195747,0.011576494026608038,0.06401068119552542
37,2,0.03541735110452924,0.2894862091567841,20.81235210902956,74.08950564957301,0.03145185219245627,0.10230050057750617,74.07407407407408,0.027000000000000003,0.1,9.046552631887074e-05,0.06628246187913146,0.002300500577506165,n200_eta1,200,1.0,0.1,0.3,2.0,1,2.625,0.81,,,,,,,,,,,
38,2,0.03778006118237608,0.7511899095661674,120.26031279374233,160.09308866142243,0.03606061559916372,0.04551198514242898,296.2962962962963,0.027000000000000003,0.1,0.2673536393271206,0.1256693722328824,0.05448801485757102,n200_eta1,200,1.0,0.1,0.3,8.0,0,5.24,0.82,True,0.030623324205422884,0.47596008960993763,86.42696799712016,86.42696799712016,181.58448551421492,0.02877212268595852,0.0604507044057792,238.9173773429435,0.2126474829617518,0.02760813932994455
39,2,0.04337196930988835,0.5340524772680255,109.13680754962613,199.4040225370314,0.04005496039430855,0.06356977726390861,296.2962962962963,0.027000000000000003,0.1,0.17199230783417355,0.1712925424904469,0.036430222736091394,n200_eta1,200,1.0,0.1,0.3,8.0,1,8.715,0.785,,,,,,,,,,,
40,2,0.12609340731260713,0.7312518187178462,14.692423868095048,21.894629677753713,0.10457093180744763,0.154012350359518,11.11111111111111,0.18000000000000002,0.1,0.2945801134425458,0.23586152716924927,0.054012350359517985,n200_eta1,200,1.0,0.1,2.0,2.0,0,2.135,0.62,True,0.15508942216190316,1.1988041779875556,18.43111539894811,18.43111539894811,15.37458388732729,0.1373238245818143,0.11455067233110679,333.19012687559075,0.1410458798781214,0.11752661472151842
41,2,0.17956726388674338,0.9699406853254268,14.478224832341397,14.395500552246085,0.15293617839218562,0.14440794454658135,11.11111111111111,0.18000000000000002,0.1,0.11246927995935867,0.07076227137490232,0.04440794454658134,n200_eta1,200,1.0,0.1,2.0,2.0,1,2.41,0.54,,,,,,,,,,,
42,2,0.16541191219466883,1.9263580600298014,99.13101978422944,52.49783025039524,0.1523315539051768,0.07907748671751097,44.44444444444444,0.18000000000000002,0.1,0.07232387237916392,0.07248263284070872,0.020922513282489036,n200_eta1,200,1.0,0.1,2.0,8.0,0,7.02,0.49,True,0.1851728998242563,2.9058006742604663,117.84185286168463,117.84185286168463,40.554004239012606,0.17407963033893648,0.05990762954972477,494.5021043443039,0.03978373966573972,0.014524549315979221
43,2,0.2577817099941788,1.9208603932648292,76.51794862665065,40.48380474014336,0.2256405816093975,0.11535595667262936,44.44444444444444,0.18000000000000002,0.1,0.04053616036914264,0.09814470538555084,0.015355956672629359,n200_eta1,200,1.0,0.1,2.0,8.0,1,9.295,0.38,,,,,,,,,,,
44,2,0.38461535468224056,0.8613806461044092,5.604398146885588,7.102072960521634,0.26590241909743045,0.32768449584831394,2.2222222222222223,0.9,0.1,0.5045976433277022,0.5295202210137895,0.22768449584831393,n200_eta1,200,1.0,0.1,10.0,2.0,0,2.13,0.39,True,0.47453213605286626,1.458246927851778,8.645742487440453,8.645742487440453,5.928860416100421,0.3580259339978933,0.2455180444133152,388.05334578532523,0.42618373959156014,0.4003280230629216
45,2,0.7001634240975113,1.2110381257313543,5.40028333520597,4.625754213243403,0.4436604820148995,0.36634724587796924,2.2222222222222223,0.9,0.1,0.31839506683857577,0.3071917627313207,0.2663472458779692,n200_eta1,200,1.0,0.1,10.0,2.0,1,2.02,0.295,,,,,,,,,,,
46,2,0.800890118431064,1.9378283943464476,28.02461208289448,14.37175346207131,0.5666838724047014,0.3190292411677846,8.88888888888889,0.9,0.1,0.20866228100919135,0.2009016564683969,0.21902924116778458,n200_eta1,200,1.0,0.1,10.0,8.0,0,7.51,0.085,True,1.1042088794226814,11.131445370474287,83.21803142680419,83.21803142680419,7.475941232891165,1.0045593449969958,0.09024518484019597,614.3356595443677,0.07518159874783036,0.047733088631926136
47,2,0.8645766801950115,2.1604806122669853,30.126728105679714,13.782220239585449,0.6174762904603541,0.28580505974197945,8.88888888888889,0.9,0.1,0.19047170809805936,0.16362222300547113,0.18580505974197944,n200_eta1,200,1.0,0.1,10.0,8.0,1,7.98,0.115,,,,,,,,,,,
48,2,0.03965695387291909,0.3672644169702791,16.9470727179398,46.378149497218324,0.03579214336365527,0.09745606083736598,60.95238095238095,0.0328125,0.125,0.11867725875298572,0.0377483855510163,0.02754393916263402,n200_eta1,200,1.0,0.125,0.3,2.0,0,1.76,0.795,True,0.03652586365322836,0.2784700448357016,15.576053630276133,15.576053630276133,55.934395527052345,0.032290447637781564,0.11595662886050473,218.09028123232667,0.03731172581391999,0.006965255129869473
49,2,0.033856770809060924,0.4559757652468833,19.8149940554909,43.45624387463285,0.0315010434207362,0.07170401528217743,60.95238095238095,0.0328125,0.125,0.14693848940015553,0.017714381425098465,0.05329598471782257,n200_eta1,200,1.0,0.125,0.3,2.0,1,1.3,0.835,,,,,,,,,,,
50,2,0.040883567680774585,0.38273818780985086,67.06936897100962,192.60294109959008,0.0375094513450548,0.10073132044122109,243.8095238095238,0.0328125,0.125,0.10238775160723652,0.05810139097312953,0.024268679558778913,n200_eta1,200,1.0,0.125,0.3,8.0,0,8.725,0.73,True,0.034086997234733636,0.18874282702714604,58.05449626865167,58.05449626865167,307.58517917240874,0.028872599277325592,0.15297322675564765,331.7361444096391,0.10091473914395215,0.05555343742403788
51,2,0.03901131866972282,0.4059035944929164,72.89249804682291,179.3141848877737,0.03559070286358477,0.09231007366049451,243.8095238095238,0.0328125,0.125,0.13343601987651582,0.03529724401026958,0.03268992633950549,n200_eta1,200,1.0,0.125,0.3,8.0,1,8.355,0.75,,,,,,,,,,,
52,2,0.15287124587124126,0.659888726579247,10.749407434240178,16.346852895116267,0.12411783944576782,0.19261839875256595,9.142857142857142,0.21875,0.125,0.25235222046751815,0.24611385460294155,0.06761839875256595,n200_eta1,200,1.0,0.125,2.0,2.0,0,2.135,0.565,True,0.1871420373135081,0.9557667901440514,13.082644822747072,13.082644822747072,13.688114043777645,0.156499048749181,0.16374187758249453,351.5238174390299,0.17526168094279693,0.14543635958336693
53,2,0.16044227885640547,0.50774691072564,7.869673949293233,16.664386758750652,0.12191767348118515,0.24011504729186448,9.142857142857142,0.21875,0.125,0.2607074024973077,0.25388139513258373,0.11511504729186448,n200_eta1,200,1.0,0.125,2.0,2.0,1,2.05,0.55,,,,,,,,,,,
54,2,0.24540516298767887,1.1074925999952387,54.610776229150254,49.31028544062961,0.20089056944719888,0.18139224537307294,36.57142857142857,0.21875,0.125,0.12979559122526185,0.03698851187080832,0.05639224537307294,n200_eta1,200,1.0,0.125,2.0,8.0,0,8.93,0.375,True,0.2331991184563009,1.103685173905936,51.767343356507325,51.767343356507325,46.90408513263159,0.19252108135205404,0.1744347807724217,577.345853873812,0.10806874414024698,0.05546976933773575
55,2,0.19039643945472667,1.265473109963377,62.32046324195746,45.078842775970195,0.16549667822850522,0.12555966414553005,36.57142857142857,0.21875,0.125,0.09083083339721137,0.12115878044973172,0.0005596641455300477,n200_eta1,200,1.0,0.125,2.0,8.0,1,7.25,0.475,,,,,,,,,,,
56,2,1.0169478201536206,1.4705285081640747,4.670446601411614,3.1080358908433747,0.6011919566135528,0.40882713478579813,1.8285714285714285,1.09375,0.125,0.23037409565138792,0.25990490453086434,0.28382713478579813,n200_eta1,200,1.0,0.125,10.0,2.0,0,2.185,0.26,True,0.8775445049428678,1.3986560839922955,5.670357400037173,5.670357400037173,4.0541470236570385,0.5392244281012752,0.3855303918330831,390.2702748128514,0.3457875646999838,0.3071485075229916
57,2,0.5593887290314511,0.8392915570409627,5.107972185908544,5.921151266311399,0.33566658660667276,0.3999403828034578,1.8285714285714285,1.09375,0.125,0.5102942264129546,0.5130099537801809,0.2749403828034578,n200_eta1,200,1.0,0.125,10.0,2.0,1,1.855,0.32,,,,,,,,,,,
58,2,0.95400216617356,2.336392315859984,33.647674166621556,14.401551459578592,0.6774030720426435,0.2899354990359586,7.314285714285714,1.09375,0.125,0.29423735960862824,0.20807090417917917,0.1649354990359586,n200_eta1,200,1.0,0.125,10.0,8.0,0,8.23,0.05,True,1.58039400443378,286.4419932230109,1500.0,1500.0,5.236662345217543,1.5717222993163653,0.0054870526546458315,625.9424037159654,0.14511734903380583,0.15745774887379596
59,2,1.0165327687118395,2.3316839338579176,26.59299242027332,12.277396529046518,0.7079091156872697,0.30360423443669293,7.314285714285714,1.09375,0.125,0.22493436172775338,0.18894056129130526,0.17860423443669293,n200_eta1,200,1.0,0.125,10.0,8.0,1,8.45,0.07,,,,,,,,,,,
60,2,0.06513042778201608,0.34963657202745047,14.475132252420211,41.748031892463665,0.05496729918692839,0.15604271215755697,52.287581699346404,0.03825,0.15,0.09776254960956852,0.15747295898183306,0.006042712157556973,n200_eta1,200,1.0,0.15,0.3,2.0,0,2.425,0.705,True,0.06025658646503364,0.3008544951816802,14.517386857876911,14.517386857876911,48.25384725965335,0.050201906902554154,0.1668644069028724,292.6176566226024,0.03486661099135649,0.11808877449856937
61,2,0.04576560613213927,0.3435594410083184,15.75264943786082,45.85130710315543,0.04038580660465994,0.11755114773190617,52.287581699346404,0.03825,0.15,0.05704683537013194,0.02359732175159714,0.032448852268093825,n200_eta1,200,1.0,0.15,0.3,2.0,1,1.91,0.765,,,,,,,,,,,
62,2,0.04270065649971012,0.474732532762688,62.94421186247958,126.6673630305125,0.039587986625738446,0.08221467492589872,209.15032679738562,0.03825,0.15,0.21779381803033573,0.014931975382887338,0.06778532507410127,n200_eta1,200,1.0,0.15,0.3,8.0,0,5.97,0.725,True,0.04894619304295953,0.3722454138108995,51.48375750907289,51.48375750907289,138.3059551546997,0.04325821214682095,0.11620885185383668,323.12504195306553,0.17961766721118805,0.05343712668104486
63,2,0.05932668667976691,0.35340279763691035,61.65083279031651,174.44919282630354,0.0495994277899504,0.141736448600816,209.15032679738562,0.03825,0.15,0.078789583187328,0.11284522673643815,0.008263551399184,n200_eta1,200,1.0,0.15,0.3,8.0,1,9.935,0.68,,,,,,,,,,,
64,2,0.26049082897765824,1.305421075447009,10.975561274415542,9.405654157845067,0.22073238763211017,0.1706960896556599,7.843137254901961,0.255,0.15,0.07889919063859183,0.06267411941577357,0.020696089655659916,n200_eta1,200,1.0,0.15,2.0,2.0,0,1.9,0.51,True,0.32649434330908994,4.050155340500732,25.531106533607478,25.531106533607478,6.303735137835725,0.3021381430385576,0.07459914932576474,353.42344330055,0.09489185798725307,0.07366537524479189
65,2,0.21293920406341468,0.926950114434978,10.27847715743111,11.82195879680023,0.17763116984683672,0.17706777823803882,7.843137254901961,0.255,0.15,0.1781996261342653,0.15702100443777095,0.027067778238038825,n200_eta1,200,1.0,0.15,2.0,2.0,1,1.795,0.525,,,,,,,,,,,
66,2,0.2618824446489775,1.1629963851111673,63.6350302730705,54.716447177080276,0.21375034149542757,0.1824016140351226,31.372549019607845,0.255,0.15,0.24156808366207794,0.07663336318831188,0.032401614035122595,n200_eta1,200,1.0,0.15,2.0,8.0,0,9.67,0.36,True,0.25217129411494843,1.3590530093476472,60.8155702835473,60.8155702835473,44.74849020991397,0.212704187369507,0.156509117677173,594.0312725077814,0.15422858047797708,0.07876414077302152
67,2,0.26583139624114216,1.093074665145544,48.88849820993733,47.445252240272005,0.21382902960558228,0.19562161343947232,31.372549019607845,0.255,0.15,0.1796429533240921,0.07647351538120471,0.045621613439472325,n200_eta1,200,1.0,0.15,2.0,8.0,1,8.395,0.36,,,,,,,,,,,
68,2,0.8156782567899946,1.3935242491105078,5.284461946745567,3.7877935894249117,0.5091400564222887,0.36007970379274556,1.5686274509803921,1.275,0.15,0.38286649380465,0.39867291841654173,0.21007970379274557,n200_eta1,200,1.0,0.15,10.0,2.0,0,2.1,0.285,True,0.9960990792640781,3.534652521557462,9.5536171431432,9.5536171431432,2.702844787394723,0.7771037638884061,0.21985294428488644,387.60654675541196,0.23630129588003085,0.21503117230702798
69,2,0.7251448580463745,1.1608281529580162,4.962950368813258,4.190380070075172,0.4463311835754664,0.3859362755535065,1.5686274509803921,1.275,0.15,0.4267336046380468,0.45585295425558287,0.23593627555350652,n200_eta1,200,1.0,0.15,10.0,2.0,1,2.13,0.29,,,,,,,,,,,
70,2,0.9802185686002559,1.6085493385769274,23.62328184984841,15.307284662956102,0.5869472038591238,0.4037362518884824,6.2745098039215685,1.275,0.15,0.38731835643960066,0.3369111467316561,0.25373625188848237,n200_eta1,200,1.0,0.15,10.0,8.0,0,8.19,0.065,True,1.196642630517622,3.225986351016242,30.283552467644128,30.283552467644128,9.38737774203672,0.87286381227375,0.2705726922864328,621.164095842723,0.1749644917258535,0.16456369615242136
71,2,1.336819367709854,2.272945663129277,22.114656356971942,9.199879417636527,0.8391835362727645,0.37225360692492393,6.2745098039215685,1.275,0.15,0.16620233288464398,0.18165322981329463,0.22225360692492394,n200_eta1,200,1.0,0.15,10.0,8.0,1,7.81,0.08,,,,,,,,,,,
72,2,0.08913056795718642,0.39659687704125296,11.89040073865051,27.80842194035339,0.07165640778838704,0.1834991390232701,46.176046176046185,0.04331249999999999,0.175,0.2202403992898953,0.218641780777575,0.008499139023270125,n200_eta1,200,1.0,0.175,0.3,2.0,0,2.01,0.685,True,0.07598216100703324,0.35827098766676413,11.506094181855289,11.506094181855289,32.11561800409405,0.06268740699331968,0.17497204393124524,293.02073190206414,0.1577004601048133,0.1605670540645555
73,2,0.0545254645740872,0.3590917155417886,12.631766096299316,35.17699114066395,0.04696835395118568,0.13859782180550137,46.176046176046185,0.04331249999999999,0.175,0.11815805431975546,0.035192088247731346,0.03640217819449862,n200_eta1,200,1.0,0.175,0.3,2.0,1,1.84,0.725,,,,,,,,,,,
74,2,0.0471847907391137,0.3571828945828284,58.444825508983484,169.83331666305585,0.04167889954674166,0.11668783746047108,184.70418470418474,0.04331249999999999,0.175,0.03645384404218889,0.016697008245194427,0.05831216253952891,n200_eta1,200,1.0,0.175,0.3,8.0,0,7.745,0.705,True,0.04503093738589658,0.24689785579148318,49.30708510176154,49.30708510176154,199.7064127742109,0.038084773221060575,0.1542531550100822,357.2075239358024,0.033915275692116616,0.05586187806127514
75,2,0.07191320390068323,0.3841174495949346,52.10281592450026,131.75981566094194,0.06057293794351565,0.14581833184305343,184.70418470418474,0.04331249999999999,0.175,0.146693756475242,0.14566538661931483,0.02918166815694656,n200_eta1,200,1.0,0.175,0.3,8.0,1,8.78,0.65,,,,,,,,,,,
76,2,0.28377688406908474,0.9906512428035419,9.51026483535912,9.693953982182991,0.20590721480249727,0.2311322762495967,6.926406926406927,0.28874999999999995,0.175,0.1459929510042853,0.1468504287298765,0.05613227624959671,n200_eta1,200,1.0,0.175,2.0,2.0,0,2.16,0.49,True,0.292080589399055,1.3383265660493284,11.939748134804574,11.939748134804574,8.9214011271181,0.2397555794047032,0.17914579706240863,375.7495598785169,0.10992506394306154,0.08075327037770638
77,2,0.2973056613754063,0.6289801081310515,6.523610981169122,10.916836090519274,0.20188083763773415,0.2872875798978314,6.926406926406927,0.28874999999999995,0.175,0.19758878693046508,0.1554268948735679,0.11228757989783139,n200_eta1,200,1.0,0.175,2.0,2.0,1,1.885,0.475,,,,,,,,,,,
78,2,0.29939360535504816,1.07072646697171,36.89308768815476,35.287283563656956,0.2368567803569827,0.24283359091982315,27.70562770562771,0.28874999999999995,0.175,0.10505023330417552,0.08603617137063575,0.06783359091982316,n200_eta1,200,1.0,0.175,2.0,8.0,0,8.79,0.275,True,0.3534501627084959,1.3744107510205152,42.7259435486013,42.7259435486013,31.08673554603441,0.2811486154450365,0.20455938316568067,613.0184361115184,0.050007124581232215,0.01158604379232524
79,2,0.3474746075021145,1.0372620379393642,38.97072186515738,37.29781413046452,0.26028214151501344,0.250931907266261,27.70562770562771,0.28874999999999995,0.175,0.12911538627205302,0.04507762159292701,0.07593190726626103,n200_eta1,200,1.0,0.175,2.0,8.0,1,7.79,0.315,,,,,,,,,,,
80,2,2.324287184134835,3.070235320368168,4.307465188634629,1.3835282218530285,1.3452696527880248,0.4418710786620603,1.3852813852813852,1.4437499999999999,0.175,0.0005499759193267007,0.030682651946010563,0.26687107866206033,n200_eta1,200,1.0,0.175,10.0,2.0,0,2.2,0.225,True,1.672074374795734,7.582430718522113,12.176590616951366,12.176590616951366,1.6058954006934463,1.3699693257783365,0.18067680096724395,389.74508802021245,0.06417925585173367,0.022781154017289203
81,2,2.3786386444578396,2.991282536303364,4.187509529214196,1.4255845982336806,1.3143266308679897,0.4474458598701684,1.3852813852813852,1.4437499999999999,0.175,0.01245499624886451,0.04078868958045421,0.2724458598701684,n200_eta1,200,1.0,0.175,10.0,2.0,1,1.89,0.235,,,,,,,,,,,
82,2,1.5669729306832172,2.2516725375459687,21.297056447449425,9.580741616002369,0.9458567333125204,0.4219112545274025,5.541125541125541,1.4437499999999999,0.175,0.23780113803593025,0.18366663741342057,0.24691125452740253,n200_eta1,200,1.0,0.175,10.0,8.0,0,7.65,0.065,True,1.311752072440523,2.850239657284507,24.25769033916383,24.25769033916383,8.510754622744503,0.8983217700055663,0.31517411797624745,602.9617609665078,0.18637007960783947,0.2060600726985375
83,2,1.4191859881864433,2.058484281387438,21.189788898728963,10.293879380243235,0.8400371002984844,0.4080852634601083,5.541125541125541,1.4437499999999999,0.175,0.26898108529096204,0.23519353010398109,0.23308526346010833,n200_eta1,200,1.0,0.175,10.0,8.0,1,7.87,0.025,,,,,,,,,,,
84,2,0.07989125985759445,0.31177223863370196,10.584037023257961,33.94797775979355,0.06391444193831343,0.20477527629979925,41.66666666666667,0.048,0.2,0.08897484930133763,0.12435776390418618,0.004775276299799236,n200_eta1,200,1.0,0.2,0.3,2.0,0,2.44,0.66,True,0.0625606198402793,0.2142010583049575,10.903149455887204,10.903149455887204,50.901473326823705,0.04841909858260693,0.22604509504184045,311.46738683753057,0.0869415947448136,0.003775462553675533
85,2,0.08202761120838023,0.453546474174048,12.08635669846921,25.001976979135506,0.07101987001157935,0.14060109831612877,41.66666666666667,0.048,0.2,0.2218144073290427,0.17013863569694465,0.05939890168387124,n200_eta1,200,1.0,0.2,0.3,2.0,1,1.685,0.705,,,,,,,,,,,
86,2,0.0764757864832984,0.3073197925346818,42.5933956120076,137.81750216020424,0.06171602435446064,0.1880354959079933,166.66666666666669,0.048,0.2,0.0825443752310585,0.10915670437503482,0.011964504092006722,n200_eta1,200,1.0,0.2,0.3,8.0,0,9.355,0.61,True,0.059015843461441425,0.1904372777781643,38.921164712119875,38.921164712119875,204.37786743338236,0.0450538222120862,0.23658089811895072,437.93036771083575,0.08858511360762203,0.02750959644002132
87,2,0.05889334413794965,0.350157986518891,45.132942141773626,129.38237904896062,0.05014240079866237,0.13737089023693075,166.66666666666669,0.048,0.2,0.10997361704641666,0.018963886595431904,0.06262910976306926,n200_eta1,200,1.0,0.2,0.3,8.0,1,7.125,0.65,,,,,,,,,,,
88,2,0.3547518279811975,0.7094391540963902,5.751438357296754,8.10702133380605,0.23163329371059477,0.3453567342087361,6.25,0.32000000000000006,0.2,0.11298129853024524,0.14034899564967665,0.14535673420873607,n200_eta1,200,1.0,0.2,2.0,2.0,0,1.86,0.44,True,0.3655159008448436,0.9574122798783797,6.715714635444707,6.715714635444707,7.014443805021808,0.26452638703965764,0.27629307937564834,363.38928716192964,0.05011322295454115,0.08268097803894078
89,2,0.3868876438969639,0.7257720042846857,6.410714222789068,8.832958814810457,0.252361286942472,0.34771427590569165,6.25,0.32000000000000006,0.2,0.15022618812484095,0.10312724485070494,0.14771427590569164,n200_eta1,200,1.0,0.2,2.0,2.0,1,2.135,0.4,,,,,,,,,,,
90,2,0.36517186453552436,1.0075821446194728,30.901715587304206,30.77680862970446,0.26935908502084605,0.27559033563074,25.0,0.32000000000000006,0.2,0.09028357542750826,0.07481835018145586,0.07559033563073997,n200_eta1,200,1.0,0.2,2.0,8.0,0,7.995,0.245,True,0.3873601111629953,1.1863044409731076,32.56540051376623,32.56540051376623,27.45113260054335,0.29201078432168587,0.24615164053685396,603.4484747733263,0.04062025894900227,0.03975108753959351
91,2,0.37384827266669757,1.020474461491922,33.992941966693074,31.149230666296855,0.27361141390228044,0.26812176514663943,25.0,0.32000000000000006,0.2,0.09550731611101429,0.06801576797875877,0.06812176514663942,n200_eta1,200,1.0,0.2,2.0,8.0,1,7.27,0.28,,,,,,,,,,,
92,2,2.8361772992658336,3.1648405503706036,4.209524767951824,1.3300906320411268,1.4957544119454493,0.44511255042836156,1.25,1.6,0.2,0.026971221684059743,0.029259690125135265,0.24511255042836155,n200_eta1,200,1.0,0.2,10.0,2.0,0,2.15,0.22,True,1.4977285933181002,2.4213574179643906,5.62515422565716,5.62515422565716,2.32314080685625,0.9253525513570952,0.3821627259535394,381.6630488561574,0.2691655204200002,0.23781275592958218
93,2,0.8631413283469495,1.233063284442714,4.614134326359974,3.821078568603756,0.5033514363087518,0.3970761829785684,1.25,1.6,0.2,0.48527595468827034,0.5022486704513909,0.19707618297856838,n200_eta1,200,1.0,0.2,10.0,2.0,1,2.07,0.265,,,,,,,,,,,
94,2,1.752813358509107,3.10846826371816,22.350283774950487,7.566888499927223,1.138924521451221,0.3573310175442879,5.0,1.6,0.2,0.1799473302363975,0.14762503908903207,0.1573310175442879,n200_eta1,200,1.0,0.2,10.0,8.0,0,7.63,0.02,True,2.60855871056833,299.99999999999994,885.2685615810884,885.2685615810884,2.9508952052702955,2.586072305770407,0.008620241019234691,592.5815275578401,0.2290162176015491,0.20852068079568106
95,2,2.079394420439565,3.093401727391154,22.38227790342009,7.235490206535951,1.2486664962585594,0.40365481314695995,5.0,1.6,0.2,0.16049795569147413,0.1076735236054336,0.20365481314695993,n200_eta1,200,1.0,0.2,10.0,8.0,1,7.84,0.03,,,,,,,,,,,
96,2,0.10281937460537717,0.3443124990060212,9.222511689321141,27.751920900201103,0.07822389659170433,0.24198428945589373,38.23178016726404,0.0523125,0.225,0.13913147133694703,0.1747339704660174,0.016984289455893725,n200_eta1,200,1.0,0.225,0.3,2.0,0,2.38,0.62,True,0.08705124312476303,0.27513498390780095,9.840076622274092,9.840076622274092,35.76454176242287,0.06612852888558995,0.24034940212383146,334.5078508227217,0.02897185536185631,0.10178338603325739
97,2,0.10701518527841955,0.33304748478987795,7.883525771378522,24.544708917879934,0.08099105131041659,0.2432607092711875,38.23178016726404,0.0523125,0.225,0.19246663427202151,0.1898315610573581,0.018260709271187503,n200_eta1,200,1.0,0.225,0.3,2.0,1,1.985,0.64,,,,,,,,,,,
98,2,0.07458656322693322,0.28490934497089865,35.02763844260074,125.88122980818768,0.05911168496783526,0.20747541634295313,152.92712066905617,0.0523125,0.225,0.08452353451303853,0.05306786367325786,0.01752458365704687,n200_eta1,200,1.0,0.225,0.3,8.0,0,8.46,0.585,True,0.06536464240723408,0.19297202411535902,33.363525156378294,33.363525156378294,172.89306732064705,0.04882600492097571,0.2530211575735322,439.4268456873044,0.053293067595305374,0.029954284777479603
99,2,0.09633744197463075,0.3432324215212761,37.82138764777435,108.03307453214971,0.0755482054562969,0.21579601961829575,152.92712066905617,0.0523125,0.225,0.15092777572521965,0.15961867739218896,0.009203980381704252,n200_eta1,200,1.0,0.225,0.3,8.0,1,8.125,0.56,,,,,,,,,,,
100,2,0.3723551875959578,0.8383820468087821,6.154011100827463,7.998002529803874,0.2578395174821304,0.3016775439750293,5.734767025089606,0.34875,0.225,0.14446575778447907,0.13116473651025,0.07667754397502932,n200_eta1,200,1.0,0.225,2.0,2.0,0,1.895,0.43,True,0.45221862984520483,2.238691072492935,11.29227760794413,11.29227760794413,5.044142868434906,0.37622139775622687,0.16805418236526878,367.4276299393682,0.05572840051097952,0.03292927632340191
101,2,0.5526037907331133,0.9941035737966368,5.162077985070423,4.921731764047111,0.35517087191756913,0.357277532522206,5.734767025089606,0.34875,0.225,0.06639783855853287,0.007923125159979125,0.132277532522206,n200_eta1,200,1.0,0.225,2.0,2.0,1,1.8,0.395,,,,,,,,,,,
102,2,0.47020427203256937,1.1663316829517687,33.95343495984822,29.53752759116221,0.33510668571660335,0.28731679899881535,22.939068100358423,0.34875,0.225,0.10979836960711935,0.017331123746699876,0.06231679899881534,n200_eta1,200,1.0,0.225,2.0,8.0,0,7.725,0.225,True,0.4438467194681973,1.537753994628741,34.70890990319128,34.70890990319128,22.5711719978793,0.34443218606535786,0.2239839319347786,605.1580078372785,0.007021660502844004,0.005410488199663111
103,2,0.3683967490738315,0.8928853233176852,28.132573079876313,29.780118220547003,0.26503908690218164,0.30822186402501794,22.939068100358423,0.34875,0.225,0.11335064676326533,0.11920428961219892,0.08322186402501794,n200_eta1,200,1.0,0.225,2.0,8.0,1,7.76,0.25,,,,,,,,,,,
104,2,2.5655232629523304,3.252208297165872,4.571221313538658,1.412332767716156,1.4341699949758608,0.4409834376923718,1.146953405017921,1.7437500000000001,0.225,0.09039126030690822,0.08488358846001061,0.2159834376923718,n200_eta1,200,1.0,0.225,10.0,2.0,0,2.155,0.215,True,2.5971698578750666,144.93328625471102,122.41363280532414,122.41363280532414,0.8446205559031483,2.5514485102401947,0.01760429626743015,383.01312390907947,0.1328841282123651,0.16530258781612994
105,2,0.8627716995535368,1.5081232124017072,4.410702091269295,3.1015965762413953,0.5488079714283528,0.40989274082435717,1.146953405017921,1.7437500000000001,0.225,0.43203953354857316,0.5020638097516962,0.18489274082435717,n200_eta1,200,1.0,0.225,10.0,2.0,1,1.975,0.245,,,,,,,,,,,
106,2,1.6329337711848932,2.397704469667208,23.030860166169383,9.60537900209444,0.9817466331251907,0.40945272678306904,4.587813620071684,1.7437500000000001,0.225,0.32090873923894375,0.24948480007441046,0.18445272678306904,n200_eta1,200,1.0,0.225,10.0,8.0,0,8.28,0.035,True,1.7465944463940213,4.427892116587046,29.259459204900388,29.259459204900388,6.607988278506919,1.2525303442119606,0.28287282328310037,609.5712566889854,0.15846349757118455,0.14369596459002243
107,2,2.2113337770039014,2.8805271302991917,18.38221411005778,6.671094566277609,1.265493035778519,0.4393268934936489,4.587813620071684,1.7437500000000001,0.225,0.1625913306748717,0.13922446111255993,0.2143268934936489,n200_eta1,200,1.0,0.225,10.0,8.0,1,7.965,0.03,,,,,,,,,,,
108,2,0.11730623459577967,0.3441761523321744,8.012640627586208,22.86588584084347,0.0865660392877464,0.24312957502666446,35.55555555555556,0.056249999999999994,0.25,0.1917194379577582,0.18722502063077842,0.006870424973335537,n200_eta1,200,1.0,0.25,0.3,2.0,0,2.005,0.625,True,0.0910256767678809,0.28871314626103795,8.346511212830379,8.346511212830379,28.90935629679966,0.06920627530410237,0.23970600646473506,319.4413788034893,0.08986904721546489,0.09002294926844515
109,2,0.09824154930091959,0.39149032373463544,9.111325894691882,24.120574913176604,0.07724898889795712,0.19434276131139777,35.55555555555556,0.056249999999999994,0.25,0.16851981389320655,0.13777027692626675,0.05565723868860223,n200_eta1,200,1.0,0.25,0.3,2.0,1,1.805,0.645,,,,,,,,,,,
110,2,0.05492679285225056,0.26395082625149113,32.230596002656085,122.6137180799159,0.04594814056311122,0.16346580280576953,142.22222222222223,0.056249999999999994,0.25,0.06442839823884722,0.08785458580599075,0.08653419719423047,n200_eta1,200,1.0,0.25,0.3,8.0,0,6.52,0.635,True,0.05946032462402457,0.21906232219511107,30.376197342950725,30.376197342950725,138.66463679635297,0.04676645486236655,0.2134847033197855,393.42076399220065,0.011001741762487093,0.08018807738091245
111,2,0.11675766632922292,0.35009997016654565,34.84438456923828,99.5269566937195,0.0875574314375533,0.25009265609449055,142.22222222222223,0.056249999999999994,0.25,0.15502673566623085,0.19217048594736086,9.265609449055079e-05,n200_eta1,200,1.0,0.25,0.3,8.0,1,10.5,0.49,,,,,,,,,,,
112,2,0.399707260484506,0.7973263992492219,5.6912161330950894,7.13787495115432,0.27480720809839154,0.3446608670641727,5.333333333333333,0.375,0.25,0.12657020731978202,0.13500314779617054,0.0946608670641727,n200_eta1,200,1.0,0.25,2.0,2.0,0,1.75,0.42,True,0.5134667417574382,1.9181779334281137,8.289804099706053,8.289804099706053,4.321707572191047,0.40504296686077024,0.21116026819101646,357.7289838348556,0.09134335087733192,0.03346982778513173
113,2,0.29870519596837675,0.6465865690172039,5.979787917368898,8.732876696104194,0.20431656654890076,0.3151326796635029,5.333333333333333,0.375,0.25,0.2141586002424107,0.2637276858770705,0.06513267966350289,n200_eta1,200,1.0,0.25,2.0,2.0,1,1.96,0.45,,,,,,,,,,,
114,2,0.4449357183232831,0.7673715657076741,24.647266733096618,30.14383906105733,0.28163735655677846,0.3670156272952999,21.333333333333332,0.375,0.25,0.15013984314230502,0.12434100834265766,0.1170156272952999,n200_eta1,200,1.0,0.25,2.0,8.0,0,7.965,0.185,True,0.5168039039883233,1.173297804224888,25.84913844532229,25.84913844532229,22.031182835460022,0.3587741985098656,0.30578272388984945,614.9198346766921,0.01397909541368826,0.019210064815263574
115,2,0.42755111062071177,0.8169205840249062,24.93265288543382,29.997770349168164,0.2774950038994619,0.3271038892627442,21.333333333333332,0.375,0.25,0.1480302567541577,0.1307760993624554,0.0771038892627442,n200_eta1,200,1.0,0.25,2.0,8.0,1,8.19,0.19,,,,,,,,,,,
116,2,2.8724961869545473,3.3325155752418505,4.443760844096391,1.3445302204147238,1.5365292547857057,0.4541282811125921,1.0666666666666667,1.875,0.25,0.10054184451493917,0.08646043863238846,0.20412828111259212,n200_eta1,200,1.0,0.25,10.0,2.0,0,2.07,0.15,True,5.213625625268513,299.99999999999994,121.18211375840659,121.18211375840659,0.4039403791946887,5.124567045053521,0.017081890150178407,364.13103191211127,0.4217114547706689,0.43665590734465753
117,2,2.7680949526259875,3.4521535537033428,4.290660868855202,1.3214314696887184,1.5362551541104221,0.44501356333422204,1.0666666666666667,1.875,0.25,0.0930159216519982,0.08653791911603886,0.19501356333422204,n200_eta1,200,1.0,0.25,10.0,2.0,1,1.915,0.205,,,,,,,,,,,
118,2,1.9149878062728718,2.866638583419645,21.09962340368567,7.534195369802758,1.1480566411615791,0.4240810914093182,4.266666666666667,1.875,0.25,0.24694816280885418,0.21303795687887458,0.1740810914093182,n200_eta1,200,1.0,0.25,10.0,8.0,0,8.195,0.015,True,1.8975714291098986,3.275299843327012,22.366722474892534,22.366722474892534,6.828908357951335,1.2014827118513542,0.36683136485937784,596.8560091867054,0.2042625697182861,0.19328374594718647
119,2,2.340468063043445,3.1393759234124357,19.001783819471015,5.963808491540167,1.3382781169890985,0.4213909897389274,4.266666666666667,1.875,0.25,0.14543497411118259,0.14645489546133306,0.1713909897389274,n200_eta1,200,1.0,0.25,10.0,8.0,1,7.66,0.025,,,,,,,,,,,
120,2,0.13166449455066193,0.3361282836884503,7.297593296842052,20.951443030086335,0.09452758544062813,0.279732015624069,31.746031746031747,0.063,0.3,0.1804755058569519,0.17621801520825853,0.02026798437593097,n200_eta1,200,1.0,0.3,0.3,2.0,0,2.245,0.57,True,0.06222789447018169,0.11366014432788486,6.336417133427541,6.336417133427541,55.74880421714363,0.04021212309281254,0.353792644999722,342.79628550376566,0.24454611021893546,0.1949835461554007
121,2,0.0977053798554123,0.32490749608651337,8.489731980448948,24.533042364720245,0.07438014843225903,0.22038116324872067,31.746031746031747,0.063,0.3,0.11193803741372219,0.07211649124383711,0.07961883675127931,n200_eta1,200,1.0,0.3,0.3,2.0,1,1.54,0.7,,,,,,,,,,,
122,2,0.09600663471152415,0.2766070097713748,25.76032235513972,92.37357075077381,0.07071529765896364,0.26337283620591123,126.98412698412699,0.063,0.3,0.13820170570088358,0.05017282431808482,0.03662716379408876,n200_eta1,200,1.0,0.3,0.3,8.0,0,7.625,0.505,True,0.10150728050179601,0.2454006292970156,25.569127021590486,25.569127021590486,104.19340445392021,0.0718056573798386,0.29260584043951293,485.79360029955126,0.08590920897721377,0.05681811306245567
123,2,0.10352733072096909,0.257376004645106,27.063791785851716,105.15273878452574,0.073829882246747,0.2887190317612586,126.98412698412699,0.063,0.3,0.0819288488325547,0.0688916263015558,0.011280968238741362,n200_eta1,200,1.0,0.3,0.3,8.0,1,8.535,0.475,,,,,,,,,,,
124,2,0.7047738326491092,1.0676078520497034,5.20960966364197,4.750357009606715,0.4245259833991201,0.38303654128656583,4.761904761904763,0.42,0.3,0.0010544553305188121,0.004654986282226049,0.08303654128656585,n200_eta1,200,1.0,0.3,2.0,2.0,0,1.81,0.325,True,0.8144328711814952,1.9816359201161422,6.220748123902945,6.220748123902945,3.139198306184494,0.5772066256308269,0.29127783755403325,363.47975044201735,0.18096195389819814,0.1380820172252059
125,2,0.4396347770592791,0.672002827818468,5.603640484737934,8.175884715772074,0.2621529472589277,0.3901069108741081,4.761904761904763,0.42,0.3,0.23475405378959777,0.2046945457576799,0.0901069108741081,n200_eta1,200,1.0,0.3,2.0,2.0,1,1.965,0.365,,,,,,,,,,,
126,2,0.4842433041565618,0.8987379146276313,23.370657758275655,26.00386317067605,0.3146881616604036,0.35014452660627593,19.04761904761905,0.42,0.3,0.1351971755720192,0.12536888501968768,0.05014452660627594,n200_eta1,200,1.0,0.3,2.0,8.0,0,7.6,0.2,True,0.531706841250795,1.3915521314955772,27.295829488115196,27.295829488115196,19.615384052323556,0.3847104309705969,0.27646138600436587,607.7100137169303,0.012756119066619963,0.03811532854765836
127,2,0.41646674425747215,0.6639574960514711,21.549383243457353,31.752406400256792,0.25490238524857567,0.3644703103941997,19.04761904761905,0.42,0.3,0.22193594789222257,0.2168753909998465,0.0644703103941997,n200_eta1,200,1.0,0.3,2.0,8.0,1,8.415,0.205,,,,,,,,,,,
128,2,2.743837659005669,3.18722234760475,4.231069646005322,1.4497249880890983,1.4744785409750447,0.4663551109785946,0.9523809523809524,2.1,0.3,0.1824749237303423,0.15358083836420436,0.16635511097859462,n200_eta1,200,1.0,0.3,10.0,2.0,0,1.97,0.195,True,0.8826400222661492,0.27020493720200695,2.5734035288644694,2.5734035288644694,9.52389529041276,0.20687403785711786,0.7656190149569972,355.6690676057771,1.000003911018454,1.0065133034537201
129,2,2.8482236035598656,3.5185695353277593,4.233649124792254,1.2812039434118019,1.5740534650130207,0.4538824299462937,0.9523809523809524,2.1,0.3,0.1288075657767939,0.12519981501723804,0.1538824299462937,n200_eta1,200,1.0,0.3,10.0,2.0,1,1.985,0.17,,,,,,,,,,,
130,2,2.5144787419632557,3.3404525626515826,17.217795562977418,5.847388562462534,1.4346021362716292,0.46999795255758176,3.8095238095238098,2.1,0.3,0.18609126166587525,0.16548782152441466,0.16999795255758177,n200_eta1,200,1.0,0.3,10.0,8.0,0,8.035,0.01,True,2.139694869909026,2.3551663413959854,16.87420540748021,16.87420540748021,7.16476161827207,1.1211330231494085,0.4760313543224619,578.6774189003783,0.274331053125546,0.2725621497639935
131,2,5.005397606550409,5.607505005122626,18.45707003201228,3.3062121026183298,2.708189462148233,0.466298230596518,3.8095238095238098,2.1,0.3,0.0615399809409383,0.11045974913710659,0.166298230596518,n200_eta1,200,1.0,0.3,10.0,8.0,1,8.54,0.005,,,,,,,,,,,
132,2,0.14116942095046386,0.34773525899294644,6.66956959472218,18.798158656445178,0.10040727194874846,0.28874630729000983,29.304029304029303,0.06824999999999999,0.35,0.19281202922526391,0.16766251180583844,0.06125369270999015,n200_eta1,200,1.0,0.35,0.3,2.0,0,2.035,0.55,True,0.08129701665169788,0.14336870815026254,5.6322936066660025,5.6322936066660025,39.28537600243201,0.05187906728584619,0.3618576742106969,339.332334133794,0.1273035742053004,0.11911049624700198
133,2,0.1852990178075854,0.41135854819558487,6.330282818381781,15.388723161702671,0.1290374368366261,0.30362589956834707,29.304029304029303,0.06824999999999999,0.35,0.2797247530522134,0.2766130720502779,0.04637410043165291,n200_eta1,200,1.0,0.35,0.3,2.0,1,2.29,0.495,,,,,,,,,,,
134,2,0.08954604486448858,0.24007557282798367,23.276661159910674,94.51724365962845,0.06521968481866772,0.27211537739799124,117.21611721611721,0.06824999999999999,0.35,0.09347628316084139,0.019723960013848324,0.07788462260200874,n200_eta1,200,1.0,0.35,0.3,8.0,0,7.21,0.515,True,0.07603920551616818,0.15542074542170417,22.611977080672222,22.611977080672222,145.48879571590646,0.05105881149075842,0.32851992410807324,458.4455921905563,0.09384221773956214,0.12603195431257408
135,2,0.11636782666103926,0.2671063130623203,23.45841700486887,92.08196400048443,0.08105522098811807,0.30573420789632944,117.21611721611721,0.06824999999999999,0.35,0.10481275756579292,0.07467833846621255,0.04426579210367054,n200_eta1,200,1.0,0.35,0.3,8.0,1,8.53,0.435,,,,,,,,,,,
136,2,0.6441186550329967,1.07448976373986,5.21030162318223,4.849093773631958,0.4027088974468207,0.3818508326148821,4.395604395604396,0.45499999999999996,0.35,0.04264198374283239,0.05302017164523553,0.03185083261488214,n200_eta1,200,1.0,0.35,2.0,2.0,0,2.05,0.315,True,0.45722215534757643,0.46466754938963195,4.131245433445309,4.131245433445309,8.890755205247153,0.2304573935041028,0.49596188459216073,380.1056218062148,0.30592005370027664,0.2954207509940284
137,2,0.6524238702974281,0.9675832381119202,5.269656001669975,5.468671772669663,0.38967384634733626,0.3946047158992511,4.395604395604396,0.45499999999999996,0.35,0.0948632589817571,0.06731013833220267,0.044604715899251135,n200_eta1,200,1.0,0.35,2.0,2.0,1,2.055,0.315,,,,,,,,,,,
138,2,0.6272205403615885,0.9633064351845715,21.916556920584267,22.47541306171853,0.38958103154465795,0.372943318197359,17.582417582417584,0.45499999999999996,0.35,0.10662909177350882,0.06741359346088095,0.02294331819735901,n200_eta1,200,1.0,0.35,2.0,8.0,0,7.95,0.135,True,0.6241271506458741,1.1016378033407968,22.055962244151626,22.055962244151626,20.021065160677416,0.39841002777031814,0.36165246559450914,615.8148404733702,0.056408588757463456,0.05768113580477877
139,2,0.6336748577004285,1.0366686262085154,19.13588198633888,19.61746390325074,0.3852388179679218,0.4003557041011003,17.582417582417584,0.45499999999999996,0.35,0.04756427183169489,0.07228135501696648,0.050355704101100296,n200_eta1,200,1.0,0.35,2.0,8.0,1,7.29,0.13,,,,,,,,,,,
140,2,2.5458826695678005,3.4218920643955424,4.3541252278158495,1.3122662999677863,1.459796338205702,0.43095710270841353,0.8791208791208791,2.275,0.35,0.17397338127654846,0.19268913107382735,0.08095710270841355,n200_eta1,200,1.0,0.35,10.0,2.0,0,1.805,0.205,True,4.456332408252516,299.99999999999994,123.3194872959287,123.3194872959287,0.41106495765309575,4.391104996571643,0.014637016655238814,347.72495882986846,0.3301381389232285,0.285592420735832
141,2,2.7278386965433445,3.3618722133907704,4.177933385873105,1.3091989558347836,1.5018885484146165,0.4467417120830473,0.8791208791208791,2.275,0.35,0.17295705558918295,0.18034369509223577,0.09674171208304733,n200_eta1,200,1.0,0.35,10.0,2.0,1,1.965,0.215,,,,,,,,,,,
142,2,4.998060646555465,4.900024049499158,19.52017602494029,3.4568940236676506,2.474278420626068,0.4542480174246011,3.5164835164835164,2.275,0.35,0.007422520208741858,0.03646716646576187,0.1042480174246011,n200_eta1,200,1.0,0.35,10.0,8.0,0,8.34,0.005,True,5.344442729146176,22.338044572711524,43.197539362192074,43.197539362192074,1.9338102411597302,4.31263269800036,0.19306222995314168,565.8634275129107,0.2596947301403862,0.2777610703630239
143,2,2.2836238273659655,3.355198429288463,18.959296481671263,5.771994344357417,1.366061640762317,0.4266986779244699,3.5164835164835164,2.275,0.35,0.21521731088287135,0.22151110454736195,0.07669867792446994,n200_eta1,200,1.0,0.35,10.0,8.0,1,7.935,0.01,,,,,,,,,,,
144,2,0.1681887852596796,0.4080885487020544,6.330782771661577,15.513257580485758,0.12149655381958985,0.27761798367232415,27.77777777777778,0.072,0.4,0.2529944957015361,0.22723146316263884,0.12238201632767587,n200_eta1,200,1.0,0.4,0.3,2.0,0,1.85,0.525,True,0.16027540927875214,0.3487246958820615,5.8773428920612325,5.8773428920612325,16.853818962247935,0.10980742988343244,0.3148828608357845,343.02826100350507,0.21699917465989227,0.1832992302785026
145,2,0.1636273718452091,0.430696878377443,6.820695522476724,15.935289081643251,0.11678865242628451,0.2606970828706837,27.77777777777778,0.072,0.4,0.24133755282718414,0.21006815089939762,0.1393029171293163,n200_eta1,200,1.0,0.4,0.3,2.0,1,1.69,0.55,,,,,,,,,,,
146,2,0.2031144924555657,0.3408023554178504,20.98250323977036,64.61098985400777,0.12726558796440843,0.3734293086336532,111.11111111111111,0.072,0.4,0.23545109598637132,0.24737849184524177,0.02657069136634682,n200_eta1,200,1.0,0.4,0.3,8.0,0,9.975,0.335,True,0.10067045052696472,0.09031740684987447,19.152697770056403,19.152697770056403,212.05987237755846,0.04760666024994446,0.527103931682585,545.5146202051662,0.280701005142355,0.17966478094909238
147,2,0.16626963696823518,0.29938357062627635,20.703696709229323,70.70214984604395,0.10713594970693932,0.3578551404234478,111.11111111111111,0.072,0.4,0.19632487093522336,0.17260272733810944,0.04214485957655223,n200_eta1,200,1.0,0.4,0.3,8.0,1,9.09,0.385,,,,,,,,,,,
148,2,0.6094584320911498,0.969092129171564,4.792513783412533,5.15651706354547,0.3741542298932292,0.38608736840436203,4.166666666666667,0.48,0.4,0.09256770093323148,0.10819057799719768,0.013912631595637992,n200_eta1,200,1.0,0.4,2.0,2.0,0,1.865,0.31,True,0.6596682517996624,0.8135303358480619,4.165756666708287,4.165756666708287,5.1205916769725714,0.36428227595016605,0.44777958472860296,365.2072216032995,0.08953138768702436,0.11980319609330792
149,2,0.9102816216986875,1.44854208986475,4.893700318413446,3.3783625292312833,0.5589994861408825,0.3859048971045612,4.166666666666667,0.48,0.4,0.09108250677846114,0.0661701712867184,0.014095102895438805,n200_eta1,200,1.0,0.4,2.0,2.0,1,1.7,0.3,,,,,,,,,,,
150,2,0.9786536220781089,1.3101857876381264,18.789960768011973,14.262383119931812,0.5602044692276067,0.4254513217289199,16.666666666666668,0.48,0.4,0.06765665121386435,0.06710533186231135,0.025451321728919896,n200_eta1,200,1.0,0.4,2.0,8.0,0,8.075,0.09,True,0.8410270139889756,0.8550672573006476,16.22988114041861,16.22988114041861,18.980824025065047,0.4239945115907464,0.4958610073893486,606.2342482531777,0.05646631315196663,0.05388100248398759
151,2,1.0741195238251149,1.6798347355513874,21.672019425756567,12.980566787426163,0.655182735919459,0.406281810022819,16.666666666666668,0.48,0.4,0.10855509357130687,0.13512120785770362,0.006281810022818968,n200_eta1,200,1.0,0.4,2.0,8.0,1,8.015,0.09,,,,,,,,,,,
152,2,3.1507497054222755,3.707906122189853,4.233084455512596,1.1401756043188211,1.7463392442140506,0.4550632062629595,0.8333333333333334,2.4000000000000004,0.4,0.13615299046607643,0.13808262801279303,0.05506320626295946,n200_eta1,200,1.0,0.4,10.0,2.0,0,2.175,0.14,True,10.13956921917781,299.99999999999994,66.5271331021333,66.5271331021333,0.2217571103404444,9.808070519384875,0.03269356839794959,362.9391515467455,0.5749412001628706,0.6113723380228497
153,2,2.896311019644834,3.3986303242130926,4.433788967379019,1.3561378261932013,1.555406294911217,0.4576568048104351,0.8333333333333334,2.4000000000000004,0.4,0.21148507578027897,0.18836738944837447,0.05765680481043506,n200_eta1,200,1.0,0.4,10.0,2.0,1,2.175,0.135,,,,,,,,,,,
154,2,2.8437146854659816,3.7644929166505787,18.86743284776886,5.217831538485814,1.621262039267975,0.45647232267315146,3.3333333333333335,2.4000000000000004,0.4,0.19461130819466269,0.17035802759665739,0.05647232267315144,n200_eta1,200,1.0,0.4,10.0,8.0,0,8.255,0.01,True,3.7446060362048144,4.958363605741187,19.18760250156119,19.18760250156119,3.8697449455591073,2.1334233085529957,0.43026762016459397,562.93647493175,0.06480359638287315,0.05113420607984845
155,2,2.695549526834842,3.2323384553507237,18.01771939432176,4.875758304802236,1.4552111853525587,0.4606105937515819,3.3333333333333335,2.4000000000000004,0.4,0.1651634238784156,0.21728521747707982,0.0606105937515819,n200_eta1,200,1.0,0.4,10.0,8.0,1,7.47,0.01,,,,,,,,,,,
156,2,0.31818437697437585,0.5740225801379348,5.696995204493612,9.567343215204206,0.20737429529271903,0.3515926882892035,26.936026936026934,0.07425000000000001,0.45,0.44954218371883453,0.44605846520951553,0.09840731171079653,n200_eta1,200,1.0,0.45,0.3,2.0,0,2.15,0.4,True,0.24549661887712695,0.32177838866732833,4.96545005940967,4.96545005940967,15.431272684205082,0.13925433942084703,0.43276473599603854,381.4195538867359,0.24193179197877382,0.273112279480679
157,2,0.28087284928072676,0.5105696519781289,5.468836148881515,10.71124405395678,0.18119465745050106,0.3548872455471812,26.936026936026934,0.07425000000000001,0.45,0.4004936229220775,0.3874489303075451,0.0951127544528188,n200_eta1,200,1.0,0.45,0.3,2.0,1,2.11,0.44,,,,,,,,,,,
158,2,0.21745220562938433,0.3585337699623833,18.917758495127966,52.764230541275886,0.13535739128168603,0.3858475420053165,107.74410774410774,0.07425000000000001,0.45,0.31005391978049107,0.26078551770801717,0.0641524579946835,n200_eta1,200,1.0,0.45,0.3,8.0,0,8.92,0.315,True,0.14176365961610418,0.13857172377411192,17.767813605114686,17.767813605114686,128.22106214164077,0.07007475989638352,0.5056930662897255,557.214299314052,0.07556584111437697,0.025134839617637867
159,2,0.15017002729187195,0.27605574357732454,18.23226214043851,67.81877001324983,0.09736060650132278,0.35166418853948966,107.74410774410774,0.07425000000000001,0.45,0.20104362001745885,0.11768681264932936,0.09833581146051035,n200_eta1,200,1.0,0.45,0.3,8.0,1,7.57,0.36,,,,,,,,,,,
160,2,2.402068537646391,2.96376363748868,4.177638875731748,1.3696588876029758,1.3267584885754977,0.43749528937206067,4.040404040404041,0.49500000000000005,0.45,0.46981237678399035,0.4281866759845528,0.012504710627939342,n200_eta1,200,1.0,0.45,2.0,2.0,0,1.855,0.24,True,1.1871224823345303,0.9548276080454279,3.3470141944439105,3.3470141944439105,3.505359675654319,0.529189417323613,0.5542250903352972,355.7912007233899,0.061692210337072104,0.029005951691657466
161,2,2.0418671043064784,2.5088398832908982,4.302033248640589,1.7020770756963128,1.1239243769065337,0.4479856942613087,4.040404040404041,0.49500000000000005,0.45,0.37544557424172037,0.3561318918394379,0.0020143057386913243,n200_eta1,200,1.0,0.45,2.0,2.0,1,2.135,0.22,,,,,,,,,,,
162,2,1.2642957254116416,1.7242376669184367,20.602543215030792,11.94878386565567,0.7294368259272073,0.42302939195691724,16.161616161616163,0.49500000000000005,0.45,0.1311610825492714,0.16838248613859474,0.026970608043082767,n200_eta1,200,1.0,0.45,2.0,8.0,0,7.805,0.07,True,0.9582923264857512,1.3471653310227414,18.837722399864223,18.837722399864223,13.983229798203755,0.5599661286435812,0.41566251427986645,605.9839853113936,0.06287729322013043,0.05355655916535754
163,2,1.2982114672644656,1.8269961954070317,20.554661941180953,11.843637748762436,0.7589343389419658,0.4345694425246959,16.161616161616163,0.49500000000000005,0.45,0.13499967253255835,0.18559900453935496,0.015430557475304085,n200_eta1,200,1.0,0.45,2.0,8.0,1,8.68,0.06,,,,,,,,,,,
164,2,2.998394541077879,3.277906992813231,4.363001352337828,1.3092652056875744,1.5659633910735424,0.4584841553957452,0.8080808080808081,2.475,0.45,0.2095728340652168,0.19879359831943222,0.008484155395745208,n200_eta1,200,1.0,0.45,10.0,2.0,0,2.085,0.16,True,1.7028148214049907,0.6324626903307826,2.8597167054031374,2.8597167054031374,4.52155794977801,0.46117296024507165,0.7291702218890964,360.0582996874345,0.7478333088798097,0.7297113677011718
165,2,2.928654421263432,3.6416747360241013,4.50089916695202,1.2295921437602688,1.6232378258600524,0.45105184474965787,0.8080808080808081,2.475,0.45,0.1823062872660787,0.18319304888273497,0.0010518447496578598,n200_eta1,200,1.0,0.45,10.0,2.0,1,2.205,0.125,,,,,,,,,,,
166,2,3.017746187902872,3.6351901585830766,17.85753112345978,5.080880378736175,1.6489081921188775,0.4535961312025527,3.2323232323232323,2.475,0.45,0.19642418653406382,0.1763787275924022,0.0035961312025526992,n200_eta1,200,1.0,0.45,10.0,8.0,0,7.84,0.015,True,2.2972626803019898,1.310805693546094,12.30918057474027,12.30918057474027,9.390545551751847,0.8345920001785412,0.6367015372970631,553.1779269838399,0.4631760399849644,0.47210098572036135
167,2,5.332268413830002,5.5204162968812724,17.766308887114672,3.2182915076806156,2.712355719870827,0.491331735507548,3.2323232323232323,2.475,0.45,0.0018894044803738567,0.039771442488204814,0.041331735507547984,n200_eta1,200,1.0,0.45,10.0,8.0,1,8.33,0.005,,,,,,,,,,,
168,2,0.28301335981377723,0.4668696322521947,5.5154730043987295,11.813732621228551,0.17620128022198414,0.3774100263749931,26.666666666666668,0.075,0.5,0.3535815949733978,0.37094779614019446,0.1225899736250069,n200_eta1,200,1.0,0.5,0.3,2.0,0,2.045,0.43,True,0.11022143039661389,0.10825730583141027,4.056477024017905,4.056477024017905,37.47069994827952,0.0546152696854129,0.5044950016626645,364.0961427477644,0.1477230734672655,0.13774718088870866
169,2,0.2751901743233291,0.47157701010621395,5.5458567703392925,11.760235659262081,0.1737802119908864,0.3712681013132649,26.666666666666668,0.075,0.5,0.35555270776926257,0.3649390592823507,0.12873189868673512,n200_eta1,200,1.0,0.5,0.3,2.0,1,2.15,0.42,,,,,,,,,,,
170,2,0.16822072334280025,0.29880128225829217,17.818808800232052,59.63431169224025,0.10762783602145655,0.3660552252690764,106.66666666666667,0.075,0.5,0.2525325126705459,0.15686334499327806,0.1339447747309236,n200_eta1,200,1.0,0.5,0.3,8.0,0,7.67,0.375,True,0.12339523179027324,0.14921764076459715,16.91463606375672,16.91463606375672,113.3554717598097,0.0675417312351571,0.45263905051085496,529.9000206634297,0.026413765112283348,0.04548907507809978
171,2,0.22038679764690938,0.3680678734793642,18.515585479129186,50.30481281645263,0.137848000760314,0.3850072702612774,106.66666666666667,0.075,0.5,0.32641918626523786,0.2643392084279679,0.1149927297387226,n200_eta1,200,1.0,0.5,0.3,8.0,1,8.165,0.31,,,,,,,,,,,
172,2,2.7210013898667196,3.5976678775404496,4.401834703514154,1.2098695219353774,1.5205888354241188,0.44116572630688716,4.0,0.5,0.5,0.5193214548618635,0.48304179311847867,0.05883427369311284,n200_eta1,200,1.0,0.5,2.0,2.0,0,1.85,0.24,True,3.9085462367562718,299.99999999999994,143.8472572388135,143.8472572388135,0.4794908574627118,3.8582787010978294,0.012860929003659434,354.1820698875386,0.9212796605123087,0.8874235911795209
173,2,0.8348575148332167,1.2106088702988116,4.558450810738613,3.9171150668225296,0.49411025291793165,0.42175008163723654,4.0,0.5,0.5,0.009093662018523681,0.005146138628179509,0.07824991836276346,n200_eta1,200,1.0,0.5,2.0,2.0,1,2.065,0.27,,,,,,,,,,,
174,2,1.6062998799868806,2.10735458159729,20.94801109530992,10.258476233102549,0.9115127555689546,0.42817838644408734,16.0,0.5,0.5,0.19303712604203177,0.26079274614751574,0.07182161355591266,n200_eta1,200,1.0,0.5,2.0,8.0,0,8.795,0.045,True,1.1942791047681396,1.1243505146349932,17.05810593059151,17.05810593059151,15.171519653841415,0.5791301529260808,0.5150797241499804,611.034615235331,0.023090898624412163,0.06380617311418528
175,2,1.755727291933777,2.3530911301950574,19.92556295747074,8.446459835537357,1.0054925512016741,0.4162539331592303,16.0,0.5,0.5,0.27744526140408377,0.3034088533078387,0.08374606684076968,n200_eta1,200,1.0,0.5,2.0,8.0,1,7.845,0.055,,,,,,,,,,,
176,2,3.0685782448833523,3.5019754240455923,4.349632256090589,1.296472960860147,1.5922969470475894,0.44612525650295737,0.8,2.5,0.5,0.20967347659573465,0.19591594625132353,0.05387474349704263,n200_eta1,200,1.0,0.5,10.0,2.0,0,2.145,0.145,True,7.0302844164493585,138.37710704661427,44.365095730409976,44.365095730409976,0.32061008267404356,6.690378043885585,0.04834887928125161,365.0748132753798,0.3971128108925783,0.4275106498633082
177,2,3.100084209085724,3.5899858125577775,4.389368166394233,1.196793870880035,1.6490838555604383,0.4493081646736337,0.8,2.5,0.5,0.1749293693892415,0.180697268684744,0.050691835326366286,n200_eta1,200,1.0,0.5,10.0,2.0,1,1.89,0.125,,,,,,,,,,,
178,2,6.053117546943901,6.105786038003073,16.57850968604974,2.7152130098996756,3.0396688604618674,0.4978341595238745,3.2,2.5,0.5,0.07134607242626162,0.0848862657566953,0.0021658404761255023,n200_eta1,200,1.0,0.5,10.0,8.0,0,7.605,0.0,True,6.261782690172256,6.330168324179592,15.29382113650099,15.29382113650099,2.4160212419759173,3.1478949046931946,0.49728454971237607,525.8647836179191,0.1220492299799299,0.10008021594455865
179,2,3.0559766886615587,3.606815853054208,18.268575017855433,5.065014617362798,1.6729205180073954,0.46382199318293077,3.2,2.5,0.5,0.19943072472897816,0.17446470094980504,0.03617800681706923,n200_eta1,200,1.0,0.5,10.0,8.0,1,8.4,0.015,,,,,,,,,,,
180,2,0.414843839542874,0.7255124935660239,5.2546864083554965,7.24272352985649,0.27085545771530717,0.3872526427732171,26.936026936026938,0.07425,0.55,0.5704316301006013,0.562041133020408,0.16274735722678296,n200_eta1,200,1.0,0.55,0.3,2.0,0,2.085,0.39,True,0.17759326505420095,0.1683322548565896,4.06115713369369,4.06115713369369,24.125840511989733,0.08641939675808552,0.5133858441551228,374.98225452641833,0.04785108515691281,0.06591477244755488
181,2,0.44568890707152264,0.7018359845542795,5.151174062849609,7.506414785492119,0.2725871265905963,0.38839149400940215,26.936026936026938,0.07425,0.55,0.5549009789201703,0.5648088836683037,0.1616085059905979,n200_eta1,200,1.0,0.55,0.3,2.0,1,1.945,0.395,,,,,,,,,,,
182,2,0.22798875332905427,0.36762245366677443,17.803169401993504,48.42786185778224,0.14071895209964191,0.3844119632842906,107.74410774410775,0.07425,0.55,0.3472982341016297,0.2776561343851293,0.16558803671570943,n200_eta1,200,1.0,0.55,0.3,8.0,0,8.315,0.275,True,0.174708097252413,0.14861054300589846,15.39074271753782,15.39074271753782,103.56427213193717,0.08030302607812907,0.5403588766575046,562.7835498520022,0.017183571779662874,0.03403545322057824
183,2,0.2100684725048864,0.3171185851545105,16.450529274397702,51.875008418010154,0.1229840581378678,0.39201806983997317,107.74410774410775,0.07425,0.55,0.317435348807459,0.21915236148702336,0.15798193016002687,n200_eta1,200,1.0,0.55,0.3,8.0,1,7.505,0.33,,,,,,,,,,,
184,2,2.851793200754006,3.500067723921299,4.3933571330768935,1.32610473414626,1.5358019500733586,0.44842584165623744,4.040404040404041,0.495,0.55,0.48384697125476006,0.491730015761991,0.1015741583437626,n200_eta1,200,1.0,0.55,2.0,2.0,0,2.075,0.17,True,3.8904672674113563,16.70148418386408,10.9829289372448,10.9829289372448,0.657601972156212,3.1554356413601155,0.18893145103886627,366.57356034138115,0.7884616897420986,0.8044541277457554
185,2,2.510600794782258,3.096390171866832,4.248932914796501,1.426917692693023,1.4111539070140104,0.4379218273383848,4.040404040404041,0.495,0.55,0.45202587381909964,0.454969183581789,0.11207817266161524,n200_eta1,200,1.0,0.55,2.0,2.0,1,1.94,0.24,,,,,,,,,,,
186,2,1.6622990015329537,2.1854361534548445,18.604640751936827,8.513010422439338,0.9441523882153805,0.4481188832211154,16.161616161616163,0.495,0.55,0.27840162296095,0.28043689708044606,0.10188111677888462,n200_eta1,200,1.0,0.55,2.0,8.0,0,7.695,0.055,True,1.0758272245802871,0.9546631454741297,14.534455606461046,14.534455606461046,15.22469540734451,0.5058150569692162,0.5298361619668529,588.2278206133202,0.025936175373019003,0.009386554230839127
187,2,2.153158582114201,2.6171504341767413,17.251764037384564,7.09853993012801,1.1812945238530999,0.4565458400127416,16.161616161616163,0.495,0.55,0.35731575842336794,0.3777529917683492,0.09345415998725842,n200_eta1,200,1.0,0.55,2.0,8.0,1,7.375,0.05,,,,,,,,,,,
188,2,3.1741100123242765,3.5003662543195313,4.331202074632495,1.2278118467449697,1.6460276940502379,0.4560641259125638,0.8080808080808081,2.475,0.55,0.1816770270319892,0.17713806542370086,0.09393587408743626,n200_eta1,200,1.0,0.55,10.0,2.0,0,1.97,0.145,True,63.7854969922722,24.396708796669387,2.723591281771254,2.723591281771254,0.11163765180256921,17.647054546308983,0.7233375080788823,339.65726137686784,0.8596440994748973,0.8530970248093052
189,2,2.8011192287168627,3.3366372863087683,4.24159114851181,1.3296819978539975,1.522758167264006,0.45637509762069234,0.8080808080808081,2.475,0.55,0.21629299662496923,0.2109442657655242,0.0936249023793077,n200_eta1,200,1.0,0.55,10.0,2.0,1,1.855,0.19,,,,,,,,,,,
190,2,5.871787625900569,5.909388804232923,16.7160602626427,2.8287291319652055,2.945264105253457,0.4984041840577067,3.2323232323232323,2.475,0.55,0.05792342061490947,0.07554904129035724,0.051595815942293344,n200_eta1,200,1.0,0.55,10.0,8.0,0,8.07,0.0,True,3.506415960219276,1.7867398012410123,12.18382289085339,12.18382289085339,6.819024730064723,1.1836139418844696,0.6624433737147228,538.8034177912848,0.324207481749579,0.3203651311609923
191,2,3.2407499358010217,3.9025718425799663,16.78754193750846,4.301661215904822,1.7705011534796578,0.4596953954267696,3.2323232323232323,2.475,0.55,0.12412142013086623,0.1454789892329628,0.09030460457323042,n200_eta1,200,1.0,0.55,10.0,8.0,1,7.52,0.015,,,,,,,,,,,
192,2,0.5505122194711919,0.8366510109377463,4.852059950457433,5.799383359399856,0.33203490033279887,0.396861888639378,27.77777777777778,0.072,0.6,0.6803156811606468,0.6638512385539204,0.203138111360622,n200_eta1,200,1.0,0.6,0.3,2.0,0,1.97,0.345,True,0.16212054348701382,0.10231904038390285,3.213957068345611,3.213957068345611,31.411133805465603,0.06272895378705975,0.6130721471946923,366.90517693286824,0.05338611359273588,0.05986445213155314
193,2,0.45805239259046776,0.669550505758114,4.991812370001305,7.82733492713348,0.2637352041941481,0.3921707234076581,27.77777777777778,0.072,0.6,0.5500835818055911,0.5638356082078322,0.2078292765923419,n200_eta1,200,1.0,0.6,0.3,2.0,1,1.955,0.375,,,,,,,,,,,
194,2,0.48163893812014696,0.6546432762246989,17.023912707864127,27.404894284066124,0.2774853715281935,0.42387263660361774,111.11111111111111,0.072,0.6,0.6079293594648183,0.5859075964975466,0.17612736339638224,n200_eta1,200,1.0,0.6,0.3,8.0,0,8.49,0.2,True,0.19836442285229974,0.10371266841500248,12.921446662706783,12.921446662706783,124.58889410695791,0.06810481233881234,0.6566682101582172,566.4191963454847,0.049721840341685676,0.02415469584961423
195,2,0.4112975853091513,0.5702451124726545,17.573970747497736,30.75872000136173,0.23387406715260028,0.4098133801387967,111.11111111111111,0.072,0.6,0.5577892318601461,0.5116495718211651,0.19018661986120328,n200_eta1,200,1.0,0.6,0.3,8.0,1,8.215,0.19,,,,,,,,,,,
196,2,2.7716868106113783,3.3110261118200257,4.2427598648995195,1.3903459720711129,1.5087227559069358,0.459869701707856,4.166666666666667,0.48,0.6,0.4766658752534783,0.4973682034324791,0.14013029829214396,n200_eta1,200,1.0,0.6,2.0,2.0,0,1.985,0.21,True,0.19838903277671927,0.0355244205305928,2.340654957715021,2.340654957715021,65.88861754125739,0.03012932915730429,0.8481300667904665,355.6356766230416,1.1990216370948992,1.2022517753512307
197,2,2.731906130492693,3.320947263100033,4.325543663373989,1.3267987255918736,1.4988825264972818,0.4523736342026677,4.166666666666667,0.48,0.6,0.49698371258647445,0.4945263593865044,0.1476263657973323,n200_eta1,200,1.0,0.6,2.0,2.0,1,2.11,0.21,,,,,,,,,,,
198,2,2.0751570561968644,2.5829735400720293,18.181803735017084,7.66519363974533,1.1506924627539687,0.4454913861494223,16.666666666666668,0.48,0.6,0.3373256190481893,0.3797180310192962,0.15450861385057768,n200_eta1,200,1.0,0.6,2.0,8.0,0,8.165,0.03,True,1.4229088158538512,1.1914200273463178,14.999495435871438,14.999495435871438,12.589594846143573,0.6484578497863097,0.5442730816189464,589.4688380969222,0.12183699559391205,0.13064051451692124
199,2,2.582759281673262,3.0015697471282676,18.4372498066181,6.143482034625197,1.3895651250392527,0.462946138889063,16.666666666666668,0.48,0.6,0.43343415701131355,0.46163766838507786,0.13705386111093698,n200_eta1,200,1.0,0.6,2.0,8.0,1,8.365,0.04,,,,,,,,,,,
200,2,2.9048908079055793,3.5040987560674526,4.464420596619604,1.3080419445669196,1.5753880871376553,0.45636804944146386,0.8333333333333334,2.4,0.6,0.19580291664282112,0.18282368463946197,0.14363195055853611,n200_eta1,200,1.0,0.6,10.0,2.0,0,1.96,0.15,True,20.15918951585593,299.8703934802151,31.115505171557565,31.115505171557565,0.10376317852002455,18.889329029423386,0.0629916438571975,343.99341430486726,0.9047754871700645,0.8960052898473747
201,2,2.9985212506037366,3.463873003607736,4.4416178879233925,1.2472931128079945,1.5741379955856338,0.45010212899170526,0.8333333333333334,2.4,0.6,0.1751497703493754,0.18316843993099927,0.14989787100829471,n200_eta1,200,1.0,0.6,10.0,2.0,1,1.965,0.155,,,,,,,,,,,
202,2,6.104411129872505,6.2621934054277055,17.333509806498252,2.7679614288939995,3.0911478581197382,0.4936206306628139,3.3333333333333335,2.4,0.6,0.08071871127856867,0.10990853735031332,0.10637936933718606,n200_eta1,200,1.0,0.6,10.0,8.0,0,8.535,0.0,True,8.380607044016976,9.34651192360842,18.054225580540642,18.054225580540642,1.9316538327990946,4.418622327013912,0.47275629273556946,534.2041382605589,0.2369494451342335,0.2650756409768879
203,2,6.078911699931065,6.164802851754058,16.737997757023894,2.7150905161973617,3.0647318364283236,0.4971337948879131,3.3333333333333335,2.4,0.6,0.08909443252314908,0.10618123810384583,0.10286620511208688,n200_eta1,200,1.0,0.6,10.0,8.0,1,7.89,0.0,,,,,,,,,,,
0,2,0.015430355086738269,0.45878967623997396,99.15167652300431,274.7713426510378,0.014928276215382463,0.032538387388590884,229.09507445589924,0.00873,0.03,0.07895568393451266,0.23299541844890648,0.0025383873885908848,n500_eta1,500,1.0,0.03,0.3,2.0,0,2.504,0.926,True,0.0075278214358127675,0.16869610376952673,60.55657941609094,60.55657941609094,358.96845311154055,0.007206252752653251,0.04271736330376937,282.00611702980245,0.195040531601574,0.08330475317442576
1,2,0.013944020347539759,0.45192811062176597,124.34710110452795,275.14796752397257,0.01360908254110755,0.03310855124949887,229.09507445589924,0.00873,0.03,0.07955055713358129,0.19281460443936935,0.003108551249498874,n500_eta1,500,1.0,0.03,0.3,2.0,1,1.912,0.936,,,,,,,,,,,
2,2,0.011580306795805224,0.4806274934979744,307.1391639130588,616.4210594037897,0.011217652757334403,0.030935664339486857,916.380297823597,0.00873,0.03,0.1721982757535798,0.10888774858161863,0.000935664339486858,n500_eta1,500,1.0,0.03,0.3,8.0,0,8.574,0.912,True,0.010106817698558345,0.296665683011573,277.5252446753099,277.5252446753099,935.481454605869,0.009773842077355545,0.03294564432979687,368.3696670734172,0.008959438990948289,0.04905107385059617
3,2,0.013767551994241307,0.3727204498983961,296.814950896274,749.1179781147152,0.013277121535893492,0.035622197653798836,916.380297823597,0.00873,0.03,0.08752552343826418,0.1820896870057789,0.005622197653798837,n500_eta1,500,1.0,0.03,0.3,8.0,1,9.97,0.914,,,,,,,,,,,
4,2,0.041076749244679314,1.0609517936557586,51.976740461024896,49.815713184080415,0.0388745271941898,0.047900082823026456,34.364261168384886,0.058199999999999995,0.03,0.16125934123896127,0.17525786462664894,0.017900082823026457,n500_eta1,500,1.0,0.03,2.0,2.0,0,2.166,0.79,True,0.05784231844808694,1.4394677231090287,57.30642233468428,57.30642233468428,39.81084217082077,0.05560782211092852,0.038630822503490515,582.961715170663,0.06389435386645474,0.019787098451387455
5,2,0.03770289384810898,0.5951115496798322,34.99508680174262,49.68823633513529,0.035444584437611545,0.0569588631185907,34.364261168384886,0.058199999999999995,0.03,0.16014657088917678,0.21537309572400962,0.0269588631185907,n500_eta1,500,1.0,0.03,2.0,2.0,1,1.96,0.802,,,,,,,,,,,
6,2,0.047477900257254804,1.1813497439787628,220.08542569426666,186.29997324333712,0.04564350873504969,0.038636744933234796,137.45704467353954,0.058199999999999995,0.03,0.13204579018021065,0.10554396227577814,0.008636744933234797,n500_eta1,500,1.0,0.03,2.0,8.0,0,7.322,0.714,True,0.06789775045913618,2.1178067595068937,239.26772773324427,239.26772773324427,112.97901787269531,0.06578854288034834,0.03106446921326591,867.6151295561275,0.08516920724996829,0.05322728286855933
7,2,0.045332341069819176,0.8589162952672068,217.46871715067962,241.15466139446426,0.04291141171134361,0.03613997916613237,137.45704467353954,0.058199999999999995,0.03,0.24412865868394995,0.13235018234370174,0.0061399791661323685,n500_eta1,500,1.0,0.03,2.0,8.0,1,6.758,0.756,,,,,,,,,,,
8,2,0.24939157719797392,2.074861045218624,20.03860264014207,10.760631848152656,0.22263193920620272,0.11394204092206435,6.872852233676977,0.291,0.03,0.1947007665212112,0.11630551979592864,0.08394204092206435,n500_eta1,500,1.0,0.03,10.0,2.0,0,1.926,0.548,True,0.28391714646519023,10.045491919678504,70.11820352473003,70.11820352473003,6.980066689155636,0.27611331707468373,0.027486291291897277,860.2526471233099,0.006722565313845969,0.022805635615109277
9,2,0.27657876988315266,1.8589277364986205,12.32201944329416,7.711155941068412,0.24075784603137468,0.12951436535389677,6.872852233676977,0.291,0.03,0.049982479180660275,0.08231253978286729,0.09951436535389677,n500_eta1,500,1.0,0.03,10.0,2.0,1,1.81,0.542,,,,,,,,,,,
10,2,0.28322597734165644,2.78754493806699,100.12413309988835,36.12693385052086,0.25710323603307483,0.09390703915247306,27.49140893470791,0.291,0.03,0.1186341058729221,0.05378544605575325,0.06390703915247306,n500_eta1,500,1.0,0.03,10.0,8.0,0,9.024,0.358,True,0.27414836856156255,3.92096987178655,138.56600369534763,138.56600369534763,35.339726707007685,0.2562329431363355,0.06534937821891132,1449.1875102585295,0.10906618864469093,0.05525802398871047
11,2,0.3018627645637308,3.114318101831057,101.57080575615538,32.614139736219315,0.27518937337229143,0.0886361723102798,27.49140893470791,0.291,0.03,0.0742089296097836,0.024261329679996377,0.0586361723102798,n500_eta1,500,1.0,0.03,10.0,8.0,1,7.812,0.362,,,,,,,,,,,
12,2,0.022507310045254667,0.5791831867298899,88.80511132837276,153.3281928119717,0.02186900808187152,0.03989607514062786,140.35087719298247,0.014249999999999999,0.05,0.03840688561538502,0.18601422073521356,0.010103924859372143,n500_eta1,500,1.0,0.05,0.3,2.0,0,1.798,0.898,True,0.017185343523171907,0.4000564892219551,43.56715342393215,43.56715342393215,108.90250401552838,0.01647751413304018,0.041187968641844236,351.889025280681,0.11017726563508073,0.06307682846950093
13,2,0.02060764864221594,0.42096961655136433,40.994650772508386,111.18856402969044,0.019395431510352643,0.05009510600744161,140.35087719298247,0.014249999999999999,0.05,0.10115500984862279,0.1338845819004069,9.510600744160741e-05,n500_eta1,500,1.0,0.05,0.3,2.0,1,2.334,0.892,,,,,,,,,,,
14,2,0.017351287667739697,0.4799826986180011,256.5686975236387,517.0997134471028,0.016767585591061642,0.039279108164252965,561.4035087719299,0.014249999999999999,0.05,0.035700825541321465,0.07065566755385563,0.010720891835747037,n500_eta1,500,1.0,0.05,0.3,8.0,0,10.066,0.856,True,0.016209976156757934,0.224551499620053,155.4069231282009,155.4069231282009,692.076977402304,0.015118591722620946,0.0673279481464252,545.9290069699791,0.09087927961538601,0.02569647473209824
15,2,0.013903949963583562,0.44979146757961663,244.6029347598902,557.6670059606743,0.013504524243932557,0.029740369484734942,561.4035087719299,0.014249999999999999,0.05,0.002900172172518014,0.023335575478541412,0.02025963051526506,n500_eta1,500,1.0,0.05,0.3,8.0,1,6.86,0.888,,,,,,,,,,,
16,2,0.06713022499778583,0.7504612725686491,28.10295420334028,40.47825130248009,0.061689396490336085,0.08673333846471729,21.05263157894737,0.095,0.05,0.2839153519425865,0.18751308374318068,0.03673333846471728,n500_eta1,500,1.0,0.05,2.0,2.0,0,2.686,0.698,True,0.0960044608221867,1.3799068819844345,41.23151649888318,41.23151649888318,29.879926708959104,0.08975960299743971,0.06504757978187416,770.2001457348554,0.15207313750940335,0.02464268223686108
17,2,0.07879629602318611,0.7381177547621712,24.16866626507217,32.7436457247388,0.07119591718161206,0.0964560420370217,21.05263157894737,0.095,0.05,0.1918206423669121,0.1252685160949288,0.046456042037021694,n500_eta1,500,1.0,0.05,2.0,2.0,1,2.08,0.686,,,,,,,,,,,
18,2,0.06107963628626336,1.2066917610400252,170.82046947643911,140.1358720858772,0.05813689599670464,0.04198775126780015,84.21052631578948,0.095,0.05,0.2211829388418674,0.21327176477376183,0.008012248732199856,n500_eta1,500,1.0,0.05,2.0,8.0,0,7.544,0.638,True,0.09566092159066972,2.0591384022054,172.9239338921339,172.9239338921339,83.97878146846618,0.09141411687966068,0.04439435289136144,1010.268169386967,0.0011968129653628795,0.016710337240742657
19,2,0.07274721272596432,1.398817271213767,126.48557899624035,103.89788346288746,0.06785572380013663,0.0738749929010074,84.21052631578948,0.095,0.05,0.09124031879198999,0.14613711792139616,0.02387499290100739,n500_eta1,500,1.0,0.05,2.0,8.0,1,7.808,0.646,,,,,,,,,,,
20,2,0.36409954100029035,1.394510370713211,10.26335592978307,7.35982761070035,0.2981948554021756,0.20669249880731289,4.2105263157894735,0.47500000000000003,0.05,0.24253125593447342,0.20219346309581832,0.1566924988073129,n500_eta1,500,1.0,0.05,10.0,2.0,0,1.872,0.47,True,0.4431239040934508,15.555863707964052,67.60078407914435,67.60078407914435,4.345678603788174,0.43085070286720334,0.02769699651242271,898.7184031431932,0.01372121773031965,0.0423668038574932
21,2,0.29930628056176906,0.9232092690799715,8.79342546606735,8.870398300668038,0.22057924956108532,0.2259099927311146,4.2105263157894735,0.47500000000000003,0.05,0.32360673502131754,0.3331289547617905,0.17590999273111457,n500_eta1,500,1.0,0.05,10.0,2.0,1,1.972,0.46,,,,,,,,,,,
22,2,0.4692689254593111,3.7131211266056763,68.91852601738874,18.73079284592443,0.4087955169899433,0.11838758322845462,16.842105263157894,0.47500000000000003,0.05,0.046159783420996664,0.06518748511368334,0.06838758322845462,n500_eta1,500,1.0,0.05,10.0,8.0,0,7.532,0.224,True,0.5676219967181442,112.45742416831949,1500.0,1500.0,13.338381268229035,0.5647713477505885,0.005022090377112611,1508.4647936536112,0.1012932501052974,0.0751790461429364
23,2,0.4813479650610427,2.773176848760658,58.177057240875854,20.978487999016497,0.4054021174290577,0.14618689666698798,16.842105263157894,0.47500000000000003,0.05,0.09537780633092975,0.06880759692709215,0.09618689666698797,n500_eta1,500,1.0,0.05,10.0,8.0,1,7.79,0.252,,,,,,,,,,,
24,2,0.032060710098453994,0.4064320107961291,32.047802401824754,66.59072241509767,0.02971656826202834,0.07311571793722346,96.09609609609609,0.0208125,0.075,0.15929201841497848,0.15467440380349712,0.001884282062776535,n500_eta1,500,1.0,0.075,0.3,2.0,0,2.066,0.842,True,0.0267282587591261,0.311574851800064,25.888353931024238,25.888353931024238,83.08871457840462,0.02461654357236961,0.0790068371376966,486.3840993821532,0.06316370453319603,0.07290282240664636
25,2,0.030058951414606187,0.30595212369585106,25.972725545383497,79.70508432754,0.02713799381331065,0.08567300067099964,96.09609609609609,0.0208125,0.075,0.08121971921462627,0.1152534882724109,0.010673000670999647,n500_eta1,500,1.0,0.075,0.3,2.0,1,2.446,0.832,,,,,,,,,,,
26,2,0.027352502942160736,0.5413890717301917,166.1367125291369,311.5965662577793,0.026085272282736733,0.0540015390376033,384.38438438438436,0.0208125,0.075,0.09117307296745103,0.09807112347512208,0.0209984609623967,n500_eta1,500,1.0,0.075,0.3,8.0,0,7.802,0.822,True,0.02419114918599215,0.29787323485629735,109.49133583127892,109.49133583127892,367.5769522699839,0.02237408487234831,0.07511277367079394,618.364370277549,0.019417463611823647,0.03142103032115032
27,2,0.025752505959006324,0.6515249463172388,172.42286098936327,281.8343103384058,0.024790799654638023,0.044857310842837284,384.38438438438436,0.0208125,0.075,0.13477187340228303,0.07596628479179585,0.030142689157162714,n500_eta1,500,1.0,0.075,0.3,8.0,1,9.21,0.82,,,,,,,,,,,
28,2,0.11480078763791263,0.8299219094093712,14.53434322045306,19.754851145153076,0.09827935536402323,0.14391392789044993,14.414414414414415,0.13875,0.075,0.13687675770667992,0.14977069261066034,0.06891392789044994,n500_eta1,500,1.0,0.075,2.0,2.0,0,1.764,0.632,True,0.16769803950189274,1.7762026096330423,20.479736426193668,20.479736426193668,11.530067749661011,0.15323092542109168,0.08626883250258746,774.9645517808111,0.09696514469100516,0.04311343266850264
29,2,0.12673930199338912,1.4402326200078226,26.94091885591825,19.27125228931843,0.11585456116850552,0.08588291598332577,14.414414414414415,0.13875,0.075,0.1261129331354154,0.07831985525422781,0.010882915983325775,n500_eta1,500,1.0,0.075,2.0,2.0,1,1.858,0.652,,,,,,,,,,,
30,2,0.15534581711488993,2.0257617756240682,112.8401476151813,55.70257518578121,0.14480695646047873,0.06784129016243118,57.65765765765766,0.13875,0.075,0.014981721690967006,0.018556433877401312,0.007158709837568819,n500_eta1,500,1.0,0.075,2.0,8.0,0,8.728,0.492,True,0.1631250697623975,2.1601042327045312,125.42579829047025,125.42579829047025,58.06469724538823,0.1516712763909333,0.07021479523746649,1267.457849917181,0.0030551707323872614,0.038670349795849504
31,2,0.13524605407232845,1.8162949626287266,111.22857229450565,61.239267070104276,0.1267861330439384,0.06614946553480784,57.65765765765766,0.13875,0.075,0.02617298909362256,0.039161235660881775,0.008850534465192156,n500_eta1,500,1.0,0.075,2.0,8.0,1,7.43,0.528,,,,,,,,,,,
32,2,0.5935133671524289,1.3497763930529114,6.628355497016553,4.397091521674223,0.41224440551729324,0.3054168139545564,2.882882882882883,0.69375,0.075,0.18333850564625592,0.22604822549387235,0.23041681395455638,n500_eta1,500,1.0,0.075,10.0,2.0,0,2.05,0.342,True,0.8098454889684094,6.676658749341346,18.955757700169254,18.955757700169254,2.839108364200768,0.7222412219933927,0.10817405069034597,964.1131725651275,0.006645030369040498,0.017479276070516424
33,2,0.49760169081096617,1.593443553792446,7.485976620710742,5.171558519787172,0.3825782857421052,0.2400952859808286,2.882882882882883,0.69375,0.075,0.25379444385920014,0.2584826792894311,0.16509528598082862,n500_eta1,500,1.0,0.075,10.0,2.0,1,2.054,0.38,,,,,,,,,,,
34,2,0.5733470439900167,3.0825206811402452,55.803770650596725,17.447692801873508,0.4885060446134993,0.1594240849304238,11.531531531531533,0.69375,0.075,0.17985101523845162,0.15233305422528245,0.08442408493042379,n500_eta1,500,1.0,0.075,10.0,8.0,0,8.252,0.154,True,0.7009057187502731,8.623279913122847,109.78905135360317,109.78905135360317,12.731704462767928,0.6482181333704284,0.0751707169314978,1575.8436618679025,0.042999558057378165,0.029481820232809132
35,2,0.6172864682343173,2.53506887478129,45.828646369194786,18.077870319459702,0.49641095059654883,0.19994696201822715,11.531531531531533,0.69375,0.075,0.1952602758210214,0.14536164286246284,0.12494696201822715,n500_eta1,500,1.0,0.075,10.0,8.0,1,8.08,0.166,,,,,,,,,,,
36,2,0.031983631758377484,0.30554909128617613,20.826908662623374,77.70327856371796,0.028952954639938615,0.09475712893814954,74.07407407407408,0.027000000000000003,0.1,0.020773112033270213,0.030329125781665224,0.005242871061850465,n500_eta1,500,1.0,0.1,0.3,2.0,0,2.242,0.806,True,0.03121660643001753,0.2528107234338245,20.360821302218742,20.360821302218742,80.53780720084198,0.02778568125294474,0.10990705170865862,556.8848368211379,0.03633356941158247,0.012457285181508326
37,2,0.032200488642387205,0.30184452900675823,20.98518070839172,65.64613270220951,0.029096501413044495,0.09639565609749061,74.07407407407408,0.027000000000000003,0.1,0.052457085170301836,0.03247700804501132,0.0036043439025093965,n500_eta1,500,1.0,0.1,0.3,2.0,1,2.076,0.81,,,,,,,,,,,
38,2,0.03447861878687495,0.46571884166832034,99.8145823492466,214.32369365105785,0.03168208481342045,0.06957408318930042,296.2962962962963,0.027000000000000003,0.1,0.14065603754425576,0.06944998808843503,0.030425916810699588,n500_eta1,500,1.0,0.1,0.3,8.0,0,6.804,0.818,True,0.023664755190611796,0.2414984458629981,76.06690153948583,76.06690153948583,314.97884496796524,0.021552770435538767,0.08924600056335617,621.2017376741039,0.026555163267112953,0.09786066100637773
39,2,0.03808706263371687,0.6080556881304482,97.56290200584051,198.66216554724934,0.03584201022331827,0.05894527577485462,296.2962962962963,0.027000000000000003,0.1,0.1736110575781729,0.12302859521312733,0.04105472422514538,n500_eta1,500,1.0,0.1,0.3,8.0,1,8.234,0.764,,,,,,,,,,,
40,2,0.1944591329518621,1.2437440309645347,14.13598521719317,11.365713464688909,0.16837355404109958,0.13414427244833976,11.11111111111111,0.18000000000000002,0.1,0.009839212505323923,0.02899862599167286,0.03414427244833976,n500_eta1,500,1.0,0.1,2.0,2.0,0,1.92,0.574,True,0.22440731060033553,2.284664432721449,21.483288039026274,21.483288039026274,9.40325753372708,0.20433668440763642,0.08943837943160625,845.6468709618975,0.07247915995624463,0.055073837082776765
41,2,0.1295291261265551,0.8887512098128437,14.059658852553415,17.86948652622359,0.11305252933591696,0.13263256604305385,11.11111111111111,0.18000000000000002,0.1,0.2063545828161742,0.20199222179792622,0.03263256604305384,n500_eta1,500,1.0,0.1,2.0,2.0,1,2.04,0.576,,,,,,,,,,,
42,2,0.1852605825609585,1.565089628879282,84.81324549646781,56.4632812354127,0.16565223034292723,0.09663168553570975,44.44444444444444,0.18000000000000002,0.1,0.1039486306935487,0.0360752175016556,0.0033683144642902563,n500_eta1,500,1.0,0.1,2.0,8.0,0,7.28,0.462,True,0.19150308310849007,1.9022917568325082,80.98282442024146,80.98282442024146,42.57119031787498,0.1739877897566874,0.09146220033376645,1274.2307168413734,0.018701688388559082,0.014753733989455573
43,2,0.19808519231835423,1.5461393302904602,78.61748375557356,50.84760617324465,0.17162095131850935,0.1168096895441843,44.44444444444444,0.18000000000000002,0.1,0.05845302993802987,0.02070220010697431,0.016809689544184298,n500_eta1,500,1.0,0.1,2.0,8.0,1,8.776,0.452,,,,,,,,,,,
44,2,0.5889116324394723,1.245882462629116,6.171591524316365,4.666992810756022,0.3998893809755774,0.3179206198295285,2.2222222222222223,0.9,0.1,0.3222496456544157,0.35230263780128246,0.2179206198295285,n500_eta1,500,1.0,0.1,10.0,2.0,0,1.894,0.338,True,1.0115531915569913,299.99999999999994,563.6465122023963,563.6465122023963,1.8788217073413211,1.0081538540614703,0.003360512846871568,932.8072181198232,0.07290191697654289,0.049284305280419945
45,2,2.089583788054343,2.989495821764423,4.760159524547657,1.592295091999217,1.229908267541023,0.4114099302587825,2.2222222222222223,0.9,0.1,0.14476392976342595,0.13563021144202722,0.3114099302587825,n500_eta1,500,1.0,0.1,10.0,2.0,1,2.198,0.232,,,,,,,,,,,
46,2,0.6452568293020542,2.7267027292607047,41.061452995227015,13.993986953862183,0.5102824074189617,0.19775212737328232,8.88888888888889,0.9,0.1,0.19709398714510482,0.24643191365769312,0.09775212737328232,n500_eta1,500,1.0,0.1,10.0,8.0,0,7.562,0.144,True,0.8446422321985788,11.02294074755357,106.22376923595424,106.22376923595424,9.636608929384796,0.7845271690361304,0.07117222046306003,1541.7985475158405,0.03507675735153814,0.05963452116180563
47,2,0.7533444928138233,1.8138098056632626,29.217199767341434,16.981915236729478,0.5322717177221229,0.29345508887437355,8.88888888888889,0.9,0.1,0.2811391912668049,0.22810911890725466,0.19345508887437354,n500_eta1,500,1.0,0.1,10.0,8.0,1,7.95,0.104,,,,,,,,,,,
48,2,0.03467895525385376,0.25160966121993744,17.315712103190368,68.81974252989566,0.030458469167294264,0.10874124370512069,60.95238095238095,0.0328125,0.125,0.05272236858086146,0.03233124870022708,0.016258756294879315,n500_eta1,500,1.0,0.125,0.3,2.0,0,1.546,0.826,True,0.024730318242177883,0.19081008084424933,13.324578112230004,13.324578112230004,69.83162552667396,0.02189285184167186,0.11473634802105724,488.7895393500407,0.059061476665203755,0.17573698273488403
49,2,0.03640859632676008,0.3071383898298211,16.636156118639537,54.73791233724361,0.03255006768322602,0.1059785059798657,60.95238095238095,0.0328125,0.125,0.04670244518848561,0.003487424791412239,0.019021494020134297,n500_eta1,500,1.0,0.125,0.3,2.0,1,1.91,0.8,,,,,,,,,,,
50,2,0.043389163015805345,0.39966780544379416,83.84604184493111,184.3019754590607,0.039140004101190964,0.09675216347626661,243.8095238095238,0.0328125,0.125,0.12152067596927625,0.07658154607845286,0.02824783652373339,n500_eta1,500,1.0,0.125,0.3,8.0,0,9.086,0.73,True,0.03764696517695515,0.22761336584390138,62.014006125222416,62.014006125222416,272.4532713415081,0.03230393487317619,0.14192459547973305,861.9306247775345,0.04824136059552233,0.006783894715373829
51,2,0.0415290091157482,0.3974012497196935,76.10610254162299,185.88809571308252,0.03759977761844447,0.09050078520313751,243.8095238095238,0.0328125,0.125,0.11779908782912112,0.059145955577414866,0.03449921479686249,n500_eta1,500,1.0,0.125,0.3,8.0,1,7.786,0.754,,,,,,,,,,,
52,2,0.20757070877452216,0.7944016304618521,8.758690790138635,12.691067399379506,0.1652678558380936,0.2080406805585351,9.142857142857142,0.21875,0.125,0.1424162165857168,0.12175966904031443,0.08304068055853511,n500_eta1,500,1.0,0.125,2.0,2.0,0,1.99,0.524,True,0.26141591614905557,1.620323131268651,14.365771973013436,14.365771973013436,8.865992033185124,0.22509936029619698,0.13892251240032152,889.1505071074284,0.013354597255050643,0.012426199098143928
53,2,0.15877597176101416,0.8001893722722196,12.463315990845667,15.139232668519265,0.13578532625293505,0.16557008316195382,9.142857142857142,0.21875,0.125,0.2190219295515532,0.20709522158568255,0.04057008316195382,n500_eta1,500,1.0,0.125,2.0,2.0,1,1.67,0.608,,,,,,,,,,,
54,2,0.21828756190133725,1.2681834495423585,60.02120104324445,47.080818610793415,0.18623213713085898,0.14684952496270426,36.57142857142857,0.21875,0.125,0.10970208017073783,0.0698934345963705,0.02184952496270426,n500_eta1,500,1.0,0.125,2.0,8.0,0,7.476,0.408,True,0.23850539910401553,1.800705952353349,63.6176109304272,63.6176109304272,35.32926119741267,0.21060989657990895,0.11695962703108863,1358.1942087321152,0.01500736969806412,0.01646928682465446
55,2,0.2722341829926337,1.8203060392355073,65.81690284648127,38.44894708899987,0.23699097390203958,0.1365939673791861,36.57142857142857,0.21875,0.125,0.021742525999847558,0.03478374398163845,0.01159396737918611,n500_eta1,500,1.0,0.125,2.0,8.0,1,7.848,0.406,,,,,,,,,,,
56,2,0.6956545642469117,1.3052769539170301,5.442177842456777,4.180992582960699,0.45379957402634663,0.3476653538274241,1.8285714285714285,1.09375,0.125,0.3591674674833907,0.3820539821458287,0.22266535382742408,n500_eta1,500,1.0,0.125,10.0,2.0,0,2.034,0.286,True,1.0598537431875135,3.645832481161771,9.031986020827743,9.031986020827743,2.4773453161922667,0.8211446785804879,0.2252283073408859,954.5815948602227,0.13187461730921912,0.12449838324283442
57,2,0.7508522862014337,1.1294261251319777,5.13567156120424,3.993262711563807,0.4700952286068616,0.368618432218512,1.8285714285714285,1.09375,0.125,0.3392159531701318,0.36673222284089857,0.24361843221851198,n500_eta1,500,1.0,0.125,10.0,2.0,1,1.894,0.322,,,,,,,,,,,
58,2,1.0231548090244713,2.312772666210733,27.89435308045132,11.695694023818914,0.7385285309053364,0.30315793440029726,7.314285714285714,1.09375,0.125,0.2038540770324063,0.17055078835206058,0.17815793440029726,n500_eta1,500,1.0,0.125,10.0,8.0,0,8.0,0.06,True,1.3339006973905099,11.166267666935207,74.98691965023767,74.98691965023767,6.715486489033738,1.1915593289672801,0.10671061849033447,1555.11491910516,0.03709444128374541,0.037197605160399216
59,2,0.9827362117375827,2.700537072107889,29.28065362122283,10.842529778111128,0.7024551945907648,0.24542237835308123,7.314285714285714,1.09375,0.125,0.1709587026147327,0.19229943761347335,0.12042237835308123,n500_eta1,500,1.0,0.125,10.0,8.0,1,7.842,0.076,,,,,,,,,,,
60,2,0.03926698984608588,0.24172613947049795,14.626124428922928,49.26965198521001,0.03330454289450497,0.13530702726548904,52.287581699346404,0.03825,0.15,0.025819061515362215,0.06012796215601297,0.01469297273451095,n500_eta1,500,1.0,0.15,0.3,2.0,0,1.934,0.768,True,0.03305969271907899,0.17398825889521027,12.113326349260486,12.113326349260486,69.62151599296195,0.02778099629074642,0.15967167248612085,602.3765886113116,0.12434491954223574,0.1388836230047088
61,2,0.04606204071047178,0.2783642904204641,12.592401018535028,46.73536782975323,0.038990787008311885,0.14362869223824926,52.287581699346404,0.03825,0.15,0.04875289102934983,0.008330561790105674,0.0063713077617507385,n500_eta1,500,1.0,0.15,0.3,2.0,1,2.088,0.738,,,,,,,,,,,
62,2,0.04874123489649166,0.4157295529089479,64.21986289086786,148.12424819315916,0.0442146989529889,0.09663931299740926,209.15032679738562,0.03825,0.15,0.14983238841068355,0.06293523286726399,0.05336068700259074,n500_eta1,500,1.0,0.15,0.3,8.0,0,8.074,0.686,True,0.05156386376460176,0.2904926611524578,54.01184262522905,54.01184262522905,185.9318662679822,0.04379078577119376,0.15074661644622844,929.680863818924,0.05110471900886324,0.05875129864680887
63,2,0.044253338291789325,0.3241774665562897,63.674029043484225,186.9308512518702,0.03883501728272838,0.12243869543433385,209.15032679738562,0.03825,0.15,0.048777563818857464,0.006592063274816689,0.027561304565666148,n500_eta1,500,1.0,0.15,0.3,8.0,1,9.026,0.722,,,,,,,,,,,
64,2,0.24727783662907085,0.684056379973441,8.371237800523003,10.651813800990702,0.18162328706144729,0.25675892000641437,7.843137254901961,0.255,0.15,0.13293375091943,0.14736864905778407,0.10675892000641438,n500_eta1,500,1.0,0.15,2.0,2.0,0,1.946,0.492,True,0.29074103605174667,1.1483891718199535,9.596834762995842,9.596834762995842,8.35677921604476,0.23200392555119423,0.20202552518282385,903.5893086865907,0.027549113140321806,0.041044847134439816
65,2,0.27052740827503047,0.9609722611472413,9.604002911611273,11.064772938698413,0.21109980106963186,0.21967314729523382,7.843137254901961,0.255,0.15,0.14945269092460778,0.08205235638447914,0.06967314729523383,n500_eta1,500,1.0,0.15,2.0,2.0,1,1.858,0.484,,,,,,,,,,,
66,2,0.3000199433058739,1.7404238763758946,62.16121238035553,41.73478219046893,0.2559060277385743,0.1470366105706677,31.372549019607845,0.255,0.15,0.12394834474700278,0.0015403351631571242,0.0029633894293323026,n500_eta1,500,1.0,0.15,2.0,8.0,0,8.432,0.336,True,0.2935681187874445,1.7201279150608793,58.0763196321107,58.0763196321107,33.762791199197096,0.250770080295161,0.14578571634091858,1468.5434335508626,0.0318885363808452,0.007264461424575505
67,2,0.3205829682591019,1.601797636452465,54.94550991859729,34.302404166537706,0.26712142204607375,0.16676352615781928,31.372549019607845,0.255,0.15,0.03877475312531696,0.020168537626131803,0.016763526157819286,n500_eta1,500,1.0,0.15,2.0,8.0,1,8.05,0.336,,,,,,,,,,,
68,2,2.3437301330260647,3.056922433004027,4.56218667466178,1.4924116573604176,1.3266176879475589,0.4217563498891909,1.5686274509803921,1.275,0.15,0.021631178199076537,0.017235598729704375,0.27175634988919095,n500_eta1,500,1.0,0.15,10.0,2.0,0,2.104,0.224,True,1.701709391016691,6.144745211898184,9.70277398251077,9.70277398251077,1.579036013360344,1.332649095886884,0.21687621698397694,953.5790066863179,0.0028722242601477124,0.019205624222170446
69,2,1.0847947790596146,1.8911797040408402,5.000570771006834,2.4922474152242566,0.6789579893489431,0.36451750013980116,1.5686274509803921,1.275,0.15,0.20107134335833812,0.27366728170947185,0.21451750013980117,n500_eta1,500,1.0,0.15,10.0,2.0,1,1.956,0.256,,,,,,,,,,,
70,2,1.3523013532208261,2.0523336735776936,22.626594105143656,10.390607055632273,0.8141076703873663,0.39667412802723634,6.2745098039215685,1.275,0.15,0.21906111908013007,0.19482833815745648,0.24667412802723634,n500_eta1,500,1.0,0.15,10.0,8.0,0,7.946,0.058,True,1.353990223447101,3.0688750365736825,25.969003669447257,25.969003669447257,8.462059666802517,0.9394875385559688,0.30613417860275005,1523.77433108993,0.1298962810365689,0.13261916081482533
71,2,1.0530270821471834,2.3715733739127094,29.8166815754056,12.59253702291388,0.7292328030880738,0.297721030008774,6.2745098039215685,1.275,0.15,0.3025334341649217,0.24264398847365545,0.14772103000877398,n500_eta1,500,1.0,0.15,10.0,8.0,1,8.174,0.05,,,,,,,,,,,
72,2,0.0658134807160732,0.29189695076300654,11.107835143995029,37.93474880952542,0.05410304393629079,0.1853498085364293,46.176046176046185,0.04331249999999999,0.175,0.08537953104277525,0.09660844804062436,0.010349808536429306,n500_eta1,500,1.0,0.175,0.3,2.0,0,2.184,0.698,True,0.058678450287429365,0.24933793950309066,11.340001224228498,11.340001224228498,45.48044812926648,0.0474999525117883,0.19050431156386255,730.1838805017215,0.006592008468374231,0.040079923482066696
73,2,0.05093760410429984,0.3142581190776284,12.862200204722221,38.67878245081221,0.04383281248932843,0.13948028651727784,46.176046176046185,0.04331249999999999,0.175,0.07694394901109937,0.005186085670662067,0.03551971348272215,n500_eta1,500,1.0,0.175,0.3,2.0,1,2.124,0.718,,,,,,,,,,,
74,2,0.05752115810407442,0.35340947223942604,51.27454937379612,145.0853850885437,0.04946947398681071,0.13611805516210135,184.70418470418474,0.04331249999999999,0.175,0.1048530682570013,0.057724040542116876,0.03888194483789864,n500_eta1,500,1.0,0.175,0.3,8.0,0,8.046,0.654,True,0.057898934656894774,0.27000211669554747,45.98055852058118,45.98055852058118,170.29702982820885,0.0476754644344703,0.17657440992667783,990.1168503605893,0.03526966159176983,0.041681680498295785
75,2,0.05622470830145364,0.38632424969802404,59.363451436035646,141.35567636921033,0.049771935838531976,0.12544383148641391,184.70418470418474,0.04331249999999999,0.175,0.11616348205256626,0.060371280643525004,0.049556168513586074,n500_eta1,500,1.0,0.175,0.3,8.0,1,8.518,0.67,,,,,,,,,,,
76,2,0.29213144932330876,0.6967066230411143,6.968689799512114,10.230983488932875,0.20444661460861063,0.3001554092098288,6.926406926406927,0.28874999999999995,0.175,0.16940938102526332,0.14994206934744558,0.12515540920982882,n500_eta1,500,1.0,0.175,2.0,2.0,0,2.006,0.462,True,0.3397297200079251,1.3766889903065933,10.127799294352522,10.127799294352522,7.356635642228117,0.2724872214479355,0.1979293968111503,925.8214615975565,0.02617124417333525,0.025175852470198115
77,2,0.2596067129695915,0.8271637067032248,7.9018928473923475,9.56568708950843,0.18588838001996696,0.2512758930169779,6.926406926406927,0.28874999999999995,0.175,0.14020816746623949,0.19126975025543685,0.0762758930169779,n500_eta1,500,1.0,0.175,2.0,2.0,1,1.898,0.486,,,,,,,,,,,
78,2,0.38224260071133703,1.8726025001228326,51.931362238000695,27.73218674790527,0.32396581628425486,0.1923695891553323,27.70562770562771,0.28874999999999995,0.175,0.00041612197385209584,0.04997719452144429,0.01736958915533232,n500_eta1,500,1.0,0.175,2.0,8.0,0,7.934,0.274,True,0.36758008791864644,1.9026086734520433,49.27907222267612,49.27907222267612,25.900792375378728,0.3080629573022918,0.16191609005090385,1489.6869401380611,0.029254943562974575,0.02811748728503239
79,2,0.323441388817102,1.0540327262131979,45.62368429444417,39.69345120261843,0.2474948930837614,0.20930564335171334,27.70562770562771,0.28874999999999995,0.175,0.15615086679808438,0.06695575095758043,0.03430564335171335,n500_eta1,500,1.0,0.175,2.0,8.0,1,8.66,0.292,,,,,,,,,,,
80,2,1.1690066080828139,1.7288666702197988,4.821511489578018,2.788827833071151,0.6974275159350241,0.3849293406528996,1.3852813852813852,1.4437499999999999,0.175,0.3038837057073818,0.3159929194342781,0.2099293406528996,n500_eta1,500,1.0,0.175,10.0,2.0,0,1.908,0.24,True,2.553094001619121,299.9999997373951,226.1088095590457,226.1088095590457,0.7536960325232333,2.5315497202483734,0.008438499074881214,911.9163717158552,0.2643417692881226,0.24389446421899574
81,2,1.0239940421439204,1.5682291398642798,4.492764425613217,2.8700187181925925,0.6071850652034988,0.40704238480504756,1.3852813852813852,1.4437499999999999,0.175,0.31634673077356334,0.3761709164625583,0.23204238480504757,n500_eta1,500,1.0,0.175,10.0,2.0,1,1.942,0.244,,,,,,,,,,,
82,2,1.6745030985543208,3.0183063831963413,23.968515780795414,7.739721540961543,1.0868335510634937,0.376781678816803,5.541125541125541,1.4437499999999999,0.175,0.14512734619858014,0.12332896040826519,0.20178167881680303,n500_eta1,500,1.0,0.175,10.0,8.0,0,8.222,0.036,True,1.8277382863571867,10.025423372772881,53.33103682456715,53.33103682456715,5.319579517150764,1.5459040096059926,0.15419837667946973,1536.2917993794244,0.01772068464079776,0.029690526374104974
83,2,1.2557461735052615,2.123813682638208,22.354093027549467,10.525449200318336,0.8156358428487587,0.3810109753272129,5.541125541125541,1.4437499999999999,0.175,0.27864264976923453,0.24799569478264596,0.2060109753272129,n500_eta1,500,1.0,0.175,10.0,8.0,1,7.834,0.05,,,,,,,,,,,
84,2,0.07501682679445579,0.29746622477922996,9.864633262849523,34.7864042240864,0.05480760948539917,0.2271543002892344,41.66666666666667,0.048,0.2,0.0783792190592056,0.05759962271630367,0.02715430028923438,n500_eta1,500,1.0,0.2,0.3,2.0,0,2.07,0.696,True,0.05146210362327533,0.19312226073843541,9.796490432741365,9.796490432741365,50.726883556990465,0.04063415018379814,0.21040635102564892,719.633918740236,0.08544942365099775,0.07235005595799196
85,2,0.04623144396768231,0.30916982187747455,12.24028058971561,39.31636651640017,0.04021754751671086,0.13008238408420492,41.66666666666667,0.048,0.2,0.025215383278652123,0.07682565377110226,0.0699176159157951,n500_eta1,500,1.0,0.2,0.3,2.0,1,1.862,0.718,,,,,,,,,,,
86,2,0.06443167371278487,0.3093617045955632,43.00236973594747,139.00353242546814,0.05261891981147657,0.1833376850330734,166.66666666666669,0.048,0.2,0.07882291271912772,0.039900691042848796,0.016662314966926606,n500_eta1,500,1.0,0.2,0.3,8.0,0,8.704,0.622,True,0.05846975117590055,0.2105822249091548,40.31891653717647,40.31891653717647,191.46400677725794,0.0457632405145889,0.21731767975350802,1046.299168755409,0.06023839355917539,0.020724467924181006
87,2,0.06641420614582416,0.3082547651313402,45.348384193188764,147.19861519657553,0.05276831721258169,0.17118410867095057,166.66666666666669,0.048,0.2,0.053945025316742674,0.04113200732374772,0.028815891329049437,n500_eta1,500,1.0,0.2,0.3,8.0,1,8.272,0.62,,,,,,,,,,,
88,2,0.3047778644557922,0.8733572795395907,8.897252016163666,8.145110118302942,0.22553366626144822,0.2265175467533114,6.25,0.32000000000000006,0.2,0.11501694281034176,0.15193859849063754,0.02651754675331139,n500_eta1,500,1.0,0.2,2.0,2.0,0,1.838,0.486,True,0.34923244069955145,1.9115246047301289,11.874561498732646,11.874561498732646,6.212089276459567,0.29528445107212764,0.15447588293733536,890.528793986607,0.0026423288202094305,0.034909399595140354
89,2,0.4545616989342993,1.024323122865926,6.6953229365180125,6.53633876562832,0.3148440312078071,0.3073678843907316,6.25,0.32000000000000006,0.2,0.019454535395460743,0.0070545139296705455,0.10736788439073158,n500_eta1,500,1.0,0.2,2.0,2.0,1,1.88,0.398,,,,,,,,,,,
90,2,0.41227866215468173,2.172802806026748,47.49188886649815,21.857431670637077,0.3401041011731225,0.16261808229660688,25.0,0.32000000000000006,0.2,0.05834087927427054,0.026461890619924374,0.037381917703393136,n500_eta1,500,1.0,0.2,2.0,8.0,0,7.674,0.254,True,0.43668770066627005,2.4683676696041377,51.02408667642314,51.02408667642314,20.67118578190018,0.37104483896224566,0.15031992337744063,1501.333399580031,0.0825746184615325,0.06427641684016022
91,2,0.32446287085445186,1.0034143604369066,35.49829496085408,34.78504544256045,0.24566954106363456,0.24434703992846707,25.0,0.32000000000000006,0.2,0.14345256637653558,0.11479866379338403,0.04434703992846706,n500_eta1,500,1.0,0.2,2.0,8.0,1,7.172,0.286,,,,,,,,,,,
92,2,2.493672954969526,3.5886958083670515,4.727389678040988,1.3173001921809784,1.4713073194247246,0.3963025722922327,1.25,1.6,0.2,0.022774742175238026,0.03641658716130384,0.1963025722922327,n500_eta1,500,1.0,0.2,10.0,2.0,0,1.92,0.218,True,2.8092362531066937,299.99999999999994,206.96096202860258,206.96096202860258,0.6898698734286755,2.78317427288634,0.009277247576287801,909.826564709146,0.25814283325839643,0.24042041856968893
93,2,2.941862267194067,3.521637596213763,4.471671039373673,1.252122596439788,1.643952734376573,0.4497521610176163,1.25,1.6,0.2,0.0007368401081141735,0.011769344237567791,0.24975216101761627,n500_eta1,500,1.0,0.2,10.0,2.0,1,2.104,0.174,,,,,,,,,,,
94,2,1.59195637105121,3.180862730570192,24.367591606009487,7.660686320041678,1.0609651406336171,0.34713726592106864,5.0,1.6,0.2,0.1852976754342765,0.17841886782071925,0.14713726592106863,n500_eta1,500,1.0,0.2,10.0,8.0,0,7.884,0.036,True,2.050611544444932,15.66374990995941,68.10156690792965,68.10156690792965,4.347717966604469,1.8132330921064577,0.11575983417314126,1510.9552333867973,0.060708640384522075,0.05433365382166074
95,2,1.5312421885338856,3.2851036302575283,21.589312138728975,7.397295673752125,1.0444202849243127,0.36379142033442247,5.0,1.6,0.2,0.17010297368894717,0.18524468447519882,0.16379142033442246,n500_eta1,500,1.0,0.2,10.0,8.0,1,7.772,0.028,,,,,,,,,,,
96,2,0.06308699445829277,0.281048745452014,10.62947202675453,34.88633797593435,0.05304165659268878,0.16927952660617512,38.23178016726404,0.0523125,0.225,0.03976913644212026,0.006011604121004677,0.05572047339382488,n500_eta1,500,1.0,0.225,0.3,2.0,0,1.906,0.702,True,0.057478251651970104,0.24052312490415081,9.934298050859502,9.934298050859502,41.302881187903864,0.04639189543728656,0.19287914813086626,696.7494222020812,0.033555827706600184,0.05216335845259599
97,2,0.061418383089566445,0.29588411144711674,9.85340156293447,32.92720770651873,0.049284479050711656,0.193387207241743,38.23178016726404,0.0523125,0.225,0.06486961709934405,0.02589530502404814,0.03161279275825701,n500_eta1,500,1.0,0.225,0.3,2.0,1,1.824,0.694,,,,,,,,,,,
98,2,0.06151794935058322,0.25067285627148544,37.90799697583083,144.58726828346107,0.048308802177567306,0.18854695658251652,152.92712066905617,0.0523125,0.225,0.024354459067288423,0.034579206100082076,0.03645304341748348,n500_eta1,500,1.0,0.225,0.3,8.0,0,7.902,0.62,True,0.05831462406416793,0.1963107445290436,34.11616320848454,34.11616320848454,173.78653058613992,0.04495933508203195,0.22902126518795993,1042.4697059072444,0.055531601546648365,0.06578559564865682
99,2,0.06326276241313437,0.3181049486507708,38.93038541968552,123.34979714326386,0.05287839456031075,0.16414660784189314,152.92712066905617,0.0523125,0.225,0.09334607205368993,0.004672785735893295,0.06085339215810687,n500_eta1,500,1.0,0.225,0.3,8.0,1,7.168,0.598,,,,,,,,,,,
100,2,0.37683733878484277,0.9578068598047098,6.778662790676675,7.3835960872041735,0.2651843589307865,0.2725354106283483,5.734767025089606,0.34875,0.225,0.1097521516073154,0.11896631129391638,0.04753541062834829,n500_eta1,500,1.0,0.225,2.0,2.0,0,2.116,0.396,True,0.4907916540563265,2.1710142809660042,11.480092041995878,11.480092041995878,5.287893378982173,0.4002980367260593,0.1843829588020695,966.4886919247779,0.03523308959659711,0.05986924381813062
101,2,0.3357836917540129,0.6504046931591209,6.6570533151209395,10.23524796967032,0.2244038716303577,0.34048635827686174,5.734767025089606,0.34875,0.225,0.2515825894095497,0.19148387076885182,0.11548635827686174,n500_eta1,500,1.0,0.225,2.0,2.0,1,2.206,0.398,,,,,,,,,,,
102,2,0.40793407262964965,1.7842692688185202,44.73745214428252,28.649415742133222,0.32619893529242816,0.1906739903874414,22.939068100358423,0.34875,0.225,0.09653999895944246,0.02903167710461315,0.034326009612558606,n500_eta1,500,1.0,0.225,2.0,8.0,0,7.154,0.26,True,0.42979580583622695,2.0309575185351565,41.00669286596484,41.00669286596484,20.190817627510608,0.35472756031771246,0.17466025610105446,1470.8416142521844,0.05542186464796278,0.00738071571697858
103,2,0.3160072032739733,0.8587361545624691,29.47894417981156,34.328290503654465,0.23100093202766958,0.26766156035673877,22.939068100358423,0.34875,0.225,0.17507640605320585,0.17890048412259493,0.042661560356738765,n500_eta1,500,1.0,0.225,2.0,8.0,1,7.464,0.25,,,,,,,,,,,
104,2,2.929310748491656,3.5827042728225087,4.602037974940599,1.2662362008435462,1.5915371586049438,0.40658367130881146,1.146953405017921,1.7437500000000001,0.225,0.0429689505045301,0.03966743779970742,0.18158367130881145,n500_eta1,500,1.0,0.225,10.0,2.0,0,2.056,0.198,True,3.073851456575267,299.9999986161565,202.71678167761522,202.71678167761522,0.6757226087090318,3.042675679533393,0.01014225231189561,931.9666074205439,0.22977732500795234,0.24177144252083618
105,2,2.5687095171637764,3.253848316227062,4.461289142641671,1.3710808584386238,1.4354844342408681,0.43583702109646144,1.146953405017921,1.7437500000000001,0.225,0.07751729268135799,0.08448573305714341,0.21083702109646144,n500_eta1,500,1.0,0.225,10.0,2.0,1,1.88,0.228,,,,,,,,,,,
106,2,1.7780735084633186,2.812543376376839,21.41573742889309,6.971598184055201,1.0893762198833028,0.38732779342470225,4.587813620071684,1.7437500000000001,0.225,0.18172658173144024,0.20430632984044633,0.16232779342470224,n500_eta1,500,1.0,0.225,10.0,8.0,0,7.996,0.028,True,2.169581818678519,5.120267737499537,26.86316185824437,26.86316185824437,5.246436951237025,1.5238777843680724,0.29761681663784484,1482.6234030698834,0.05825869174596939,0.058534082815477825
107,2,1.8944611931869968,3.0406299621336754,21.408967676735184,7.617318248493805,1.1830969026501386,0.39969456727686825,4.587813620071684,1.7437500000000001,0.225,0.22019633424700408,0.16846390324019583,0.17469456727686825,n500_eta1,500,1.0,0.225,10.0,8.0,1,8.324,0.02,,,,,,,,,,,
108,2,0.10319570186617813,0.3600343404731007,9.34297346653467,25.614869067924467,0.08043793897354208,0.23149799015363237,35.55555555555556,0.056249999999999994,0.25,0.14241532858714517,0.1553384075445251,0.01850200984636763,n500_eta1,500,1.0,0.25,0.3,2.0,0,1.878,0.636,True,0.08949151269822035,0.29544169102774753,8.041951240670423,8.041951240670423,27.220096164136606,0.06868600471009388,0.23248582307783697,776.9170133157947,0.11601781371935953,0.08674572852413039
109,2,0.09035312427252826,0.3042239436777131,8.586203997159865,28.646687709896334,0.0696634093121129,0.2289872666495721,35.55555555555556,0.056249999999999994,0.25,0.09383305522902304,0.09288219813649033,0.021012733350427887,n500_eta1,500,1.0,0.25,0.3,2.0,1,1.846,0.648,,,,,,,,,,,
110,2,0.06767441010676012,0.2582094619716923,34.038854288407244,134.79633806276715,0.05267703668031623,0.20400893243056775,142.22222222222223,0.056249999999999994,0.25,0.02328936608591394,0.028501190819860196,0.04599106756943225,n500_eta1,500,1.0,0.25,0.3,8.0,0,7.934,0.582,True,0.07144374642449113,0.22083879100676373,32.212677504281494,32.212677504281494,145.86512341165144,0.053980476302281026,0.24443385175309956,1101.0657703390523,0.010984003579873287,0.017885814503995952
111,2,0.055307075750071225,0.2243008294375976,31.209855797532963,138.452563638957,0.046111357322678306,0.19583385320903174,142.22222222222223,0.056249999999999994,0.25,0.01166645849499115,0.08631462058929273,0.05416614679096826,n500_eta1,500,1.0,0.25,0.3,8.0,1,7.116,0.616,,,,,,,,,,,
112,2,0.46325844971409796,0.8610452460030721,6.461909189614372,6.956853467785976,0.30120469125555244,0.3150771853269588,5.333333333333333,0.375,0.25,0.11541412797246232,0.09516953602065806,0.06507718532695878,n500_eta1,500,1.0,0.25,2.0,2.0,0,2.128,0.388,True,0.4461798918383423,1.248188451426261,8.083538081304008,8.083538081304008,6.476216049000641,0.32868684690968963,0.2633311072010887,967.4497039344855,0.08432260061383508,0.057248942498651006
113,2,0.4034032117703121,0.8548048842799081,6.426892655313024,7.354050579975276,0.2779879362830544,0.3165674193495702,5.333333333333333,0.375,0.25,0.1395278846143424,0.13000531828223533,0.06656741934957022,n500_eta1,500,1.0,0.25,2.0,2.0,1,1.858,0.402,,,,,,,,,,,
114,2,0.45423117922718587,1.111014751948153,30.137008691485946,26.136949032105353,0.32241421674692555,0.2901979619816708,21.333333333333332,0.375,0.25,0.08819617171355047,0.06561708410269147,0.040197961981670804,n500_eta1,500,1.0,0.25,2.0,8.0,0,8.556,0.174,True,0.5265929149967424,1.4435958691254163,32.14428274811807,32.14428274811807,22.266815412538044,0.3858449316767984,0.267280434870292,1574.4236544865773,0.018599389657618592,0.012381532156282375
115,2,0.42956788530075796,0.9732499734133673,27.080881645073095,27.095484860654796,0.2980265259321861,0.30621786187874434,21.333333333333332,0.375,0.25,0.10383820764435527,0.09977634743237891,0.056217861878744335,n500_eta1,500,1.0,0.25,2.0,8.0,1,7.828,0.2,,,,,,,,,,,
116,2,2.1767907659358756,2.8482229247074167,4.491257753945348,1.4973756487808787,1.2338245711398783,0.4159451389693475,1.0666666666666667,1.875,0.25,0.1473020424923744,0.181747857262758,0.16594513896934748,n500_eta1,500,1.0,0.25,10.0,2.0,0,2.006,0.224,True,1.3441691559381985,1.349602465696014,4.020141034163294,4.020141034163294,2.9787594023770816,0.6734401656760265,0.49899150512348944,920.1690377691946,0.4460067025957424,0.4447022568170499
117,2,2.876435551770248,3.598715695189373,4.460449526804807,1.2394559350068601,1.598645865023892,0.4442267743353278,1.0666666666666667,1.875,0.25,0.06520236779117787,0.06924900337667676,0.1942267743353278,n500_eta1,500,1.0,0.25,10.0,2.0,1,1.916,0.2,,,,,,,,,,,
118,2,1.8868402339667818,2.6486089837446123,21.20521359265929,8.006169926479403,1.1018758572049374,0.4036348796653783,4.266666666666667,1.875,0.25,0.2733360885962097,0.23086860456057468,0.1536348796653783,n500_eta1,500,1.0,0.25,10.0,8.0,0,8.144,0.02,True,1.9393325393472174,3.2777814741903084,21.91526870432608,21.91526870432608,6.686006641043599,1.2184338416358502,0.37172515960260377,1486.7663977544962,0.19507808870243246,0.1871993191687778
119,2,2.0258665749850158,2.596953399025671,20.00582827809435,7.703576154119734,1.1380674820688288,0.4190644535290586,4.266666666666667,1.875,0.25,0.2566036652382852,0.2168332576134586,0.16906445352905858,n500_eta1,500,1.0,0.25,10.0,8.0,1,8.06,0.024,,,,,,,,,,,
120,2,0.13001254068737225,0.28011905519275526,7.742223388774459,27.121191667518904,0.08879830382831769,0.308729381299322,31.746031746031747,0.063,0.3,0.06838067829938259,0.1490641207727969,0.008729381299321992,n500_eta1,500,1.0,0.3,0.3,2.0,0,2.3,0.552,True,0.08072600410460437,0.15002975014789297,6.583858728494278,6.583858728494278,43.883687881931344,0.05248537470055528,0.34983311409115475,875.7157130057559,0.14061367131288327,0.07930224741384809
121,2,0.11308244797500323,0.30968495541275187,7.535869614990844,25.083590492975485,0.08283498817193344,0.2934213020315461,31.746031746031747,0.063,0.3,0.10229974420805898,0.11887326511454083,0.006578697968453895,n500_eta1,500,1.0,0.3,0.3,2.0,1,1.842,0.612,,,,,,,,,,,
122,2,0.0765969302454251,0.21356007514700198,27.85437286542264,127.41944743268853,0.05768800125784111,0.26125891265796153,126.98412698412699,0.063,0.3,0.0014862798498315565,0.038255057431267316,0.03874108734203846,n500_eta1,500,1.0,0.3,0.3,8.0,0,7.946,0.536,True,0.07714285831099864,0.18372639664010013,27.151166039015852,27.151166039015852,147.78043076848675,0.05433058559029662,0.2957146419015896,1155.3902064647405,0.06586749062094001,0.0642961634468457
123,2,0.09346803698417058,0.21881702799182548,28.07042082400218,130.03783490284732,0.06549271918168202,0.29930357697815313,126.98412698412699,0.063,0.3,0.010320292452337893,0.016852472752348135,0.0006964230218468592,n500_eta1,500,1.0,0.3,0.3,8.0,1,8.584,0.504,,,,,,,,,,,
124,2,0.4089704088583326,0.8439823905721447,5.8971755264715116,7.2234850948223635,0.27548030819550046,0.3415527313243674,4.761904761904763,0.42,0.3,0.1809660757205383,0.1831587302143902,0.04155273132436743,n500_eta1,500,1.0,0.3,2.0,2.0,0,1.866,0.39,True,0.49391641896402694,1.4014469149832784,7.180697808112921,7.180697808112921,5.12377438727217,0.3652057783428495,0.2605919456800881,918.597100751329,0.03180929314460118,0.060711650006172756
125,2,0.6296384108009907,1.2949679122040134,5.925138545605439,4.176381068488511,0.43609637669701207,0.3433524545338407,4.761904761904763,0.42,0.3,0.05698058682567626,0.016333187958555255,0.043352454533840734,n500_eta1,500,1.0,0.3,2.0,2.0,1,2.088,0.326,,,,,,,,,,,
126,2,0.5478439881356013,1.0769355439094739,24.8415506234241,23.174229553099686,0.36312167386656946,0.337180508081636,19.04761904761905,0.42,0.3,0.08516460797440567,0.06319711870965142,0.03718050808163603,n500_eta1,500,1.0,0.3,2.0,8.0,0,7.668,0.166,True,0.5792486242642974,1.3765598644759995,25.91953398880828,25.91953398880828,18.82920943556261,0.4076934998010685,0.2961683761979076,1527.7899068589745,0.005008610511544506,0.012915503211212995
127,2,0.49720528658962854,0.9830751411390697,24.8818707538558,25.978946870802783,0.3208895135852519,0.35461363295982,19.04761904761905,0.42,0.3,0.1347808451595438,0.11689376546965388,0.054613632959820024,n500_eta1,500,1.0,0.3,2.0,8.0,1,8.186,0.158,,,,,,,,,,,
128,2,2.794869148590835,3.4998276612098844,4.469183977946902,1.2769725856735223,1.5539366948493256,0.44400377540651026,0.9523809523809524,2.1,0.3,0.12737087290460425,0.13078597244252488,0.14400377540651027,n500_eta1,500,1.0,0.3,10.0,2.0,0,1.864,0.212,True,2.2235714510479787,2.2150433518142907,3.7208470214390372,3.7208470214390372,1.6798077646613,1.1096496043657054,0.5009606712468255,878.2610667875973,0.2464488834602608,0.2770334320861533
129,2,3.06332594074831,3.771053964704353,4.518206348664067,1.2140416868642738,1.6902729426592333,0.4482229526491937,0.9523809523809524,2.1,0.3,0.10542289854747261,0.09426245525655313,0.14822295264919372,n500_eta1,500,1.0,0.3,10.0,2.0,1,2.0,0.192,,,,,,,,,,,
130,2,2.4855213566123946,3.0774415591813193,18.759085121160968,6.095675502007381,1.3749950943148366,0.4230043971352032,3.8095238095238098,2.1,0.3,0.20415114739920903,0.18391814603367201,0.12300439713520323,n500_eta1,500,1.0,0.3,10.0,8.0,0,7.802,0.016,True,2.7396797915485678,4.109451615175419,19.49784236628792,19.49784236628792,4.744633637803671,1.6437969832773025,0.4000039755200121,1426.1195596720056,0.09533199126546023,0.10637111564596125
131,2,2.19747946883763,3.079317931090369,20.84663320187903,6.76988660099068,1.2823569712354288,0.41644188743490784,3.8095238095238098,2.1,0.3,0.24971070183679975,0.2142103576496301,0.11644188743490785,n500_eta1,500,1.0,0.3,10.0,8.0,1,8.174,0.02,,,,,,,,,,,
132,2,0.16121621950163978,0.31388566399259404,6.972657419231591,22.21400407568823,0.11314931800391537,0.3200584237206209,29.304029304029303,0.06824999999999999,0.35,0.12030049273795175,0.21954928491972264,0.0299415762793791,n500_eta1,500,1.0,0.35,0.3,2.0,0,2.322,0.516,True,0.10059258865719312,0.16727717614932366,6.17347710570184,6.17347710570184,36.905675046731716,0.06281725817126033,0.3755279687121518,907.6200116354521,0.10016581352425259,0.03602367919119553
133,2,0.1421900237414404,0.32794879072376565,7.001442290250725,21.387250366721528,0.10206324706742922,0.3004152218351063,29.304029304029303,0.06824999999999999,0.35,0.1367723864838799,0.17476672526396642,0.04958477816489365,n500_eta1,500,1.0,0.35,0.3,2.0,1,1.876,0.554,,,,,,,,,,,
134,2,0.12321011582463458,0.24061527234270494,23.469477233729506,97.53943299285783,0.0852711872989141,0.3354000880709398,117.21611721611721,0.06824999999999999,0.35,0.07980710461647483,0.09669965434189084,0.014599911929060183,n500_eta1,500,1.0,0.35,0.3,8.0,0,8.442,0.432,True,0.11906778306832957,0.20610950591823055,22.82692319902986,22.82692319902986,110.7514333088836,0.07546960618152754,0.36616266603185427,1316.2543705257403,0.024637975850308767,0.04366942803194079
135,2,0.1035203306488667,0.2101280289056714,23.19531738239865,109.06988203951344,0.06935321792150911,0.3162887035991494,117.21611721611721,0.06824999999999999,0.35,0.03128248783845196,0.006963961003390996,0.03371129640085058,n500_eta1,500,1.0,0.35,0.3,8.0,1,8.0,0.48,,,,,,,,,,,
136,2,0.4973789586117145,0.9746745757475895,5.408424810463967,5.475859497942044,0.3293240457329205,0.3348371288773941,4.395604395604396,0.45499999999999996,0.35,0.09543369727552005,0.14038795459426623,0.015162871122605892,n500_eta1,500,1.0,0.35,2.0,2.0,0,1.878,0.344,True,0.5998649469432875,1.11165561213125,5.360843452469711,5.360843452469711,4.822395887690415,0.3896203473891655,0.35048655639149884,922.214377933376,0.040244261282172435,0.06736976742361481
137,2,0.615679318035502,1.0395366575636191,5.208708682885664,5.158554255151407,0.3775526932280977,0.3663645009390292,4.395604395604396,0.45499999999999996,0.35,0.06950940359186104,0.0810338240529902,0.016364500939029247,n500_eta1,500,1.0,0.35,2.0,2.0,1,1.974,0.312,,,,,,,,,,,
138,2,0.6530623770325414,1.24158841051083,22.39514192738926,20.851339052107026,0.4279599618015076,0.3552414478174198,17.582417582417584,0.45499999999999996,0.35,0.07405535982710865,0.02660825657393535,0.005241447817419809,n500_eta1,500,1.0,0.35,2.0,8.0,0,7.984,0.116,True,0.7041258225266924,1.3903737421645017,23.77432424003329,23.77432424003329,17.099232759547064,0.4674138258727379,0.3361785480392336,1547.5411677451857,0.012101966245039874,0.01169015780780685
139,2,0.8315051585437291,1.7146056716028648,24.368907419460193,14.212543340463471,0.5436971518051545,0.3146451526649634,17.582417582417584,0.45499999999999996,0.35,0.09240678827700456,0.07734566126910694,0.03535484733503658,n500_eta1,500,1.0,0.35,2.0,8.0,1,8.072,0.1,,,,,,,,,,,
140,2,3.3767791005051486,4.233865800430644,4.557826702167174,1.0336967273762072,1.8949143347864619,0.44756126530834356,0.8791208791208791,2.275,0.35,0.07034454665375944,0.07939181981330119,0.09756126530834358,n500_eta1,500,1.0,0.35,10.0,2.0,0,2.096,0.188,True,3.3003377893294985,17.310823227452794,13.08979778239801,13.08979778239801,0.7561626394312221,2.771875102787605,0.16012381770450748,928.8665438811463,0.06543337878489099,0.08579225662334362
141,2,3.0948530583570437,3.9247038591295564,4.522053797103252,1.168073320503468,1.7278559336269521,0.4402512891788391,0.8791208791208791,2.275,0.35,0.1234215098269822,0.11947387224791706,0.09025128917883912,n500_eta1,500,1.0,0.35,10.0,2.0,1,1.868,0.172,,,,,,,,,,,
142,2,2.487779659563398,3.1701788458778353,18.85525853814428,5.447154382125761,1.3889893789101213,0.421079237114276,3.5164835164835164,2.275,0.35,0.19006109813336008,0.21428247613266593,0.071079237114276,n500_eta1,500,1.0,0.35,10.0,8.0,0,7.922,0.012,True,2.989276036583722,3.959201160978437,18.416398315839423,18.416398315839423,4.651543977444223,1.7032717843097476,0.43020592161293925,1414.9702068754018,0.12148854529678982,0.12569744885651477
143,2,2.333765850271347,3.7832896428488687,19.41618579027913,4.94113498373881,1.527362656956449,0.4180479992930306,3.5164835164835164,2.275,0.35,0.14771813226869923,0.17303923282004902,0.06804799929303063,n500_eta1,500,1.0,0.35,10.0,8.0,1,8.026,0.014,,,,,,,,,,,
144,2,0.22970955185824143,0.41793341516245935,6.229910045814554,13.527062336949786,0.14731161653795968,0.35061557053249376,27.77777777777778,0.072,0.4,0.31249400783655795,0.31090449887988253,0.04938442946750626,n500_eta1,500,1.0,0.4,0.3,2.0,0,2.0,0.488,True,0.10961050789469481,0.15050630819119795,4.749235320934969,4.749235320934969,31.555058243151553,0.06342178537486481,0.4213895492958075,883.6821732456586,0.05537148688340526,0.05509403282506056
145,2,0.2673306188335864,0.5754948116347682,5.919446311237787,10.285837841739747,0.18658472903484088,0.3255663722298477,27.77777777777778,0.072,0.4,0.4314578259317507,0.41354359974611854,0.07443362777015233,n500_eta1,500,1.0,0.4,0.3,2.0,1,2.098,0.474,,,,,,,,,,,
146,2,0.1389518484119615,0.23932227472646114,20.335812182198985,84.08986093672469,0.0879105135807247,0.3562607403644185,111.11111111111111,0.072,0.4,0.1210138562929164,0.0867083208159973,0.04373925963558151,n500_eta1,500,1.0,0.4,0.3,8.0,0,8.246,0.39,True,0.12943127549559025,0.18245910049018305,19.80479757479833,19.80479757479833,108.54376417285854,0.07571863680493846,0.41498964207056577,1342.2653928501743,0.01015261222310242,0.021870290141232585
147,2,0.1270819271764147,0.23087420737829226,20.41708281394333,86.88424264597056,0.08491062731043368,0.35321164978586067,111.11111111111111,0.072,0.4,0.10681647075667265,0.07162955298157662,0.04678835021413935,n500_eta1,500,1.0,0.4,0.3,8.0,1,7.816,0.416,,,,,,,,,,,
148,2,0.6708966770744641,1.1709453335527824,4.813670369737722,4.215653234797243,0.42341906025645815,0.3700982268826972,4.166666666666667,0.48,0.4,0.005076121807995986,0.05447083343737967,0.0299017731173028,n500_eta1,500,1.0,0.4,2.0,2.0,0,1.986,0.302,True,0.656834177012391,0.84449230312202,4.537687986512652,4.537687986512652,5.373273349842486,0.3694675437049442,0.43750255903938085,939.5984409602876,0.11045017632618573,0.1136649440600313
149,2,0.6384610128456496,1.1050666396309785,4.7659579827957295,4.570338630247889,0.4023095355627102,0.3640590722176319,4.166666666666667,0.48,0.4,0.04015962116869344,0.07668091101066808,0.035940927782368126,n500_eta1,500,1.0,0.4,2.0,2.0,1,1.936,0.282,,,,,,,,,,,
150,2,0.9639192765365979,1.3348465289337386,21.422721313887248,15.799687379843899,0.5597283104678589,0.39076171563001244,16.666666666666668,0.48,0.4,0.02320025573483976,0.06673603624372056,0.009238284369987582,n500_eta1,500,1.0,0.4,2.0,8.0,0,8.088,0.092,True,0.8315867618745311,1.3140756774338205,20.849935197569113,20.849935197569113,15.866616782897694,0.5092916376014497,0.38756644411531516,1543.560395467815,0.02136441701130238,0.02572530788882638
151,2,0.8019628896018424,1.2431462069435875,20.767071072333042,17.017167429057906,0.4874835899962968,0.39213697252459884,16.666666666666668,0.48,0.4,0.00903852221286743,0.006718763389208156,0.007863027475401185,n500_eta1,500,1.0,0.4,2.0,8.0,1,7.618,0.104,,,,,,,,,,,
152,2,3.206848308444908,4.048964305039559,4.517674090804979,1.07806069380134,1.8629352012894351,0.44052899574932675,0.8333333333333334,2.4000000000000004,0.4,0.11182445795678697,0.11001349267250549,0.040528995749326724,n500_eta1,500,1.0,0.4,10.0,2.0,0,1.926,0.19,True,3.6673194920489296,5.42726490275768,4.776286162765349,4.776286162765349,0.8800539955841185,2.188501805289973,0.403242120018494,881.4224357285905,0.023690565089645576,0.04006433251383255
153,2,3.2033992048047293,4.000311389335834,4.624185805475297,1.1557274685595222,1.7385735431692673,0.41900245906951306,0.8333333333333334,2.4000000000000004,0.4,0.142036681468882,0.140018175270383,0.019002459069513034,n500_eta1,500,1.0,0.4,10.0,2.0,1,2.128,0.142,,,,,,,,,,,
154,2,5.914665974188154,6.417616751284521,18.206101023930096,2.8368944001347614,3.0779426874311797,0.47960836658173966,3.3333333333333335,2.4000000000000004,0.4,0.07003557525548278,0.10804928711584959,0.07960836658173964,n500_eta1,500,1.0,0.4,10.0,8.0,0,8.288,0.002,True,4.10463273351084,7.448692768612304,23.330161781221683,23.330161781221683,3.1321149235113515,2.6463504515901475,0.35527716524186354,1412.89304744429,0.027041056475801722,0.04243611481168001
155,2,2.7851215353786243,3.343341686338542,18.870180304340153,5.644107624849381,1.5194042280866442,0.44286846696357723,3.3333333333333335,2.4000000000000004,0.4,0.22871654123935023,0.19853791111882785,0.04286846696357721,n500_eta1,500,1.0,0.4,10.0,8.0,1,8.204,0.014,,,,,,,,,,,
156,2,0.2299849922412661,0.4576505136328556,5.957058784076131,13.68527715830356,0.14633513718625182,0.3672152741542348,26.936026936026934,0.07425000000000001,0.45,0.2940799403784994,0.29465216105398473,0.08278472584576518,n500_eta1,500,1.0,0.45,0.3,2.0,0,2.016,0.476,True,0.08161345578259789,0.09374977692518797,4.332409857272194,4.332409857272194,46.2124817718707,0.04363082931107794,0.46539662004630905,885.8608788900377,0.23442575460261741,0.2309029900906262
157,2,0.2528213524111942,0.4499287801013186,5.812102655236412,11.729260742554565,0.15834360344387471,0.35522469139228224,26.936026936026934,0.07425000000000001,0.45,0.3610628968760467,0.32890406601714356,0.09477530860771777,n500_eta1,500,1.0,0.45,0.3,2.0,1,1.954,0.448,,,,,,,,,,,
158,2,0.18774021647294076,0.2832263509122025,18.63622373468956,65.79975229941303,0.11671095356986551,0.3910554941478743,107.74410774410774,0.07425000000000001,0.45,0.21416927027020563,0.1964151594246889,0.058944505852125684,n500_eta1,500,1.0,0.45,0.3,8.0,0,8.474,0.342,True,0.13963782414011103,0.15242037726571717,17.60372816003443,17.60372816003443,115.49458462070025,0.07287468639315829,0.47811642839667395,1379.7634800391368,0.0301680922429209,0.008119759148613749
159,2,0.17465911557306943,0.2668467310058852,17.9777790944559,67.3711798030586,0.10556420575671331,0.3955986470540092,107.74410774410774,0.07425000000000001,0.45,0.20391937622517273,0.15282022651960936,0.0544013529459908,n500_eta1,500,1.0,0.45,0.3,8.0,1,8.062,0.378,,,,,,,,,,,
160,2,0.9358094777420833,1.387439294692818,4.742023573382261,3.2367625529869986,0.5617252923805981,0.38978079852586645,4.040404040404041,0.49500000000000005,0.45,0.09631395574918038,0.05491878003253682,0.060219201474133566,n500_eta1,500,1.0,0.45,2.0,2.0,0,1.998,0.262,True,0.7298180526046477,0.5998872485720077,3.6392535941087054,3.6392535941087054,6.066562679523044,0.3292523111307193,0.5488569925673247,929.81704394004,0.17651789234328852,0.17707636683263833
161,2,0.8097924068729551,1.275847635312086,4.789727035600834,3.870565849575332,0.4851935544861994,0.4008420548671317,4.040404040404041,0.49500000000000005,0.45,0.018650336263398917,0.00869017604997687,0.04915794513286831,n500_eta1,500,1.0,0.45,2.0,2.0,1,1.952,0.28,,,,,,,,,,,
162,2,1.1979052778921209,1.5562321853282288,19.60479055465768,12.072802921382227,0.6761747200452797,0.43449475368784124,16.161616161616163,0.49500000000000005,0.45,0.12667667686987788,0.13545373095363686,0.015505246312158771,n500_eta1,500,1.0,0.45,2.0,8.0,0,8.126,0.096,True,0.8839151244450224,1.0109343497211614,17.3419733513161,17.3419733513161,17.154401130102475,0.4715837187715094,0.46648303018052845,1524.140138435155,0.02589077313115368,0.021046396085050056
163,2,0.9149900517062448,1.3252322253766193,21.372338069700167,15.811750181836345,0.5412741024962509,0.4057704712988491,16.161616161616163,0.49500000000000005,0.45,0.009504843980348007,0.03881204963905299,0.04422952870115093,n500_eta1,500,1.0,0.45,2.0,8.0,1,8.512,0.076,,,,,,,,,,,
164,2,3.0363670221788417,3.8612550661604526,4.544990835899932,1.1841175951414744,1.6964655381943687,0.43935598895343037,0.8080808080808081,2.475,0.45,0.16594004207445096,0.1640301614069512,0.010644011046569646,n500_eta1,500,1.0,0.45,10.0,2.0,0,1.972,0.164,True,10.195590334139132,195.5692423534683,39.79752844582878,39.79752844582878,0.20349584611009255,9.69040166363678,0.04954972237465912,875.2981417568791,0.5988992438448376,0.5927665755031325
165,2,3.1967969232207607,4.105638565100899,4.64674796237133,1.1841809680164463,1.7671369562282122,0.4304170784173213,0.8080808080808081,2.475,0.45,0.1659632844901982,0.14630499387078116,0.019582921582678714,n500_eta1,500,1.0,0.45,10.0,2.0,1,2.04,0.154,,,,,,,,,,,
166,2,6.194786937163411,6.794856581955514,18.258740432321055,2.6871414005718885,3.2404806746114576,0.47690199719842635,3.2323232323232323,2.475,0.45,0.08022426359645936,0.11703423250735236,0.026901997198426342,n500_eta1,500,1.0,0.45,10.0,8.0,0,8.14,0.002,True,4.746439705000323,5.4303379607149,17.454308820749777,17.454308820749777,3.214221462277447,2.5327046099416024,0.46639907649655266,1369.4511940040659,0.0024389870475078844,0.010009337585661325
167,2,6.026297530988068,6.4454889658830625,18.018469653974517,2.7955163292263743,3.114424244742849,0.48319441104126665,3.2323232323232323,2.475,0.45,0.06305275031056692,0.099802568289815,0.033194411041266636,n500_eta1,500,1.0,0.45,10.0,8.0,1,7.968,0.004,,,,,,,,,,,
168,2,0.39880681692088943,0.6325447707545993,5.360477028681013,7.739110663938391,0.24459473335679704,0.36410629110201415,26.666666666666668,0.075,0.5,0.5372776754569847,0.5133858381282479,0.13589370889798585,n500_eta1,500,1.0,0.5,0.3,2.0,0,1.99,0.402,True,0.1423408108267916,0.1270439694519251,3.765881759025133,3.765881759025133,29.64234961542339,0.06712903974653348,0.5283921782051676,914.9227568294394,0.04594389296515986,0.04815082856734073
169,2,0.3110739137829554,0.5546280129036623,5.650004820064834,9.87710082198672,0.20149801622633118,0.3522503581996858,26.666666666666668,0.075,0.5,0.4313392453550476,0.4292095114219111,0.1477496418003142,n500_eta1,500,1.0,0.5,0.3,2.0,1,1.898,0.438,,,,,,,,,,,
170,2,0.22279824826210143,0.3196160684950568,16.581691616371682,51.880031233874384,0.1312832238699915,0.4107528901414477,106.66666666666667,0.075,0.5,0.3130284947253019,0.24314796958140336,0.08924710985855228,n500_eta1,500,1.0,0.5,0.3,8.0,0,8.278,0.296,True,0.15869473742087764,0.141020244983116,15.598340908160687,15.598340908160687,110.61064962713856,0.07466817497450949,0.5294855003510264,1399.4595344262661,0.01576821938689585,0.001925726877774792
171,2,0.20950926082045782,0.3138422897925728,16.54117076344915,52.70535967087697,0.12692556122336623,0.4044246596188643,106.66666666666667,0.075,0.5,0.30617394221823535,0.2284878289975068,0.09557534038113569,n500_eta1,500,1.0,0.5,0.3,8.0,1,7.52,0.314,,,,,,,,,,,
172,2,2.0743740508290864,2.7701899099108416,4.509435814986392,1.627843563667997,1.1379585894822586,0.44184350258602656,4.0,0.5,0.5,0.39044732462008414,0.35715645395627527,0.05815649741397344,n500_eta1,500,1.0,0.5,2.0,2.0,0,2.144,0.216,True,0.7230728032858147,0.37395759949730584,3.2527761812341054,3.2527761812341054,8.698248639970586,0.24648229355591328,0.6591182901143022,941.5804716199799,0.3373718265131784,0.307184277830921
173,2,0.8621103180281081,1.15058250682104,4.564538765928627,3.672076912106859,0.5153212104288717,0.40548628569751755,4.0,0.5,0.5,0.03714822235164749,0.013108013891876703,0.09451371430248245,n500_eta1,500,1.0,0.5,2.0,2.0,1,1.994,0.268,,,,,,,,,,,
174,2,1.4819372778568087,1.8242158843831526,20.06988127361819,10.31666752966066,0.8176794568386995,0.4247921442333757,16.0,0.5,0.5,0.19058054769051538,0.2136130824540385,0.07520785576662431,n500_eta1,500,1.0,0.5,2.0,8.0,0,8.438,0.058,True,1.0126200543185278,0.8647807775819091,15.640710394248737,15.640710394248737,18.086329853426122,0.4664397410978945,0.5393733917191689,1511.0457256370364,0.05323046446279096,0.030174458716614273
175,2,1.1581662365603094,1.6275890985871957,18.61555716846468,11.43750421075174,0.7144232364109129,0.4217069192530939,16.0,0.5,0.5,0.14578871569456467,0.15498556707768263,0.07829308074690611,n500_eta1,500,1.0,0.5,2.0,8.0,1,7.786,0.078,,,,,,,,,,,
176,2,3.142081658197129,3.7730461054419564,4.4693262121978865,1.1877349359365694,1.697927731356497,0.4350508192735683,0.8,2.5,0.5,0.17162954396954958,0.16802080718166235,0.06494918072643169,n500_eta1,500,1.0,0.5,10.0,2.0,0,1.994,0.174,True,3.0636969192692085,2.068265685139168,3.3400805027251543,3.3400805027251543,1.6149184926889166,1.2347204561366005,0.5969834847661362,885.4057501613061,0.3050606207471767,0.3063713653268919
177,2,3.270315608417927,3.852426220387372,4.59302148480262,1.1922412583778903,1.7687921170834406,0.4524867739529223,0.8,2.5,0.5,0.17327415983871428,0.15026321460273231,0.047513226047077695,n500_eta1,500,1.0,0.5,10.0,2.0,1,2.026,0.156,,,,,,,,,,,
178,2,5.244702224552887,5.178854214384749,17.888520300948613,3.0619063560878845,2.605785115467469,0.4757798129943758,3.2,2.5,0.5,0.019158074013898477,0.017998590342847988,0.024220187005624227,n500_eta1,500,1.0,0.5,10.0,8.0,0,8.298,0.006,True,4.833627462581183,5.085530322633345,17.029276704631368,17.029276704631368,3.348574410979702,2.4781901408919107,0.4873022052120369,1371.697132444674,0.019709975816504285,0.0038053838022249057
179,2,4.929717751480854,4.985877773335125,18.368496484442787,3.1914361662246513,2.4788193613192138,0.43837718185759933,3.2,2.5,0.5,0.00116381604433405,0.0036951290363930705,0.06162281814240067,n500_eta1,500,1.0,0.5,10.0,8.0,1,7.924,0.004,,,,,,,,,,,
180,2,0.4405063067364986,0.6990827862711192,5.207075397289696,6.872992541013342,0.26903907427485985,0.3687267649644377,26.936026936026938,0.07425,0.55,0.5931876650880202,0.5591189019744367,0.18127323503556236,n500_eta1,500,1.0,0.55,0.3,2.0,0,2.018,0.38,True,0.2105344827390546,0.1987024363106031,3.9226341163338296,3.9226341163338296,19.741248216011485,0.10222370636742716,0.5144562304592756,929.4505032325897,0.13495892854133182,0.13885516531105022
181,2,0.4789281220227509,0.737165993525739,4.991385688058893,6.368656391737659,0.2970067943423743,0.3934401767982303,26.936026936026938,0.07425,0.55,0.626285719656997,0.6020699263840242,0.15655982320176975,n500_eta1,500,1.0,0.55,0.3,2.0,1,2.12,0.366,,,,,,,,,,,
182,2,0.23669189711433739,0.35181798695880423,17.13300239375259,48.69848338868121,0.14149714223300494,0.4021884823346835,107.74410774410775,0.07425,0.55,0.3448780927610174,0.2800512106698606,0.14781151766531653,n500_eta1,500,1.0,0.55,0.3,8.0,0,8.094,0.266,True,0.19431049308615503,0.16646127045580886,14.98982397487514,14.98982397487514,90.04991932255226,0.08965549638491521,0.538596732677926,1415.9373652436193,0.07791020093971306,0.08188046141333351
183,2,0.24948127200101172,0.3556343521644307,17.144123895949015,48.3458285615551,0.146623400556883,0.4122869449042717,107.74410774410775,0.07425,0.55,0.348034521335541,0.2955068296536298,0.13771305509572834,n500_eta1,500,1.0,0.55,0.3,8.0,1,8.2,0.272,,,,,,,,,,,
184,2,2.8706519252906437,3.4252818818431012,4.539853575877493,1.2961924068555002,1.535081568903165,0.44515896760105866,4.040404040404041,0.495,0.55,0.49375532371944864,0.4915262583932158,0.10484103239894138,n500_eta1,500,1.0,0.55,2.0,2.0,0,2.084,0.214,True,0.8091700699879223,0.41429479845850536,3.1512156980221357,3.1512156980221357,7.606215935481393,0.2740045584553538,0.6613758113180785,927.5505003900353,0.27474385385564726,0.25684741094698216
185,2,2.7361144706181673,3.307876220846328,4.348958355027681,1.3147282620856318,1.4974755020144361,0.45237387963553116,4.040404040404041,0.495,0.55,0.48758879787568715,0.4807545273351426,0.09762612036446888,n500_eta1,500,1.0,0.55,2.0,2.0,1,2.012,0.226,,,,,,,,,,,
186,2,1.7171700048028447,2.1502836362272943,18.94066422668583,8.808449223897512,0.954737381406436,0.4389709514294225,16.161616161616163,0.495,0.55,0.2635853328570674,0.2852787281570663,0.11102904857057755,n500_eta1,500,1.0,0.55,2.0,8.0,0,7.892,0.05,True,1.0650078858119494,0.8946526503974978,14.531287605321449,14.531287605321449,16.242379205902022,0.48621284662848374,0.5434654962598696,1478.888902706304,0.002164857555711742,0.007778769423877598
187,2,1.3666684984371087,1.75309829835051,18.722691193832205,10.67977261255024,0.7679754209469669,0.44702857798993567,16.161616161616163,0.495,0.55,0.17992278201059142,0.19074212172565122,0.10297142201006437,n500_eta1,500,1.0,0.55,2.0,8.0,1,7.714,0.068,,,,,,,,,,,
188,2,3.1933959281731252,3.689438952202858,4.615712874620278,1.2442105443039124,1.7117713169031206,0.4519684588853994,0.8080808080808081,2.475,0.55,0.18743908514078983,0.16012945837284723,0.09803154111460066,n500_eta1,500,1.0,0.55,10.0,2.0,0,2.026,0.154,True,14.415007087709235,78.22465806344607,13.020431999648705,13.020431999648705,0.16644920312835573,12.171989164450734,0.1556029705438704,875.1868691151161,0.6861730720713458,0.691786353806178
189,2,3.181478847828899,3.68212230985502,4.465590478190294,1.2127762476108845,1.7067708298883226,0.4503220609320459,0.8080808080808081,2.475,0.55,0.17632589025989423,0.1613999914673577,0.09967793906795414,n500_eta1,500,1.0,0.55,10.0,2.0,1,2.068,0.164,,,,,,,,,,,
190,2,6.683101406196821,7.672322972532485,18.045273793303302,2.3519961109440763,3.578052311994776,0.466358406027025,3.2323232323232323,2.475,0.55,0.1380781844291922,0.16007148249910325,0.08364159397297505,n500_eta1,500,1.0,0.55,10.0,8.0,0,7.858,0.0,True,6.812692719449118,8.685147600362184,17.876270678267566,17.876270678267566,2.05825755655806,3.817902404678335,0.43958981244246476,1328.606305500005,0.19601506519427314,0.1882496192554806
191,2,5.978146139070309,6.573313317491286,18.439690403730623,2.80523527680682,3.1308094302385587,0.47629091738372153,3.2323232323232323,2.475,0.55,0.06154549205749256,0.10208143000857656,0.07370908261627851,n500_eta1,500,1.0,0.55,10.0,8.0,1,8.026,0.004,,,,,,,,,,,
192,2,0.5871466470245513,0.8492529926828941,4.80940486307854,5.663100282855691,0.34714297702753905,0.408762736214649,27.77777777777778,0.072,0.6,0.6906432469995725,0.6831758871349795,0.191237263785351,n500_eta1,500,1.0,0.6,0.3,2.0,0,2.048,0.348,True,0.12259496010814945,0.07450483261344959,3.2925474132342076,3.2925474132342076,44.19240065026115,0.04634158593465264,0.6219943634406215,928.0599608597117,0.2016500950166763,0.1913616039889107
193,2,0.49785551329679084,0.8937921092789805,4.829298754402,5.403156622514582,0.31405611977331654,0.3836169090879081,27.77777777777778,0.072,0.6,0.7110499425193627,0.6396747641583271,0.2163830909120919,n500_eta1,500,1.0,0.6,0.3,2.0,1,1.986,0.346,,,,,,,,,,,
194,2,0.36804348508220924,0.4776831072695589,15.730045639946873,32.92987631457172,0.20787824002968364,0.4351802206653645,111.11111111111111,0.072,0.6,0.528167391066498,0.46047653484523987,0.16481977933463549,n500_eta1,500,1.0,0.6,0.3,8.0,0,7.888,0.248,True,0.18582103528399932,0.1310843323478367,13.438084697364609,13.438084697364609,102.5148044520393,0.07686277619218164,0.5863612745741701,1407.2788281214891,0.03497090294884939,0.028383570181201107
195,2,0.33920591871112143,0.4345955233819622,16.595735470082282,38.186623140838094,0.19051059581611085,0.43836299631801023,111.11111111111111,0.072,0.6,0.46384623533326313,0.4225866388375721,0.16163700368198974,n500_eta1,500,1.0,0.6,0.3,8.0,1,8.346,0.224,,,,,,,,,,,
196,2,3.0934995081012553,3.7943246367166386,4.551085389485436,1.199445441606612,1.7041290762468686,0.44912579692219246,4.166666666666667,0.48,0.6,0.5408082600054431,0.5502612491693741,0.15087420307780752,n500_eta1,500,1.0,0.6,2.0,2.0,0,2.09,0.174,True,2.6115816013648168,3.104699630947024,4.574646051811375,4.574646051811375,1.4734584969870257,1.4184355360462535,0.45686723504830296,916.706037335387,0.45145085073452595,0.47056836572733635
197,2,1.9197001978980037,2.57504476752594,4.496310853317313,1.69372057523691,1.099798539815376,0.4168184153882627,4.166666666666667,0.48,0.6,0.3909469949397254,0.3600719013649396,0.18318158461173728,n500_eta1,500,1.0,0.6,2.0,2.0,1,1.95,0.226,,,,,,,,,,,
198,2,2.135011447137291,2.654318793650132,17.70086286063261,6.737964232704501,1.1832554290227757,0.44578497196849587,16.666666666666668,0.48,0.6,0.39332004834084483,0.39183726840270733,0.1542150280315041,n500_eta1,500,1.0,0.6,2.0,8.0,0,8.008,0.046,True,1.1702743357401266,0.6690141585753997,12.57302814001892,12.57302814001892,18.793366297048117,0.42567009060692546,0.6362646965698728,1444.4992346258812,0.05215582895622726,0.052168101505960504
199,2,2.08505240118577,2.544645409996532,17.98579466902422,7.0680946737678205,1.1460184311521355,0.4391797067045189,16.666666666666668,0.48,0.6,0.372546391574559,0.37795036497070505,0.1608202932954811,n500_eta1,500,1.0,0.6,2.0,8.0,1,7.986,0.032,,,,,,,,,,,
200,2,3.3677837563080812,3.9637587373683987,4.725991233349203,1.175386221056137,1.8048550041881182,0.4367500514950924,0.8333333333333334,2.4,0.6,0.14936184126183802,0.12376892378591987,0.1632499485049076,n500_eta1,500,1.0,0.6,10.0,2.0,0,2.076,0.114,True,38.50251071867331,197.11123650381384,12.704408611534232,12.704408611534232,0.06445299028545447,32.21067355247561,0.16341368520537072,867.1333954270391,1.1115756827773666,1.1277885646686252
201,2,2.926277701364755,3.57199456367691,4.506965998722706,1.258957902542975,1.6069642841436622,0.4498787037596996,0.8333333333333334,2.4,0.6,0.17919245431358416,0.1742050173264171,0.15012129624030035,n500_eta1,500,1.0,0.6,10.0,2.0,1,2.11,0.154,,,,,,,,,,,
202,2,6.471554514985824,7.51383022250621,18.199060781478153,2.422075059264238,3.547274440203322,0.47209936013434994,3.3333333333333335,2.4,0.6,0.13869114762971563,0.16968354790361903,0.12790063986565003,n500_eta1,500,1.0,0.6,10.0,8.0,0,7.82,0.002,True,8.384046455218984,11.191364549960172,18.258617572222985,18.258617572222985,1.6314916282740486,4.793203078051961,0.4282947853815574,1312.8144232044572,0.31029389566009874,0.30041458782451785
203,2,6.225760844090042,6.65669547192925,16.83897595851342,2.5296299086419123,3.2170102504934857,0.48327436098877574,3.3333333333333335,2.4,0.6,0.11982175785612066,0.12724120300312888,0.11672563901122424,n500_eta1,500,1.0,0.6,10.0,8.0,1,7.796,0.002,,,,,,,,,,,
0,2,0.016824296432735496,0.41777939082963383,88.58370258482385,180.1259905440316,0.016172997424575734,0.037082552923476314,229.09507445589924,0.00873,0.03,0.1044393698691949,0.26777627368471024,0.007082552923476315,n200_eta0p3,200,0.3,0.03,0.3,2.0,0,0.76,0.92,True,0.01270997008548085,0.27850373468027784,18.13066326135969,60.4355442045323,217.00083941033063,0.01215524571320669,0.04364482123430376,103.14675885284528,0.02355433815334028,0.14374949864377418
1,2,0.012032591682960196,0.35985235252150566,102.01461802639362,281.89854239508946,0.01164326895057972,0.03390796793351549,229.09507445589924,0.00873,0.03,0.09007707832466286,0.1250606857393029,0.003907967933515492,n200_eta0p3,200,0.3,0.03,0.3,2.0,1,0.395,0.955,,,,,,,,,,,
2,2,0.011330422042573401,0.2924615492032631,222.09529957395503,725.5173311356762,0.010872866005351122,0.04038296503899319,916.380297823597,0.00873,0.03,0.10142795197548851,0.09532979221597782,0.010382965038993192,n200_eta0p3,200,0.3,0.03,0.3,8.0,0,3.01,0.925,True,0.008303447610609414,0.20883504161691724,83.88103489696144,279.60344965653815,1338.872286430919,0.007985921028991313,0.038240330584177175,117.55824077715454,0.16466340882375372,0.038689232468197485
3,2,0.00934797937302562,0.3563595845768786,193.62681648840146,583.027620891189,0.009111630794407325,0.031932066097710744,916.380297823597,0.00873,0.03,0.19638661337044938,0.01858186999934915,0.0019320660977107454,n200_eta0p3,200,0.3,0.03,0.3,8.0,1,1.965,0.945,,,,,,,,,,,
4,2,0.04278890919832873,0.6567297322842701,62.36646791409292,80.43833940303614,0.04068373650291416,0.05888149049260053,34.364261168384886,0.058199999999999995,0.03,0.36935608527731656,0.15550215180339858,0.028881490492600533,n200_eta0p3,200,0.3,0.03,2.0,2.0,0,0.855,0.825,True,0.06547847047058791,1.5621409450358192,21.048065664554525,70.16021888184842,44.91286084319343,0.06284429809938054,0.04022959535059082,179.39316008573252,0.11626370846280908,0.03334289536237824
5,2,0.03746817967128166,0.5807426243866538,33.74394491929289,75.95266813280556,0.035438811596610005,0.05958657243456232,34.364261168384886,0.058199999999999995,0.03,0.34443602373509163,0.2154438348007945,0.029586572434562322,n200_eta0p3,200,0.3,0.03,2.0,2.0,1,0.515,0.87,,,,,,,,,,,
6,2,0.02807620596255848,0.6629376784304455,104.19058354457327,172.80733941321563,0.026967809733944977,0.04582722473184847,137.45704467353954,0.058199999999999995,0.03,0.09939518139671343,0.33407730920510126,0.01582722473184847,n200_eta0p3,200,0.3,0.03,2.0,8.0,0,1.3,0.815,True,0.056584027404120135,1.382730014475169,33.82509955667428,112.75033185558094,81.54182716455794,0.05435952874426565,0.03931319069897997,196.25474335944543,0.2267865635777149,0.02964730157567399
7,2,0.038407452662498655,0.6517687535055391,134.18024959278765,224.016686022208,0.03595785513179814,0.05812315883754111,137.45704467353954,0.058199999999999995,0.03,0.21211336589156132,0.20912920626627834,0.028123158837541108,n200_eta0p3,200,0.3,0.03,2.0,8.0,1,2.32,0.775,,,,,,,,,,,
8,2,0.2502889108878627,0.6419780613932418,7.866631126013595,11.099652173879154,0.18008062025341276,0.2717151061532168,6.872852233676977,0.291,0.03,0.20817236297959577,0.20842601114620554,0.2417151061532168,n200_eta0p3,200,0.3,0.03,10.0,2.0,0,0.545,0.705,True,0.38252517912990014,8.135892313304492,12.136119128087422,40.453730426958074,4.97225490076912,0.36534763261984465,0.04490566228640928,196.4430876882722,0.1405836221952196,0.0988133085623901
9,2,0.11151006058191261,0.5415315807776673,11.152018507359262,21.539201623002327,0.09174970151459377,0.17720696199248637,6.872852233676977,0.291,0.03,0.49609259492314184,0.5012883289312704,0.14720696199248637,n200_eta0p3,200,0.3,0.03,10.0,2.0,1,0.5,0.74,,,,,,,,,,,
10,2,0.21712451129565966,1.3887395548783763,60.14144601920419,47.8399060982483,0.18162787953808804,0.14350528612882732,27.49140893470791,0.291,0.03,0.2405933205275658,0.20471047629737246,0.11350528612882732,n200_eta0p3,200,0.3,0.03,10.0,8.0,0,2.705,0.505,True,0.284777109674998,7.393813341076101,72.83746191465532,242.79153971551776,32.8371205108326,0.2742155355534203,0.0370871596162733,394.2795318000613,0.07716806880054035,0.025800933083850546
11,2,0.2929043160934846,1.8828448738258177,67.98285793933115,36.10645724689705,0.25347286931474355,0.13462227974187976,27.49140893470791,0.291,0.03,0.11838787968680395,0.05996150791008577,0.10462227974187976,n200_eta0p3,200,0.3,0.03,10.0,8.0,1,2.1,0.495,,,,,,,,,,,
12,2,0.017300168272739364,0.33537029400955326,43.621636540814194,121.97576977999087,0.016409530472529774,0.05074181278922621,140.35087719298247,0.014249999999999999,0.05,0.06094156372639731,0.06128129037665153,0.0007418127892262066,n200_eta0p3,200,0.3,0.05,0.3,2.0,0,0.625,0.915,True,0.013246731145889982,0.2375721332597203,11.66650020509736,38.8883340169912,163.69063780084605,0.01254711915112502,0.05281393477831917,106.53543358745918,0.06680870956039517,0.05527084214425472
13,2,0.019407909021252764,0.38016888963273493,40.10206406803274,105.48486517866742,0.018399989234260946,0.04376202481118571,140.35087719298247,0.014249999999999999,0.05,0.12402497918248978,0.11100270456161444,0.00623797518881429,n200_eta0p3,200,0.3,0.05,0.3,2.0,1,0.775,0.895,,,,,,,,,,,
14,2,0.012279954240417109,0.3457456275260748,194.32741584965785,529.7043556411005,0.011891130568766332,0.03641226028014259,561.4035087719299,0.014249999999999999,0.05,0.025241578590204976,0.07859171650173434,0.013587739719857411,n200_eta0p3,200,0.3,0.05,0.3,8.0,0,2.025,0.92,True,0.007634908143062007,0.1407800397974007,39.0570876744835,130.19029224827833,924.778061120296,0.007242145667570801,0.05144298636364299,115.1306949375493,0.21676239560960672,0.29394760843327394
15,2,0.017847581919002063,0.4237856908578333,196.85172652382872,464.5077235273294,0.017126313391491343,0.040412674993400566,561.4035087719299,0.014249999999999999,0.05,0.08228218309619661,0.07984902249469024,0.009587325006599437,n200_eta0p3,200,0.3,0.05,0.3,8.0,1,2.695,0.88,,,,,,,,,,,
16,2,0.0532854716947854,0.527144423893488,22.358924951633934,42.506469867578566,0.04839368111797841,0.09180345826394738,21.05263157894737,0.095,0.05,0.30514864823839255,0.2929349468417097,0.04180345826394738,n200_eta0p3,200,0.3,0.05,2.0,2.0,0,0.775,0.795,True,0.0901785011101413,1.8007900028009154,16.316214617075694,54.38738205691898,30.201956903540033,0.08587797360497548,0.047689055065500405,188.20356016662538,0.15672869314079765,0.043841817109175285
17,2,0.04192580660651916,0.3131214445973146,15.919186999311021,45.99846116728262,0.036974991599087646,0.11808514631324216,21.05263157894737,0.095,0.05,0.3394369126599978,0.40981552129389454,0.06808514631324215,n200_eta0p3,200,0.3,0.05,2.0,2.0,1,0.525,0.83,,,,,,,,,,,
18,2,0.1289955493998361,1.2318031892571464,121.27370674518532,103.40198212189686,0.11676754588082344,0.09517443120368539,84.21052631578948,0.095,0.05,0.08916248216461121,0.08959854738984865,0.04517443120368539,n200_eta0p3,200,0.3,0.05,2.0,8.0,0,3.26,0.615,True,0.1380769140550997,1.7264625131489941,44.2229588594807,147.40986286493566,85.38260271638701,0.1278517432076438,0.07405416696505485,365.38648354309794,0.006003007557717036,0.12898304854632114
19,2,0.04379947036151541,0.805787308036162,136.34837260877399,156.97476320661593,0.04200420159672663,0.04519000810890013,84.21052631578948,0.095,0.05,0.27046345490298673,0.35443087110503196,0.004809991891099874,n200_eta0p3,200,0.3,0.05,2.0,8.0,1,2.135,0.735,,,,,,,,,,,
20,2,0.47517774528492307,0.9456226311582112,7.786259014335836,6.5940533495763995,0.33198852286567293,0.28694691760894425,4.2105263157894735,0.47500000000000003,0.05,0.19481607046727878,0.15557053960234785,0.23694691760894426,n200_eta0p3,200,0.3,0.05,10.0,2.0,0,0.69,0.63,True,0.5381986574882482,6.469069635925281,8.984566198264712,29.948553994215708,4.629499399403532,0.49686189360346644,0.07680577294209318,227.13421121161122,0.04119764605211521,0.019542080555271842
21,2,0.5584779020087272,1.2061809700816128,4.566343424889227,4.579405409624664,0.3817312389765634,0.3608959967397162,4.2105263157894735,0.47500000000000003,0.05,0.03647270679392405,0.09493590773182653,0.3108959967397162,n200_eta0p3,200,0.3,0.05,10.0,2.0,1,0.525,0.655,,,,,,,,,,,
22,2,0.3896205799904878,1.5857954007461583,51.091796195458244,30.406716063729522,0.309891507558275,0.18261067192025549,16.842105263157894,0.47500000000000003,0.05,0.25657314134945813,0.18548393487353332,0.1326106719202555,n200_eta0p3,200,0.3,0.05,10.0,8.0,0,2.26,0.445,True,0.42576459981695053,5.55313537490324,31.710620359792923,105.70206786597642,19.03466433461803,0.395445394741811,0.07121119296478548,389.70008458299117,0.05314884531687871,0.07960708740323427
23,2,0.24101130161021475,0.7663535998579081,28.31570314027188,36.94861372807797,0.18337262675609042,0.23915341093565307,16.842105263157894,0.47500000000000003,0.05,0.34120177141139546,0.4133591034601194,0.18915341093565308,n200_eta0p3,200,0.3,0.05,10.0,8.0,1,1.75,0.52,,,,,,,,,,,
24,2,0.02386140045236239,0.39665713949745407,28.420354129844803,84.0143198408492,0.02228733566721575,0.06596699084318836,96.09609609609609,0.0208125,0.075,0.0583524290156261,0.029733903130682294,0.009033009156811642,n200_eta0p3,200,0.3,0.075,0.3,2.0,0,0.72,0.88,True,0.01867219462087856,0.21411590835546324,9.06688556551417,30.222951885047234,141.1522951151896,0.01717447696476879,0.08021112068075151,134.90425743945264,0.1669821992900292,0.08344073101537637
25,2,0.027236636376913436,0.4230998147491421,30.21689602964296,69.02236427829112,0.025589347201735047,0.05068685917997293,96.09609609609609,0.0208125,0.075,0.1437159133668179,0.08973495608796506,0.024313140820027064,n200_eta0p3,200,0.3,0.075,0.3,2.0,1,0.43,0.905,,,,,,,,,,,
26,2,0.023067110135314185,0.5407842574664476,96.13547767999778,187.30445763367666,0.022123436677080208,0.04740541570242861,384.38438438438436,0.0208125,0.075,0.3122176229271679,0.026528340767819857,0.02759458429757139,n200_eta0p3,200,0.3,0.075,0.3,8.0,0,1.3,0.875,True,0.026539915358099214,0.5090948541259614,25.229377784830422,84.09792594943474,165.1910744488237,0.025224901570078066,0.049548529838089585,158.28113879921767,0.3667791581834798,0.08350522940422783
27,2,0.02439029944927231,0.42924913772706746,121.30005175754906,298.6196868298341,0.023152660025597217,0.050743100807317906,384.38438438438436,0.0208125,0.075,0.10964730046946489,0.046276643772397444,0.02425689919268209,n200_eta0p3,200,0.3,0.075,0.3,8.0,1,2.055,0.86,,,,,,,,,,,
28,2,0.08624966146470339,0.34662737007434963,12.072467827007301,34.386282553140354,0.0722627095284193,0.15504814027367367,14.414414414414415,0.13875,0.075,0.3775882235978903,0.28331875015668123,0.08004814027367367,n200_eta0p3,200,0.3,0.075,2.0,2.0,0,0.61,0.755,True,0.10902528910976855,0.6400698665847432,4.210184954544599,14.033949848481997,21.925653090597333,0.09315746033646907,0.14554264338912654,192.01009018787013,0.18215553451628272,0.17301535152944886
29,2,0.10700447986074554,0.5113373240517017,13.391893131125158,23.132726945922375,0.08848728008899934,0.16211072884598127,14.414414414414415,0.13875,0.075,0.20542982768041634,0.1953521457769516,0.08711072884598127,n200_eta0p3,200,0.3,0.075,2.0,2.0,1,0.675,0.72,,,,,,,,,,,
30,2,0.14979400911664884,0.9907318900969179,72.26617972412723,72.94221620044735,0.13185519192715625,0.14062897418888093,57.65765765765766,0.13875,0.075,0.10212195913292342,0.02213575655854216,0.06562897418888093,n200_eta0p3,200,0.3,0.075,2.0,8.0,0,2.6,0.59,True,0.17198478247336385,1.6986617959940913,28.02102479810768,93.40341599369226,54.98647006364836,0.15617272810516622,0.09193868283460792,359.7984488574555,0.020601154785864155,0.05137220504798799
31,2,0.14095669565041835,1.157436904277864,87.78811570361756,75.84699898470008,0.12778282782520167,0.09176266849082254,57.65765765765766,0.13875,0.075,0.119081406666869,0.035760496985196386,0.016762668490822544,n200_eta0p3,200,0.3,0.075,2.0,8.0,1,2.3,0.64,,,,,,,,,,,
32,2,0.24756948174338342,0.7411562127616786,6.905473502369839,9.317163350272445,0.18557994447200862,0.25039248309139184,2.882882882882883,0.69375,0.075,0.5094567101555386,0.5726719556905845,0.17539248309139183,n200_eta0p3,200,0.3,0.075,10.0,2.0,0,0.545,0.685,True,0.5304047774997709,47.27148414840929,49.11855217428914,163.7285072476305,3.4635787345623257,0.5245194613686316,0.01109589577771448,198.65401329033568,0.07969806499549144,0.12144138957216181
33,2,0.5403557661343101,1.082102945977207,5.577006007309243,5.377666699060178,0.3574752934829078,0.3313439175552531,2.882882882882883,0.69375,0.075,0.27076688216872014,0.28795696474838706,0.2563439175552531,n200_eta0p3,200,0.3,0.075,10.0,2.0,1,0.565,0.63,,,,,,,,,,,
34,2,0.50924845198121,1.1913667628766538,30.739723243291966,26.274651822492466,0.354908450649079,0.31252576416618116,11.531531531531533,0.69375,0.075,0.35764997884108113,0.29108665576716486,0.23752576416618115,n200_eta0p3,200,0.3,0.075,10.0,8.0,0,2.41,0.32,True,0.8118550044238725,13.452116109242507,42.347814363217566,141.15938121072523,10.49347032573851,0.7656470765645268,0.05691647844449364,412.22977708008625,0.040967852136164586,0.04282563248294054
35,2,0.6593527449231573,1.2961323854779827,22.52172241931497,15.990160897871846,0.43703142144241053,0.3515331992734867,11.531531531531533,0.69375,0.075,0.1419658429104352,0.20069033337431857,0.2765331992734867,n200_eta0p3,200,0.3,0.075,10.0,8.0,1,2.455,0.29,,,,,,,,,,,
36,2,0.042150997326798785,0.3526553616744454,18.92025820933016,57.96199733479444,0.03765079986255734,0.11992937843494138,74.07407407407408,0.027000000000000003,0.1,0.10652288892714763,0.14441044273111947,0.019929378434941372,n200_eta0p3,200,0.3,0.1,0.3,2.0,0,0.8,0.835,True,0.0010000000000000002,0.005058304115248432,4.848950780340832,16.163169267802775,3195.373172419259,0.0008349373057250376,0.1650626942749627,159.5483210279699,1.634855353136096,1.5097098980165653
37,2,0.03961187863930405,0.4128722472286382,20.72852820982508,52.98649630194555,0.03626347231977739,0.0874081240326135,74.07407407407408,0.027000000000000003,0.1,0.14550102848507493,0.1281056223936231,0.012591875967386507,n200_eta0p3,200,0.3,0.1,0.3,2.0,1,0.57,0.86,,,,,,,,,,,
38,2,0.02993412983486027,0.4925083025583864,115.35969114117378,234.22892678544846,0.02819073671639171,0.05824098205247517,296.2962962962963,0.027000000000000003,0.1,0.1020856943189382,0.01874266139984149,0.04175901794752484,n200_eta0p3,200,0.3,0.1,0.3,8.0,0,2.025,0.84,True,0.029702323686852383,0.37044355129617074,26.117916442104416,87.05972147368139,235.014811754887,0.027497557656374166,0.07422873892705392,198.83973304737071,0.10063098838802047,0.007930357181677266
39,2,0.0456617747079753,0.49613328379773436,107.98902216604307,233.69060968154332,0.04181346041136213,0.0801452759871739,296.2962962962963,0.027000000000000003,0.1,0.10308496121276084,0.18995234635655106,0.019854724012826105,n200_eta0p3,200,0.3,0.1,0.3,8.0,1,2.975,0.795,,,,,,,,,,,
40,2,0.17168383434291365,0.6040203817955953,11.621285814792714,18.215256825156764,0.13368566653429376,0.2057208845130165,11.11111111111111,0.18000000000000002,0.1,0.21467780837504616,0.12918765938779073,0.1057208845130165,n200_eta0p3,200,0.3,0.1,2.0,2.0,0,0.72,0.675,True,0.30332777399666144,3.821647381589035,9.79217982393127,32.64059941310424,8.540976221498575,0.2810227333582517,0.07353444870714441,225.28969521640988,0.1142499777897527,0.19346894851243426
41,2,0.08871078368044194,0.5061715590817347,13.537599325840922,24.484139562673043,0.0754819439998796,0.15159183615970884,11.11111111111111,0.18000000000000002,0.1,0.34312735580666565,0.3774294284282637,0.05159183615970883,n200_eta0p3,200,0.3,0.1,2.0,2.0,1,0.56,0.76,,,,,,,,,,,
42,2,0.21906261991232562,1.002760666287682,47.83283537308668,48.15280665165803,0.17978653802318365,0.16610801786877208,44.44444444444444,0.18000000000000002,0.1,0.034804123752684456,0.0005153353986756722,0.06610801786877207,n200_eta0p3,200,0.3,0.1,2.0,8.0,0,2.295,0.56,True,0.20288508360742427,1.3719184054454927,17.73389321433734,59.112977381124466,43.08782296854539,0.17674699245095468,0.12883200032115683,361.29922210405795,0.013462930168162102,0.00792047258100152
43,2,0.18350299057127067,0.8677807224750296,59.92053229380096,71.01799253538985,0.1486070183358618,0.1683685428551926,44.44444444444444,0.18000000000000002,0.1,0.20355091005436407,0.08323318455788474,0.06836854285519259,n200_eta0p3,200,0.3,0.1,2.0,8.0,1,2.805,0.55,,,,,,,,,,,
44,2,0.8541381207124842,1.2184390182335432,5.245794419922845,4.406694718257776,0.4737357752792678,0.4353395115400759,2.2222222222222223,0.9,0.1,0.29732547879209204,0.27870632669637374,0.3353395115400759,n200_eta0p3,200,0.3,0.1,10.0,2.0,0,0.66,0.575,True,0.9515249072271351,2.3631781609891345,2.2994348581777158,7.6647828605923864,3.2434215020776116,0.6783783748106349,0.28706188386858317,222.09416276916227,0.16421590528867655,0.12277051430933347
45,2,0.7037794692733921,0.9533068431325685,4.697626082800765,4.616095791247732,0.40487799524480494,0.40273389107791185,2.2222222222222223,0.9,0.1,0.31748732631007504,0.34691833554432944,0.3027338910779118,n200_eta0p3,200,0.3,0.1,10.0,2.0,1,0.575,0.61,,,,,,,,,,,
46,2,1.2017426571371055,1.4968177760545174,20.451874364062036,12.882067036270136,0.6665738329670671,0.4420191715591074,8.88888888888889,0.9,0.1,0.16113807727398505,0.13039424845124356,0.34201917155910744,n200_eta0p3,200,0.3,0.1,10.0,8.0,0,2.655,0.235,True,0.9958673955380755,3.4505411095769993,11.858878934233903,39.529596447446345,11.456057236278593,0.7728217917985867,0.22397118807065208,426.1991620559097,0.11018769722068165,0.06616314975284636
47,2,0.49236635698921627,0.9917255672629718,27.4408020221637,29.60672244292713,0.3236512813557069,0.3469298852400924,8.88888888888889,0.9,0.1,0.5225428547358102,0.4441651786828999,0.24692988524009238,n200_eta0p3,200,0.3,0.1,10.0,8.0,1,2.64,0.31,,,,,,,,,,,
48,2,0.0363401436313349,0.3003809355283715,18.371225702789665,58.93805778829413,0.03241818530772282,0.1079235779417861,60.95238095238095,0.0328125,0.125,0.014594854661060268,0.005250620320823986,0.0170764220582139,n200_eta0p3,200,0.3,0.125,0.3,2.0,0,0.62,0.845,True,0.014466434105082346,0.09242193067028384,4.587645484555698,15.292151615185661,165.46020521623342,0.012508524877483043,0.13534152323767537,151.36618547524972,0.43370288372253274,0.4188332241135869
49,2,0.05209192509967964,0.4453334284672623,17.379214297593293,40.10357031044053,0.047071537205347375,0.09731595208020223,60.95238095238095,0.0328125,0.125,0.18180763653068352,0.15671906045223227,0.02768404791979777,n200_eta0p3,200,0.3,0.125,0.3,2.0,1,0.48,0.84,,,,,,,,,,,
50,2,0.046064504992750055,0.4972230317382474,93.14352072516041,187.32744619560154,0.04215876728156499,0.08046772549223337,243.8095238095238,0.0328125,0.125,0.1144492537462826,0.10884858290984313,0.04453227450776663,n200_eta0p3,200,0.3,0.125,0.3,8.0,0,2.63,0.79,True,0.029729471369635142,0.1967856853900742,19.68808943307453,65.6269647769151,333.4946068197362,0.025827562638399342,0.1312471615361819,243.3062094040872,0.13603814878016965,0.10395589725728638
51,2,0.04438464982502269,0.44481165000315326,70.70904468269082,156.55812838042092,0.04035764238285311,0.08416127201086408,243.8095238095238,0.0328125,0.125,0.19237504546034961,0.08988646689353487,0.04083872798913592,n200_eta0p3,200,0.3,0.125,0.3,8.0,1,2.09,0.795,,,,,,,,,,,
52,2,0.1035076594551306,0.4393434213559649,9.90650379392174,21.0855341236458,0.08344233336661512,0.17360069551081347,9.142857142857142,0.21875,0.125,0.36290267275730076,0.4185616215721822,0.048600695510813474,n200_eta0p3,200,0.3,0.125,2.0,2.0,0,0.555,0.735,True,0.1768965682471753,1.0447768055472348,3.83004151549776,12.766805051659201,12.219648238622778,0.15128219657560804,0.14479857877048602,192.4090105550916,0.12597677028192278,0.16016023997595563
53,2,0.22394156947465177,0.5459352795440763,6.647192269762979,12.175788081170005,0.15880150635586804,0.27225220278528744,9.142857142857142,0.21875,0.125,0.12441514665435359,0.139093443962603,0.14725220278528744,n200_eta0p3,200,0.3,0.125,2.0,2.0,1,0.535,0.685,,,,,,,,,,,
54,2,0.2601379166318152,1.543491132677603,58.33415644754007,42.506688839759796,0.20953669325551497,0.15665909436036485,36.57142857142857,0.21875,0.125,0.06531535057923342,0.018687975761895587,0.03165909436036485,n200_eta0p3,200,0.3,0.125,2.0,8.0,0,2.13,0.5,True,0.3173021034809439,4.79777994254683,34.382055025799076,114.60685008599692,23.88747534451519,0.29761901258084444,0.062032651798293564,367.26808593454,0.18497167349183488,0.1337126097870238
55,2,0.22153354352806331,0.928768492860116,52.7551550117337,56.68748507939596,0.178533643308084,0.1804771271004366,36.57142857142857,0.21875,0.125,0.19034526479677663,0.08822799404002281,0.05547712710043659,n200_eta0p3,200,0.3,0.125,2.0,8.0,1,2.59,0.5,,,,,,,,,,,
56,2,0.9405613058499243,1.405787748205823,4.537111993710925,3.2234514109794588,0.5638064924674466,0.420669019215221,1.8285714285714285,1.09375,0.125,0.2462091985810972,0.28778799338348554,0.295669019215221,n200_eta0p3,200,0.3,0.125,10.0,2.0,0,0.6,0.575,True,2.6296655078717976,299.99999999999994,69.04970444152036,230.16568147173456,0.7672189382391154,2.6068153333137762,0.008689384444379255,209.3253710383929,0.37719261509661345,0.3771922008251768
57,2,0.6946692034087079,1.0698501533936529,4.641739055299866,4.896528365275899,0.40089399249587815,0.41835502698528837,1.8285714285714285,1.09375,0.125,0.4277763450559582,0.43588851775051035,0.29335502698528837,n200_eta0p3,200,0.3,0.125,10.0,2.0,1,0.57,0.615,,,,,,,,,,,
58,2,0.6225246983315664,0.996134295763731,21.430933257494466,21.97987004401506,0.3831061417075318,0.38459286397102344,7.314285714285714,1.09375,0.125,0.4778531993672992,0.45559895166590286,0.25959286397102344,n200_eta0p3,200,0.3,0.125,10.0,8.0,0,2.47,0.265,True,0.8385834439027136,1.9894004314526457,8.332031778498777,27.773439261662592,13.960708373518663,0.5899178844856289,0.2965304898696916,413.36037628367137,0.2807355342098932,0.26812650319622566
59,2,1.4132951102652362,1.6163404011092994,18.871476826918713,11.675434712865655,0.7540068687587816,0.4566335110724667,7.314285714285714,1.09375,0.125,0.20310113871632224,0.16154276386026542,0.3316335110724667,n200_eta0p3,200,0.3,0.125,10.0,8.0,1,2.415,0.235,,,,,,,,,,,
60,2,0.04138591949120935,0.43520563416648156,20.49425004119471,46.185922332389296,0.03751476007178861,0.09353807930359026,52.287581699346404,0.03825,0.15,0.05388893527257277,0.008429266254604582,0.056461920696409734,n200_eta0p3,200,0.3,0.15,0.3,2.0,0,0.515,0.86,True,0.0154989342195313,0.1134287567688994,4.281246520509392,14.270821735031308,125.81308427903154,0.013635742843809587,0.1202141611372075,138.6834622590838,0.3813272529372331,0.44795263720614575
61,2,0.060234099985985994,0.34556447307604443,13.890122904095945,40.195459852839974,0.05129334207807892,0.14843349381807364,52.287581699346404,0.03825,0.15,0.11422155463742063,0.12742955746618145,0.0015665061819263582,n200_eta0p3,200,0.3,0.15,0.3,2.0,1,0.655,0.79,,,,,,,,,,,
62,2,0.04550113187497446,0.4221233593276244,64.25766486287681,152.22484954452435,0.04107374827797883,0.09730271346130381,209.15032679738562,0.03825,0.15,0.13797299402202806,0.03093289769963137,0.05269728653869618,n200_eta0p3,200,0.3,0.15,0.3,8.0,0,2.145,0.765,True,0.04149585713350911,0.2662918853544104,16.312494854105303,54.37498284701768,204.19316485986607,0.035901397310885784,0.13481971958366015,246.47012800100669,0.01041734703508692,0.027520087496341956
63,2,0.03964874704787928,0.35439983878644465,58.41374473173449,164.82441112771957,0.03565933254677594,0.10061892993202982,209.15032679738562,0.03825,0.15,0.10343701469851158,0.030458229477136084,0.04938107006797017,n200_eta0p3,200,0.3,0.15,0.3,8.0,1,2.295,0.775,,,,,,,,,,,
64,2,0.24067475010514436,0.5812586577137566,8.172219138500907,13.265909562881266,0.17020147965871868,0.2562300734733646,7.843137254901961,0.255,0.15,0.22824721704519868,0.17557684909888002,0.10623007347336458,n200_eta0p3,200,0.3,0.15,2.0,2.0,0,0.585,0.685,True,0.31523710918493003,1.7107420131388975,3.7605208570162394,12.535069523387465,7.327270521864319,0.2661870306760817,0.1555974124863382,205.20776466527647,0.02954758929985162,0.018646711264337965
65,2,0.1629676225882747,0.4974625456853878,8.50128214917706,17.782003868363912,0.12275376306472048,0.2577549587899722,7.843137254901961,0.255,0.15,0.3554908851575664,0.31750536596731427,0.10775495878997218,n200_eta0p3,200,0.3,0.15,2.0,2.0,1,0.61,0.705,,,,,,,,,,,
66,2,0.2754215707131195,1.0219379051246351,45.30871067224646,38.9102047431863,0.2169512369106103,0.2122939523259498,31.372549019607845,0.255,0.15,0.09351370948353546,0.07017804990547798,0.06229395232594981,n200_eta0p3,200,0.3,0.15,2.0,8.0,0,2.45,0.465,True,0.33579562333737406,2.547422585708275,21.04555268569193,70.15184228563977,27.538360804057582,0.29668699801766263,0.1164655600064773,395.85982632202723,0.05661172085275334,0.06575833382049674
67,2,0.30808111801858684,0.8506883919476322,38.68203818089971,44.35863604034973,0.21879603484314877,0.25719880148149205,31.372549019607845,0.255,0.15,0.15042837723886718,0.06650073325402575,0.10719880148149205,n200_eta0p3,200,0.3,0.15,2.0,8.0,1,2.655,0.41,,,,,,,,,,,
68,2,0.6467143867008238,1.305372318924488,5.0989975058804955,3.906163346624066,0.43246186566239586,0.3312938840458226,1.5686274509803921,1.275,0.15,0.3962305896180344,0.4695623672178488,0.1812938840458226,n200_eta0p3,200,0.3,0.15,10.0,2.0,0,0.63,0.595,True,1.3316427268507545,299.99999999999994,142.56439859974805,475.21466199916017,1.5840488733305342,1.3257579404541864,0.004419193134847289,217.15862394360562,0.004248766037700775,0.01695405217854432
69,2,0.9984163250590242,1.3045369337197212,5.152635229199559,3.7996857413488305,0.5378645935988416,0.456370534668339,1.5686274509803921,1.275,0.15,0.3842278682381026,0.3748372281638045,0.30637053466833897,n200_eta0p3,200,0.3,0.15,10.0,2.0,1,0.685,0.565,,,,,,,,,,,
70,2,1.5390644735036696,1.702696902958869,17.52315704712147,10.542273348711705,0.8083754503079179,0.4747618022345374,6.2745098039215685,1.275,0.15,0.22535447054655924,0.19789706888971717,0.32476180223453743,n200_eta0p3,200,0.3,0.15,10.0,8.0,0,2.505,0.22,True,0.8134922746946174,0.9325383339996287,5.382480160441065,17.941600534803552,19.239531374386047,0.4344784832452673,0.46590951535665265,409.12947877640784,0.4866146873095112,0.46754191109514465
71,2,0.6744830063256684,1.1463169438365857,17.646552606781842,15.95966239075497,0.42463275463735284,0.39826677214036854,6.2745098039215685,1.275,0.15,0.40544389786398427,0.47749669373979065,0.24826677214036855,n200_eta0p3,200,0.3,0.15,10.0,8.0,1,2.07,0.28,,,,,,,,,,,
72,2,0.05108188864486367,0.2668266285079368,13.21487361346486,48.89537437153794,0.04287399484291157,0.16068109499661978,46.176046176046185,0.04331249999999999,0.175,0.02485103198124167,0.004419300579552018,0.014318905003380206,n200_eta0p3,200,0.3,0.175,0.3,2.0,0,0.66,0.8,True,0.0010000000000000002,0.0038165496572700355,3.179281717431497,10.597605724771658,2776.750383578682,0.0007923824996819845,0.20761750031801574,173.04918142084233,1.7791200968247083,1.7376783766788144
73,2,0.08573932139974134,0.42381920699319453,13.605911013811475,31.284408019802736,0.071067204828423,0.15579019030503885,46.176046176046185,0.04331249999999999,0.175,0.16908880226783665,0.2150559824190872,0.01920980969496114,n200_eta0p3,200,0.3,0.175,0.3,2.0,1,0.58,0.765,,,,,,,,,,,
74,2,0.06052042774629909,0.477156687877969,57.78390669382389,121.10048577712045,0.053708305622889724,0.11255905447274255,184.70418470418474,0.04331249999999999,0.175,0.18333084977988218,0.09342819961461918,0.062440945527257444,n200_eta0p3,200,0.3,0.175,0.3,8.0,0,2.03,0.715,True,0.06302199472598873,0.3472815482158888,13.481353576980887,44.937845256602955,129.3988853927453,0.053341913021685276,0.15359846584341155,275.6349985625094,0.15454619958332608,0.09045533494847383
75,2,0.08514188784683431,0.46764075851378584,59.97913958144773,128.25900755970906,0.07049532829340516,0.1334809707910179,184.70418470418474,0.04331249999999999,0.175,0.15838885991803728,0.21154708540968795,0.041519029208982094,n200_eta0p3,200,0.3,0.175,0.3,8.0,1,2.75,0.675,,,,,,,,,,,
76,2,0.30262561194234,0.8353812526788392,8.101422107443259,11.437492005870068,0.21128409160421338,0.28968548366487995,6.926406926406927,0.28874999999999995,0.175,0.21782280076469307,0.13565519432682477,0.11468548366487996,n200_eta0p3,200,0.3,0.175,2.0,2.0,0,0.675,0.67,True,0.3576662727006537,4.003775425090424,8.227189688204056,27.423965627346856,6.849526438343503,0.32833533777324925,0.08200643215792601,220.81164815554843,0.004847456428102561,0.05579563419106109
77,2,0.2509037824115096,0.7787806942674034,7.007819581750491,9.90216169553226,0.1852329464264614,0.25956308035143283,6.926406926406927,0.28874999999999995,0.175,0.15522201102163177,0.19280375796978158,0.08456308035143284,n200_eta0p3,200,0.3,0.175,2.0,2.0,1,0.64,0.64,,,,,,,,,,,
78,2,0.2516877732488151,0.851241251889098,39.842868241344455,46.80561257213988,0.19425276722471854,0.2281994285328953,27.70562770562771,0.28874999999999995,0.175,0.22772993938751016,0.17215477864801912,0.053199428532895304,n200_eta0p3,200,0.3,0.175,2.0,8.0,0,2.705,0.43,True,0.31603327530951003,1.3370312337324832,14.222794764298811,47.40931588099604,35.45864500760184,0.25561395679136056,0.1911802434695437,412.57289678146327,0.10715414165806833,0.05293742983014598
79,2,0.30496962453152604,0.8255878841410742,35.25752850196264,42.705966474597545,0.226735607134108,0.27463533742382784,27.70562770562771,0.28874999999999995,0.175,0.1879205606985317,0.10500226471217249,0.09963533742382785,n200_eta0p3,200,0.3,0.175,2.0,8.0,1,2.465,0.41,,,,,,,,,,,
80,2,0.7639949701086948,1.0154291790618586,5.003266053293046,5.053885845391247,0.4595579451852917,0.41010220174037476,1.3852813852813852,1.4437499999999999,0.175,0.5620874296435565,0.49715171832012495,0.23510220174037477,n200_eta0p3,200,0.3,0.175,10.0,2.0,0,0.645,0.58,True,0.2560594257409809,0.17180507989455845,1.0778754990717496,3.5929183302391654,20.912759578728632,0.1028183210286137,0.5984591438839653,218.19095402997377,1.178873346237719,1.14742148945741
81,2,0.8826352097226562,1.348434388220445,4.840392474512451,3.530157788489095,0.5364114395184355,0.39561079158462276,1.3852813852813852,1.4437499999999999,0.175,0.40625611918063337,0.4299939661872385,0.22061079158462277,n200_eta0p3,200,0.3,0.175,10.0,2.0,1,0.59,0.585,,,,,,,,,,,
82,2,2.0183924692413195,2.101629723764063,16.256387834010813,7.902809762483923,1.0325003456153397,0.49367399653185284,5.541125541125541,1.4437499999999999,0.175,0.15418353791323816,0.14560179153363098,0.31867399653185285,n200_eta0p3,200,0.3,0.175,10.0,8.0,0,2.225,0.22,True,1.2202537735646133,1.9914274779743586,5.857526580123847,19.525088600412822,9.804569243100614,0.7566276677095658,0.37994236600531034,389.8561939231365,0.24783052824258192,0.28060977908217133
83,2,1.9182478594277181,1.9692138913686479,16.21823489258266,8.244560109776478,0.971698391913286,0.49344481885506797,5.541125541125541,1.4437499999999999,0.175,0.17256949897033586,0.17196051323002343,0.318444818855068,n200_eta0p3,200,0.3,0.175,10.0,8.0,1,2.335,0.195,,,,,,,,,,,
84,2,0.06976286739686287,0.37058789311268664,12.31183349915183,32.02695998627973,0.05871063789281792,0.16162494208133948,41.66666666666667,0.048,0.2,0.11427304109948767,0.08747556165010695,0.03837505791866053,n200_eta0p3,200,0.3,0.2,0.3,2.0,0,0.55,0.775,True,0.01972577153929399,0.06491091787064586,2.358839057166421,7.8627968572214035,121.13211637047475,0.01512840288589858,0.23306407276579238,179.60489672986122,0.46347054681391175,0.5014481556480214
85,2,0.06912216240871803,0.34253207761382054,11.394863027954473,36.365692856846564,0.05479897030187597,0.17020349304613058,41.66666666666667,0.048,0.2,0.059096891912669,0.057531160590264786,0.02979650695386943,n200_eta0p3,200,0.3,0.2,0.3,2.0,1,0.6,0.77,,,,,,,,,,,
86,2,0.10778824584362119,0.5301767870835349,50.6264951568224,97.00607270122556,0.09160008573151761,0.17300908308145715,166.66666666666669,0.048,0.2,0.23504982712247877,0.2806546427628701,0.026990916918542857,n200_eta0p3,200,0.3,0.2,0.3,8.0,0,2.51,0.64,True,0.09171885989118997,0.3859939080947484,13.046287638082536,43.48762546027512,112.66402020417479,0.07410922116370393,0.19199583104693102,331.79332965935635,0.170063505456787,0.18863101178265093
87,2,0.09258098132061472,0.3823051370388829,43.68466456695876,114.26648594187147,0.07803852417139155,0.1484945110856674,166.66666666666669,0.048,0.2,0.16392987796796823,0.2110678102474383,0.0515054889143326,n200_eta0p3,200,0.3,0.2,0.3,8.0,1,2.36,0.655,,,,,,,,,,,
88,2,0.2654387732298947,0.5390143838351377,6.4744694546684,12.061675822720302,0.17785413052571342,0.30111955325863987,6.25,0.32000000000000006,0.2,0.28552763457267993,0.2550860225248768,0.10111955325863986,n200_eta0p3,200,0.3,0.2,2.0,2.0,0,0.505,0.69,True,0.04509319688312677,0.05670298434790195,1.140032517295284,3.8001083909842803,67.01778459610983,0.025118023153126084,0.4429753291116761,190.03306682600646,1.0303100499393139,1.1051645218961617
89,2,0.6045384395383262,0.9517913782954855,4.973524259478913,4.942461086057782,0.36871634240630885,0.3873919756098485,6.25,0.32000000000000006,0.2,0.10193675871636326,0.06154240870197184,0.1873919756098485,n200_eta0p3,200,0.3,0.2,2.0,2.0,1,0.61,0.63,,,,,,,,,,,
90,2,0.28403950838447245,0.8542914638764574,29.868422548965516,34.61413411797062,0.21316518071591142,0.24952277967129274,25.0,0.32000000000000006,0.2,0.14131346341608572,0.17643371163285204,0.04952277967129273,n200_eta0p3,200,0.3,0.2,2.0,8.0,0,2.0,0.475,True,0.34146921671179215,1.618473938984379,11.450705543371267,38.169018477904224,23.583338327867025,0.2819770698998362,0.1742240409980168,369.07500422429933,0.0253347272194771,0.0549361849681478
91,2,0.320022173384658,0.8999347989525858,33.933878677785735,36.352818955462766,0.23031106824869513,0.24741429683610533,25.0,0.32000000000000006,0.2,0.16259808490909577,0.14283516860653603,0.04741429683610532,n200_eta0p3,200,0.3,0.2,2.0,8.0,1,2.365,0.425,,,,,,,,,,,
92,2,1.067727311369124,1.4512780199098516,4.32606182950206,2.9660020201097606,0.6314885699748611,0.44347787581637593,1.25,1.6,0.2,0.3752614294773692,0.40375448847996726,0.24347787581637592,n200_eta0p3,200,0.3,0.2,10.0,2.0,0,0.61,0.57,True,3.350799735071434,148.09193277136916,27.5695080418458,91.898360139486,0.6205494007655551,3.2766604305387634,0.02212585364523141,210.47749117433534,0.30413365243376805,0.31131145390969767
93,2,0.921576263471735,1.1433133814347924,4.273855770223227,3.6919877810225348,0.5120194167838432,0.44955633553481444,1.25,1.6,0.2,0.4703502420101547,0.49483355206644764,0.24955633553481443,n200_eta0p3,200,0.3,0.2,10.0,2.0,1,0.575,0.62,,,,,,,,,,,
94,2,1.5854404231815327,1.7257650109949931,18.124937192903147,9.753153221588395,0.8263146650773219,0.47668287768080814,5.0,1.6,0.2,0.2901750426796934,0.2869745221593856,0.2766828776808081,n200_eta0p3,200,0.3,0.2,10.0,8.0,0,2.21,0.215,True,1.9191131470187421,299.99999999999994,347.687550978393,1158.9585032613102,3.8631950108710345,1.906914531195216,0.0063563817706507215,392.02254533409643,0.1120233728136238,0.07621124554366375
95,2,2.022654257117503,2.016953849380903,16.46976688545329,8.099433232686561,1.0140180941411496,0.5075404954854036,5.0,1.6,0.2,0.2094846253415627,0.19807427803775468,0.3075404954854036,n200_eta0p3,200,0.3,0.2,10.0,8.0,1,2.47,0.16,,,,,,,,,,,
96,2,0.08817798849051213,0.4511593005723653,10.998652089344017,24.76526422665574,0.07376148547485206,0.1634932170993133,38.23178016726404,0.0523125,0.225,0.18858155438949972,0.14922417900752022,0.0615067829006867,n200_eta0p3,200,0.3,0.225,0.3,2.0,0,0.525,0.765,True,0.07468233597916293,0.3017557787783906,2.645269011133205,8.817563370444017,29.220860015143682,0.05986595291737666,0.19839206778320626,180.28734952810453,0.11673152658138441,0.058574424447573874
97,2,0.07665722910084782,0.4465399874303583,12.732866703324053,31.246734515135255,0.06643228125622609,0.13550734249099836,38.23178016726404,0.0523125,0.225,0.08761988284365572,0.10377369084770158,0.08949265750900165,n200_eta0p3,200,0.3,0.225,0.3,2.0,1,0.61,0.76,,,,,,,,,,,
98,2,0.10403971742899464,0.3821374044321571,42.804796091948106,112.01414882574645,0.08177568583230348,0.2144019810498514,152.92712066905617,0.0523125,0.225,0.13521162854826707,0.19401871979457733,0.010598018950148613,n200_eta0p3,200,0.3,0.225,0.3,8.0,0,2.995,0.605,True,0.07748230364385096,0.22260222705372576,11.720428745801346,39.06809581933782,175.50631157840397,0.057476249469708224,0.2582015922771345,352.5037718001271,0.05980822757677734,0.04088294578538854
99,2,0.10360160775499276,0.34144567372710743,38.215796818504,108.68135491007256,0.08002403617523532,0.23273932605819606,152.92712066905617,0.0523125,0.225,0.14832946760713533,0.1846149767847071,0.00773932605819605,n200_eta0p3,200,0.3,0.225,0.3,8.0,1,2.825,0.605,,,,,,,,,,,
100,2,0.40989976243470827,0.7096998852212316,5.683689182303384,7.90673868690291,0.2598302124881695,0.2944578589544169,5.734767025089606,0.34875,0.225,0.13948160647329616,0.12782456779707121,0.06945785895441689,n200_eta0p3,200,0.3,0.225,2.0,2.0,0,0.605,0.625,True,0.68315300101812,3.1251599018835714,3.373233121255152,11.244110404183841,3.597931228225116,0.5606058168189253,0.17938468251849815,212.53932532379253,0.20246292150892187,0.20614338338459604
101,2,0.3805079034695478,0.8481962849101339,6.714486019099313,7.916193619983505,0.2626713517819334,0.30968227102027845,5.734767025089606,0.34875,0.225,0.1400006285701808,0.12310150718602027,0.08468227102027845,n200_eta0p3,200,0.3,0.225,2.0,2.0,1,0.715,0.61,,,,,,,,,,,
102,2,0.3438358452841958,0.6718691813652053,26.80841894224394,40.4620364616037,0.2274407449347462,0.3508668014920686,22.939068100358423,0.34875,0.225,0.24647196639429633,0.1856459471558993,0.1258668014920686,n200_eta0p3,200,0.3,0.225,2.0,8.0,0,2.69,0.35,True,0.3899397388698145,0.7939544660043817,8.191498743842535,27.304995812808453,34.391135741350894,0.261505120874521,0.3293704262293019,421.71183401955665,0.17587074759665933,0.12503401850562046
103,2,0.35293412632304844,0.7670095400647237,31.118810138869257,39.287902330811924,0.24171201644213527,0.31513560629472553,22.939068100358423,0.34875,0.225,0.23368307076445521,0.15921597487363529,0.09013560629472553,n200_eta0p3,200,0.3,0.225,2.0,8.0,1,2.98,0.34,,,,,,,,,,,
104,2,0.7257561476099914,1.0300176481999392,4.275377037497034,4.096769319793457,0.42554594859107403,0.4067682849834785,1.146953405017921,1.7437500000000001,0.225,0.5528957354137216,0.6125377604457684,0.1817682849834785,n200_eta0p3,200,0.3,0.225,10.0,2.0,0,0.545,0.595,True,1.8695575861668083,1.540659985051886,0.9941323249742524,3.3137744165808414,2.150879784464085,0.8446242805933513,0.5482223779342891,196.92722259610323,0.27307036272243107,0.3148206585937381
105,2,0.8790828642373432,1.2944965556937482,4.330462543142711,3.4613060663825457,0.5255707534385525,0.44112111342943516,1.146953405017921,1.7437500000000001,0.225,0.47969422848474486,0.5208530306824816,0.21612111342943516,n200_eta0p3,200,0.3,0.225,10.0,2.0,1,0.605,0.59,,,,,,,,,,,
106,2,1.895579079064314,1.9361497132308099,16.795501994404795,8.500600004986067,0.9578248068382648,0.493047497656552,4.587813620071684,1.7437500000000001,0.225,0.26784381459390655,0.26019813991206653,0.268047497656552,n200_eta0p3,200,0.3,0.225,10.0,8.0,0,2.565,0.14,True,2.992546543199697,8.31220598942677,9.68990688117989,32.29968960393297,3.8858143848959683,2.2003722087885187,0.26471579404882645,400.1047559240325,0.0721237147169688,0.10101193045463285
107,2,1.674915207660601,1.8380006658568322,17.774241446050198,9.870970819052676,0.8763361770606437,0.4848423240661439,4.587813620071684,1.7437500000000001,0.225,0.33275410165741254,0.29881347993495677,0.25984232406614394,n200_eta0p3,200,0.3,0.225,10.0,8.0,1,2.565,0.2,,,,,,,,,,,
108,2,0.11558683236879803,0.5406297062211678,9.351932548250964,16.854230657080915,0.09629192916309487,0.21427751116870988,35.55555555555556,0.056249999999999994,0.25,0.3241985357560218,0.23346736089335363,0.03572248883129012,n200_eta0p3,200,0.3,0.25,0.3,2.0,0,0.625,0.71,True,0.10079386788045357,0.2964934091400643,2.4646848783236135,8.215616261078711,27.70927112648778,0.07522193444605453,0.25370524985437193,205.04872424152782,0.1082823667687783,0.12622197098743201
109,2,0.1606693386345093,0.4283279858182095,9.852576690600934,23.4802369499885,0.11869968521749669,0.2534459964628804,35.55555555555556,0.056249999999999994,0.25,0.18020499361534262,0.3243270404569076,0.0034459964628804074,n200_eta0p3,200,0.3,0.25,0.3,2.0,1,0.81,0.685,,,,,,,,,,,
110,2,0.08761712181693358,0.2739991614353942,33.54740359694558,118.1000498522077,0.06638809980929708,0.24229307659742827,142.22222222222223,0.056249999999999994,0.25,0.08071737927128486,0.0719677114651627,0.00770692340257173,n200_eta0p3,200,0.3,0.25,0.3,8.0,0,2.56,0.61,True,0.07385389470456642,0.19719537486204858,9.377108315780657,31.257027719268855,158.50791501137005,0.053730624231436916,0.272474059135642,341.45928993314305,0.0470834931587109,0.019900640640656542
111,2,0.08318121792720128,0.24454884980300123,31.48175510165473,128.73401419395418,0.0631434420139477,0.22675279105623128,142.22222222222223,0.056249999999999994,0.25,0.04327414854105507,0.05020572525681079,0.02324720894376872,n200_eta0p3,200,0.3,0.25,0.3,8.0,1,2.33,0.635,,,,,,,,,,,
112,2,0.7163902658822651,0.9941010029547898,4.781651471679749,4.810025799659324,0.41635072613074564,0.3939918747924465,5.333333333333333,0.375,0.25,0.04485132211968002,0.04542805869256383,0.14399187479244652,n200_eta0p3,200,0.3,0.25,2.0,2.0,0,0.6,0.615,True,0.0016420876280981457,0.0010000000000000002,0.9653847509963925,3.217949169987975,3217.9491699879745,0.0006215114179540555,0.6215114179540554,210.07023302268675,2.7805804518615265,2.780582156135588
113,2,0.4463845469082441,0.7653041798869454,5.8542995364124195,7.6496374778421385,0.281937061913066,0.36116547567224255,5.333333333333333,0.375,0.25,0.1566421261581002,0.12387909811239593,0.11116547567224255,n200_eta0p3,200,0.3,0.25,2.0,2.0,1,0.625,0.635,,,,,,,,,,,
114,2,0.32320120981775396,0.6340053275817485,22.4062280108714,39.06912520977873,0.21407217867735914,0.33901534564392777,21.333333333333332,0.375,0.25,0.26277496785461624,0.24347103869583417,0.08901534564392777,n200_eta0p3,200,0.3,0.25,2.0,8.0,0,2.36,0.4,True,0.2939202519919344,0.5483889186883744,6.779580170895463,22.598600569651545,41.20907589398857,0.191358012925692,0.3489458054392825,396.2398055020054,0.2859341563950069,0.29218461513871474
115,2,0.40345638761385266,0.6469398388543495,20.877824366405086,32.27166285411814,0.25014303775421615,0.371790468303942,21.333333333333332,0.375,0.25,0.17976262450230507,0.17584284808376205,0.12179046830394202,n200_eta0p3,200,0.3,0.25,2.0,8.0,1,2.305,0.335,,,,,,,,,,,
116,2,1.0468047818691424,1.3618942241385634,4.016948716756953,3.1387867918530694,0.5890893507590513,0.43306544068126596,1.0666666666666667,1.875,0.25,0.4687330928113348,0.5028201001992152,0.18306544068126596,n200_eta0p3,200,0.3,0.25,10.0,2.0,0,0.535,0.58,True,51.003529539085584,0.018524533465604794,0.5351942592457923,1.7839808641526411,96.30368653899038,0.018517807779107925,0.9996369308566202,190.27515502513896,1.9556141887880105,2.0054117003975973
117,2,1.0116053642409584,1.3436294593360865,4.371862450670878,3.4400524437817945,0.5977406334610303,0.4452773259137577,1.0666666666666667,1.875,0.25,0.5085363398641446,0.4964884925759005,0.19527732591375768,n200_eta0p3,200,0.3,0.25,10.0,2.0,1,0.62,0.575,,,,,,,,,,,
118,2,2.0081614492147613,2.0688102888971747,15.206697614304115,7.350455329768485,1.0171562579444398,0.49557003783262077,4.266666666666667,1.875,0.25,0.23622552770442018,0.2656135966727538,0.24557003783262077,n200_eta0p3,200,0.3,0.25,10.0,8.0,0,2.25,0.185,True,1.4619238242656651,1.2291803847491527,4.1414628564637015,13.804876188212338,11.230960369604006,0.6677437769838991,0.5432431116448138,382.21434841213346,0.42032817983605836,0.4483914227445644
119,2,2.1340642300941592,2.1198035540408577,16.00802817872948,7.620086667134624,1.0634549941530296,0.5016762011394063,4.266666666666667,1.875,0.25,0.2518711958922718,0.24628215695482503,0.25167620113940625,n200_eta0p3,200,0.3,0.25,10.0,8.0,1,2.265,0.195,,,,,,,,,,,
120,2,0.18639104843539683,0.5000544458628637,9.729757623826087,15.268726733704451,0.1473527895908612,0.261444429599411,31.746031746031747,0.063,0.3,0.3178866236649036,0.3690178126017209,0.03855557040058899,n200_eta0p3,200,0.3,0.3,0.3,2.0,0,0.685,0.68,True,0.1523987240896861,0.4596507604480987,2.7508593167817237,9.16953105593908,19.94890870407785,0.11445183957967969,0.24899738981853153,219.0790158182662,0.201770303418726,0.2592822280103079
121,2,0.13325434722262106,0.5121917775516928,10.096977908757431,19.661396010750455,0.10300998960615863,0.2004719020126539,31.746031746031747,0.063,0.3,0.2080750955707749,0.2135387938968346,0.09952809798734608,n200_eta0p3,200,0.3,0.3,0.3,2.0,1,0.475,0.76,,,,,,,,,,,
122,2,0.09118106645813893,0.2694796064851084,27.995283490195696,99.38842885819057,0.06799839485932581,0.25424874372857054,126.98412698412699,0.063,0.3,0.1064136122512714,0.03315811160610788,0.04575125627142945,n200_eta0p3,200,0.3,0.3,0.3,8.0,0,2.115,0.61,True,0.07685889781866355,0.1973019187871259,7.575601376067795,25.252004586892653,127.98661433261421,0.05531209092249886,0.2803423872536004,323.93739812881,0.0034151131605298043,0.05652047335759534
123,2,0.10286963669987126,0.2949662631330152,30.68716772311282,104.03619518098728,0.07540680156398304,0.2644267128934951,126.98412698412699,0.063,0.3,0.08656497677228879,0.07806997079927738,0.03557328710650487,n200_eta0p3,200,0.3,0.3,0.3,8.0,1,2.715,0.545,,,,,,,,,,,
124,2,0.4860678551137798,0.7933296920544828,4.897136736145674,5.746387585121847,0.3014012827119195,0.3636552871172898,4.761904761904763,0.42,0.3,0.08161420988147491,0.14410419413288034,0.0636552871172898,n200_eta0p3,200,0.3,0.3,2.0,2.0,0,0.505,0.69,True,0.0010000000000000002,0.0011225781872001592,1.071911562892156,3.573038542973854,3182.8861309744743,0.0005288748343734393,0.47112516562656076,188.65904490999404,2.825040396573889,2.899896388065569
125,2,0.8164428757979094,1.1698911641693495,5.151311697364211,4.40324010911029,0.46567240686877737,0.42963259197567755,4.761904761904763,0.42,0.3,0.0340083370406101,0.044831214445588456,0.12963259197567756,n200_eta0p3,200,0.3,0.3,2.0,2.0,1,0.665,0.58,,,,,,,,,,,
126,2,0.4744303480448077,0.8132791421969975,24.04513003984208,29.675840164469005,0.2996361441878095,0.36842964320758365,19.04761904761905,0.42,0.3,0.19256232668979262,0.14665509060102344,0.06842964320758366,n200_eta0p3,200,0.3,0.3,2.0,8.0,0,2.56,0.3,True,0.5434169415640981,1.0466095489101213,7.503919130293327,25.013063767644425,23.899135827388147,0.3576955248782631,0.34176596730915226,418.1611581620916,0.09854150091551621,0.06973578366473686
127,2,0.6396235684856708,0.9344449456742405,22.009294097544803,23.728508681429958,0.37971219507211124,0.40635052587087755,19.04761904761905,0.42,0.3,0.09542974740592838,0.04379474496346394,0.10635052587087757,n200_eta0p3,200,0.3,0.3,2.0,8.0,1,2.595,0.255,,,,,,,,,,,
128,2,1.0400039692722505,1.5149117245203283,4.271787691288739,2.8879053961886325,0.616659958849554,0.4318613655435318,0.9523809523809524,2.1,0.3,0.4817722613102696,0.5321735451324087,0.13186136554353184,n200_eta0p3,200,0.3,0.3,10.0,2.0,0,0.565,0.575,True,5.035121324184483,299.99990644638115,34.22866489146676,114.09554963822252,0.380318617394685,4.95200809310885,0.01650669879123419,200.546999202866,0.3986631153715522,0.3725620510498795
129,2,1.163937497169015,1.4197919845337112,4.005533808656672,3.024043433641459,0.6121010560375296,0.4655015556384448,0.9523809523809524,2.1,0.3,0.5017773236158237,0.5353961659603058,0.16550155563844482,n200_eta0p3,200,0.3,0.3,10.0,2.0,1,0.555,0.58,,,,,,,,,,,
130,2,1.9302714634793559,1.9683322922695086,17.119181357784445,8.483026190424052,0.9790692985493246,0.4962879670879287,3.8095238095238098,2.1,0.3,0.34768011558285744,0.3314058624686227,0.19628796708792873,n200_eta0p3,200,0.3,0.3,10.0,8.0,0,2.515,0.13,True,3.51369448547546,4.636960580961958,5.83390178898047,19.44633929660157,4.19376851648097,1.998963603524764,0.4310935080474784,389.24065206839356,0.04173376277224276,0.02141440803564092
131,2,1.9951477749524886,2.0342684158623703,16.42217267597708,8.07276588867225,1.0072590944603215,0.4939802199731458,3.8095238095238098,2.1,0.3,0.3261516658079459,0.31907809744629834,0.1939802199731458,n200_eta0p3,200,0.3,0.3,10.0,8.0,1,2.365,0.14,,,,,,,,,,,
132,2,0.7664178765788776,1.0261004177680713,4.98490762916701,4.192723821636954,0.4387245060888006,0.3825582027550764,29.304029304029303,0.06824999999999999,0.35,0.8444310839605388,0.8080892380080654,0.032558202755076426,n200_eta0p3,200,0.3,0.35,0.3,2.0,0,0.625,0.65,True,0.0010000000000000002,0.0010794022915886032,1.2996498664324407,4.33216622144147,4013.486218438199,0.0005190925757631879,0.4809074242368124,211.0058257978571,2.1365944360780564,2.1188578382154457
133,2,0.189895751988737,0.5631055239601933,7.239394056440304,14.530276972528176,0.13719213594348706,0.2775397316332588,29.304029304029303,0.06824999999999999,0.35,0.30465344716079357,0.3032265619681975,0.07246026836674119,n200_eta0p3,200,0.3,0.35,0.3,2.0,1,0.57,0.705,,,,,,,,,,,
134,2,0.09026817031362892,0.2532763575230774,23.787627843213123,93.9196539141862,0.06513670738183472,0.276872031184232,117.21611721611721,0.06824999999999999,0.35,0.0962308477103224,0.020276854232504055,0.073127968815768,n200_eta0p3,200,0.3,0.35,0.3,8.0,0,2.0,0.605,True,0.07011893716861384,0.16194280544687473,6.6453689884956715,22.151229961652238,136.78427949007553,0.048932052616933924,0.30215638466869754,319.3974480888606,0.06704885584889665,0.14450922165098745
135,2,0.16894536045229935,0.3781976483690565,27.063706945388876,71.23340607165657,0.11677886219100733,0.30877733559318976,117.21611721611721,0.06824999999999999,0.35,0.21630362036488407,0.2332615837709433,0.04122266440681022,n200_eta0p3,200,0.3,0.35,0.3,8.0,1,2.58,0.49,,,,,,,,,,,
136,2,0.5270456429553483,0.9241027090206705,5.384586886601466,5.141152767510387,0.33562681980058995,0.34581584038833657,4.395604395604396,0.45499999999999996,0.35,0.0680419099566522,0.1321547388210443,0.004184159611663407,n200_eta0p3,200,0.3,0.35,2.0,2.0,0,0.6,0.625,True,0.8009875009408645,5.6895351397019205,4.862193573154099,16.207311910513663,2.8486179472586537,0.7021386081497051,0.12340878312713799,211.65017313446526,0.18838439284340983,0.18841145737083587
137,2,0.6075344474398267,0.8526921339427967,5.170048561951633,6.041717859043209,0.3547667540339629,0.3716438988610918,4.395604395604396,0.45499999999999996,0.35,0.13814184137401025,0.10806848227337579,0.021643898861091804,n200_eta0p3,200,0.3,0.35,2.0,2.0,1,0.655,0.61,,,,,,,,,,,
138,2,0.5918042864665614,0.8668044576124113,21.886643411820188,25.068277616867423,0.3487353460180294,0.38229122721300085,17.582417582417584,0.45499999999999996,0.35,0.15404590528325676,0.11551542919902148,0.03229122721300087,n200_eta0p3,200,0.3,0.35,2.0,8.0,0,2.645,0.27,True,0.6102261963270267,0.8929540528532323,6.510857999322519,21.70285999774173,24.304565199514084,0.36250074165396157,0.4059567684313349,422.4459720060319,0.14060926576320895,0.09870249720970399
139,2,0.5667654653045765,0.9397993043435335,23.29532400505846,25.178462848173698,0.3552900876027225,0.3780488940145566,17.582417582417584,0.45499999999999996,0.35,0.15595062245315802,0.1074283055750224,0.028048894014556625,n200_eta0p3,200,0.3,0.35,2.0,8.0,1,2.45,0.31,,,,,,,,,,,
140,2,0.9046140059915021,1.467654436948986,4.629775802658691,3.1545408006827818,0.5596587365863008,0.3813286850750372,0.8791208791208791,2.275,0.35,0.554887554251941,0.6090581132636257,0.03132868507503722,n200_eta0p3,200,0.3,0.35,10.0,2.0,0,0.55,0.62,True,1.1813313013935018,3.3810601568150287,2.124067409935504,7.080224699785013,2.0940842136493103,0.8754514450867308,0.2589280889670444,200.598711215949,0.3769455481866746,0.41474933705643735
141,2,1.0407438588254385,1.2564302139347472,4.369823074446584,3.3810133371939752,0.5692307103327775,0.45305398104851735,0.8791208791208791,2.275,0.35,0.5849982892739557,0.601693078505203,0.10305398104851737,n200_eta0p3,200,0.3,0.35,10.0,2.0,1,0.63,0.55,,,,,,,,,,,
142,2,2.23790142495187,2.1464940628307714,15.33171720076453,7.017952424979917,1.098391660738903,0.5117142785339722,3.5164835164835164,2.275,0.35,0.3001018337884218,0.316224174023014,0.16171427853397224,n200_eta0p3,200,0.3,0.35,10.0,8.0,0,2.235,0.16,True,2.2536477432724946,3.0932843102531478,5.30364547673021,17.678818255767368,5.715225786769199,1.3037706735969445,0.4214842681209109,379.3410069429997,0.21092480638970199,0.24178019299448694
143,2,2.228393991333031,2.1454209416121266,14.767377169369663,6.803093923056368,1.0930602251040564,0.5102192522154203,3.5164835164835164,2.275,0.35,0.28659788084350263,0.31833730975724495,0.16021925221542033,n200_eta0p3,200,0.3,0.35,10.0,8.0,1,2.29,0.155,,,,,,,,,,,
144,2,0.45476901348309806,0.8173342195028924,5.467630499034852,6.689589605535295,0.2921919126145337,0.3574937958577662,27.77777777777778,0.072,0.4,0.6182980238443252,0.6083356947854627,0.04250620414223383,n200_eta0p3,200,0.3,0.4,0.3,2.0,0,0.575,0.645,True,0.4136615232229742,0.9735267888157809,1.9285447307226509,6.42848243574217,6.6032928005627,0.2903070699666159,0.2982014191101528,206.19883246797227,0.6239369442208925,0.6055251160800481
145,2,0.5648344463628635,0.8131408196615222,5.4498548434514875,6.70222759905233,0.3333078292570985,0.3917093299319421,27.77777777777778,0.072,0.4,0.6174783273995046,0.6655130187390735,0.008290670068057948,n200_eta0p3,200,0.3,0.4,0.3,2.0,1,0.645,0.635,,,,,,,,,,,
146,2,0.15262147906093482,0.33694124479392873,22.066321023882015,69.6947291153526,0.09974140073675793,0.31071197367305575,111.11111111111111,0.072,0.4,0.20255755611655038,0.14154296658856258,0.08928802632694427,n200_eta0p3,200,0.3,0.4,0.3,8.0,0,2.385,0.5,True,0.06363791090444405,0.08161878921469266,5.448559600860868,18.161865336202894,222.520641520782,0.03575772568090252,0.43810654415424194,362.50799966725066,0.3016128127687572,0.3039626081095375
147,2,0.15517388946798322,0.35700274484986594,22.410353661747134,63.81889359627577,0.10816093659345041,0.3029694817582886,111.11111111111111,0.072,0.4,0.24080821983507528,0.17673794285052108,0.09703051824171144,n200_eta0p3,200,0.3,0.4,0.3,8.0,1,2.12,0.525,,,,,,,,,,,
148,2,0.7653903572192489,1.1960715123526293,4.794545630914264,4.171948018756232,0.46762226641553695,0.3909651401158622,4.166666666666667,0.48,0.4,0.0005501303184553074,0.011346054921783527,0.009034859884137825,n200_eta0p3,200,0.3,0.4,2.0,2.0,0,0.59,0.625,True,0.0014821549105936062,0.0010000000000000002,0.9880679996555926,3.2935599988519755,3293.559998851975,0.0005971242585496607,0.5971242585496606,208.15426595055786,2.89787682111294,2.905176522348135
149,2,0.613865086519281,1.09447406212367,4.441433610008488,4.2949946226479,0.3932822211399644,0.37997314497804313,4.166666666666667,0.48,0.4,0.013173866140611903,0.08653692339739508,0.02002685502195689,n200_eta0p3,200,0.3,0.4,2.0,2.0,1,0.49,0.655,,,,,,,,,,,
150,2,0.7635237434316196,1.0363934195430664,19.649804376751458,18.959792687042363,0.4461283099526076,0.4102288186299195,16.666666666666668,0.48,0.4,0.05598483468496513,0.031781454245840106,0.010228818629919478,n200_eta0p3,200,0.3,0.4,2.0,8.0,0,2.45,0.26,True,0.5776066337456535,0.5581636878384832,4.810379270179415,16.03459756726472,28.727410823444103,0.28385937075884676,0.5085593651892805,407.40008681284104,0.23644773555544113,0.22813800165832057
151,2,1.6445238470668977,1.779423533047589,18.48981485039823,10.39090160774205,0.8546581209524735,0.4711364754531515,16.666666666666668,0.48,0.4,0.20519551714301407,0.25055118626899564,0.0711364754531515,n200_eta0p3,200,0.3,0.4,2.0,8.0,1,2.8,0.17,,,,,,,,,,,
152,2,1.0306155442134737,1.4473601436873627,4.467648947819772,3.605966750370826,0.5662078993994593,0.45665028918564926,0.8333333333333334,2.4000000000000004,0.4,0.6362029639423137,0.6272353176191802,0.05665028918564924,n200_eta0p3,200,0.3,0.4,10.0,2.0,0,0.655,0.55,True,2.717607427265867,299.99999999999994,72.96070612378237,243.20235374594125,0.810674512486471,2.69321046472544,0.008977368215751468,219.37763542641358,0.011972234889072595,0.05005905158009988
153,2,0.9788982664001304,1.5197590588612837,4.232022334905934,2.892356617549624,0.5953955722638197,0.44516160514663494,0.8333333333333334,2.4000000000000004,0.4,0.5404330849763622,0.6054056410759766,0.04516160514663492,n200_eta0p3,200,0.3,0.4,10.0,2.0,1,0.535,0.61,,,,,,,,,,,
154,2,1.9610435682419123,2.073800696677312,17.291560398552754,8.338101354801193,1.0079232929492152,0.4860270779945881,3.3333333333333335,2.4000000000000004,0.4,0.398188424661217,0.37678375991607876,0.08602707799458809,n200_eta0p3,200,0.3,0.4,10.0,8.0,0,2.42,0.13,True,4.998117978715178,299.99999999999994,147.67866202211366,492.2622067403789,1.64087402246793,4.916211954197022,0.016387373180656743,387.44237679831645,0.30780350575508736,0.3114193567814622
155,2,2.145180575548551,2.137653790368204,15.705552493263221,7.3470982831873775,1.0880475559815648,0.5143090791914673,3.3333333333333335,2.4000000000000004,0.4,0.3432371042224637,0.3435633639514532,0.11430907919146727,n200_eta0p3,200,0.3,0.4,10.0,8.0,1,2.43,0.115,,,,,,,,,,,
156,2,0.5148520786623981,0.9350415673229951,5.234694084358463,5.598354412569362,0.3463169647049837,0.34169565827859766,26.936026936026934,0.07425000000000001,0.45,0.6822731489838456,0.6687773084585701,0.10830434172140235,n200_eta0p3,200,0.3,0.45,0.3,2.0,0,0.555,0.655,True,0.3237510017952201,0.6220422321186236,1.6213970669651632,5.404656889883878,8.688569056599373,0.21292898763291893,0.3423063204369592,202.02003806348867,0.49138528044288726,0.4575383312651921
157,2,0.68436973533021,1.1548161517572033,5.201832356974692,4.600726498159963,0.4297125318771904,0.4158158218484113,26.936026936026934,0.07425000000000001,0.45,0.7675071213780827,0.7624815613817596,0.034184178151588696,n200_eta0p3,200,0.3,0.45,0.3,2.0,1,0.64,0.59,,,,,,,,,,,
158,2,0.27648608849138573,0.5024215959530448,22.620729507488363,45.706456438519815,0.17989886169957786,0.35806355289789493,107.74410774410774,0.07425000000000001,0.45,0.3724159766884655,0.3843319573898973,0.09193644710210508,n200_eta0p3,200,0.3,0.45,0.3,8.0,0,2.51,0.43,True,0.11997183963591129,0.1348395812996354,5.335336061861556,17.78445353953852,131.89342007832687,0.06348597941512663,0.4708259904341477,388.8363335093773,0.08782960092613096,0.0680186340353016
159,2,0.15446047993808656,0.3221880322545669,19.621879029655965,60.90194875442284,0.1050971508531137,0.30483535314303617,107.74410774410774,0.07425000000000001,0.45,0.24776233949376414,0.15089448462754582,0.14516464685696384,n200_eta0p3,200,0.3,0.45,0.3,8.0,1,2.215,0.505,,,,,,,,,,,
160,2,0.964567647960295,1.437432007266903,4.759883730839202,3.311380090867411,0.5772275642650487,0.40156860383439963,4.040404040404041,0.49500000000000005,0.45,0.08641576339837896,0.06674186278514864,0.04843139616560038,n200_eta0p3,200,0.3,0.45,2.0,2.0,0,0.66,0.56,True,2.0816196811449683,40.60281598226909,13.533371316345743,45.11123772115248,1.111037168970058,1.980103978065306,0.04876765145870673,221.14434742624474,0.5606962085288997,0.6020827973453102
161,2,0.7432514258646444,1.069506492550564,4.519669351975455,4.461789592415743,0.4385098625053301,0.39168110061200173,4.040404040404041,0.49500000000000005,0.45,0.04308428938608272,0.05262583342426826,0.05831889938799828,n200_eta0p3,200,0.3,0.45,2.0,2.0,1,0.47,0.65,,,,,,,,,,,
162,2,1.6660256110595029,1.7316201149720838,17.593485371972584,10.065142585760034,0.8490948417800027,0.48556471857354766,16.161616161616163,0.49500000000000005,0.45,0.20566485644719779,0.23435100363223837,0.03556471857354765,n200_eta0p3,200,0.3,0.45,2.0,8.0,0,2.485,0.215,True,1.1383143198180363,1.6695474651249884,6.127205154262619,20.424017180875396,12.23326536532244,0.6768387950428411,0.40540254720591035,407.3785184718293,0.12094239145897892,0.1358800446998828
163,2,0.8418390005636942,1.00886631017681,18.503817683549503,17.18728651284087,0.45058606811438057,0.42899835049447904,16.161616161616163,0.49500000000000005,0.45,0.02672252867983265,0.04082743949645771,0.02100164950552097,n200_eta0p3,200,0.3,0.45,2.0,8.0,1,2.275,0.26,,,,,,,,,,,
164,2,0.9298634602746852,1.3948923136593119,4.1949780944273805,3.271544509395472,0.5579336152351608,0.4287115236431867,0.8080808080808081,2.475,0.45,0.6072980408609117,0.6469926750348042,0.021288476356813302,n200_eta0p3,200,0.3,0.45,10.0,2.0,0,0.555,0.58,True,0.017571722317510186,0.0010000000000000002,0.5865840761126737,1.9552802537089125,1955.280253708912,0.0009461546978301976,0.9461546978301975,196.92363813371472,3.3837542219800776,3.4176130532088758
165,2,1.125985950334547,1.418010641060878,4.1618919967688095,3.0043311241129125,0.6090735124894295,0.46753882499853816,0.8080808080808081,2.475,0.45,0.5702930045961841,0.6089054900426814,0.01753882499853815,n200_eta0p3,200,0.3,0.45,10.0,2.0,1,0.575,0.555,,,,,,,,,,,
166,2,1.9780558147199598,2.0311516355131856,16.05020839586513,8.244774050301324,1.002126069323545,0.5014377285625565,3.2323232323232323,2.475,0.45,0.40666397449324165,0.3926528432478354,0.05143772856255652,n200_eta0p3,200,0.3,0.45,10.0,8.0,0,2.31,0.135,True,2.8074234187130434,2.769103181207548,4.588925310132885,15.296417700442952,5.523960899778571,1.3940658186523418,0.503435851763537,377.7899973450852,0.23273581213092379,0.2492919244841269
167,2,2.0333104392313044,2.085709533070961,16.40064009739422,7.453614710083651,1.0295883475474021,0.4936393736626666,3.2323232323232323,2.475,0.45,0.36285215586137637,0.3809115845097187,0.04363937366266657,n200_eta0p3,200,0.3,0.45,10.0,8.0,1,2.47,0.13,,,,,,,,,,,
168,2,0.4082987644615794,0.7172077112044277,5.356032491360451,7.4678958517692315,0.26357245318084155,0.36749807491363506,26.666666666666668,0.075,0.5,0.5527704796794023,0.5458387553652441,0.13250192508636494,n200_eta0p3,200,0.3,0.5,0.3,2.0,0,0.54,0.67,True,0.0010000000000000002,0.0010050484367161506,1.0827316511871967,3.6091055039573225,3590.976685411849,0.0005012589313613837,0.4987410686386164,196.6871091936864,2.1292438531852174,2.1749991394963124
169,2,1.0067616307510574,1.4073615176575465,4.5242302954119795,3.3662571765090914,0.5483338010801667,0.45326916796954203,26.666666666666668,0.075,0.5,0.8988214399812029,0.8639837546423182,0.04673083203045797,n200_eta0p3,200,0.3,0.5,0.3,2.0,1,0.605,0.6,,,,,,,,,,,
170,2,0.23105144417671142,0.47678907598243264,20.008250782720392,43.24561465677012,0.15574726554788224,0.35600156440013936,106.66666666666667,0.075,0.5,0.39208664941623483,0.31735916710553813,0.14399843559986064,n200_eta0p3,200,0.3,0.5,0.3,8.0,0,2.1,0.46,True,0.09285977196249907,0.1033028627303989,4.433400047920021,14.778000159733402,143.05508839867497,0.04890166922582371,0.47338154948762545,364.37140327292497,0.12747458645550086,0.18573757966293564
171,2,0.4355537449210118,0.6713583836698139,20.5386442747501,30.592668199778338,0.2629691000201247,0.39624190335497067,106.66666666666667,0.075,0.5,0.5424113671155307,0.5448434566602058,0.10375809664502933,n200_eta0p3,200,0.3,0.5,0.3,8.0,1,2.405,0.36,,,,,,,,,,,
172,2,1.0035553338493461,1.4080729718238814,4.392213291085359,3.1777054135003766,0.5728049090228876,0.45052445497032906,4.0,0.5,0.5,0.09994635749411131,0.059036726947746795,0.04947554502967094,n200_eta0p3,200,0.3,0.5,2.0,2.0,0,0.625,0.57,True,2.1031740383555535,13.062644568870802,4.506850759128774,15.02283586376258,1.1500608306807223,1.8115088701129944,0.13867857006765286,214.22942842167228,0.5413391790349812,0.5590704605770133
173,2,1.006562446818035,1.370395477572883,4.351170904938867,3.175120595585484,0.6035019162861484,0.44082377749093576,4.0,0.5,0.5,0.10029976626605115,0.08170864910510181,0.059176222509064236,n200_eta0p3,200,0.3,0.5,2.0,2.0,1,0.585,0.575,,,,,,,,,,,
174,2,2.012336324728063,1.9845266061192186,16.583438340973643,8.356369871706022,1.0100978260784943,0.49410779698913876,16.0,0.5,0.5,0.2821023280726549,0.30539343208889885,0.005892203010861241,n200_eta0p3,200,0.3,0.5,2.0,8.0,0,2.345,0.205,True,1.504230939581195,4.642300563564799,9.585356092273273,31.951186974244244,6.882619196398841,1.1361028793190462,0.24472841940389975,399.6579535743815,0.3663662412116946,0.3564476561741194
175,2,1.9652753756919183,2.08273974860594,15.962552607488368,8.190954844219549,1.011151642527522,0.4957656431206774,16.0,0.5,0.5,0.2907854509316195,0.3058462873324782,0.004234356879322609,n200_eta0p3,200,0.3,0.5,2.0,8.0,1,2.37,0.15,,,,,,,,,,,
176,2,0.854350384703039,1.0897215447198643,4.388404457136787,3.828788308162212,0.47889381398916353,0.41142706200096635,0.8,2.5,0.5,0.6799713680894778,0.7177007815014755,0.08857293799903365,n200_eta0p3,200,0.3,0.5,10.0,2.0,0,0.555,0.62,True,0.002149654143156403,0.0010000000000000002,0.8131685990630922,2.710561996876974,2710.5619968769734,0.0006825048228952982,0.6825048228952981,199.6124881140932,3.5299693580663387,3.563834284022373
177,2,1.0503381196026182,1.2606373496411594,4.275377037497034,3.3051426576013183,0.5916341893874103,0.4445765239150197,0.8,2.5,0.5,0.6161002223885552,0.6258867455898169,0.05542347608498033,n200_eta0p3,200,0.3,0.5,10.0,2.0,1,0.565,0.585,,,,,,,,,,,
178,2,2.231991278755138,2.1682538787728234,15.259047964892096,7.03748214832127,1.090446755070295,0.5152422798133154,3.2,2.5,0.5,0.34226732788473313,0.36033554420775976,0.015242279813315385,n200_eta0p3,200,0.3,0.5,10.0,8.0,0,2.35,0.095,True,106.93889239152995,0.00882229328499873,2.3501714557750284,7.833904852583428,887.9669491269419,0.00882156551948232,0.9999175083515249,358.1754475908414,2.4432468229554085,2.452394344612782
179,2,2.170988236745702,2.1704307380331853,16.15816003269507,7.310859229764711,1.0853547257970704,0.5042065778949054,3.2,2.5,0.5,0.35881844334607543,0.36236830709708395,0.004206577894905417,n200_eta0p3,200,0.3,0.5,10.0,8.0,1,2.455,0.095,,,,,,,,,,,
180,2,0.9071808485321772,1.3693588569163515,4.50043141311423,3.8354321396752398,0.5456773395119309,0.41641998694962074,26.936026936026938,0.07425,0.55,0.8465192344997151,0.8662394611058541,0.1335800130503793,n200_eta0p3,200,0.3,0.55,0.3,2.0,0,0.655,0.58,True,0.13029418018083608,0.07714766173664245,1.0428192507457512,3.476064169152504,45.0572848340975,0.048456431190207906,0.6280998036677085,220.48502294151922,0.2234314797819419,0.1853450327414927
181,2,0.8367184928037354,1.1724774492733545,4.448827176568053,3.8324199468345377,0.512615071932749,0.4313118231251137,26.936026936026938,0.07425,0.55,0.8468604457754878,0.8390949131937309,0.11868817687488636,n200_eta0p3,200,0.3,0.55,0.3,2.0,1,0.59,0.62,,,,,,,,,,,
182,2,0.4214012020796868,0.6405961777544105,19.16909516688711,29.923836314608938,0.2541889504431093,0.41190303283804575,107.74410774410775,0.07425,0.55,0.5563762585448166,0.5344602099207759,0.1380969671619543,n200_eta0p3,200,0.3,0.55,0.3,8.0,0,2.275,0.385,True,0.08960001383063544,0.06706495086073948,3.9794684943483154,13.264894981161051,197.79176471336922,0.03835586684304768,0.5719211950619889,377.9241277245044,0.2638146762867973,0.28686465573585546
183,2,0.5383798791475654,0.7839706762140971,24.84596988025676,29.428860487080946,0.32838143354799826,0.37664752228472864,107.74410774410775,0.07425,0.55,0.5636200828648179,0.6456821364520771,0.1733524777152714,n200_eta0p3,200,0.3,0.55,0.3,8.0,1,2.605,0.335,,,,,,,,,,,
184,2,0.8111958395127206,1.2997565795634711,4.091742520822092,3.5308264002551004,0.4994698697105578,0.414361801220157,4.040404040404041,0.495,0.55,0.058548431550399196,0.0039040958043665462,0.13563819877984307,n200_eta0p3,200,0.3,0.55,2.0,2.0,0,0.46,0.655,True,0.003139347998450384,0.0010000000000000002,0.6065270732033264,2.021756910677755,2021.7569106777544,0.000758416059636841,0.7584160596368408,180.19098936819148,2.6993041395404744,2.814697678219307
185,2,0.8391500608794951,1.0366831386217281,5.413369712074682,4.7420292730813935,0.46488433687753483,0.3725481297920527,4.040404040404041,0.495,0.55,0.06953943386883772,0.02726028497730425,0.17745187020794734,n200_eta0p3,200,0.3,0.55,2.0,2.0,1,0.685,0.57,,,,,,,,,,,
186,2,1.904619191272718,1.941231760241151,16.505630164140044,8.578192904802723,0.9613755998026962,0.4952399911710019,16.161616161616163,0.495,0.55,0.27508897971216806,0.2882878963860801,0.05476000882899812,n200_eta0p3,200,0.3,0.55,2.0,8.0,0,2.485,0.19,True,0.8956416289665929,0.67521874860962,4.360960575885375,14.536535252951252,21.52863095535222,0.38498266844480505,0.5701599211182213,401.2483898133709,0.1245316250702468,0.10916402051132934
187,2,1.7986212987026895,2.12603233169125,16.827528845864116,8.770787439864385,0.92833442866448,0.46493269211783855,16.161616161616163,0.495,0.55,0.2654462020542518,0.27309925827589776,0.08506730788216149,n200_eta0p3,200,0.3,0.55,2.0,8.0,1,2.535,0.17,,,,,,,,,,,
188,2,1.1154871500004424,1.3478177872313564,4.39094663127776,3.182457556023828,0.6103480732223817,0.4528416815719126,0.8080808080808081,2.475,0.55,0.5953078278472267,0.607997625361208,0.09715831842808742,n200_eta0p3,200,0.3,0.55,10.0,2.0,0,0.65,0.52,True,115.90960809472693,0.14736894258118524,0.6508273691748604,2.1694245639162015,14.721043158201873,0.14718181376056713,0.9987302017824072,212.40705232179056,1.2604837935445137,1.2257210527203775
189,2,1.5713421916853094,1.797194626861456,4.559950182344584,2.533577369686355,0.8335923004614169,0.46950301158313246,0.8080808080808081,2.475,0.55,0.4962793787998087,0.4726215086895734,0.08049698841686759,n200_eta0p3,200,0.3,0.55,10.0,2.0,1,0.64,0.5,,,,,,,,,,,
190,2,2.368604989590124,2.250353573381529,15.051480606390182,6.601315313925621,1.1483371160883546,0.5095222793977756,3.2323232323232323,2.475,0.55,0.3101156937387342,0.3335058011270918,0.04047772060222443,n200_eta0p3,200,0.3,0.55,10.0,8.0,0,2.38,0.09,True,21.636849440851904,299.99999999999994,35.37959712545904,117.93199041819682,0.3931066347273228,20.181315802402352,0.06727105267467452,365.9742404392313,0.9150044099578527,0.911374275137417
191,2,2.4077749988902313,2.1887724589632276,14.692875150943276,6.745479305816087,1.1465282700273096,0.5169302495600819,3.2323232323232323,2.475,0.55,0.3194980305487852,0.3341904356423575,0.03306975043991811,n200_eta0p3,200,0.3,0.55,10.0,8.0,1,2.315,0.125,,,,,,,,,,,
192,2,0.4888124150209984,0.7792294138911887,5.087200330955029,6.528501414687875,0.30038205599756007,0.38548603356431477,27.77777777777778,0.072,0.6,0.6288839966748065,0.6203414891112353,0.2145139664356852,n200_eta0p3,200,0.3,0.6,0.3,2.0,0,0.61,0.655,True,0.0010000000000000002,0.001089645411901368,1.274697653400902,4.248992178003007,3899.426484610955,0.0005214499099681702,0.47855009003182997,208.96091720118312,2.1473032378234267,2.1401198996211934
193,2,0.6837041669854831,1.0158896382657348,5.252836159748171,5.3061344549016045,0.3896641460430969,0.4300690783249672,27.77777777777778,0.072,0.6,0.7189192486331419,0.7333579506958162,0.16993092167503276,n200_eta0p3,200,0.3,0.6,0.3,2.0,1,0.64,0.61,,,,,,,,,,,
194,2,0.41287568142778236,0.6175552984252631,18.240799681903507,30.862932116526302,0.24744361305308477,0.40068251974204466,111.11111111111111,0.072,0.6,0.5563203069561538,0.5361437519701007,0.19931748025795532,n200_eta0p3,200,0.3,0.6,0.3,8.0,0,2.065,0.38,True,0.2415392919347954,0.25651507181546496,4.260696302079919,14.202321006933063,55.36641923773628,0.12440101588584507,0.48496571762979385,374.8280848394208,0.3025110536584296,0.23749143048153237
195,2,0.536115858930756,0.8124271779186063,22.91798860976513,27.033722642156533,0.3229819756632483,0.3865700910738296,111.11111111111111,0.072,0.6,0.613851636810627,0.651845790332007,0.21342990892617036,n200_eta0p3,200,0.3,0.6,0.3,8.0,1,2.62,0.28,,,,,,,,,,,
196,2,0.7944562722380569,0.9941010029547898,4.578867777330527,4.46955652362157,0.440143962177075,0.4255728789096085,4.166666666666667,0.48,0.6,0.03047567560446094,0.03764648872313876,0.1744271210903915,n200_eta0p3,200,0.3,0.6,2.0,2.0,0,0.58,0.61,True,0.0021077093247097757,0.0010000000000000002,0.8551779579082596,2.850593193027532,2850.5931930275315,0.0006782195837786765,0.6782195837786764,205.68601820075662,2.8351464854576562,2.849870911378788
197,2,1.057626765999846,1.4850687520613945,4.284296182541199,3.077411864932926,0.5943230566613076,0.4248687118526433,4.166666666666667,0.48,0.6,0.13160313441741875,0.09278134158957299,0.17513128814735668,n200_eta0p3,200,0.3,0.6,2.0,2.0,1,0.53,0.58,,,,,,,,,,,
198,2,1.869348471750861,1.8883505411468129,16.205422753603234,8.798523568033241,0.9442060810083185,0.5006368883322411,16.666666666666668,0.48,0.6,0.2774389479266095,0.29382555573283764,0.09936311166775891,n200_eta0p3,200,0.3,0.6,2.0,8.0,0,2.36,0.21,True,0.6189781803560145,0.3322686494102664,3.6271973249921214,12.090657749973738,36.38819904144758,0.21620786273931566,0.6507019639772108,392.19419856484956,0.3391118119958067,0.34636975366853895
199,2,1.8625144854720086,1.8374876989443902,16.131880188501235,8.609509637204196,0.9249582258558484,0.5033819961827355,16.666666666666668,0.48,0.6,0.2868703331128707,0.2848808816445616,0.09661800381726449,n200_eta0p3,200,0.3,0.6,2.0,8.0,1,2.47,0.185,,,,,,,,,,,
200,2,1.3637392824360635,1.5910719297675588,4.88331968873373,3.120196500840422,0.7235863807893598,0.46941003305499207,0.8333333333333334,2.4,0.6,0.5733631915222922,0.520720857658285,0.1305899669450079,n200_eta0p3,200,0.3,0.6,10.0,2.0,0,0.675,0.515,True,0.02429218204182463,0.0010000000000000002,0.7027848272230419,2.342616090743473,2342.616090743473,0.0009604620906829496,0.9604620906829493,217.48160925531602,3.448882368049286,3.3977310137238006
201,2,1.0192531386853636,1.2497404489459039,4.1516515237576765,3.3220110041724227,0.5613950969601297,0.4441038982467825,0.8333333333333334,2.4,0.6,0.6005823127672888,0.6309426263815839,0.1558961017532175,n200_eta0p3,200,0.3,0.6,10.0,2.0,1,0.51,0.615,,,,,,,,,,,
202,2,2.066019051071409,1.986202603257424,16.11168865432738,7.666215541334755,1.0126623782373354,0.502392594224704,3.3333333333333335,2.4,0.6,0.3617022803210585,0.37474656605374856,0.09760740577529603,n200_eta0p3,200,0.3,0.6,10.0,8.0,0,2.58,0.055,True,153.65359426617997,0.04769020853510327,2.5808004973093226,8.602668324364409,180.38646901768638,0.04767541128732558,0.9996897214704608,364.1674199313583,1.7333252122529317,1.7019167933958592
203,2,2.24872682580976,2.179024076806865,15.472631401835944,7.100716126326374,1.0970758050193723,0.5134867169028499,3.3333333333333335,2.4,0.6,0.3284234054145517,0.3399746045068249,0.08651328309715012,n200_eta0p3,200,0.3,0.6,10.0,8.0,1,2.355,0.105,,,,,,,,,,,
0,2,0.010833698771704914,0.2877070610785301,106.52301781109578,379.36670448476264,0.010451888387376537,0.035242846637528503,229.09507445589924,0.00873,0.03,0.21904345995777408,0.07818051967221225,0.005242846637528505,n500_eta0p3,500,0.3,0.03,0.3,2.0,0,0.466,0.95,True,0.009835787010477895,0.4743807660488212,23.525797062310833,78.4193235410361,165.30881762808556,0.009635994778047463,0.020312785567397497,172.77602744526732,0.14171973235497845,0.042882312267292055
1,2,0.010354472401852116,0.2610263485495377,87.72529023720038,305.28972886320156,0.009942479902179634,0.039788845214246686,229.09507445589924,0.00873,0.03,0.1246964412263583,0.05648047806647333,0.009788845214246687,n500_eta0p3,500,0.3,0.03,0.3,2.0,1,0.676,0.938,,,,,,,,,,,
2,2,0.010719654367646974,0.29627035735377966,231.68201797980197,724.5990855355842,0.010373819688563261,0.03226173785299232,916.380297823597,0.00873,0.03,0.10197796167935508,0.07492445137453851,0.0022617378529923224,n500_eta0p3,500,0.3,0.03,0.3,8.0,0,2.398,0.936,True,0.007588068545841284,0.2388425741788775,78.47218406892723,261.5739468964241,1095.173035191466,0.007354417472177098,0.03079190340106249,250.85604765653187,0.07740699898737018,0.0744659648253142
3,2,0.011172030696023672,0.3116055075276623,234.62615986640466,745.0558051669434,0.010789262155449515,0.034261321955585955,916.380297823597,0.00873,0.03,0.08988694037915348,0.09197750192511253,0.004261321955585956,n500_eta0p3,500,0.3,0.03,0.3,8.0,1,2.6,0.91,,,,,,,,,,,
4,2,0.03779707541168772,0.47594876162235256,28.691518154694226,66.46715052120236,0.03506393277899325,0.0757908222392528,34.364261168384886,0.058199999999999995,0.03,0.28650004974524235,0.2200623595884108,0.04579082223925281,n500_eta0p3,500,0.3,0.03,2.0,2.0,0,0.538,0.866,True,0.049190088949242074,1.107136432478562,12.679063419914382,42.263544733047944,38.17374579430283,0.04709754432106335,0.042539964307402846,347.00909890368604,0.045657766120747775,0.09192472116461253
5,2,0.036692799010960286,0.3824476778876727,33.67461623343322,83.12403179501402,0.03348060268666126,0.0822747077042582,34.364261168384886,0.058199999999999995,0.03,0.38361958878841734,0.24012971749307896,0.0522747077042582,n500_eta0p3,500,0.3,0.03,2.0,2.0,1,0.73,0.83,,,,,,,,,,,
6,2,0.03764983113574524,0.634882043658985,203.17003780492792,307.0898255151243,0.03562263910624633,0.05387963704936888,137.45704467353954,0.058199999999999995,0.03,0.34909842531613133,0.21319689358716107,0.02387963704936888,n500_eta0p3,500,0.3,0.03,2.0,8.0,0,2.852,0.762,True,0.0678873426920954,2.2508713864556205,98.08701982354826,326.9567327451609,145.25784756631955,0.0658997744126272,0.02927744997300694,667.7235334783296,0.023972602146711704,0.053960943274639184
7,2,0.03317194354449164,0.6070264953295579,177.9829319448785,293.20455254304943,0.031453136106513145,0.05181509596123489,137.45704467353954,0.058199999999999995,0.03,0.32900370690457786,0.2672590303900405,0.02181509596123489,n500_eta0p3,500,0.3,0.03,2.0,8.0,1,2.128,0.798,,,,,,,,,,,
8,2,0.1443814859382285,0.6041608670142485,12.047268527031346,19.094901983935078,0.11749370562094333,0.19942294182853557,6.872852233676977,0.291,0.03,0.4437804267594435,0.3938783878020898,0.16942294182853557,n500_eta0p3,500,0.3,0.03,10.0,2.0,0,0.69,0.694,True,0.2776941378256533,4.762177567777828,12.519563425743469,41.731878085811566,8.763192361448397,0.2623933447326475,0.055099445788849066,544.3842741693959,0.10552533834831748,0.044940173459652726
9,2,0.15356030757371295,0.5703696612293613,10.833961981712166,18.994632285246205,0.12098703518782027,0.22169746845808946,6.872852233676977,0.291,0.03,0.4414938838405014,0.3811541546038273,0.19169746845808947,n500_eta0p3,500,0.3,0.03,10.0,2.0,1,0.628,0.718,,,,,,,,,,,
10,2,0.25618184896384133,1.4456454621462063,54.919393554976004,42.8152175001981,0.21353476273785024,0.1640949512052166,27.49140893470791,0.291,0.03,0.19240115656210965,0.13442440219504895,0.1340949512052166,n500_eta0p3,500,0.3,0.03,10.0,8.0,0,2.19,0.534,True,0.27446152212238073,5.496318548911742,46.03619332046755,153.45397773489182,27.919411214853138,0.2614079788927849,0.04756055832035846,906.5076906292369,0.006709257319136198,0.046574149673194815
11,2,0.25869854112423246,1.7410285186584038,73.33373036102763,40.21095855369733,0.2305684121167429,0.14402179788046268,27.49140893470791,0.291,0.03,0.16514742798470064,0.10109318031631787,0.11402179788046268,n500_eta0p3,500,0.3,0.03,10.0,8.0,1,2.472,0.506,,,,,,,,,,,
12,2,0.014599220696362094,0.2784596293540674,39.97762110326998,143.95367749947977,0.013871935903889828,0.049816685944989766,140.35087719298247,0.014249999999999999,0.05,0.011007632700697795,0.011677790891406994,0.00018331405501023634,n500_eta0p3,500,0.3,0.05,0.3,2.0,0,0.686,0.908,True,0.013775518388770034,0.22124805541501077,11.565564358232894,38.55188119410965,174.2473221823131,0.01296808914323497,0.05861334744348283,284.7804609464588,0.09395098130206644,0.040938877133775614
13,2,0.014038241692554243,0.27921098896204694,42.9178274507658,126.6823401769395,0.01336621186530233,0.047871367509533067,140.35087719298247,0.014249999999999999,0.05,0.044499053912408174,0.027806523582406418,0.0021286324904669363,n500_eta0p3,500,0.3,0.05,0.3,2.0,1,0.478,0.922,,,,,,,,,,,
14,2,0.014076699732926752,0.3183338516672637,222.10235442954345,723.1562034415783,0.01348415060482115,0.04209432177625927,561.4035087719299,0.014249999999999999,0.05,0.10995699341003291,0.023991269822388868,0.007905678223740734,n500_eta0p3,500,0.3,0.05,0.3,8.0,0,3.024,0.896,True,0.01084977875922046,0.1637589365767352,49.06382228217761,163.54607427392537,998.7001484788582,0.010175598785457199,0.06213767015205946,371.3821905651757,0.2501599917963969,0.1462548895363694
15,2,0.017066434656134142,0.36823387932100193,201.9329630250456,601.4205172120483,0.016341805909724748,0.042459292817140545,561.4035087719299,0.014249999999999999,0.05,0.029903117146325334,0.05948518376930494,0.007540707182859457,n500_eta0p3,500,0.3,0.05,0.3,8.0,1,2.772,0.882,,,,,,,,,,,
16,2,0.05611878152387403,0.46902469668048863,21.624731899639247,44.43704981475524,0.05112293474819513,0.10230341449206738,21.05263157894737,0.095,0.05,0.32443882794719225,0.2691078284412594,0.05230341449206738,n500_eta0p3,500,0.3,0.05,2.0,2.0,0,0.764,0.78,True,0.10226299093946749,1.6095988431862174,12.84626874679336,42.82089582264454,26.603458373441754,0.09615401700978889,0.05973787656274095,490.0426035041501,0.10163170696544936,0.005243827110334758
17,2,0.04918182544712764,0.3775857393874585,18.802917868802126,54.55584871312393,0.044045296065338885,0.10443958383185105,21.05263157894737,0.095,0.05,0.4135349260098336,0.33382407169970874,0.054439583831851046,n500_eta0p3,500,0.3,0.05,2.0,2.0,1,0.596,0.816,,,,,,,,,,,
18,2,0.07533023285070042,0.9307716465282071,127.47325922034011,128.64075384095443,0.07015788257625426,0.06866234284311101,84.21052631578948,0.095,0.05,0.18401219469511948,0.13164713210482915,0.01866234284311101,n500_eta0p3,500,0.3,0.05,2.0,8.0,0,2.25,0.71,True,0.09815087196205746,1.8933293090659793,45.780971387894276,152.6032379596476,80.60047305501763,0.09331346822654092,0.049285387269779546,714.7124926248115,0.019028790957795538,0.007779273928924362
19,2,0.08026232576371892,1.0579529637618448,120.14039239856037,116.18347956197157,0.0732953902840863,0.07213898408098326,84.21052631578948,0.095,0.05,0.1397779972535609,0.11264694356910492,0.022138984080983262,n500_eta0p3,500,0.3,0.05,2.0,8.0,1,2.402,0.7,,,,,,,,,,,
20,2,0.41650831320077597,0.8631165585107815,7.378122522557442,7.7757992392653605,0.28093797629936884,0.3228016014277483,4.2105263157894735,0.47500000000000003,0.05,0.2664086531212869,0.22808315991250128,0.2728016014277483,n500_eta0p3,500,0.3,0.05,10.0,2.0,0,0.624,0.648,True,0.6236042960556997,37.80426175611746,38.452329922574364,128.1744330752479,3.3904757591121797,0.6134844960769252,0.01622791895883674,538.1527630533459,0.09407574239066414,0.11110998212712177
21,2,0.18105792856533176,0.4907954987947617,8.177996411855405,16.66810947746957,0.13243834950353084,0.2685305164322442,4.2105263157894735,0.47500000000000003,0.05,0.5975499582362137,0.5546798498521106,0.2185305164322442,n500_eta0p3,500,0.3,0.05,10.0,2.0,1,0.552,0.694,,,,,,,,,,,
22,2,0.421359515999622,1.508242260958244,47.13917170285229,28.48923395393515,0.33066529203872314,0.2314879269294289,16.842105263157894,0.47500000000000003,0.05,0.22828439429950945,0.15730499761748176,0.1814879269294289,n500_eta0p3,500,0.3,0.05,10.0,8.0,0,2.634,0.384,True,0.5260321243829343,17.840475604294653,91.97128327719322,306.57094425731077,17.18401185355795,0.5109661249033073,0.02864083538110973,1047.0123429843916,0.008728186229493144,0.03169849940373318
23,2,0.32788116773822196,1.1178393796824817,36.96158500997011,34.89432453991772,0.25351959049621586,0.25492725312851366,16.842105263157894,0.47500000000000003,0.05,0.3163584186054811,0.2726820849469512,0.20492725312851368,n500_eta0p3,500,0.3,0.05,10.0,8.0,1,2.378,0.398,,,,,,,,,,,
24,2,0.02079468378063546,0.3259378163412541,34.87709472438077,104.19889353409872,0.019547558479763427,0.06450974443095465,96.09609609609609,0.0208125,0.075,0.03515736249361765,0.027231729782571736,0.010490255569045343,n500_eta0p3,500,0.3,0.075,0.3,2.0,0,0.584,0.894,True,0.020651046355312782,0.3122543465797613,9.524114900034105,31.747049666780352,101.67048117830117,0.019370004580022436,0.062032778061184235,301.5531509679134,0.0244891341441284,0.03119452744268151
25,2,0.03355662608881302,0.35722275202154546,28.555103490972222,75.10983577014237,0.03062132146156628,0.07342096834603294,96.09609609609609,0.0208125,0.075,0.10700893242995531,0.1676996778724845,0.0015790316539670557,n500_eta0p3,500,0.3,0.075,0.3,2.0,1,0.644,0.87,,,,,,,,,,,
26,2,0.015955228058563243,0.3544659630487497,148.7031781910652,437.4570767133626,0.015267985242784343,0.04076454940636222,384.38438438438436,0.0208125,0.075,0.05616971033439208,0.13454251933888448,0.03423545059363778,n500_eta0p3,500,0.3,0.075,0.3,8.0,0,2.02,0.872,True,0.019117620262155653,0.2694709830106734,30.260988667919918,100.86996222639974,374.32587768607505,0.017851168987423713,0.06624523645544668,414.1139956101571,0.011515884587399687,0.06665758960866776
27,2,0.03701322406924964,0.5270460812953707,138.18782561870083,261.29263820496334,0.03434609877478938,0.07307601637796407,384.38438438438436,0.0208125,0.075,0.1676385622810445,0.21755316370962813,0.0019239836220359269,n500_eta0p3,500,0.3,0.075,0.3,8.0,1,2.76,0.832,,,,,,,,,,,
28,2,0.05526894912798552,0.4078886092546154,14.941455398018512,40.96142851336124,0.04862203828295109,0.11933077227756145,14.414414414414415,0.13875,0.075,0.4535780902081741,0.45539983086034175,0.04433077227756145,n500_eta0p3,500,0.3,0.075,2.0,2.0,0,0.508,0.802,True,0.09328605959559975,0.844174800588506,5.0988184880106235,16.99606162670208,20.133343964844112,0.08400323053629932,0.09950928466205994,418.27736227663445,0.14511890936358843,0.21793700362437782
29,2,0.07123297578034306,0.3786724175015834,11.539063803735703,30.472416976838435,0.059954745036077874,0.15359441192802006,14.414414414414415,0.13875,0.075,0.3251098986000115,0.3644094313584192,0.07859441192802007,n500_eta0p3,500,0.3,0.075,2.0,2.0,1,0.568,0.756,,,,,,,,,,,
30,2,0.1345531237547362,1.0622534196910907,78.7977615997531,82.82170645958983,0.1194257473117306,0.11843040888674455,57.65765765765766,0.13875,0.075,0.1572871792708504,0.06513502421449179,0.043430408886744556,n500_eta0p3,500,0.3,0.075,2.0,8.0,0,2.734,0.592,True,0.16462403459164854,1.716663391070112,31.184095194949325,103.94698398316442,60.55175669492623,0.15021843532193607,0.08750605162512076,903.9692814792436,0.021269751982022765,0.03449024225349522
31,2,0.1445866553166649,1.0871463017967966,68.95338961812224,63.42604441017602,0.12955983366579082,0.1115163367420496,57.65765765765766,0.13875,0.075,0.041410632101218064,0.029762610021220843,0.0365163367420496,n500_eta0p3,500,0.3,0.075,2.0,8.0,1,2.078,0.626,,,,,,,,,,,
32,2,0.34713661827909176,0.8284251740707895,7.130136632452878,8.606856546157545,0.24462917670142395,0.2952942333938783,2.882882882882883,0.69375,0.075,0.47501756493684094,0.45269474242984287,0.22029423339387827,n500_eta0p3,500,0.3,0.075,10.0,2.0,0,0.642,0.644,True,0.47436956801226354,3.005730093397449,4.709146523624356,15.697155078747853,5.222410060447237,0.4097086361569418,0.13630919058798066,546.1913139648861,0.2580439698299042,0.22872787768460764
33,2,0.4204166626353392,0.73642896557938,5.445661803803988,7.2697726971769425,0.26763035657114714,0.33770017757180604,2.882882882882883,0.69375,0.075,0.4016938325217957,0.4136676234190443,0.262700177571806,n500_eta0p3,500,0.3,0.075,10.0,2.0,1,0.532,0.658,,,,,,,,,,,
34,2,0.4461349364196117,1.1789719705438464,31.47188734421941,26.69434738953275,0.32791378850147296,0.28541543506653566,11.531531531531533,0.69375,0.075,0.36453231704149175,0.32544331735645504,0.21041543506653565,n500_eta0p3,500,0.3,0.075,10.0,8.0,0,2.464,0.35,True,0.6305662326017389,5.820269143840555,25.1900460892143,83.966820297381,14.426621556881264,0.5689286693258895,0.09774954650129408,1034.5202653002516,0.09727764854895829,0.08614517694141745
35,2,0.4538684299005761,1.276033183383645,31.97956945162898,25.061706755014836,0.3347885064653182,0.2637803448437032,11.531531531531533,0.69375,0.075,0.3371236531729985,0.3164324562012999,0.1887803448437032,n500_eta0p3,500,0.3,0.075,10.0,8.0,1,2.38,0.34,,,,,,,,,,,
36,2,0.044897716613533964,0.3063690848600328,18.509946757336685,59.51732084225123,0.03881061488361469,0.1265718776745299,74.07407407407408,0.027000000000000003,0.1,0.09502285818784295,0.15758675924182308,0.026571877674529898,n500_eta0p3,500,0.3,0.1,0.3,2.0,0,0.508,0.862,True,0.027417802332541232,0.25205353747925147,5.160124221396024,17.20041407132008,68.24111354809286,0.024727952685516415,0.09810595373037354,346.76025785269263,0.03562012653652495,0.03817560308233772
37,2,0.03654685982117106,0.33344565106158913,18.95884715091293,56.85738317639996,0.032936859825220974,0.09427155953720093,74.07407407407408,0.027000000000000003,0.1,0.11487936380800809,0.08631842734789279,0.005728440462799078,n500_eta0p3,500,0.3,0.1,0.3,2.0,1,0.536,0.86,,,,,,,,,,,
38,2,0.03509010337248805,0.4344856043442732,104.11869673770502,218.9994564838435,0.03275676334349294,0.06649567270367596,296.2962962962963,0.027000000000000003,0.1,0.13128318583010054,0.0839372189323105,0.03350432729632405,n500_eta0p3,500,0.3,0.1,0.3,8.0,0,2.3,0.824,True,0.028586422006009363,0.27689186317139725,24.410359903108155,81.36786634369385,293.8615292329005,0.025911326711981913,0.09357922769995841,527.7633681729397,0.003583488531202417,0.017874113853915678
39,2,0.034826221118735505,0.47749084152734644,95.23480379130038,229.7874087181842,0.03245880889329314,0.07698985000946906,296.2962962962963,0.027000000000000003,0.1,0.11039999514748419,0.07996881477665779,0.023010149990530943,n500_eta0p3,500,0.3,0.1,0.3,8.0,1,2.376,0.838,,,,,,,,,,,
40,2,0.11834147864683683,0.40899999885214544,9.429776007774835,21.21309654723685,0.09178429290309498,0.2244114747205054,11.11111111111111,0.18000000000000002,0.1,0.2808465780133912,0.2925041385988315,0.1244114747205054,n500_eta0p3,500,0.3,0.1,2.0,2.0,0,0.616,0.706,True,0.2255634267305847,1.4755740311630081,4.653386520784968,15.511288402616561,10.512036722678683,0.19565469757859494,0.13259564985999728,514.6013340389854,0.024070621180885113,0.036217774467768374
41,2,0.11622502505553939,0.48557096110605924,11.573190147523409,23.471294257374687,0.09377845385901196,0.1852276180949688,11.11111111111111,0.18000000000000002,0.1,0.3247795476249781,0.2831694369269069,0.08522761809496879,n500_eta0p3,500,0.3,0.1,2.0,2.0,1,0.736,0.704,,,,,,,,,,,
42,2,0.18201267991247758,1.015111779471787,64.41678978725437,62.552823274940536,0.15433918666018737,0.14477472642185865,44.44444444444444,0.18000000000000002,0.1,0.14842943414011162,0.06679629783731257,0.044774726421858646,n500_eta0p3,500,0.3,0.1,2.0,8.0,0,2.374,0.562,True,0.19877531688805708,1.7149518545262779,22.972985859621087,76.5766195320703,44.65234363866331,0.178128890796533,0.10386815835464817,900.0534333534162,0.0020267764675628453,0.004538141530313265
43,2,0.20517169517582345,1.2734845207933025,71.14921046628311,55.684418157925585,0.1767029922774075,0.14557500808556575,44.44444444444444,0.18000000000000002,0.1,0.09791620422328784,0.008028601218708074,0.04557500808556575,n500_eta0p3,500,0.3,0.1,2.0,8.0,1,2.61,0.546,,,,,,,,,,,
44,2,0.5006645714959139,0.8589111768451807,5.601853224012449,5.9094389995909715,0.3191247410244501,0.33877249395814946,2.2222222222222223,0.9,0.1,0.4247587677621283,0.45028203406477113,0.23877249395814945,n500_eta0p3,500,0.3,0.1,10.0,2.0,0,0.63,0.62,True,0.8793065084383355,33.13278469698474,24.368753751740524,81.22917917246842,2.451625479577052,0.8565740063080715,0.025852762275850125,543.6446474422885,0.04266664007191653,0.021477618328406025
45,2,0.918026682046647,1.3686354068790882,4.553846431213143,3.490543973178823,0.5700712569900361,0.42590443021714414,2.2222222222222223,0.9,0.1,0.19610562730773395,0.19831336502405486,0.3259044302171441,n500_eta0p3,500,0.3,0.1,10.0,2.0,1,0.632,0.59,,,,,,,,,,,
46,2,0.61115648161095,1.0172569930004094,20.16032824732275,19.81832357609031,0.38263144978327424,0.37614039757514867,8.88888888888889,0.9,0.1,0.34821943735719985,0.3714618461369666,0.27614039757514863,n500_eta0p3,500,0.3,0.1,10.0,8.0,0,2.4,0.264,True,0.8622145023767367,2.362678023471174,8.981483684926994,29.938278949756647,12.671332552444976,0.631690898210021,0.2673622440022361,1023.3728321853894,0.1539748113436659,0.15373789008119368
47,2,0.6601814199514995,1.2308115604344467,21.85161696350727,17.991577178244942,0.46623545112228854,0.34346908448792834,8.88888888888889,0.9,0.1,0.3062217585992358,0.28563721657087315,0.24346908448792834,n500_eta0p3,500,0.3,0.1,10.0,8.0,1,2.532,0.26,,,,,,,,,,,
48,2,0.051931329174594844,0.31531132571777043,15.884306027910256,51.844361163319235,0.044587784208037114,0.1378204722908356,60.95238095238095,0.0328125,0.125,0.0702891475317587,0.13317656985180532,0.012820472290835605,n500_eta0p3,500,0.3,0.125,0.3,2.0,0,0.644,0.832,True,0.020764005526231304,0.1271829193047337,4.584124171338805,15.280413904462682,120.14517348709695,0.01784982582303056,0.14034766555611056,402.61325005403813,0.29471565395028737,0.26440533808701705
49,2,0.050196466421156175,0.3107975597617687,16.023334038249146,51.978219869328434,0.04313650161177742,0.12776111090353848,60.95238095238095,0.0328125,0.125,0.06916927304957113,0.11880559998153511,0.0027611109035384773,n500_eta0p3,500,0.3,0.125,0.3,2.0,1,0.61,0.832,,,,,,,,,,,
50,2,0.04089104124782617,0.44765020451448845,79.13429071369073,190.75364055956587,0.03746844946292512,0.08656783505508701,243.8095238095238,0.0328125,0.125,0.10657783096575156,0.05762640053622171,0.038432164944912986,n500_eta0p3,500,0.3,0.125,0.3,8.0,0,2.178,0.806,True,0.03013176625341878,0.23309241410090822,18.915774060327198,63.05258020109066,270.50464273708417,0.026682526383705794,0.11447187797434986,556.7477074374614,0.04512405716664068,0.0898123732207351
51,2,0.05333384641544633,0.42535167268545687,81.32824745145177,165.76040118550176,0.048401046836338474,0.09248910233632118,243.8095238095238,0.0328125,0.125,0.16756987706408674,0.16881543408299,0.03251089766367882,n500_eta0p3,500,0.3,0.125,0.3,8.0,1,2.424,0.764,,,,,,,,,,,
52,2,0.13723576490623207,0.4637387274260855,8.694867642885013,18.749496491579674,0.10589723821384751,0.22801606817747738,9.142857142857142,0.21875,0.125,0.311907675487992,0.31506342778258406,0.10301606817747738,n500_eta0p3,500,0.3,0.125,2.0,2.0,0,0.542,0.722,True,0.18934410210030878,0.8530512129109005,2.984738144216388,9.94912714738796,11.662989275213805,0.15495101870489209,0.1816432781053632,482.2791354733836,0.10572794229775268,0.14975362589827454
53,2,0.1725306398063179,0.5821501609266686,9.728338868328398,16.711047288628755,0.13308771023521146,0.22861405727924558,9.142857142857142,0.21875,0.125,0.26192173420143194,0.21581010857474406,0.10361405727924558,n500_eta0p3,500,0.3,0.125,2.0,2.0,1,0.674,0.684,,,,,,,,,,,
54,2,0.17260978006686797,0.6803405206856865,43.724986779863045,61.46995887417909,0.13767909753068117,0.2023679221574517,36.57142857142857,0.21875,0.125,0.22552099726326705,0.2010800511116992,0.0773679221574517,n500_eta0p3,500,0.3,0.125,2.0,8.0,0,2.386,0.502,True,0.2558709923802236,1.4246326052003586,15.665802114894802,52.21934038298268,36.65460146873349,0.21691245350181987,0.1522585210460725,953.8925195384627,0.0009865766547067698,0.003663575001226335
55,2,0.19127083251410093,0.8094005098183116,40.72575121436923,52.9018152569324,0.15531114258441822,0.21759483646837693,36.57142857142857,0.21875,0.125,0.16032864924313406,0.14874544698747116,0.09259483646837693,n500_eta0p3,500,0.3,0.125,2.0,8.0,1,2.538,0.474,,,,,,,,,,,
56,2,0.54561522822743,1.0373590718545866,4.843319546547499,5.190701471697223,0.35755407192296795,0.35416624577899536,1.8285714285714285,1.09375,0.125,0.453114122762341,0.48557633776170084,0.22916624577899536,n500_eta0p3,500,0.3,0.125,10.0,2.0,0,0.512,0.644,True,0.0019269471682127083,0.0010000000000000002,0.7777042459228591,2.5923474864095306,2592.34748640953,0.000658347095957105,0.6583470959571048,480.87506817059636,3.15158128566503,3.2204631418471696
57,2,0.5690589303849642,1.0266169577252322,5.778691594213567,5.628868246067097,0.3752792491370961,0.3405265621906286,1.8285714285714285,1.09375,0.125,0.4883091536907064,0.46456351503163773,0.2155265621906286,n500_eta0p3,500,0.3,0.125,10.0,2.0,1,0.67,0.602,,,,,,,,,,,
58,2,0.6421416561148531,0.9990536240752814,20.79734666289507,21.136768456537798,0.3908943417366668,0.40551730964204846,7.314285714285714,1.09375,0.125,0.4608666689742428,0.4468586820405067,0.28051730964204846,n500_eta0p3,500,0.3,0.125,10.0,8.0,0,2.376,0.28,True,0.6874347256885249,1.234620201996677,6.643707223930749,22.14569074643583,17.937249617834645,0.4415694825700122,0.35765612927432133,1016.0121142881869,0.38958393093660715,0.393919014917515
59,2,0.9437362451536161,1.4212092508435339,19.31241665176831,13.735737367208575,0.5671364030328911,0.3990520063785662,7.314285714285714,1.09375,0.125,0.27368005738650225,0.28523054159940836,0.2740520063785662,n500_eta0p3,500,0.3,0.125,10.0,8.0,1,2.386,0.24,,,,,,,,,,,
60,2,0.04864613245159455,0.3189589153729017,14.018525298725143,42.69070805898727,0.042208663171717085,0.1323326019038221,52.287581699346404,0.03825,0.15,0.08806519819492592,0.042770157954029886,0.0176673980961779,n500_eta0p3,500,0.3,0.15,0.3,2.0,0,0.464,0.852,True,0.0010000000000000002,0.005462537188508696,2.9989129806842616,9.996376602280872,1829.9878348306386,0.0008452620122978727,0.15473798770212752,345.33815760830845,1.5440496465159286,1.655640088105528
61,2,0.05293176441531301,0.33360998711498746,12.871239633065723,39.03900311888911,0.04568346155274741,0.136936732463592,52.287581699346404,0.03825,0.15,0.1268998369720368,0.077127564598853,0.013063267536407991,n500_eta0p3,500,0.3,0.15,0.3,2.0,1,0.588,0.798,,,,,,,,,,,
62,2,0.05473795379171859,0.3799011472084386,71.41140094093184,187.17417567180223,0.047844318179069846,0.12593886207145177,209.15032679738562,0.03825,0.15,0.04821261836137789,0.09719893041858559,0.02406113792854822,n500_eta0p3,500,0.3,0.15,0.3,8.0,0,2.888,0.728,True,0.04021940188485586,0.18723738397916445,16.562098825453727,55.20699608484576,294.85028529873676,0.03310772006876535,0.17682216748151924,709.1823823869642,0.14914300483741996,0.06270216497878835
63,2,0.05326209834758264,0.36315536400650106,57.772358108394364,152.3765342271067,0.04577089496508451,0.12109462636703709,209.15032679738562,0.03825,0.15,0.13754045609154059,0.07795796484497648,0.028905373632962902,n500_eta0p3,500,0.3,0.15,0.3,8.0,1,2.27,0.744,,,,,,,,,,,
64,2,0.19657591735138563,0.5642591293476052,8.492257441477218,15.385425248316295,0.14245340354428965,0.2543210267586972,7.843137254901961,0.255,0.15,0.29261968928227094,0.25286735042570657,0.10432102675869723,n500_eta0p3,500,0.3,0.15,2.0,2.0,0,0.51,0.72,True,0.3038829462749204,2.5466099026160305,4.784575082710138,15.948583609033793,6.262672422914264,0.27148684850093197,0.1066071596682493,471.8584240242805,0.0977301192626066,0.027208615694172465
65,2,0.2100465549202372,0.5737314159878258,8.538489118736454,13.365043330604573,0.16178499523103543,0.2539318125229251,7.843137254901961,0.255,0.15,0.231480555884375,0.19760193998428052,0.10393181252292513,n500_eta0p3,500,0.3,0.15,2.0,2.0,1,0.584,0.684,,,,,,,,,,,
66,2,0.21741236360488508,0.8802209594213777,41.07399475163827,46.663277341905925,0.1743486784409355,0.1980737638371454,31.372549019607845,0.255,0.15,0.1724254311470847,0.16512152065189659,0.0480737638371454,n500_eta0p3,500,0.3,0.15,2.0,8.0,0,2.402,0.496,True,0.2503184725012625,1.1491858236207482,13.411840588413696,44.706135294712325,38.902442386433535,0.20554594993810016,0.17886223943355395,959.7755379476322,0.09342706164825859,0.09363125653900799
67,2,0.22702918628237712,0.8236434067694703,42.035578652018444,53.32119078660254,0.17880217462341808,0.19508049921562187,31.372549019607845,0.255,0.15,0.23035003310123672,0.15416738397625138,0.04508049921562188,n500_eta0p3,500,0.3,0.15,2.0,8.0,1,2.256,0.518,,,,,,,,,,,
68,2,0.8586481831942611,1.2234942583538289,4.690197950154455,3.4920198154452042,0.510465729911697,0.3738393069208593,1.5686274509803921,1.275,0.15,0.3475568885479133,0.3975435937042011,0.22383930692085932,n500_eta0p3,500,0.3,0.15,10.0,2.0,0,0.512,0.64,True,0.44386305821853334,0.4201249715657957,0.9966400701780077,3.3221335672600256,7.907488942822212,0.21583395635668423,0.5137375089899471,481.3430667536313,0.7025187824127345,0.7713904131060171
69,2,0.33334958044605356,0.6460562518128621,6.756973540243065,8.632362152347612,0.21989105373168155,0.32295432835024473,1.5686274509803921,1.275,0.15,0.7406098410620033,0.7633026243223272,0.17295432835024474,n500_eta0p3,500,0.3,0.15,10.0,2.0,1,0.594,0.626,,,,,,,,,,,
70,2,1.7924507692505047,2.0794482586903524,17.585140371778554,9.051391610094582,0.9626564649565235,0.4629384073075276,6.2745098039215685,1.275,0.15,0.15913555290844947,0.1220388529845875,0.31293840730752764,n500_eta0p3,500,0.3,0.15,10.0,8.0,0,2.308,0.226,True,1.3669600656855763,6.139808960254413,12.677376795870146,42.25792265290049,6.882611971553828,1.1180407483704768,0.18209699285564562,1000.8924135738881,0.040173483333030224,0.05705255253446208
71,2,1.8521137149807203,2.233570868582123,18.21506984970045,8.37152878487115,1.0125175241684734,0.4698893185504221,6.2745098039215685,1.275,0.15,0.12522497264180268,0.10010763625728576,0.31988931855042213,n500_eta0p3,500,0.3,0.15,10.0,8.0,1,2.388,0.204,,,,,,,,,,,
72,2,0.06695625570785392,0.3017016810149552,11.813926089777901,39.173907750510814,0.05515352793923678,0.1709818213399294,46.176046176046185,0.04331249999999999,0.175,0.0714198474261568,0.10496004570045298,0.004018178660070593,n500_eta0p3,500,0.3,0.175,0.3,2.0,0,0.584,0.782,True,0.01174702451703094,0.04039737634680467,2.592327976269988,8.641093254233294,213.90233811351916,0.009100669726915214,0.22527873218269173,446.02466942138216,0.6657987880548719,0.6775398983159846
73,2,0.04986233604118137,0.30786679201456946,12.846145548168357,46.689550642007426,0.04291223787893101,0.13938573107586166,46.176046176046185,0.04331249999999999,0.175,0.004802950427553614,0.004032088317450319,0.035614268924138326,n500_eta0p3,500,0.3,0.175,0.3,2.0,1,0.532,0.808,,,,,,,,,,,
74,2,0.06112273555109066,0.33469023027083555,53.634658966246725,161.477458079124,0.05248799136497034,0.1317864198915099,184.70418470418474,0.04331249999999999,0.175,0.058364830753685155,0.0834467013456772,0.04321358010849008,n500_eta0p3,500,0.3,0.175,0.3,8.0,0,2.406,0.716,True,0.05014813023356675,0.23285153349983084,13.612008004466858,45.37336001488953,194.85961433413746,0.04126177703884389,0.1772020841721185,710.9530490574348,0.023245103623586075,0.021065323967198707
75,2,0.04967221234439256,0.354156458061353,54.322844903240984,156.2501698255996,0.04356237205814596,0.12300318423277022,184.70418470418474,0.04331249999999999,0.175,0.07265623699255229,0.0024982679734840262,0.05199681576722977,n500_eta0p3,500,0.3,0.175,0.3,8.0,1,2.27,0.726,,,,,,,,,,,
76,2,0.22933661861030846,0.6014737837741504,7.15750052235664,12.102710840690927,0.16212747903013713,0.2944606089993873,6.926406926406927,0.28874999999999995,0.175,0.2423746544364456,0.2506653631241608,0.11946060899938732,n500_eta0p3,500,0.3,0.175,2.0,2.0,0,0.66,0.646,True,0.25178924785131807,0.6292440141868436,2.309010491189948,7.696701637299827,12.231664447767665,0.17983075540249785,0.2857885833604451,551.4485670618876,0.24697755576852717,0.2056580243052597
77,2,0.37749983006725546,0.6744180506369108,6.263927905120887,9.287900730422804,0.2420271621766674,0.3235769009690992,6.926406926406927,0.28874999999999995,0.175,0.12740956222901198,0.07665788426903686,0.1485769009690992,n500_eta0p3,500,0.3,0.175,2.0,2.0,1,0.682,0.626,,,,,,,,,,,
78,2,0.3144637614171997,0.9196579404920098,36.15186453986491,38.247202354025774,0.23374685673241266,0.2548077397315989,27.70562770562771,0.28874999999999995,0.175,0.14003167947255044,0.09177621341103255,0.07980773973159894,n500_eta0p3,500,0.3,0.175,2.0,8.0,0,2.304,0.45,True,0.3580814118742987,2.0848789908045595,15.686037698417291,52.286792328057636,25.079053776583958,0.3055949706739881,0.14657683828261817,976.0189677048259,0.04325684739400655,0.02462420966540243
79,2,0.3741289645189193,0.9540831944738335,35.69712296238649,34.55371351639378,0.2687448350752115,0.2637822901438789,27.70562770562771,0.28874999999999995,0.175,0.09592673411667567,0.031181866469151574,0.0887822901438789,n500_eta0p3,500,0.3,0.175,2.0,8.0,1,2.54,0.408,,,,,,,,,,,
80,2,0.9811754088297492,1.4035932415252008,4.692551444369282,3.7050191241386634,0.6020512858161217,0.42893572582460465,1.3852813852813852,1.4437499999999999,0.175,0.427252455584335,0.3798585089713448,0.25393572582460466,n500_eta0p3,500,0.3,0.175,10.0,2.0,0,0.616,0.57,True,0.25181356097507024,0.086326378214329,0.8271715012886168,2.757238337628723,31.939696702937308,0.06428744488551799,0.7447022128729497,528.6509312451881,1.3627927893651186,1.3513658322333522
81,2,1.135981980505647,1.4386146133872828,4.228921418743616,2.927860538583967,0.6714534178327747,0.4113404916779341,1.3852813852813852,1.4437499999999999,0.175,0.32501238790466974,0.3324761084219654,0.23634049167793408,n500_eta0p3,500,0.3,0.175,10.0,2.0,1,0.616,0.574,,,,,,,,,,,
82,2,0.9427980038063639,1.605563634054864,19.044179029442482,11.998505085330299,0.5939981856113028,0.4172632913052698,5.541125541125541,1.4437499999999999,0.175,0.33552915015566454,0.3857068788210237,0.2422632913052698,n500_eta0p3,500,0.3,0.175,10.0,8.0,0,2.356,0.232,True,1.2676589981719864,3.971490023612513,9.736861873620562,32.45620624540187,8.172299578353048,0.960937557540191,0.24195895037553464,1007.9246227405353,0.16874628876769537,0.1767968294394745
83,2,1.7075983839578626,2.208578728892848,17.327403400123067,7.8454995393391425,0.9533447586748457,0.48456228596893314,5.541125541125541,1.4437499999999999,0.175,0.1510226114841972,0.18024201400197257,0.30956228596893315,n500_eta0p3,500,0.3,0.175,10.0,8.0,1,2.456,0.172,,,,,,,,,,,
84,2,0.061331235060750354,0.3373286415718773,11.292570940124493,33.55932579339961,0.05187606884028816,0.15416559296574706,41.66666666666667,0.048,0.2,0.09397553101693427,0.03372582052108462,0.045834407034252955,n500_eta0p3,500,0.3,0.2,0.3,2.0,0,0.608,0.76,True,0.08681563125682024,0.4341075702384613,3.6523488679973077,12.174496226657693,28.044883483533987,0.0723471763888363,0.16665725582508267,476.1103551856284,0.1719351182774407,0.178180348491672
85,2,0.1086688807419849,0.33081112498015,10.219995025678811,30.865263347381756,0.08179865800611365,0.22255198130082463,41.66666666666667,0.048,0.2,0.1303187714992198,0.23150494129181817,0.022551981300824614,n500_eta0p3,500,0.3,0.2,0.3,2.0,1,0.66,0.744,,,,,,,,,,,
86,2,0.054523913345128364,0.31853127802165343,40.335644170716655,136.6395774906976,0.04655496613499773,0.14078857981497805,166.66666666666669,0.048,0.2,0.0862722391705943,0.013275222305528852,0.05921142018502196,n500_eta0p3,500,0.3,0.2,0.3,8.0,0,2.09,0.72,True,0.05053470860203012,0.23268519825065634,11.719664541439261,39.065548471464204,167.89013123809224,0.041517839689562026,0.17842922541569495,687.1729376769485,0.003176418976703564,0.06300648972475932
87,2,0.055885995964687636,0.33643497738180245,49.43373656396858,135.46231494066848,0.047925053886256626,0.14244967707941078,166.66666666666669,0.048,0.2,0.09003025654350578,0.0006786275106044775,0.05755032292058923,n500_eta0p3,500,0.3,0.2,0.3,8.0,1,2.25,0.704,,,,,,,,,,,
88,2,0.7306515449869796,1.0955316987376906,5.7842981952336965,5.2816789037344325,0.43831961059521496,0.40009760657794013,6.25,0.32000000000000006,0.2,0.0731080223238149,0.1366409232780731,0.20009760657794012,n500_eta0p3,500,0.3,0.2,2.0,2.0,0,0.67,0.606,True,0.36344162555700044,0.6341644757191893,1.8392884249597627,6.130961416532543,9.667778078517532,0.23103484193915894,0.36431375579205755,560.3415750685006,0.189446655382288,0.14147249833741915
89,2,0.22433356447155056,0.5492535062597479,6.301764882901668,11.473326635299612,0.15927876966876664,0.2917078338828361,6.25,0.32000000000000006,0.2,0.2638093403903313,0.3029920859472708,0.0917078338828361,n500_eta0p3,500,0.3,0.2,2.0,2.0,1,0.618,0.66,,,,,,,,,,,
90,2,0.3614790671044589,0.847755830200596,28.96585584701748,34.167686986196934,0.257410698080995,0.30363777978393436,25.0,0.32000000000000006,0.2,0.13567557114715995,0.09452338594192443,0.10363777978393435,n500_eta0p3,500,0.3,0.2,2.0,8.0,0,2.43,0.388,True,0.428453002226835,1.553401524198712,11.242269070834743,37.47423023611581,24.1239818890007,0.3358266400647863,0.21618791718259392,1016.284034113826,0.015491014918140237,0.020965166055771638
91,2,0.3245695203237477,1.0159832084526466,33.6153886669842,36.48814575742448,0.24598598439723257,0.26170544413835717,25.0,0.32000000000000006,0.2,0.16421178541939271,0.11423961541305747,0.06170544413835716,n500_eta0p3,500,0.3,0.2,2.0,8.0,1,2.618,0.382,,,,,,,,,,,
92,2,0.9969543379020243,1.3712373031882206,4.293372624422942,3.0884730278962715,0.6017855808036113,0.4361602802608362,1.25,1.6,0.2,0.3928337999225887,0.4246782051216662,0.2361602802608362,n500_eta0p3,500,0.3,0.2,10.0,2.0,0,0.636,0.568,True,0.27416886218756115,0.12332384437856644,0.9220858488175258,3.073619496058419,24.923156681876932,0.08506208424793443,0.6897456422686588,539.31888923069,1.2996930347181601,1.2743839627744271
93,2,1.1069178251403213,1.3425522474684302,4.264388910902795,3.2500072401380535,0.6004070508274447,0.4575866092396401,1.25,1.6,0.2,0.4149743154626649,0.42567419895565795,0.2575866092396401,n500_eta0p3,500,0.3,0.2,10.0,2.0,1,0.634,0.578,,,,,,,,,,,
94,2,1.921018928411748,2.1753884028503547,17.279668892023103,7.868371569075802,1.0201530171647735,0.4690846525740533,5.0,1.6,0.2,0.19691485613713186,0.19545466429974387,0.2690846525740533,n500_eta0p3,500,0.3,0.2,10.0,8.0,0,2.472,0.172,True,2.0309508427913836,7.530288866706706,11.63877620056342,38.79592066854474,5.151983058720526,1.5995463961757932,0.21241501149415246,1009.2309210924138,0.013004421926395133,0.0001231409798454869
95,2,1.8685210321491692,2.1874869739850995,17.569514179383315,8.122081669524377,1.007731102172828,0.4606798185120038,5.0,1.6,0.2,0.21069734777754787,0.2007753200124433,0.2606798185120038,n500_eta0p3,500,0.3,0.2,10.0,8.0,1,2.406,0.196,,,,,,,,,,,
96,2,0.12256510756903988,0.3588874091707096,9.300338343329368,27.40658815968493,0.09136326507969919,0.24360051662805218,38.23178016726404,0.0523125,0.225,0.14456954664957392,0.24216613636958376,0.018600516628052177,n500_eta0p3,500,0.3,0.225,0.3,2.0,0,0.66,0.712,True,0.09418211115903839,0.2949022625865535,2.7285726630929545,9.095242210309848,30.841547740381966,0.07138430517936825,0.2420608935084621,521.3389846819528,0.09328835593342912,0.13499726132322729
97,2,0.06363561691671153,0.30505538784175357,11.014199684170098,37.50481349549231,0.05289716718190224,0.1740755994230223,38.23178016726404,0.0523125,0.225,0.008337510188902475,0.004826939415994031,0.050924400576977696,n500_eta0p3,500,0.3,0.225,0.3,2.0,1,0.586,0.764,,,,,,,,,,,
98,2,0.08453286842741997,0.407339893925302,41.14073950866567,100.99855212367207,0.06986648740691376,0.1715188923276095,152.92712066905617,0.0523125,0.225,0.1801693637056968,0.12566343396621732,0.053481107672390504,n500_eta0p3,500,0.3,0.225,0.3,8.0,0,2.232,0.646,True,0.08677637241346517,0.33812752904243226,10.896291048423322,36.320970161411076,107.4179622826661,0.06905439155275993,0.20422587817182483,799.616639339607,0.15340760209760437,0.120585827656732
99,2,0.08489670703039413,0.33792785657802166,37.57278244677474,111.185809975094,0.06764137821522737,0.18643039539666162,152.92712066905617,0.0523125,0.225,0.1384351474548855,0.11160697257077937,0.03856960460333839,n500_eta0p3,500,0.3,0.225,0.3,8.0,1,2.472,0.638,,,,,,,,,,,
100,2,0.38032270375237626,0.8309717837870932,5.510794719286997,6.892711826031346,0.2609088366230548,0.32584609304705703,5.734767025089606,0.34875,0.225,0.07987434228890945,0.12602542797621327,0.10084609304705702,n500_eta0p3,500,0.3,0.225,2.0,2.0,0,0.61,0.646,True,0.5369058908372275,3.674578312383084,4.785093589121415,15.950311963738049,4.340719018012641,0.4684578279440335,0.12748614619679266,532.2492547529337,0.12095410524049603,0.12815628413837948
101,2,0.4797669199621438,0.8509815143141883,5.926885290447003,6.964763852976899,0.309395619789164,0.36551466530005844,5.734767025089606,0.34875,0.225,0.08439061645480024,0.05200005531798631,0.14051466530005843,n500_eta0p3,500,0.3,0.225,2.0,2.0,1,0.61,0.636,,,,,,,,,,,
102,2,0.35311946715172565,0.8346080881150222,29.63000374222336,35.85164069335779,0.24813465179689945,0.28698897806376467,22.939068100358423,0.34875,0.225,0.1939332645450582,0.14782679891256248,0.06198897806376466,n500_eta0p3,500,0.3,0.225,2.0,8.0,0,2.348,0.398,True,0.4160912682074751,1.5980706558566404,11.391719737438576,37.97239912479525,23.761401903997964,0.330133956925786,0.2065828289355697,1000.4071267206295,0.015296289387149362,0.023824018982466576
103,2,0.34786892564048677,0.7818692582820215,26.812121119312934,34.29233319420491,0.2425127965594328,0.32814818722433875,22.939068100358423,0.34875,0.225,0.17462126409541592,0.15777955652472372,0.10314818722433874,n500_eta0p3,500,0.3,0.225,2.0,8.0,1,2.25,0.41,,,,,,,,,,,
104,2,0.9877863355324742,1.2872073507033577,4.468229498828726,3.4712585321915617,0.5588964223129401,0.43042358826885313,1.146953405017921,1.7437500000000001,0.225,0.4809411851888971,0.49415289106031346,0.20542358826885312,n500_eta0p3,500,0.3,0.225,10.0,2.0,0,0.608,0.576,True,2.5593484383301703,299.99999999999994,71.87724206824444,239.59080689414816,0.798636022980494,2.537698919111569,0.008458996397038565,527.4149447471849,0.15719687962022658,0.16295587408155301
105,2,0.8648371549892595,1.1513582177054242,4.628081206200726,3.7091349458242866,0.4920104391981163,0.3922406837044543,1.146953405017921,1.7437500000000001,0.225,0.5097268590805558,0.5495099031388481,0.1672406837044543,n500_eta0p3,500,0.3,0.225,10.0,2.0,1,0.562,0.61,,,,,,,,,,,
106,2,2.0769821782572073,2.343083748967149,16.094877973527005,7.095303074242965,1.10101144844798,0.4957350880931678,4.587813620071684,1.7437500000000001,0.225,0.18936518460458543,0.1996923857767709,0.2707350880931678,n500_eta0p3,500,0.3,0.225,10.0,8.0,0,2.224,0.188,True,1.6389227490757583,1.8388017403145935,4.719332608300499,15.731108694335,8.555086907653036,0.8665591574132944,0.4712629634911255,954.7951517014428,0.2706186593464997,0.3036860045646346
107,2,2.0222480884031184,2.352383234344399,17.390982978736776,7.392920815295464,1.0874293506993808,0.4827054854789979,4.587813620071684,1.7437500000000001,0.225,0.20721028817108897,0.20508316979384666,0.25770548547899785,n500_eta0p3,500,0.3,0.225,10.0,8.0,1,2.438,0.148,,,,,,,,,,,
108,2,0.24074259637357728,0.6668299901405527,7.7150909248483295,11.569801956900832,0.1768832438877375,0.26525988108371445,35.55555555555556,0.056249999999999994,0.25,0.4875815437889233,0.49756416745045345,0.015259881083714455,n500_eta0p3,500,0.3,0.25,0.3,2.0,0,0.636,0.708,True,0.06397923861314139,0.1567617725227838,2.1935790522387992,7.311930174129331,46.64357933989687,0.04543559349503177,0.2898384776073398,517.3815037947181,0.11788440108479172,0.0927263214569538
109,2,0.0885432501014571,0.33879052299406465,8.737426516866693,25.951354589133015,0.07010630264060921,0.20822532987801948,35.55555555555556,0.056249999999999994,0.25,0.13674743713032894,0.0956345365326943,0.04177467012198052,n500_eta0p3,500,0.3,0.25,0.3,2.0,1,0.676,0.718,,,,,,,,,,,
110,2,0.0940717270979984,0.3796489976710086,38.748285122696984,99.49516697771118,0.07537272544250341,0.19877387428015936,142.22222222222223,0.056249999999999994,0.25,0.1551654749993905,0.12709169265768386,0.05122612571984064,n500_eta0p3,500,0.3,0.25,0.3,8.0,0,2.318,0.638,True,0.0849576775242432,0.30711896293502655,10.714800404472742,35.71600134824247,116.29370263209204,0.06654850384366248,0.2166864045374539,810.1080415475858,0.08741126212824735,0.07301576924449071
111,2,0.0925587966506639,0.31030582714688376,38.45389025315694,113.35248631206389,0.07129326393482978,0.21703172167776977,142.22222222222223,0.056249999999999994,0.25,0.09853640967836472,0.10292597117320457,0.03296827832223023,n500_eta0p3,500,0.3,0.25,0.3,8.0,1,2.538,0.634,,,,,,,,,,,
112,2,0.5389028416521323,1.044514344077048,5.4068569670277284,5.048140335951077,0.35549175115862885,0.3403416651714323,5.333333333333333,0.375,0.25,0.02386730834796445,0.023201739927341977,0.09034166517143227,n500_eta0p3,500,0.3,0.25,2.0,2.0,0,0.598,0.628,True,0.5931440363268402,1.8503412840096702,2.463586827539266,8.211956091797553,4.438076457983108,0.44916124056294165,0.2427450786752236,527.7500593344698,0.07980394806773253,0.078371004937614
113,2,0.4433983923077858,0.8607977488559696,5.795506864599755,6.732716102362241,0.29265255884312164,0.3399783041162307,5.333333333333333,0.375,0.25,0.10119157407409304,0.10767894195447354,0.0899783041162307,n500_eta0p3,500,0.3,0.25,2.0,2.0,1,0.632,0.614,,,,,,,,,,,
114,2,0.488076259084293,0.9777578040171023,28.47088105067789,26.720298106344142,0.3255623424833252,0.3329682884102357,21.333333333333332,0.375,0.25,0.09778257979445112,0.061397103075390216,0.08296828841023568,n500_eta0p3,500,0.3,0.25,2.0,8.0,0,2.406,0.332,True,0.6219706842625238,2.349879065883409,11.4907583717155,38.302527905718335,16.299786853634938,0.49180006171910756,0.20928739221489306,1026.1548004825563,0.1168767939336057,0.11775731117735068
115,2,0.3702322104352115,0.7636429288771847,26.143756784918754,33.37136159305806,0.24934421766480316,0.33123009401760417,21.333333333333332,0.375,0.25,0.19431520750707995,0.17723196642012382,0.08123009401760417,n500_eta0p3,500,0.3,0.25,2.0,8.0,1,2.39,0.38,,,,,,,,,,,
116,2,0.9916472894142478,1.5545335831098257,4.599111595138398,3.030419169516641,0.5801618113360908,0.4354349634413072,1.0666666666666667,1.875,0.25,0.4534739809473836,0.509452133725748,0.18543496344130722,n500_eta0p3,500,0.3,0.25,10.0,2.0,0,0.662,0.562,True,0.0028659565964679287,0.0010000000000000002,0.8929864189829627,2.976621396609876,2976.621396609875,0.0007413318088170897,0.7413318088170895,551.3422750664096,3.4456948756351475,3.4029886369799534
117,2,1.2858416399559922,1.6234779866445497,4.208394089767798,2.640007509962833,0.7185384678748531,0.4411920989746101,1.0666666666666667,1.875,0.25,0.39357643869791276,0.41655124846117253,0.1911920989746101,n500_eta0p3,500,0.3,0.25,10.0,2.0,1,0.612,0.552,,,,,,,,,,,
118,2,1.9152695156298367,2.1168513117870127,17.14650238813848,8.100003194680532,1.0220574729308038,0.48281967998404146,4.266666666666667,1.875,0.25,0.27839647523832695,0.263525954078247,0.23281967998404146,n500_eta0p3,500,0.3,0.25,10.0,8.0,0,2.47,0.144,True,2.3876260373510716,3.0669824514875876,5.642707057797563,18.809023525991876,6.132745727602347,1.3424991311942323,0.43772638168929723,981.8476084983661,0.1575662436630139,0.14508725874813916
119,2,1.9712589985838573,2.353249490084546,17.052799507382176,7.460393288372936,1.0726916701394724,0.4922889636151857,4.266666666666667,1.875,0.25,0.24267300778145845,0.24252636389076374,0.2422889636151857,n500_eta0p3,500,0.3,0.25,10.0,8.0,1,2.396,0.172,,,,,,,,,,,
120,2,0.06934744785846983,0.34241036329863433,8.813131149993506,24.79078260228311,0.05766808587874453,0.17773191782082273,31.746031746031747,0.063,0.3,0.10739920929782973,0.03840501292208329,0.12226808217917726,n500_eta0p3,500,0.3,0.3,0.3,2.0,0,0.466,0.748,True,0.0010000000000000002,0.0019844298756056143,1.3907651990177567,4.635883996725856,2336.1289072061886,0.000664927627157909,0.3350723728420912,436.46281221364103,1.866807357188743,1.9765661715736795
121,2,0.17597162707106004,0.419500224925401,7.035492358126436,18.07432805349949,0.12396914629851755,0.2955162808805711,31.746031746031747,0.063,0.3,0.24462728564254543,0.29397306103428933,0.004483719119428908,n500_eta0p3,500,0.3,0.3,0.3,2.0,1,0.658,0.67,,,,,,,,,,,
122,2,0.10688081507185408,0.32446830149784883,27.681850273920872,85.31449804536422,0.0794292757297357,0.24275375989259856,126.98412698412699,0.063,0.3,0.1727265976243683,0.1006400530301757,0.057246240107401425,n500_eta0p3,500,0.3,0.3,0.3,8.0,0,2.358,0.594,True,0.06978934444207237,0.15795039648421774,7.71218873068436,25.70729576894787,162.75550008838704,0.04840285924698025,0.30644341720165685,845.3161319278001,0.10778623630816804,0.11446953246807824
123,2,0.10942979982777006,0.34471623041756494,28.641731041883762,81.63951864414986,0.0830618910653025,0.24095729686033981,126.98412698412699,0.063,0.3,0.19184900213624276,0.12006126499035605,0.059042703139660174,n500_eta0p3,500,0.3,0.3,0.3,8.0,1,2.192,0.592,,,,,,,,,,,
124,2,0.6142939792453552,0.9867273457373833,4.862788987795733,4.928199272881975,0.36893008454530385,0.3738926321836167,4.761904761904763,0.42,0.3,0.014907555043558491,0.05630521901689851,0.07389263218361669,n500_eta0p3,500,0.3,0.3,2.0,2.0,0,0.546,0.64,True,0.0015374707336035256,0.0010000000000000002,0.9011236022826438,3.003745340942146,3003.745340942145,0.0006059067847533851,0.605906784753385,497.726176034113,2.7998824049196798,2.8408434747812867
125,2,0.768540633890913,1.1991855799356403,5.363957807030087,4.543031039777965,0.44653455386075935,0.41898380623015874,4.761904761904763,0.42,0.3,0.020435001170310614,0.026605780823127725,0.11898380623015875,n500_eta0p3,500,0.3,0.3,2.0,2.0,1,0.69,0.572,,,,,,,,,,,
126,2,0.5316327887836988,0.9569403576225498,25.317732660786938,27.09601694818707,0.3417641062857821,0.35251114675823214,19.04761904761905,0.42,0.3,0.1530647586878592,0.08952284131855943,0.05251114675823215,n500_eta0p3,500,0.3,0.3,2.0,8.0,0,2.61,0.28,True,0.6713554612769669,1.6312893092653458,8.958639551769314,29.86213183923105,18.305846589946402,0.47561612659867125,0.2915584157250843,1058.4630201578727,0.017250878107974914,0.054007281314264896
127,2,0.46738157952348347,0.9193463961989458,28.16753328884821,31.459884171270218,0.3098557022770358,0.3394562771227273,19.04761904761905,0.42,0.3,0.21791642271449646,0.13208979751374048,0.03945627712272731,n500_eta0p3,500,0.3,0.3,2.0,8.0,1,2.696,0.304,,,,,,,,,,,
128,2,1.1756271214299414,1.4649592031778358,4.289901905156018,2.9425316946457376,0.6349926163568959,0.4598690309351317,0.9523809523809524,2.1,0.3,0.48991044849046306,0.5194506193539119,0.15986903093513172,n500_eta0p3,500,0.3,0.3,10.0,2.0,0,0.58,0.564,True,0.0271337221961809,0.0010000000000000002,0.6013737576614053,2.0045791922046847,2004.5791922046842,0.0009644554676047899,0.9644554676047896,501.7525450528144,3.3232125170813434,3.3379371152371697
129,2,0.735308949084379,1.1821379554314102,5.060396459704131,4.088661236843709,0.4651891660620925,0.3870079822912537,0.9523809523809524,2.1,0.3,0.6327704279504746,0.654589702981549,0.08700798229125373,n500_eta0p3,500,0.3,0.3,10.0,2.0,1,0.576,0.592,,,,,,,,,,,
130,2,1.9384309640568718,2.092905088717257,16.4186777928742,7.894019358399096,1.0063542150027334,0.48084082762660224,3.8095238095238098,2.1,0.3,0.31642749481738275,0.319468424804411,0.18084082762660225,n500_eta0p3,500,0.3,0.3,10.0,8.0,0,2.388,0.178,True,1.3857730809921796,1.3044743887506767,4.635977265210243,15.45325755070081,11.84634798809713,0.6719476602452497,0.5151098910334211,982.8974687060703,0.4927137936942587,0.49488384869189833
131,2,2.0053749041689564,2.1109631034773666,16.228488016388127,7.6877175113364675,1.0284073911026237,0.48717449841190463,3.8095238095238098,2.1,0.3,0.30492672434812396,0.31005410550332396,0.18717449841190464,n500_eta0p3,500,0.3,0.3,10.0,8.0,1,2.35,0.152,,,,,,,,,,,
132,2,0.3605030327446829,0.7838972498114282,6.0010040199186605,7.9645682378567635,0.24931572062896318,0.35607047340769465,29.304029304029303,0.06824999999999999,0.35,0.5657651024378608,0.5626470081385754,0.0060704734076946765,n500_eta0p3,500,0.3,0.35,0.3,2.0,0,0.608,0.674,True,0.0010000000000000002,0.0013219742735521747,1.411765049069858,4.705883496899527,3559.7390895170083,0.0005693320070811155,0.4306679929188846,518.7672073511923,2.0844908276465404,2.078737055762182
133,2,0.24130959254047663,0.7201952846481634,7.912750782059096,12.774631243097291,0.17095893639899362,0.29153692317342333,29.304029304029303,0.06824999999999999,0.35,0.36057896745750545,0.3987891515393536,0.05846307682657664,n500_eta0p3,500,0.3,0.35,0.3,2.0,1,0.638,0.668,,,,,,,,,,,
134,2,0.17037546151542948,0.39389471527858744,25.839097420942636,65.16061595489259,0.12124102811640484,0.2883891433777565,117.21611721611721,0.06824999999999999,0.35,0.25500215029358975,0.24954695478869843,0.06161085662224347,n500_eta0p3,500,0.3,0.35,0.3,8.0,0,2.474,0.5,True,0.1183134548016869,0.20471544178666995,6.789765694618128,22.632552315393763,110.55615598836317,0.07497964245563887,0.3662627586920078,932.2992678923044,0.0254044013038821,0.040840709421640656
135,2,0.13398449132047802,0.3282019052132706,26.138976069820067,73.06959692856367,0.09453645171341642,0.260849665499741,117.21611721611721,0.06824999999999999,0.35,0.20525061961182287,0.1414966419557864,0.089150334500259,n500_eta0p3,500,0.3,0.35,0.3,8.0,1,2.31,0.548,,,,,,,,,,,
136,2,0.7188106665547679,1.1733224988299598,5.45440476103631,4.537433952561066,0.4658733736497218,0.35188305443123824,4.395604395604396,0.45499999999999996,0.35,0.013791717440157149,0.010256492998136364,0.0018830544312382624,n500_eta0p3,500,0.3,0.35,2.0,2.0,0,0.674,0.578,True,0.8746801945963293,2.673648501578605,2.734508388290621,9.115027960968737,3.409209533559457,0.6590672938964008,0.24650483917660349,562.7260791269947,0.11036490476767151,0.1609183637271821
137,2,0.6251586920789549,0.8948355565269404,4.672885683162738,5.21078955545742,0.36803706767785993,0.38253413828088073,4.395604395604396,0.45499999999999996,0.35,0.07388493496413025,0.09211983483892962,0.03253413828088075,n500_eta0p3,500,0.3,0.35,2.0,2.0,1,0.562,0.622,,,,,,,,,,,
138,2,0.6463513673458878,1.0353064842236166,22.135520206067994,21.380644807481886,0.3979238470390723,0.3724234141436926,17.582417582417584,0.45499999999999996,0.35,0.0849422083914592,0.058211430048690976,0.022423414143692644,n500_eta0p3,500,0.3,0.35,2.0,8.0,0,2.512,0.262,True,0.8959423231766346,2.396565460227324,9.222205431121587,30.74068477040529,12.82697480230288,0.6521425513111719,0.27211547614030684,1041.619189566237,0.13695434873660478,0.1563311415303153
139,2,0.5902924362887844,0.9069575007711345,18.84426384119566,21.89065241212526,0.35441250674741204,0.39425110108731387,17.582417582417584,0.45499999999999996,0.35,0.09518011480384857,0.10850235749528969,0.04425110108731389,n500_eta0p3,500,0.3,0.35,2.0,8.0,1,2.388,0.29,,,,,,,,,,,
140,2,1.0081499055981005,1.3938651498449441,4.66793174480763,3.0018334228606416,0.611811420922317,0.3950786636461357,0.8791208791208791,2.275,0.35,0.5333379941225995,0.5703638211243917,0.04507866364613572,n500_eta0p3,500,0.3,0.35,10.0,2.0,0,0.568,0.59,True,0.23354545646050875,0.06838597585015763,0.7343239148510166,2.447746382836722,35.793104542370585,0.052896890605907854,0.7735049467132219,504.73514530128426,1.6097507742177963,1.6335512569803463
141,2,1.0675036940745444,1.2908021003636752,4.577805307422726,3.237567643807931,0.5842906436082632,0.41642345201763675,0.8791208791208791,2.275,0.35,0.5661702564032061,0.5903524690929886,0.06642345201763677,n500_eta0p3,500,0.3,0.35,10.0,2.0,1,0.622,0.566,,,,,,,,,,,
142,2,2.1705255241757504,2.262981076785314,16.578849424443053,7.307025426558733,1.1142930112050742,0.49240049889766957,3.5164835164835164,2.275,0.35,0.31763203258151335,0.3099819943412592,0.1424004988976696,n500_eta0p3,500,0.3,0.35,10.0,8.0,0,2.342,0.134,True,6.339096995974181,299.99999999999994,113.17910064291223,377.26366880970744,1.257545562699025,6.207921605309316,0.020693072017697725,947.5512780841964,0.44658485686703375,0.4359648229469903
143,2,1.9579200155028926,2.268201227258457,16.765559713658927,7.665578543597575,1.0508351102430356,0.48666856825384197,3.5164835164835164,2.275,0.35,0.33843635190131804,0.33544682609676935,0.136668568253842,n500_eta0p3,500,0.3,0.35,10.0,8.0,1,2.476,0.13,,,,,,,,,,,
144,2,0.43109911165286297,0.6940682900476949,6.074129881579605,8.751487380531682,0.2659268503635627,0.34292312019854254,27.77777777777778,0.072,0.4,0.5016156283519616,0.5674296933862507,0.05707687980145748,n500_eta0p3,500,0.3,0.4,0.3,2.0,0,0.648,0.652,True,0.0010000000000000002,0.0011717531838977976,1.4073093536028292,4.691031178676098,4003.429427920597,0.0005395425191893906,0.46045748081060944,537.7792420515837,2.158734677975457,2.1253068210514523
145,2,0.2456543057984586,0.5287926215016495,6.609493361941581,11.560883497507541,0.1677328423255488,0.304924418505492,27.77777777777778,0.072,0.4,0.38070647454002104,0.3672856099690111,0.09507558149450801,n500_eta0p3,500,0.3,0.4,0.3,2.0,1,0.56,0.666,,,,,,,,,,,
146,2,0.2096803197725476,0.49274179302649634,26.327380526794386,53.82466544375625,0.14722268228096833,0.3120875846161425,111.11111111111111,0.072,0.4,0.3147761514870193,0.31064222953880954,0.08791241538385752,n500_eta0p3,500,0.3,0.4,0.3,8.0,0,2.426,0.482,True,0.1611484664654728,0.30587232578719514,7.030278956735489,23.434263189118298,76.61452577904103,0.10554317292187412,0.3450562997167118,953.9243045905414,0.16144637278686605,0.16609764970837956
147,2,0.18069252867648344,0.4280304991816539,25.03049219079194,56.61549902114174,0.12826886252833725,0.29072156259720505,111.11111111111111,0.072,0.4,0.2928221509286481,0.2507887470571805,0.10927843740279497,n500_eta0p3,500,0.3,0.4,0.3,8.0,1,2.448,0.484,,,,,,,,,,,
148,2,0.7345560083990733,1.2076030266104898,4.71082161143138,4.179592473661633,0.44468920945626933,0.3946149723484716,4.166666666666667,0.48,0.4,0.001345180168906291,0.03318464611072177,0.005385027651528429,n500_eta0p3,500,0.3,0.4,2.0,2.0,0,0.632,0.59,True,0.5960068520847205,0.8069636065602677,1.4878455875503225,4.959485291834408,6.145859926663262,0.3428125203416137,0.42481782022720116,541.8671407078972,0.16879389952418145,0.1461845623508632
149,2,0.8162909039936972,1.1531473440761006,4.672406894733342,3.852094273379367,0.4755173697793636,0.37782798029669734,4.166666666666667,0.48,0.4,0.03409185109564584,0.00407485182970257,0.02217201970330268,n500_eta0p3,500,0.3,0.4,2.0,2.0,1,0.592,0.596,,,,,,,,,,,
150,2,1.5204617401469185,1.5938230835839295,17.7133874367695,10.57387307575297,0.778139173619075,0.4624697138774453,16.666666666666668,0.48,0.4,0.19761465660106897,0.2098160420424817,0.062469713877445265,n500_eta0p3,500,0.3,0.4,2.0,8.0,0,2.482,0.244,True,0.5965595860499315,0.5519891543759707,4.781265611073267,15.93755203691089,28.87294417030431,0.2867047865260578,0.5194029343750067,1018.7643793322217,0.23864232147335301,0.2238062938378859
151,2,0.649213700089062,1.0935948063109329,20.517206503137203,18.76125086250978,0.4056960743747156,0.37957573543881906,16.666666666666668,0.48,0.4,0.05141304096056435,0.0730404320021642,0.02042426456118096,n500_eta0p3,500,0.3,0.4,2.0,8.0,1,2.3,0.286,,,,,,,,,,,
152,2,1.1673767879431465,1.62720145019834,4.263245382731452,2.847428119714596,0.6465621395435647,0.4651166645273886,0.8333333333333334,2.4000000000000004,0.4,0.5336340156362244,0.5696009714835688,0.06511666452738857,n500_eta0p3,500,0.3,0.4,10.0,2.0,0,0.558,0.58,True,0.013756859790331378,0.0010000000000000002,0.5985613671700347,1.9952045572334491,1995.2045572334487,0.0009322349053790433,0.9322349053790431,494.8015062252823,3.3791686741523606,3.410685881658589
153,2,0.8339901989974239,1.2398740855571044,4.544631391195998,4.025457862705211,0.4701184595331015,0.4333522265415824,0.8333333333333334,2.4000000000000004,0.4,0.6839965309843804,0.7080039373092112,0.033352226541582375,n500_eta0p3,500,0.3,0.4,10.0,2.0,1,0.624,0.576,,,,,,,,,,,
154,2,1.8725227117854717,2.177704840179369,17.46682845194568,8.441910858330221,1.006808067073368,0.47375778488880144,3.3333333333333335,2.4000000000000004,0.4,0.4035620166650727,0.37726455502656736,0.07375778488880141,n500_eta0p3,500,0.3,0.4,10.0,8.0,0,2.45,0.134,True,4.447172728134811,299.99999999999994,167.72202418853962,559.0734139617988,1.8635780465393297,4.382211227271977,0.01460737075757326,979.2164607356034,0.2525311595821676,0.26148206547651104
155,2,1.9923220913779771,2.2012071182883832,16.93312755381877,7.692655276794511,1.0414989503660335,0.4933030815403087,3.3333333333333335,2.4000000000000004,0.4,0.3631975259926743,0.36255240511432185,0.0933030815403087,n500_eta0p3,500,0.3,0.4,10.0,8.0,1,2.484,0.134,,,,,,,,,,,
156,2,0.4339789677149599,0.9218928548205607,5.608987790024297,6.084207899752127,0.2950736956319801,0.33627793003472733,26.936026936026934,0.07425000000000001,0.45,0.6461294920287305,0.599234038020179,0.11372206996527268,n500_eta0p3,500,0.3,0.45,0.3,2.0,0,0.578,0.658,True,0.15811961847966577,0.23875678864990033,1.4507212782932084,4.835737594310695,20.253822400843024,0.09512314577678511,0.398410224541378,514.430261389795,0.12382654020119327,0.10758974622555281
157,2,0.4673879895568258,0.8266344090586917,5.614403388070228,7.404821396233012,0.2891470941632639,0.3541961189372217,26.936026936026934,0.07425000000000001,0.45,0.560818949843283,0.5904223741502732,0.09580388106277832,n500_eta0p3,500,0.3,0.45,0.3,2.0,1,0.65,0.632,,,,,,,,,,,
158,2,0.3230478254944375,0.601017441840689,21.81161680017727,35.93192119818163,0.2094356645559756,0.34959416495120715,107.74410774410774,0.07425000000000001,0.45,0.47691309043810237,0.45035418115390674,0.10040583504879286,n500_eta0p3,500,0.3,0.45,0.3,8.0,0,2.458,0.412,True,0.12941630539690077,0.13342291420972197,4.989023031984002,16.630076773280006,124.6418343639225,0.06569453614324608,0.49237821353522193,975.3763176940397,0.063270302919723,0.05316720747839099
159,2,0.41059762548942247,0.7058161651580496,22.643701425098108,32.081585181642346,0.2626866574699353,0.36147637671913146,107.74410774410774,0.07425000000000001,0.45,0.526137709956912,0.5487415564247601,0.08852362328086855,n500_eta0p3,500,0.3,0.45,0.3,8.0,1,2.418,0.388,,,,,,,,,,,
160,2,0.9303329243489593,1.2930531087498884,4.552942101925014,3.7651757119573945,0.5258009372953398,0.4308921030748829,4.040404040404041,0.49500000000000005,0.45,0.030639548211528082,0.026216157012947036,0.019107896925117107,n500_eta0p3,500,0.3,0.45,2.0,2.0,0,0.65,0.554,True,3.075730562969117,299.6830655904659,63.98293269538329,213.27644231794432,0.7116733202716192,3.044484176022896,0.010159013056090925,545.2976290385702,0.754144111746539,0.7889085221786682
161,2,0.9539689456292274,1.3317356495855015,4.427153011816214,3.528647160167486,0.546560028075733,0.43990465739825774,4.040404040404041,0.49500000000000005,0.45,0.05881656258503117,0.04303266804819276,0.010095342601742274,n500_eta0p3,500,0.3,0.45,2.0,2.0,1,0.624,0.584,,,,,,,,,,,
162,2,1.8945338818071855,2.0392571031668503,17.16204860344835,8.577778974268329,0.9821166631432171,0.4689285511852555,16.161616161616163,0.49500000000000005,0.45,0.275109936583429,0.2975578806557937,0.018928551185255493,n500_eta0p3,500,0.3,0.45,2.0,8.0,0,2.364,0.236,True,0.738195664598336,0.7255179616989555,4.689204378937519,15.630681263125064,21.544168564100715,0.3659009551405319,0.5043306636870802,997.9566728042105,0.12484495032931602,0.13124165577185593
163,2,1.8401208187390818,1.8955756865287432,17.81224126895133,8.835316829118595,0.9337183251793885,0.48371919993195805,16.161616161616163,0.49500000000000005,0.45,0.26226266039886226,0.27561068343137807,0.033719199931958044,n500_eta0p3,500,0.3,0.45,2.0,8.0,1,2.376,0.218,,,,,,,,,,,
164,2,1.3242598036324655,1.553775736647712,4.465535850461845,2.6889479614106264,0.7149330587146538,0.46012628582882215,0.8080808080808081,2.475,0.45,0.5221276051093481,0.5393098238347365,0.010126285828822135,n500_eta0p3,500,0.3,0.45,10.0,2.0,0,0.626,0.538,True,14.749382081517592,109.25023951840981,5.263281579246069,17.54427193082023,0.16058794935514842,12.994987439181687,0.11894699266990526,524.7273795766391,0.7017418400253401,0.7202006607831639
165,2,1.2496274023833993,1.6479708925414625,4.2444504693473215,2.835033816738505,0.670392464472796,0.47008153148218473,0.8080808080808081,2.475,0.45,0.5451034511997301,0.567246079294557,0.020081531482184722,n500_eta0p3,500,0.3,0.45,10.0,2.0,1,0.59,0.56,,,,,,,,,,,
166,2,1.993550128738101,2.1216625321720346,16.600560044911017,7.824316918071005,1.0408333113567225,0.4905743941715264,3.2323232323232323,2.475,0.45,0.38393164918474504,0.3761940201129608,0.04057439417152636,n500_eta0p3,500,0.3,0.45,10.0,8.0,0,2.514,0.11,True,1.0778270251617428,0.15576787489717364,2.877413633151248,9.591378777170828,61.57481947739444,0.13609883212727997,0.8737285028580013,946.9253820596413,1.2798883635433707,1.259720804758788
167,2,2.0900418789212334,2.1314980480819536,16.478290821012788,7.7542952682787165,1.055283205266907,0.4950899233600108,3.2323232323232323,2.475,0.45,0.38002755034149177,0.3702061768309135,0.045089923360010775,n500_eta0p3,500,0.3,0.45,10.0,8.0,1,2.504,0.144,,,,,,,,,,,
168,2,0.5671830333888639,1.0925762466325932,4.708348245830447,4.9666150975077175,0.3709905071156377,0.39307628908638037,26.666666666666668,0.075,0.5,0.7299082279053285,0.6943015336625877,0.10692371091361963,n500_eta0p3,500,0.3,0.5,0.3,2.0,0,0.608,0.612,True,0.0016412191407622508,0.0010000000000000002,0.9784555003387057,3.261518334462352,3261.5183344623515,0.0006213869631009104,0.6213869631009102,528.8730618571368,2.087451091957817,2.081699126015598
169,2,0.5513325944720594,0.9940884076507384,5.563063696447834,5.473952140418691,0.34010587948602655,0.3740143790174512,26.666666666666668,0.075,0.5,0.6876677362831111,0.6565528763512744,0.12598562098254878,n500_eta0p3,500,0.3,0.5,0.3,2.0,1,0.598,0.638,,,,,,,,,,,
170,2,0.4269198839067052,0.7174957148754038,20.728622805802335,30.349247334884865,0.26320417050440337,0.3774847635948996,106.66666666666667,0.075,0.5,0.545880798612674,0.5452315030574347,0.12251523640510043,n500_eta0p3,500,0.3,0.5,0.3,8.0,0,2.266,0.39,True,0.17886939495517987,0.18085218130860692,4.555204314623362,15.184014382077873,83.95814898227745,0.08992766178493915,0.4972439985752022,963.5192921692068,0.10396586843552573,0.07883203804911405
171,2,0.32947878338654857,0.6346736695050378,22.669715203830442,37.11555839732993,0.2136569038065093,0.35130637491925404,106.66666666666667,0.075,0.5,0.45847272477499584,0.45465566716488265,0.14869362508074596,n500_eta0p3,500,0.3,0.5,0.3,8.0,1,2.408,0.398,,,,,,,,,,,
172,2,1.3501842936674926,1.6368189087952083,4.193034909615345,2.808036390021323,0.7090537530930228,0.4748466883976062,4.0,0.5,0.5,0.1536572597067144,0.1517091557931512,0.025153311602393813,n500_eta0p3,500,0.3,0.5,2.0,2.0,0,0.63,0.552,True,0.00654017510901833,0.0010000000000000002,0.7263222682797159,2.4210742275990533,2421.074227599053,0.000867377085340636,0.8673770853406358,528.769424387308,2.7819481133316546,2.760762059709313
173,2,1.0041043821271658,1.5125584553151754,4.395947871295987,3.0684110152734183,0.6034843248009223,0.4512454948335986,4.0,0.5,0.5,0.11514645817960652,0.08169598966508065,0.048754505166401396,n500_eta0p3,500,0.3,0.5,2.0,2.0,1,0.61,0.582,,,,,,,,,,,
174,2,1.8716871205482488,1.9115164912209852,16.437038528592964,8.598951986071421,0.945696072557073,0.4947360260297873,16.0,0.5,0.5,0.2696744586682819,0.2767815810941219,0.005263973970212721,n500_eta0p3,500,0.3,0.5,2.0,8.0,0,2.428,0.214,True,0.5153402266122584,0.26552252669497084,3.68077231735862,12.269241057862066,46.207910155799425,0.17523494173349105,0.659962617540164,990.0984689401516,0.460596344479352,0.45534929583158273
175,2,1.9357708004985459,1.9903993070263881,15.76376490934354,7.9199007222798175,0.9813525024016687,0.4930430285708787,16.0,0.5,0.5,0.3054002450104064,0.2928550299038966,0.0069569714291212725,n500_eta0p3,500,0.3,0.5,2.0,8.0,1,2.256,0.212,,,,,,,,,,,
176,2,1.4347792884505919,1.6459159268081847,4.6932244045920894,2.878065603329526,0.7632365746060702,0.46804600488045517,0.8,2.5,0.5,0.556010702135845,0.5152808349096984,0.03195399511954483,n500_eta0p3,500,0.3,0.5,10.0,2.0,0,0.676,0.52,True,5.223231810286893,299.99999999999994,39.502790775852,131.67596925284,0.4389198975094667,5.1338475573839215,0.01711282519127974,551.3244003433817,0.2607047178747154,0.3125029600712768
177,2,1.2059340323050112,1.631998013530629,4.19198010537824,2.6079292675750434,0.6785332822312105,0.4373379769917694,0.8,2.5,0.5,0.5132058212648624,0.5663688538982994,0.0626620230082306,n500_eta0p3,500,0.3,0.5,10.0,2.0,1,0.596,0.578,,,,,,,,,,,
178,2,2.1064933489849236,2.334000437429906,15.951378944157844,7.244681987142647,1.1072093858155205,0.49725236525992034,3.2,2.5,0.5,0.3548693480973154,0.35371025002881706,0.002747634740079663,n500_eta0p3,500,0.3,0.5,10.0,8.0,0,2.432,0.114,True,6.580730936856237,11.490253910587095,6.678383109466649,22.261277031555498,1.9374051439406406,4.18429156020413,0.3641600605839296,943.8788783665748,0.21792952983658306,0.22368192975318588
179,2,2.1320632775298036,2.292529289563117,15.835364833972923,6.968749573448565,1.1046932427838079,0.5032842377579481,3.2,2.5,0.5,0.33800487982554117,0.35469831115914574,0.003284237757948061,n500_eta0p3,500,0.3,0.5,10.0,8.0,1,2.23,0.156,,,,,,,,,,,
180,2,0.8853434033250963,1.181666188612649,4.490325200801425,3.7999946550669708,0.506132322317751,0.428320897386412,26.936026936026938,0.07425,0.55,0.8505505519201719,0.8335676148579845,0.12167910261358805,n500_eta0p3,500,0.3,0.55,0.3,2.0,0,0.59,0.616,True,0.0017266817021056773,0.0010000000000000002,0.9316928789643046,3.1056429298810158,3105.642929881015,0.0006332538560596382,0.633253856059638,520.2182503865188,2.0618179837446116,2.0691186149781857
181,2,0.8936643092368757,1.2966041813753613,5.163688198283964,3.769292712598286,0.5408475851266402,0.41073096727054825,26.936026936026938,0.07425,0.55,0.8540736728358805,0.8623784369427994,0.1392690327294518,n500_eta0p3,500,0.3,0.55,0.3,2.0,1,0.628,0.604,,,,,,,,,,,
182,2,0.45523624524925743,0.7342314486641136,20.95928300462832,28.339188422806398,0.2884998299843666,0.3672834040434024,107.74410774410775,0.07425,0.55,0.5800061202311142,0.5894491035687978,0.18271659595659767,n500_eta0p3,500,0.3,0.55,0.3,8.0,0,2.408,0.356,True,0.21991789318211982,0.2098170740932794,4.706629619108719,15.688765397029066,74.77354006973825,0.10737438747603686,0.5117523821169144,993.3315825190188,0.15864558668210374,0.16020424139686157
183,2,0.49375014492290814,0.7573649763522718,18.00668627170238,25.868599928536124,0.2988926122580368,0.39464805158749966,107.74410774410775,0.07425,0.55,0.6196206047223747,0.604818722706706,0.15535194841250038,n500_eta0p3,500,0.3,0.55,0.3,8.0,1,2.222,0.388,,,,,,,,,,,
184,2,0.9957996028140225,1.5241014814090006,4.434790199501096,2.801892991663208,0.602331228181001,0.3951740840339626,4.040404040404041,0.495,0.55,0.1589732517969355,0.08523018104775748,0.15482591596603745,n500_eta0p3,500,0.3,0.55,2.0,2.0,0,0.538,0.586,True,8.492138620662587,299.8234091913736,19.532800729421204,65.10933576473735,0.2171589467958416,8.258234041849342,0.027543659996802358,485.6811631071692,1.2696470700364346,1.2222819878690268
185,2,1.0343303591158244,1.4419417256041345,4.291246142316522,2.976019117914496,0.6313557416512616,0.40502386328473905,4.040404040404041,0.495,0.55,0.1327890799445746,0.10566893543237682,0.144976136715261,n500_eta0p3,500,0.3,0.55,2.0,2.0,1,0.598,0.582,,,,,,,,,,,
186,2,2.133782010808773,2.331860797519785,16.177451023960142,7.092159394150359,1.1142141982735652,0.5004543694714217,16.161616161616163,0.495,0.55,0.35770630038188495,0.35236348937812856,0.0495456305285783,n500_eta0p3,500,0.3,0.55,2.0,8.0,0,2.35,0.166,True,2.778719308622057,8.959303954747133,9.926971129851426,33.08990376617142,3.693356530072692,2.1209185168818654,0.23672804579401346,973.531722924563,0.6410635547184066,0.6319187848360147
187,2,1.8828190457600789,1.9861990328303398,17.23028073054898,8.67500207468925,0.9708780670787762,0.4888120732267561,16.161616161616163,0.495,0.55,0.2702152007307967,0.29255949120098984,0.06118792677324392,n500_eta0p3,500,0.3,0.55,2.0,8.0,1,2.544,0.184,,,,,,,,,,,
188,2,1.148450570806708,1.4583775538347652,4.318613767753606,2.9546850955114383,0.6505299278307496,0.45388521859993297,0.8080808080808081,2.475,0.55,0.5630564090430756,0.5803079220602707,0.09611478140006707,n500_eta0p3,500,0.3,0.55,10.0,2.0,0,0.61,0.554,True,0.011406081075481371,0.0010000000000000002,0.6634799422572231,2.211599807524077,2211.5998075240764,0.0009193943684620651,0.9193943684620649,519.2474355816425,3.4372517510755807,3.430073364017729
189,2,1.161066024448751,1.5846414846061583,4.62694947426103,2.687334682159681,0.6934437724692583,0.45629855450275747,0.8080808080808081,2.475,0.55,0.5218669646840081,0.5525639509768215,0.09370144549724257,n500_eta0p3,500,0.3,0.55,10.0,2.0,1,0.618,0.544,,,,,,,,,,,
190,2,2.0174468194213375,2.288379172324563,16.442098301463385,7.458727741884727,1.0721945781567168,0.48719279766680645,3.2323232323232323,2.475,0.55,0.36314997112295216,0.3633015965028264,0.06280720233319359,n500_eta0p3,500,0.3,0.55,10.0,8.0,0,2.406,0.12,True,11.408426130781455,299.99999999999994,65.67515641598855,218.91718805329518,0.7297239601776507,10.990479229348425,0.036634930764494755,937.2620861529663,0.6463561773599138,0.6474414265628147
191,2,2.1094408914438327,2.2852730496692053,16.44568895298565,7.196378111301042,1.0969197275820555,0.5023392177859448,3.2323232323232323,2.475,0.55,0.3475991902031751,0.3534003561358284,0.04766078221405523,n500_eta0p3,500,0.3,0.55,10.0,8.0,1,2.336,0.114,,,,,,,,,,,
192,2,0.40227443318619,0.8496317575206811,4.905923117121579,6.2567279014674675,0.26554924627099097,0.36731140762681774,27.77777777777778,0.072,0.6,0.647350230855917,0.5668125766339458,0.23268859237318223,n500_eta0p3,500,0.3,0.6,0.3,2.0,0,0.538,0.642,True,0.0015750415515641866,0.0010000000000000002,0.8795771681194985,2.931923893731662,2931.9238937316613,0.0006116567519492808,0.6116567519492806,494.1305961943529,2.0234551935571963,2.0708247222499323
193,2,0.9030857847844691,1.319471163173093,4.662969476121173,3.8161844323603984,0.5458849654083766,0.40308482116539374,27.77777777777778,0.072,0.6,0.8620681436773724,0.8797686368376992,0.19691517883460624,n500_eta0p3,500,0.3,0.6,0.3,2.0,1,0.63,0.584,,,,,,,,,,,
194,2,0.5080619430415831,0.8174161850297416,20.817040519854206,25.46688076539221,0.3133194327726405,0.38330465986704243,111.11111111111111,0.072,0.6,0.6397817355984603,0.6386548352017953,0.21669534013295755,n500_eta0p3,500,0.3,0.6,0.3,8.0,0,2.31,0.338,True,0.27085906272564236,0.2523128557976602,4.463523686793451,14.878412289311504,58.96811021489566,0.1306286159774847,0.5177247729391998,984.1399135707675,0.2751402806460829,0.2587058290512882
195,2,0.5277820927683384,0.84057276225129,21.43283726230769,27.249792924386476,0.32287175872239,0.3841092326827826,111.11111111111111,0.072,0.6,0.6103942842099586,0.6516975629326959,0.2158907673172174,n500_eta0p3,500,0.3,0.6,0.3,8.0,1,2.408,0.326,,,,,,,,,,,
196,2,1.0517287315454225,1.4269847692067674,4.446308931147822,3.502753333008355,0.6436151712601037,0.435835166357865,4.166666666666667,0.48,0.6,0.07537920329591098,0.1273850353368159,0.16416483364213497,n500_eta0p3,500,0.3,0.6,2.0,2.0,0,0.62,0.548,True,0.012401317792449346,0.0010000000000000002,0.6699932229544543,2.2333107431815145,2233.3107431815138,0.0009253804726156539,0.9253804726156537,522.7107798157896,2.7291603967847555,2.714920906599807
197,2,0.8685241847054561,1.3815227908886736,4.165584448649273,3.4505864646411526,0.5082689863362289,0.44050524636642235,4.166666666666667,0.48,0.6,0.08189584387834258,0.024852373263649682,0.15949475363357762,n500_eta0p3,500,0.3,0.6,2.0,2.0,1,0.538,0.618,,,,,,,,,,,
198,2,2.0024193183471577,2.177322433933652,15.432841853468686,7.86068428776558,1.0302456829607523,0.5080630483762766,16.666666666666668,0.48,0.6,0.3263883957569614,0.3316995660003626,0.0919369516237234,n500_eta0p3,500,0.3,0.6,2.0,8.0,0,2.388,0.16,True,1.1521948638672002,0.5330219985057089,3.4927029649718726,11.64234321657291,21.842143943798625,0.36443096595992197,0.683707177155126,965.2342627876146,0.1174465152434015,0.11962596519387189
199,2,1.8958151951789497,2.1514471243029574,17.32810985819697,8.08126959839674,1.0089482804191354,0.48296305705117903,16.666666666666668,0.48,0.6,0.3143691541556628,0.3226276671127952,0.11703694294882094,n500_eta0p3,500,0.3,0.6,2.0,8.0,1,2.48,0.18,,,,,,,,,,,
200,2,1.4838738363371593,1.6776632978387607,4.29107239650409,2.4446499294640227,0.7800248552789181,0.47433209200294557,0.8333333333333334,2.4,0.6,0.4673979235820934,0.4881028001256174,0.1256679079970544,n500_eta0p3,500,0.3,0.6,10.0,2.0,0,0.588,0.54,True,294.1883764849918,0.017474000441545047,0.5880360131062441,1.9601200436874804,112.17351460214151,0.017472962594435863,0.9999406062102004,500.1478393932148,2.1290715733780807,2.137844694523025
201,2,1.3607855792477281,1.714111755095263,4.374699832151216,2.676051332263893,0.7148147344533414,0.4563800349359724,0.8333333333333334,2.4,0.6,0.5066756859001871,0.5260177456874182,0.14361996506402758,n500_eta0p3,500,0.3,0.6,10.0,2.0,1,0.618,0.544,,,,,,,,,,,
202,2,2.001611713687509,2.2121022656623994,15.822872596369097,7.606952590192639,1.046064311997175,0.4963345183343757,3.3333333333333335,2.4,0.6,0.3583319642727115,0.36065285595004715,0.10366548166562428,n500_eta0p3,500,0.3,0.6,10.0,8.0,0,2.426,0.1,True,8.308718776574604,7.640142822412937,4.65678801876337,15.522626729211234,2.0317194442588735,3.9802087271435007,0.5209599898404068,929.5077215889263,0.21501500831334983,0.21969460590723994
203,2,2.1383917698330968,2.174243331637358,15.561861989432382,7.358825590969554,1.0361482948937935,0.5017278076363834,3.3333333333333335,2.4,0.6,0.3439297647014095,0.36478932506196554,0.09827219236361662,n500_eta0p3,500,0.3,0.6,10.0,8.0,1,2.338,0.118,,,,,,,,,,,
