Gene_ID,True_State,kon,koff,ksyn,k01,k10,k12,k21,True_BS,True_BF
Gene2S_1,2,0.21854305348131314,4.7782143788446225,149.07884894416696,,,,,31.19969870004334,0.20898464147676965
Gene2S_2,2,0.058945958913776186,2.935492826148023,191.75410787578843,,,,,65.32262868017624,0.057785599219800046
Gene2S_3,2,0.16404258289612858,0.9680382007651386,71.26021156155622,,,,,73.61301600002155,0.1402722218127052
Gene2S_4,2,0.2804660064714422,4.637715253319299,27.294832716573527,,,,,5.8854050379738405,0.26447204922770573
Gene2S_5,2,0.16370274083670697,0.7481852343949091,155.87892374922654,,,,,208.34268919419776,0.13431471502065942
Gene2S_6,2,0.4671017689359991,1.0235114661962113,15.4606635686064,,,,,15.105510860630192,0.3207297541163483
Gene2S_7,2,0.27515614823314677,3.8634518782093714,29.70390215650334,,,,,7.688435909876137,0.25686233895554256
Gene2S_8,2,0.2694457378156018,2.5476198162608723,177.2972738737404,,,,,69.59330145812676,0.24367388258776176
Gene2S_9,2,0.28206865411166576,2.307007129064525,136.32077100624434,,,,,59.089878522187945,0.2513384892592636
Gene2S_10,2,0.19531454163432893,1.653849803067438,22.69509731899688,,,,,13.72258670461108,0.1746848067580703
Gene2S_11,2,0.2641090012181219,4.757749962140343,151.2797379247094,,,,,31.796487652464613,0.2502190124642791
Gene2S_12,2,0.253002658863866,3.236463806972456,163.64507988356948,,,,,50.56292597217423,0.23465878136314203
Gene2S_13,2,0.38556339861342154,3.4450485359398364,28.87422429817854,,,,,8.3813693760635,0.34675520376356406
Gene2S_14,2,0.07338469170701939,3.93701653879869,60.25230712566115,,,,,15.304052327919877,0.07204185525066431
Gene2S_15,2,0.3109680747672947,1.7862321026912782,10.234432690862896,,,,,5.729620845713663,0.264858435561722
Gene2S_16,2,0.1995046886729966,1.3757502408537323,92.28529868735987,,,,,67.07998003336094,0.17423759059480334
Gene2S_17,2,0.0686846291105111,4.773437975979048,56.69373072796388,,,,,11.876917855277213,0.06771035012982403
Gene2S_18,2,0.06249059292849874,4.113329348898907,135.40330593173405,,,,,32.918177575053654,0.06155542947342734
Gene2S_19,2,0.29520477815165175,2.0583506776293996,122.9294300376321,,,,,59.722296775595986,0.25817745388380453
Gene2S_20,2,0.3554142065071745,1.9827206852338366,85.12660714179034,,,,,42.93424070055069,0.3013885561337415
Gene2S_21,2,0.3779674813270529,3.2223738034764793,187.35478894363968,,,,,58.14185453640131,0.3382880716156172
Gene2S_22,2,0.4809028540443872,4.288393479529971,190.59350716494805,,,,,44.44403436268586,0.43241193654781945
Gene2S_23,2,0.06835408494227191,4.739597014273863,85.53449641837312,,,,,18.04678671219848,0.0673823028188936
Gene2S_24,2,0.122850625188943,2.4609606525180467,44.22943882303226,,,,,17.972428278272897,0.11700953445622207
Gene2S_25,2,0.4690360724332135,2.6191829043684565,150.83092029898887,,,,,57.587013128186854,0.39779927255077335
Gene2S_26,2,0.07950380446866982,1.8025347152584916,88.65765547101996,,,,,49.18499195634413,0.07614528929550067
Gene2S_27,2,0.12817408880167017,4.386206905967824,27.995426446257675,,,,,6.382605072315994,0.12453491943178907
Gene2S_28,2,0.1845505903299382,3.633704179987005,195.4813348381271,,,,,53.79671133240851,0.17563056732468926
Gene2S_29,2,0.08921786457119936,0.887672067459885,162.6201259745415,,,,,183.19842646382529,0.08106973334612333
Gene2S_30,2,0.4115175711804811,4.565197874913713,171.4913849398615,,,,,37.56494014908452,0.3774897644423666
Gene2S_31,2,0.45916146381394907,1.6078327480698302,123.66966992472594,,,,,76.9169990306447,0.35716347628227296
Gene2S_32,2,0.4827050121491313,2.302869785414831,149.29119895684022,,,,,64.82832850661916,0.3990583159779642
Gene2S_33,2,0.17547828759663298,4.62302540401864,126.53984340097482,,,,,27.371652184947546,0.16906115604963584
Gene2S_34,2,0.484760684731701,4.218246922448593,182.8406839655216,,,,,43.34518280389971,0.4347941652000775
Gene2S_35,2,0.23336774272838434,4.8648557078177195,75.35594174130004,,,,,15.489861625331384,0.22268549157277684
Gene2S_36,2,0.448356063084594,1.7439341656905802,46.90741139208373,,,,,26.897466839586155,0.3566605582348427
Gene2S_37,2,0.21486716074879425,4.120603176919094,180.73958713788667,,,,,43.86241027776488,0.20421828227138258
Gene2S_38,2,0.22438291886166556,1.5186466524209412,68.2565630043168,,,,,44.94565137684005,0.19549775528992394
Gene2S_39,2,0.10744467190520535,1.1115177416139568,14.489937951581638,,,,,13.036173341274623,0.09797402917432041
Gene2S_40,2,0.19758181342789327,3.4060576301363223,60.0618077957039,,,,,17.633820186800545,0.18674871716262334
Gene2S_41,2,0.11009863856049187,2.2889308646457955,157.1343205612667,,,,,68.64965778928526,0.10504588277042208
Gene2S_42,2,0.2350309794653782,4.06615314228393,54.30324905524497,,,,,13.354944379872325,0.2221881064925307
Gene2S_43,2,0.2220166864130711,3.971013890293272,160.50387911730434,,,,,40.41886620181291,0.21026112962804075
Gene2S_44,2,0.2964036835943991,3.0640665716210465,163.9316792286015,,,,,53.501343850330684,0.27025997840552635
Gene2S_45,2,0.30919110678787876,3.0884218864881836,165.43754599806374,,,,,53.56701645000362,0.2810539585294085
Gene2S_46,2,0.09683275565207677,3.7753236376773933,184.1328473653727,,,,,48.77273183356873,0.09441121540041551
Gene2S_47,2,0.24909474780165441,1.0804157636342338,46.085988268723305,,,,,42.65579031696297,0.20242479457551782
Gene2S_48,2,0.4568919295472965,1.370475277084417,126.19043980643836,,,,,92.07786664703578,0.34265641381303436
Gene2S_49,2,0.3137333160006746,1.9442655112564355,35.52118176279487,,,,,18.26971756539576,0.2701422421787521
Gene2S_50,2,0.3915778422039681,2.3136363841850294,35.650823809784626,,,,,15.409000331027604,0.3348972270388654
Gene2S_51,2,0.4798906466067626,2.4650353181968634,117.46488797566771,,,,,47.65241581268358,0.4016900278295727
Gene2S_52,2,0.42951744992309004,4.846978545508405,104.51091178323799,,,,,21.562074352502776,0.3945538604598998
Gene2S_53,2,0.46008099241116596,3.9640453613985023,40.76019516490826,,,,,10.282474454461893,0.41223549645335544
Gene2S_54,2,0.15044743478245867,2.3431199780299243,118.41846773478682,,,,,50.538798202878226,0.14137030676244905
Gene2S_55,2,0.11238597463235464,3.5094656697956292,196.55795801446882,,,,,56.00794437345649,0.10889864038068926
Gene2S_56,2,0.08738194254725198,2.1964268864748115,154.61837875131886,,,,,70.39541343416896,0.08403857869547073
Gene2S_57,2,0.48860028251163323,2.3774583997816467,54.077610343219426,,,,,22.74597542829186,0.4053046272114328
Gene2S_58,2,0.4810506725270805,1.8457680868720359,130.14217421069395,,,,,70.50841063746081,0.3815973959863171
Gene2S_59,2,0.471108785665374,1.2875930610622546,106.08359284023994,,,,,82.38906844738801,0.3449114496336482
Gene2S_60,2,0.06234222274368327,2.116336940450208,127.3256230886348,,,,,60.16320967376246,0.060558319541100004
Gene2S_61,2,0.07972805895322452,2.861995282630064,17.653305285249225,,,,,6.168181126080164,0.07756722917885572
Gene2S_62,2,0.3078403410850449,4.794358661832201,172.83645689495503,,,,,36.04996394427117,0.2892668445308781
Gene2S_63,2,0.1351894378555115,0.9400559345089199,151.372895762165,,,,,161.02541370715497,0.11819221603301676
Gene2S_64,2,0.26871824784892395,4.156661433174369,121.33858587359522,,,,,29.191356530794256,0.252401117584002
Gene2S_65,2,0.28018102682775814,1.1281678160026856,147.7921640246703,,,,,131.00193245037448,0.22444099608616438
Gene2S_66,2,0.1479277875997082,3.7407893033240183,19.013769717644244,,,,,5.082822948822284,0.14230057692006826
Gene2S_67,2,0.40460620877787606,4.643290233519935,24.70632888572416,,,,,5.3208668084904645,0.37217563377442237
Gene2S_68,2,0.14709045898664286,4.103780954316178,160.91865062229118,,,,,39.21229042525868,0.14200077242092032
Gene2S_69,2,0.3411834285631825,4.945196887206448,77.3990589854704,,,,,15.651360451533668,0.3191634214935283
Gene2S_70,2,0.2171158023627764,0.8468798452744899,110.32490930945835,,,,,130.27221030829932,0.17281179440906835
Gene2S_71,2,0.1616364122944181,1.8719631291005863,26.1043451079574,,,,,13.944903455710497,0.14878907964725935
Gene2S_72,2,0.091590338020023,1.2062071064085083,105.92241901766516,,,,,87.81445446217776,0.08512647106248251
Gene2S_73,2,0.36006103805279516,2.6798189042755034,85.43590183466235,,,,,31.881222159584766,0.3174133172272287
Gene2S_74,2,0.36104917687060756,4.3202128636153425,184.9989676377608,,,,,42.821725104291644,0.3332027314053562
Gene2S_75,2,0.46994842655489266,1.9728128998836385,154.8756798392771,,,,,78.50500158855006,0.3795378239179933
Gene2S_76,2,0.052317398437352204,3.7028935771245615,43.28992288114732,,,,,11.690836363372776,0.05158851524089129
Gene2S_77,2,0.41227659130780936,4.092213502120826,157.53434425699814,,,,,38.49612054096263,0.3745426893089239
Gene2S_78,2,0.4016907766346131,3.688840254145454,33.73182774231803,,,,,9.144290730510978,0.36224468056073783
Gene2S_79,2,0.2737896590834597,2.3454996493065816,127.83538415765616,,,,,54.502410262755376,0.2451709123184786
Gene2S_80,2,0.28326510379590597,1.2671974848371776,32.36361514539429,,,,,25.53951971389266,0.2315133752364664
Gene2S_81,2,0.28961183614296016,3.142572904430983,111.41729398621632,,,,,35.45416363423726,0.26517404448141024
Gene2S_82,2,0.2901038810939781,3.685120399918189,174.1481504029807,,,,,47.257112795241866,0.2689326827221569
Gene2S_83,2,0.3176856981899457,3.7114816662542545,143.93584496027498,,,,,38.781235609750325,0.29263729644693315
Gene2S_84,2,0.40010627039960356,1.6996387761498297,147.57906455713254,,,,,86.82966441342408,0.3238660488183442
Gene2S_85,2,0.409503218452524,2.954846438462028,103.27601398908651,,,,,34.9513980302952,0.35965914663367304
Gene2S_86,2,0.26102289938511253,4.822851541550484,32.05592948971589,,,,,6.646675563936254,0.24762112190319818
Gene2S_87,2,0.41337769495498344,2.628356780180275,101.5609745413635,,,,,38.640482641933254,0.357198853546186
Gene2S_88,2,0.2791469841866537,1.25643843958785,98.3095558554891,,,,,78.24462604609391,0.2284021427899652
Gene2S_89,2,0.08340285852145099,4.96132504317981,56.649225122299455,,,,,11.418164427701326,0.08202398597468721
Gene2S_90,2,0.21930141356797123,3.012727267443914,175.9039169929825,,,,,58.38693694375612,0.20442125168220066
Gene2S_91,2,0.26020507061080833,1.560587106994574,74.05164611884001,,,,,47.45114565341432,0.22301978411610232
Gene2S_92,2,0.3859471177779346,4.1758656438276445,63.99182254298552,,,,,15.32420532676188,0.35329448920563244
Gene2S_93,2,0.3754103809270456,1.9352743117287168,138.68629492564497,,,,,71.66234475657411,0.3144185222992855
Gene2S_94,2,0.2539022006562335,4.42565394582795,99.59492128764653,,,,,22.504001105087386,0.24012603781512457
Gene2S_95,2,0.2476563754374329,3.620590235279893,16.52435207776594,,,,,4.563993991020779,0.23180069546995716
Gene2S_96,2,0.10922827724297601,3.675658982397705,118.71942779013013,,,,,32.2988145414641,0.1060760521617457
Gene2S_97,2,0.30845220884669117,3.5883955315408946,30.641968516451453,,,,,8.539183667775182,0.2840368938328847
Gene2S_98,2,0.4348771296960081,1.0625707806402034,64.61569257170508,,,,,60.8107184471738,0.30858350931212625
Gene2S_99,2,0.21972882214889428,3.852864671516249,142.08859547223838,,,,,36.87868834913454,0.20787378300539996
Gene2S_100,2,0.3408313794744118,4.2750131281249235,35.19179549596548,,,,,8.231973666803933,0.31566458084348314
Gene2S_101,2,0.42004201629935156,3.137690514745733,195.16411349033842,,,,,62.19992461753476,0.37044995340051506
Gene2S_102,2,0.44773028258575714,0.7369909151677414,40.6204704771487,,,,,55.116650207151274,0.2785238850599558
Gene2S_103,2,0.0814157803342887,3.2961239576443466,32.13979721794938,,,,,9.75078535605768,0.07945324849109324
Gene2S_104,2,0.17688858448647815,0.8516617260296359,87.80538964656304,,,,,103.09890295986791,0.14646754333592016
Gene2S_105,2,0.07749150595082574,2.718248005764341,99.78477710669739,,,,,36.70922480034673,0.07534361861391041
Gene2S_106,2,0.0573772541665272,2.372612076435596,55.612877997241,,,,,23.43951569225295,0.05602245426916531
Gene2S_107,2,0.13920228558920772,1.6073294509169287,27.18116246553956,,,,,16.91075992543632,0.12810756803656664
Gene2S_108,2,0.1453945033801077,4.393698537649073,62.02521437806473,,,,,14.116857095810772,0.1407372818995022
Gene2S_109,2,0.19570445156831268,1.5852172052649633,88.91266475218775,,,,,56.088632180424966,0.17419860249477334
Gene2S_110,2,0.486892829369079,4.0536342035728525,72.48793491525942,,,,,17.88220921645296,0.4346820120848514
Gene2S_111,2,0.3870708420427988,3.1052976120255473,102.55844138762976,,,,,33.02692823723654,0.34417048982332216
Gene2S_112,2,0.2966730522835917,2.2715346941110144,152.21077226478482,,,,,67.00790116012465,0.2624021098044161
Gene2S_113,2,0.15813436447920196,0.6612529077147932,24.79701607151221,,,,,37.50004844168864,0.1276158562257315
Gene2S_114,2,0.17876143722168808,2.559788604956292,24.876151347245667,,,,,9.718049099476488,0.16709261578501677
Gene2S_115,2,0.13563902972491898,2.4825901194160567,55.52392045258331,,,,,22.365319195600193,0.1286121633443527
Gene2S_116,2,0.4549043562781514,1.3200528887967224,146.7517527629157,,,,,111.17111595178993,0.3383167742757973
Gene2S_117,2,0.19443599986794902,4.519816938200327,23.071582296620083,,,,,5.104539102374926,0.18641662573989465
Gene2S_118,2,0.23436941329268363,3.7195577776898743,41.37485884109606,,,,,11.123596221374726,0.22047714385170114
Gene2S_119,2,0.313897810811492,1.9882859356301088,73.13676749392388,,,,,36.783827810332554,0.271098518276939
Gene2S_120,2,0.4650259710024038,2.9094958166252627,97.20193091303759,,,,,33.40851372172879,0.40094306761159343
Gene2S_121,2,0.21024986646765925,1.4304270229962743,179.5102739810322,,,,,125.49418536921738,0.18330671475171603
Gene2S_122,2,0.10143290759445325,4.072869406306692,143.49862973241804,,,,,35.232808965152564,0.09896815205703041
Gene2S_123,2,0.4473728237751955,3.349584244832252,74.49023147946058,,,,,22.238649944208543,0.3946615500272425
Gene2S_124,2,0.21283047634839325,1.0263800869011503,174.07885745568288,,,,,169.6046714831172,0.17627751835560182
Gene2S_125,2,0.48153283000360875,4.817946138779141,98.57649594429486,,,,,20.460273549109033,0.437778742528752
Gene2S_126,2,0.29744775624747755,3.710498654026258,100.07957364430634,,,,,26.972001063983704,0.27537281845143646
Gene2S_127,2,0.1590148270156021,4.7236471641895195,158.0345280639542,,,,,33.45603991382571,0.15383615291193742
Gene2S_128,2,0.14857347670564036,4.375721891921141,42.5290527863381,,,,,9.719322625338492,0.1436944676706707
Gene2S_129,2,0.27585602081097277,4.922417385672303,43.79635844070852,,,,,8.897327270171507,0.26121720936970527
Gene2S_130,2,0.15422874287337357,3.2266572050630553,177.49849807155664,,,,,55.010026411556154,0.1471931594509811
Gene2S_131,2,0.2575292792163521,4.8238254710613315,47.26564237932887,,,,,9.798373233625624,0.2444773800845173
Gene2S_132,2,0.4876593847338811,1.8426461542893475,78.95300624551678,,,,,42.847622188193014,0.38560767025411
Gene2S_133,2,0.3101626997417522,0.7733725297074109,97.6791463903384,,,,,126.30283936680974,0.22137841502588007
Gene2S_134,2,0.16923807223488047,2.8506658479394207,153.13524575442406,,,,,53.719114734235355,0.1597538217915334
Gene2S_135,2,0.274226219273235,3.453539838330582,126.34571128937121,,,,,36.58440823153958,0.2540532743580087
Gene2S_136,2,0.37795493402298236,2.9572867268677983,84.86070352012462,,,,,28.695460182856394,0.33512447474101104
Gene2S_137,2,0.3819644155726591,3.5443775495320984,144.92766427445466,,,,,40.88945442439869,0.34480595712446066
Gene2S_138,2,0.11056853801635988,1.1981899401013372,89.49152279359893,,,,,74.68892852332759,0.10122731746002146
Gene2S_139,2,0.2783929555801482,4.501830498299281,128.8873634420108,,,,,28.629990287440272,0.26217977256382863
Gene2S_140,2,0.2602962304164896,4.792462632080916,77.65388789628052,,,,,16.203337168758004,0.24688689713681952
Gene2S_141,2,0.40788731992245425,3.2362996571642886,11.749357501936311,,,,,3.6304912234954587,0.3622332229182098
Gene2S_142,2,0.2597699327706849,1.1805605926550622,43.00362594445288,,,,,36.42644537857934,0.21291928510303265
Gene2S_143,2,0.3948340893822698,2.1825226846442014,143.5545146086546,,,,,65.7745807723676,0.3343481063358555
Gene2S_144,2,0.3294041569586953,1.9926809291248961,147.77770866491778,,,,,74.16024638215195,0.28267585261189987
Gene2S_145,2,0.15090085029261283,4.591699098586274,190.76938241965271,,,,,41.5465774920635,0.14609946142058358
Gene2S_146,2,0.3295310879863271,3.4087703149742814,23.57703446502719,,,,,6.916580551484025,0.30048293850767555
Gene2S_147,2,0.24282859214940206,4.6883187073211285,87.22230478583477,,,,,18.604175661017074,0.23087078160669286
Gene2S_148,2,0.2562033379856911,4.594835203000792,88.9095962023666,,,,,19.349898804706115,0.24267218381315347
Gene2S_149,2,0.20878141102226827,2.390874165049578,115.67536844213174,,,,,48.38203956239288,0.19201392921057592
Gene2S_150,2,0.45300586155981365,0.860605297811917,134.5574933144457,,,,,156.3521554614609,0.2967843578496151
Gene2S_151,2,0.17359099191677588,3.2902779042672736,153.66170640885113,,,,,46.70174097135139,0.1648915193392061
Gene2S_152,2,0.4143312063418445,4.792745569333506,154.23286812559132,,,,,32.1804831686568,0.38136254543201514
Gene2S_153,2,0.4276458586104763,4.1729082729061275,65.46926582906809,,,,,15.689121722168483,0.38789391239733534
Gene2S_154,2,0.11952486192184258,0.799262794940694,169.2287886272592,,,,,211.73109732927847,0.10397590182129025
Gene2S_155,2,0.22235090215901737,4.61145770147061,159.95817225712054,,,,,34.687116875453356,0.21212295816185428
Gene2S_156,2,0.1474510774919231,2.696595170633987,126.67671256071026,,,,,46.976540616932034,0.13980639862361852
Gene2S_157,2,0.3097011080622471,1.9838514489556953,124.24619983820072,,,,,62.62878196026434,0.26788180200732453
Gene2S_158,2,0.2516343718218848,2.525607416899728,59.55128181316384,,,,,23.578993874774543,0.2288348239613648
Gene2S_159,2,0.3877059004904427,0.507445114829671,77.32085157479484,,,,,152.3728366184949,0.21978354694057736
Gene2S_160,2,0.14947648766294014,2.032891577825492,55.832460516827055,,,,,27.46455400073473,0.1392384252951019
Gene2S_161,2,0.4952965537470116,4.241375947139384,91.64840864921962,,,,,21.608178523064506,0.4435052010394392
Gene2S_162,2,0.3700352477645057,4.528231370781582,67.49390227774424,,,,,14.905135526697844,0.3420812601090151
Gene2S_163,2,0.2907495355607898,4.14215999667266,140.03885040165693,,,,,33.80817025758257,0.2716796015109011
Gene2S_164,2,0.22270756240496553,2.271420728352142,179.1304164562322,,,,,78.86271980364764,0.2028213927415335
Gene2S_165,2,0.12697970552501459,3.4970169324007294,95.92393116741223,,,,,27.43021638775987,0.12253051662498067
Gene2S_166,2,0.2570842105103685,2.78410305234378,161.28055809873493,,,,,57.92909065020488,0.2353518127389429
Gene2S_167,2,0.11941728077747141,4.4375071379746025,18.28179205769846,,,,,4.119833836716432,0.11628787031597623
Gene2S_168,2,0.16516243889602653,3.7945262117425953,123.78779086407572,,,,,32.62272651615905,0.15827335401363707
Gene2S_169,2,0.3776323542816901,1.564022964535333,183.96056274910097,,,,,117.62011614948068,0.304186674392833
Gene2S_170,2,0.2512394942458968,2.960883858515118,113.33764416914309,,,,,38.278314714438636,0.2315885417335416
Gene2S_171,2,0.24581490771740017,3.7490611782931014,103.85373225438504,,,,,27.70126368054316,0.23068928991220372
Gene2S_172,2,0.10004222365076751,1.5702758844828786,138.96975944071227,,,,,88.50021885579528,0.09405028327470749
Gene2S_173,2,0.07806609234559689,1.0978860288449543,30.95206518400112,,,,,28.19242104443633,0.07288364089685823
Gene2S_174,2,0.2819569798706875,4.722617849212088,88.47834530882096,,,,,18.7350211543334,0.2660715667810865
Gene2S_175,2,0.41758735915298745,1.251307933303054,188.6342335942594,,,,,150.7496504847733,0.31309955616581514
Gene2S_176,2,0.4435607202263882,4.712172614457343,67.86879003189708,,,,,14.402865850811558,0.40540007463903815
Gene2S_177,2,0.22814663744631503,2.8650631665262956,49.68424237181324,,,,,17.341412556726343,0.21131916970998127
Gene2S_178,2,0.45114793631413896,4.912841407746502,49.13423318514764,,,,,10.001184468864281,0.4132033306512151
Gene2S_179,2,0.18597387313414032,2.906975118532305,181.46685317487965,,,,,62.424632401566605,0.1747915737875615
Gene2S_180,2,0.07552651624668232,3.1168724405244084,34.37545656509493,,,,,11.028830092036529,0.07373969237735933
Gene2S_181,2,0.1568152307453609,0.6218727247236762,96.9670837349529,,,,,155.92753931769462,0.12523516530193363
Gene2S_182,2,0.3758984057585533,0.7286738541959761,18.809664948933463,,,,,25.8135582066248,0.24797593606187754
Gene2S_183,2,0.48647846726551064,2.165627337532369,69.52781190085192,,,,,32.10515987486361,0.3972432268445362
Gene2S_184,2,0.3490268863021429,1.6033950871321834,85.55439946220801,,,,,53.358277163758665,0.2866327066528087
Gene2S_185,2,0.13325935502724284,2.822287763933279,101.62015026101987,,,,,36.00630366600075,0.12725097316509804
Gene2S_186,2,0.3527682812968797,1.1617005252237733,31.38116625507918,,,,,27.01312909283084,0.27059725225135184
Gene2S_187,2,0.3509829816585877,1.409353338104941,194.0735881604551,,,,,137.70399722571509,0.2810025739200819
Gene2S_188,2,0.25584433047763766,1.567676867573589,175.98074381414992,,,,,112.25575082097659,0.2199487667147908
Gene2S_189,2,0.2577275758665998,3.7258407558307836,60.69327003597633,,,,,16.28981859758604,0.2410532030854076
Gene2S_190,2,0.4189766754175081,1.642841278992889,144.96921353006903,,,,,88.24298207246137,0.3338375125886995
Gene2S_191,2,0.09848625594843044,3.1180391996960166,45.433194096196615,,,,,14.571078548539731,0.09547072171918357
Gene2S_192,2,0.3482517513245884,0.9688556506272505,20.311366796120616,,,,,20.964285838629063,0.2561717264755005
Gene2S_193,2,0.38104713040695287,1.1753817436703697,90.56550401231965,,,,,77.05199140622207,0.2877586300394378
Gene2S_194,2,0.27177896771395843,3.7725872486020697,23.054731863281837,,,,,6.111119596193503,0.25351558518601647
Gene2S_195,2,0.49914819556220386,4.733461738896116,50.319578017472594,,,,,10.630608377793195,0.45153353973007637
Gene2S_196,2,0.35243236102165537,0.9949088881715815,112.95532329086038,,,,,113.53333419148242,0.2602444545282765
Gene2S_197,2,0.4219549773924147,3.1618433166251902,198.5171905381271,,,,,62.78527133027434,0.37227416716282025
Gene2S_198,2,0.13056055602151986,1.2739322528148354,160.40890080771447,,,,,125.91635108796459,0.1184237485694608
Gene2S_199,2,0.4467108632621848,2.5980251257601363,37.59854716045416,,,,,14.471972109759134,0.38117132352017813
Gene2S_200,2,0.3365337232865069,2.3717269385382074,97.82966297833751,,,,,41.24828258628877,0.2947153900272656
Gene2S_201,2,0.3249519130173776,1.4545564247336045,23.088160488981977,,,,,15.872990622010741,0.2656131937017338
Gene2S_202,2,0.45234923835711355,3.905320284758566,152.576427073037,,,,,39.068863997788476,0.405392985167918
Gene2S_203,2,0.2940984589547874,3.1475423648086163,130.7020262835391,,,,,41.52510471181103,0.2689668696958593
Gene2S_204,2,0.15863335163154774,3.590551402783227,52.90045461170231,,,,,14.73323973880345,0.15192134838331456
Gene2S_205,2,0.40153934520353984,3.9238632190529463,106.38281179044615,,,,,27.111753354165703,0.36426331289180447
Gene2S_206,2,0.24872391293935658,1.513823378858504,95.34378057218697,,,,,62.98210339708242,0.21362494841468752
Gene2S_207,2,0.23140763820773907,1.1581770892123748,70.26138551180287,,,,,60.66549422039124,0.19287130863803864
Gene2S_208,2,0.3747538766896416,3.515839049855721,189.377367585514,,,,,53.86406058414007,0.3386564306845108
Gene2S_209,2,0.29838085871467646,2.5072491269730177,167.62060893792003,,,,,66.8543891927832,0.2666478300182765
Gene2S_210,2,0.16831041105592254,0.7091036203039456,45.60987627332047,,,,,64.32046737227282,0.13602417735401945
Gene2S_211,2,0.056112194178760844,0.8276352207563653,95.9762838767737,,,,,115.96447501238795,0.052549435994301445
Gene2S_212,2,0.2355401142691413,1.0539047255944838,28.306245400644066,,,,,26.85844812459414,0.19251450843106002
Gene2S_213,2,0.08024379745715834,1.0319226116221096,158.61165172972616,,,,,153.70498712146625,0.07445413596605453
Gene2S_214,2,0.4261827761633166,1.9679425576353529,116.53610336782995,,,,,59.21722812268352,0.3503171745867762
Gene2S_215,2,0.08115143145809195,1.9770173662980874,48.75818729961151,,,,,24.662498231317976,0.07795171584930563
Gene2S_216,2,0.3166040777247591,2.8750456244440494,37.28476695021941,,,,,12.968408790879344,0.2851977044113498
Gene2S_217,2,0.4678830781447932,2.395276891933472,60.444668333029796,,,,,25.23493986711438,0.3914239989798024
Gene2S_218,2,0.2710296777332568,4.870216803217458,99.90175623862663,,,,,20.512794455603615,0.25674188070108467
Gene2S_219,2,0.42290005262471875,2.4890871111296673,28.297509313429956,,,,,11.36862956177825,0.3614834170240975
Gene2S_220,2,0.19539254532477407,4.4526684132357826,173.8976764307018,,,,,39.054710634589846,0.18717874453582806
Gene2S_221,2,0.20201198981338597,0.5243974556311499,145.08293409936826,,,,,276.66597642955867,0.14583314428173125
Gene2S_222,2,0.11043509271154828,1.8500161807097177,65.42877912035627,,,,,35.36659830470021,0.10421412212811487
Gene2S_223,2,0.15520397540510783,3.9922514012416648,110.65339065457563,,,,,27.71703971853084,0.1493960108113996
Gene2S_224,2,0.20886547246395437,0.5099419656931574,81.6022876733609,,,,,160.02269505793663,0.1481749686213165
Gene2S_225,2,0.29285834940443867,4.255911309259217,133.9971811912004,,,,,31.48495620660007,0.27400357783944174
Gene2S_226,2,0.16844653044509408,3.8192376417879306,171.75575253659105,,,,,44.971213798622294,0.16133106382500292
Gene2S_227,2,0.385617004737523,1.9758099933760396,147.54675241531754,,,,,74.67658980872265,0.3226464049851152
Gene2S_228,2,0.2731095559802004,2.573971855522032,121.9293732355013,,,,,47.37012682322922,0.2469112079925515
Gene2S_229,2,0.3270754738315691,0.9737799119186091,73.58514035684126,,,,,75.56650066015295,0.24483853438848632
Gene2S_230,2,0.054868958759781684,2.5180854988715238,100.55880842693547,,,,,39.934628300747036,0.05369886318096051
Gene2S_231,2,0.3512615066700153,1.636164435358492,36.94914203959688,,,,,22.582780337418306,0.28917886828895745
Gene2S_232,2,0.13592500849937242,3.8584880145569644,45.07119943004386,,,,,11.681052075321526,0.1312996460671676
Gene2S_233,2,0.13974405696367037,2.181135074295785,161.55616255186678,,,,,74.0697650758873,0.13132983099488058
Gene2S_234,2,0.09212440034851876,0.8117578467718682,34.36051471469443,,,,,42.32852796106191,0.08273500790651431
Gene2S_235,2,0.18546665552827857,3.7971396245437603,171.8821570847203,,,,,45.26621986026456,0.17682962794034865
Gene2S_236,2,0.18327577592462607,0.7738115261857925,147.92211829574745,,,,,191.1603966729119,0.14817969851694723
Gene2S_237,2,0.18580202305001248,3.43604989982875,50.19186169287793,,,,,14.607430961750426,0.1762703269717151
Gene2S_238,2,0.24899776750826463,3.243657723727824,74.91642013035609,,,,,23.096277878621922,0.23124626342214094
Gene2S_239,2,0.3545100176637961,2.2210032106881195,82.81672218331418,,,,,37.287979497182086,0.3057130046100497
Gene2S_240,2,0.3361350056482647,4.318917045688254,92.27677356658914,,,,,21.36572029294073,0.3118631520199644
Gene2S_241,2,0.4315427943797309,3.7162794165679003,114.47849512709433,,,,,30.80459844239021,0.3866447312733761
Gene2S_242,2,0.09135853246752039,0.6804808720852977,54.48490868219821,,,,,80.06824426266691,0.08054490802001679
Gene2S_243,2,0.20573121290919605,3.0429121836049395,128.30924067186152,,,,,42.1665933585548,0.19270259548368698
Gene2S_244,2,0.1916008677214195,0.7826281139041236,106.84676883696106,,,,,136.5230394087918,0.15391887180055583
Gene2S_245,2,0.0642436548063278,1.3744197240337481,197.78619596374276,,,,,143.90523688299908,0.061374848076707546
Gene2S_246,2,0.1378579204828745,4.675401833396813,130.7436801876163,,,,,27.964158984945957,0.13390949317754494
Gene2S_247,2,0.1465180190180136,4.3018269570159,165.33372504127445,,,,,38.433374167138396,0.14169206014732746
Gene2S_248,2,0.17018943478967447,4.762278529662432,115.62970728672775,,,,,24.280332737053076,0.16431723370843618
Gene2S_249,2,0.3345055804845422,1.3126865500916258,158.06527339207034,,,,,120.4135696987505,0.26657544574296754
Gene2S_250,2,0.05856190895427603,1.4993117132969087,84.84950748762111,,,,,56.592306146292586,0.05636051268478072
Gene2S_251,2,0.20316824151092933,1.8980478403258796,133.24920231906958,,,,,70.2032896579634,0.183523743871943
Gene2S_252,2,0.17444204829411597,1.5066985512842814,17.75882008048321,,,,,11.78657805527584,0.15634122542381107
Gene2S_253,2,0.4704206731202904,2.2473998497451353,68.5677519791068,,,,,30.5098142579669,0.3889967498563536
Gene2S_254,2,0.31561171706855057,2.635273313831553,139.4063848804177,,,,,52.9001618726704,0.2818554863418744
Gene2S_255,2,0.4368904783116589,1.6616790778128068,196.44179695146752,,,,,118.21885439517901,0.34593648086976075
Gene2S_256,2,0.3415185151206271,2.353258724304878,63.57867157317297,,,,,27.017289223883903,0.29823668296626943
Gene2S_257,2,0.19239227741922066,4.709104131010872,49.58682669667034,,,,,10.529991547675941,0.18484054518763265
Gene2S_258,2,0.4537166716583308,3.2721715534877815,138.83244098767366,,,,,42.42822807981852,0.39846573397550733
Gene2S_259,2,0.4385232651721395,3.8411141178936488,107.13649134577285,,,,,27.892035502585713,0.3935889315161709
Gene2S_260,2,0.2822517464984512,4.542417500322025,30.06485299926235,,,,,6.618689937050252,0.26573951647275007
Gene2S_261,2,0.2086062173987558,1.9889625553872152,182.555187377583,,,,,91.78412478561859,0.18880408220448436
Gene2S_262,2,0.3141536283101587,4.952192113945596,111.74876554226641,,,,,22.5655150226456,0.2954134036818068
Gene2S_263,2,0.2032797872655121,0.773194802356091,140.70279641852903,,,,,181.97586945718896,0.16096156173265422
Gene2S_264,2,0.44775297469436043,4.669090906236229,18.941216695200854,,,,,4.056724761966444,0.408572039920328
Gene2S_265,2,0.43944313178882294,0.7030027501939875,147.98751535801077,,,,,210.50773317341205,0.27041082214347695
Gene2S_266,2,0.30107372766895424,0.7220128157365615,173.0234238883856,,,,,239.6403777291345,0.21247380415637318
Gene2S_267,2,0.45696270385757765,3.615814295997362,36.83861299924809,,,,,10.188192750946236,0.4056918111167609
Gene2S_268,2,0.13353192228633975,0.7003190729840684,48.94269379726209,,,,,69.88627853403543,0.11214827656231834
Gene2S_269,2,0.22261885606493254,1.3657265569463164,194.76511183231443,,,,,142.60915616065756,0.19141710695564848
Gene2S_270,2,0.3683369558673358,4.022632821076227,54.454952583813565,,,,,13.537142216535816,0.337438972062024
Gene2S_271,2,0.14210168494442815,2.2694215493678027,71.57163164259225,,,,,31.537389632406594,0.133728185333588
Gene2S_272,2,0.06661098437948967,3.541656869429876,183.346365402883,,,,,51.768528731694296,0.0653813020444268
Gene2S_273,2,0.33511074194533585,3.369643648514108,84.6044610546376,,,,,25.10783628172229,0.3047985545419418
Gene2S_274,2,0.38432711504219086,0.7026307257544481,160.59756921441368,,,,,228.56610638820615,0.24843653510176034
Gene2S_275,2,0.4958402349031974,4.239072907834236,185.33832412557442,,,,,43.72142875463416,0.44391583182814576
Gene2S_276,2,0.22959507801199902,2.8043070120466886,180.33914860555467,,,,,64.30791915109765,0.2122201271129355
Gene2S_277,2,0.3143238630101006,3.552102268024914,53.90320739261803,,,,,15.175015617607764,0.2887706809475884
Gene2S_278,2,0.4669752543270371,3.441085795104972,140.74572739087782,,,,,40.90154555027138,0.4111762569737347
Gene2S_279,2,0.1533138106599313,3.207129904836749,196.25176184367842,,,,,61.192333228444056,0.14631916158109823
Gene2S_280,2,0.4313379782607068,2.8435499169162606,76.7804465507646,,,,,27.001617272128126,0.3745261247117535
Gene2S_281,2,0.13647318461491056,2.3128802143561034,195.7995816780792,,,,,84.6561704591299,0.128869165477958
Gene2S_282,2,0.21520144549291104,0.8310664404320818,71.53262727704428,,,,,86.07329546342118,0.17093777003727495
Gene2S_283,2,0.22447955351532545,1.5599384108798304,188.02307213649942,,,,,120.53236898657516,0.1962400541648914
Gene2S_284,2,0.37155094037152414,3.9699942581857304,153.46450913193894,,,,,38.65610354864128,0.33975348232897296
Gene2S_285,2,0.44490311021510054,4.022686917938037,139.750650795673,,,,,34.7406232815421,0.4005976174926862
Gene2S_286,2,0.11994551994847262,2.5811027701362326,139.6714794633375,,,,,54.11310277117154,0.11461909620087708
Gene2S_287,2,0.4859865619852866,0.8982300801237622,188.617500825339,,,,,209.98795854103486,0.3153608584318162
Gene2S_288,2,0.11745963936389822,4.97243620744181,73.58553360911955,,,,,14.798688316803448,0.11474902066073643
Gene2S_289,2,0.1987821332937736,2.120515635895171,57.72346536866416,,,,,27.221428784370328,0.18174493477543
Gene2S_290,2,0.49113327080140207,3.6452549494049147,128.59284938844644,,,,,35.276777940988495,0.43281865504320033
Gene2S_291,2,0.1561301924708306,3.848314501696667,136.23918697696774,,,,,35.40230064795947,0.15004279737295761
Gene2S_292,2,0.4685391004882151,4.8073366185308775,40.317404530500994,,,,,8.386640614074992,0.42692915734741627
Gene2S_293,2,0.1594663062907737,2.5437676191228995,160.58671557220345,,,,,63.129475493352786,0.1500592392208636
Gene2S_294,2,0.2691551045240671,2.1396158982313676,62.838259749085225,,,,,29.36894411797374,0.2390798212329236
Gene2S_295,2,0.33660813142090407,2.803191343631884,129.9875243096468,,,,,46.37126345475645,0.3005214210946761
Gene2S_296,2,0.4018360525715489,1.0831970902147594,82.75719742436185,,,,,76.40086755398691,0.29310298224874065
Gene2S_297,2,0.10108738540603913,3.8546768710299952,104.90619856755748,,,,,27.215302884655504,0.0985041527294196
Gene2S_298,2,0.12596077857469315,2.5364116668757184,143.92253925791908,,,,,56.74257895020601,0.12000138781918272
Gene2S_299,2,0.09967058953851966,3.143419146932641,127.13310493178015,,,,,40.44421026570289,0.09660739140766388
Gene2S_300,2,0.2405983204656042,2.5900754323468007,124.09475226426655,,,,,47.9116363618134,0.22014822382223243
Gene2S_301,2,0.3760335788648352,0.8269741624050974,57.65362503182115,,,,,69.71635590663017,0.2584938095158627
Gene2S_302,2,0.1670285849786039,2.012920318871084,121.39547277991029,,,,,60.30813621474749,0.15423078584180433
Gene2S_303,2,0.14440205506240694,2.3279640079691113,178.08466726624889,,,,,76.4980328976855,0.13596804772909216
Gene2S_304,2,0.3298905317459117,4.236412551670569,23.201663292022747,,,,,5.476724235196003,0.306057737262595
Gene2S_305,2,0.3440964474761003,2.0953572998169694,142.0656844993841,,,,,67.80021932860501,0.29556002193531794
Gene2S_306,2,0.35118288183809215,0.5699958590665684,28.011371405881444,,,,,49.14311386709578,0.21730070347280608
Gene2S_307,2,0.4359518490878277,2.4318611825605414,18.361679762431905,,,,,7.550463774045947,0.36968043856499583
Gene2S_308,2,0.4362415545646264,2.000619256208343,11.203102059128877,,,,,5.599817168790759,0.3581465344930463
Gene2S_309,2,0.13225730429848287,3.856156078216579,65.1824348546423,,,,,16.90347421953634,0.12787160179909168
Gene2S_310,2,0.2618870424658491,1.6504051108030677,199.5962188354608,,,,,120.93771252219379,0.22602179933640942
Gene2S_311,2,0.4606833074165865,1.2459298298111792,71.16694267917404,,,,,57.11954315273068,0.3363264129905706
Gene2S_312,2,0.13749451758643302,0.8156762467630535,131.34685075096155,,,,,161.02816683972483,0.11766098610036409
Gene2S_313,2,0.45179247990428956,1.7028128093655375,95.17104766014336,,,,,55.89049315150723,0.35705752036687904
Gene2S_314,2,0.2915212034473033,4.872233421066076,26.042534434837897,,,,,5.345091703167954,0.2750632928301092
Gene2S_315,2,0.2059797480574268,3.5481859475508704,16.611380367022583,,,,,4.6816544038478485,0.19467826057661747
Gene2S_316,2,0.24956992321164223,1.4612059512570696,191.04685070916398,,,,,130.74601191215183,0.21316238000192292
Gene2S_317,2,0.17752471737556624,0.6859516706007425,12.437064974331575,,,,,18.13110967925692,0.14102687479629775
Gene2S_318,2,0.4431190973895982,2.281875924044051,112.51225272793218,,,,,49.306910836997886,0.3710622558442261
Gene2S_319,2,0.1632237330594335,0.8391326739253316,76.33830400830087,,,,,90.97286565091333,0.13664437780395083
Gene2S_320,2,0.4299975510693724,3.486978224673517,21.6053243874889,,,,,6.196002095628741,0.3827933035806092
Gene2S_321,2,0.41526090364313445,4.259626766575897,163.10372010459903,,,,,38.290613014367466,0.37837410972228
Gene2S_322,2,0.34585145333413686,0.5655893138890316,177.17443885005918,,,,,313.25634077453725,0.21461612562572963
Gene2S_323,2,0.25187847708980865,4.230322126432003,58.355836647521954,,,,,13.794655561310941,0.23772409783885937
Gene2S_324,2,0.0750005277286366,1.4558892918647537,55.150314001146235,,,,,37.880843213365345,0.07132614235642999
Gene2S_325,2,0.2716198529533902,1.665715621183088,65.16008107741627,,,,,39.118370656292335,0.23353798974314477
Gene2S_326,2,0.22455107712657235,3.174601502422969,137.58744701165088,,,,,43.340068637477565,0.20971703097575617
Gene2S_327,2,0.07283385187133343,1.5146833645070488,46.00278731463394,,,,,30.371223710907707,0.06949230072235303
Gene2S_328,2,0.07387473827231407,4.071870829789313,116.61961592900964,,,,,28.640303389742787,0.0725583340537709
Gene2S_329,2,0.20847072664736715,3.131250833118669,74.78844557526504,,,,,23.884527162193873,0.19545765262573347
Gene2S_330,2,0.2136199691029847,4.303116438194313,92.41654341779414,,,,,21.476654128507445,0.20351676911862562
Gene2S_331,2,0.17008238391690889,3.8744121595255825,44.42404497012424,,,,,11.46600907208693,0.1629299407603812
Gene2S_332,2,0.10881918873776886,3.1590535783217133,112.51644831891844,,,,,35.61713833884837,0.10519554220020749
Gene2S_333,2,0.45647127684328614,3.9065021766548504,147.20714621597924,,,,,37.682596747465055,0.40871347386699786
Gene2S_334,2,0.12542758001481652,0.8345087898406115,16.58035202444105,,,,,19.868397105329286,0.10903891267976958
Gene2S_335,2,0.1181216060015246,1.3556787411027782,12.020209601995152,,,,,8.866561994043884,0.10865443914151303
Gene2S_336,2,0.3391244382303916,3.3923934195140957,174.61209882291473,,,,,51.471653558367365,0.3083044370969672
Gene2S_337,2,0.2904116425312965,3.0945288816680954,192.3044749580968,,,,,62.14337700879228,0.26549571815543954
Gene2S_338,2,0.38647601603010545,4.7010017170869345,18.920109342276227,,,,,4.024697390240571,0.3571169271452114
Gene2S_339,2,0.1832224914428987,1.6640487666467905,29.048517518646985,,,,,17.45653018161384,0.16504948018452012
Gene2S_340,2,0.3994654602031954,4.149529485187793,89.23612115003321,,,,,21.50511798230895,0.3643867986942331
Gene2S_341,2,0.1794773109836501,3.5946950946640115,133.67144842617188,,,,,37.18575425898976,0.17094243189076083
Gene2S_342,2,0.41325559941868617,4.545611213071249,114.38038495596362,,,,,25.162817406612817,0.3788162412127443
Gene2S_343,2,0.2029638207053172,2.6155247090482443,89.06290859514262,,,,,34.05164106729141,0.18834807468384873
Gene2S_344,2,0.1205260467278364,0.8451264127660739,186.18504268497438,,,,,220.30437088765953,0.10548282098236082
Gene2S_345,2,0.22510403946868573,3.384674486949513,68.94762845965842,,,,,20.37053451535851,0.21106666066157131
Gene2S_346,2,0.20265722521834478,2.941326796473487,53.114684917992896,,,,,18.058069909700247,0.1895941973372112
Gene2S_347,2,0.4476540913981314,2.7854137970543773,197.14276977714454,,,,,70.7768339431744,0.3856714196883195
Gene2S_348,2,0.1578319414989392,3.760843093582382,31.721965008030526,,,,,8.434801510906388,0.1514749658542855
Gene2S_349,2,0.2974635379778441,2.6066153276883037,181.83620122622594,,,,,69.75950739439898,0.2669944768678252
Gene2S_350,2,0.20691789281556028,3.68821651749492,180.14276091506085,,,,,48.842783513538386,0.19592597062311945
Gene2S_351,2,0.3539098341148023,1.5512665690387144,142.52221906569952,,,,,91.8747441028252,0.2881667509673074
Gene2S_352,2,0.32974516836681383,0.727381425856139,91.93322766968684,,,,,126.38929783157447,0.22688910869008003
Gene2S_353,2,0.4879021619299869,2.114676915540863,91.96124737646495,,,,,43.487138248229456,0.3964357693517113
Gene2S_354,2,0.29173090146590075,1.2573762353353772,135.46612282204063,,,,,107.73714264283677,0.23679156457417175
Gene2S_355,2,0.2107003882154228,3.454280687553363,130.6726522626356,,,,,37.82919342179744,0.19858718689832802
Gene2S_356,2,0.4052407150981289,1.7529435392937969,58.090787513368696,,,,,33.13899518792919,0.32914895562993085
Gene2S_357,2,0.21302459092977977,3.717311160269657,105.6324875897902,,,,,28.416369530423577,0.20147863678910582
Gene2S_358,2,0.1448830437140462,4.738973371081844,133.03177401689345,,,,,28.071855146661033,0.14058498607822945
Gene2S_359,2,0.1390811686096633,1.232116455509057,148.4800888044423,,,,,120.50816149768633,0.12497410546895675
Gene2S_360,2,0.08358348273197314,4.249437590561336,98.42779126370253,,,,,23.16254543479495,0.08197116687487617
Gene2S_361,2,0.42093322364948066,0.5832723988233429,87.2648815819565,,,,,149.6125682579858,0.24449049637652243
Gene2S_362,2,0.1176084887698625,4.613558000078645,144.2578724786676,,,,,31.26824729985155,0.1146849483146
Gene2S_363,2,0.40541737524624805,2.2253884479662966,79.96890454097863,,,,,35.93480707337156,0.3429409861865458
Gene2S_364,2,0.24412486059473237,4.108570679942071,194.6111639023357,,,,,47.36712084628897,0.23043289730316532
Gene2S_365,2,0.3829661207495121,3.7412964258331773,80.60874151179056,,,,,21.545670895039862,0.34740508456779445
Gene2S_366,2,0.39873297552596587,0.5672035240998585,19.116003812952314,,,,,33.702195068849505,0.2341383196315279
Gene2S_367,2,0.09454890784199765,1.4244224111965749,115.3741567994833,,,,,80.99715076973841,0.08866367757986685
Gene2S_368,2,0.3135926830165486,3.981324347025316,100.74017913000048,,,,,25.30318314941345,0.2906957632032783
Gene2S_369,2,0.26079067250694404,3.5979393057241964,51.173423011402875,,,,,14.222981174248197,0.24316524257266267
Gene2S_370,2,0.28247680573929357,3.70689707421866,143.95249060656835,,,,,38.833689666689935,0.2624753849194642
Gene2S_371,2,0.40473231004727866,4.9069825919537555,71.68163582411376,,,,,14.60808847002107,0.3738932597935656
Gene2S_372,2,0.4028257051112183,1.0719959140396207,127.0497700520831,,,,,118.51702827235532,0.29279982361391566
Gene2S_373,2,0.2730650803524324,4.589637219201017,127.6810617589437,,,,,27.8194235537359,0.25773110892779305
Gene2S_374,2,0.28484132901219145,3.657741627565615,195.85768376780106,,,,,53.54606850625281,0.26426228638784627
Gene2S_375,2,0.2631989070446336,1.8802710908659328,51.90210853929157,,,,,27.603524189370358,0.2308804399156246
Gene2S_376,2,0.494265891549089,1.7681032424420515,80.47765492394082,,,,,45.51637765947846,0.3862822880432199
Gene2S_377,2,0.28088690737530164,4.3505364522575665,162.4464867147223,,,,,37.339415149694034,0.2638516573865994
Gene2S_378,2,0.13969723851130222,2.8525377448411513,179.98588742082453,,,,,63.09675927911249,0.13317525124885166
Gene2S_379,2,0.2021984211922443,2.65976125514901,129.81146841685526,,,,,48.805684407032516,0.18791303420003383
Gene2S_380,2,0.13194244349208972,4.693926382475186,78.58279367687798,,,,,16.741377532094987,0.12833504987604505
Gene2S_381,2,0.39381003859754604,1.9570903449841857,59.377132083411716,,,,,30.339494666451646,0.3278411240559959
Gene2S_382,2,0.22650155325476612,1.3904303521804788,192.9215683276601,,,,,138.74953752636347,0.19477297306263244
Gene2S_383,2,0.47885521131629405,3.8353551270000694,100.04150180275936,,,,,26.0840257264546,0.42570473986889157
Gene2S_384,2,0.39687131920842256,3.926040959903069,46.33929296594934,,,,,11.803058969383097,0.36043596409577916
Gene2S_385,2,0.4941061476284371,4.779554394193244,159.90053781429768,,,,,33.455114143812935,0.44781176004165446
Gene2S_386,2,0.24975258526897903,1.0714052515444048,100.7780131917975,,,,,94.06152624931455,0.20253918493901568
Gene2S_387,2,0.26013477448900363,3.0191497725589906,31.14386715606846,,,,,10.315442923413283,0.23949914500105288
Gene2S_388,2,0.32457804992990585,2.510334342921374,84.49802357666164,,,,,33.66006755830301,0.28741608656131606
Gene2S_389,2,0.39352334649533743,4.4762188920940496,181.84461496439766,,,,,40.62460289544235,0.3617227671936807
Gene2S_390,2,0.19344012435950736,2.488244745215185,133.634428804217,,,,,53.706304036687605,0.17948655280575643
Gene2S_391,2,0.1588825541863289,1.5568141516986533,17.628022651461535,,,,,11.323138752449962,0.14416919258915156
Gene2S_392,2,0.1735238573679887,2.0881576560940105,20.171754946762213,,,,,9.66007278612016,0.160210519969844
Gene2S_393,2,0.44611908028742825,3.4236861605019824,185.45376537495247,,,,,54.16786372374773,0.3946895582797776
Gene2S_394,2,0.42675122110923996,4.5964346355801,183.50389840429662,,,,,39.923095388723446,0.39049602173697223
Gene2S_395,2,0.17796692124748137,0.923065473313707,49.8939107171792,,,,,54.052407071478214,0.14920098737054938
Gene2S_396,2,0.2466731757884036,4.1106248055518275,32.6914944690414,,,,,7.952925897028629,0.23270863723398025
Gene2S_397,2,0.235778535001969,2.347560002073048,181.53076408529537,,,,,77.32742248334097,0.21425928122634183
Gene2S_398,2,0.22889792506036932,0.5662361847034381,193.5155426004992,,,,,341.7576407658432,0.16300431107303073
Gene2S_399,2,0.17313036008597268,1.435211735303092,126.16331652671171,,,,,87.90571692201792,0.15449370208303229
Gene2S_400,2,0.07523427627600028,0.9204570336088596,69.19522405897956,,,,,75.1748550257518,0.06954958638207313
Gene2S_401,2,0.11497696083681563,1.304599512730489,90.65638848380841,,,,,69.48982243145808,0.1056645343705962
Gene2S_402,2,0.41455670548403095,3.983841377333478,140.32583814431453,,,,,35.22375136287164,0.3754840115564076
Gene2S_403,2,0.27578811340761833,3.4211182985638326,153.7543102284602,,,,,44.94270493160247,0.2552144025745185
Gene2S_404,2,0.1849008958538263,3.540501655259373,125.5483303684723,,,,,35.460604906644164,0.17572380939981835
Gene2S_405,2,0.09015000908853392,2.022326840777599,181.3568099131566,,,,,89.67729956223279,0.08630285491064185
Gene2S_406,2,0.17577916782575265,4.076247474322533,68.58554869878776,,,,,16.825658680153268,0.1685124410523985
Gene2S_407,2,0.290369842234768,1.650699490937448,86.23049396931192,,,,,52.238759654757516,0.2469326275827536
Gene2S_408,2,0.10509983974792825,1.0449784105680051,151.3160534399841,,,,,144.80304273246682,0.09549529648141067
Gene2S_409,2,0.4005265226947423,1.5897897505026033,80.04939179904474,,,,,50.35218762338703,0.31992551593905083
Gene2S_410,2,0.22665365605268634,3.7888522597899073,135.03656674652728,,,,,35.64049413581914,0.21386027935776747
Gene2S_411,2,0.42368566282532705,3.693669604000814,113.1199379774819,,,,,30.625353674014466,0.3800873990733357
Gene2S_412,2,0.34704419764127575,3.963829837158333,146.65259006980835,,,,,36.99770073251769,0.3191056232027221
Gene2S_413,2,0.34396985042877537,2.418565198746755,163.2771772178464,,,,,67.50993411401639,0.3011413411436878
Gene2S_414,2,0.34649767118992586,1.7108963570254552,38.85929659197788,,,,,22.712829115808166,0.2881419870120221
Gene2S_415,2,0.2853515693687143,1.6761945711203508,198.83489763808097,,,,,118.62280254563873,0.243840683409699
Gene2S_416,2,0.29631280557750234,1.401971335006667,135.15606000931962,,,,,96.40429631799633,0.24461281224245937
Gene2S_417,2,0.20327332504802453,3.122467016547813,91.06847232781168,,,,,29.165551419818236,0.19084901032950005
Gene2S_418,2,0.13318846981646945,0.9230629568073697,43.21863148469462,,,,,46.820892514391886,0.11639401345416811
Gene2S_419,2,0.23720002074817997,4.173723075845367,146.90786003377738,,,,,35.19827678170093,0.22444444813654496
Gene2S_420,2,0.22336573246931068,0.9183362947972658,60.61273913516595,,,,,66.00276987696209,0.17966584471400732
Gene2S_421,2,0.12472128746061602,1.0296325180965313,106.51556692034819,,,,,103.45008053675517,0.11124586989717165
Gene2S_422,2,0.48443380751420784,4.201206522162807,26.300375242878964,,,,,6.260195756655963,0.4343497000387864
Gene2S_423,2,0.21244061374493384,2.0431287563885587,43.619877143359275,,,,,21.349548826507593,0.19243191218783956
Gene2S_424,2,0.3596692949007421,1.5669345017267098,179.24493118518063,,,,,114.39210189555382,0.2925241964010677
Gene2S_425,2,0.07556656669048231,2.5925377248799455,22.068416524674166,,,,,8.512283664337462,0.07342635574766866
Gene2S_426,2,0.18858206290740415,1.3606131642496024,161.51731311108017,,,,,118.70920946157335,0.16562614758634053
Gene2S_427,2,0.07673093910706796,1.1605960589588733,172.6870173309258,,,,,148.79166269600879,0.07197258741389752
Gene2S_428,2,0.12082357807664655,4.798950883853039,31.39933381152903,,,,,6.542957944657845,0.11785630038288056
Gene2S_429,2,0.11942975429868408,1.1746924882945455,188.29906344094124,,,,,160.29647360248262,0.10840802409237668
Gene2S_430,2,0.3774060796040386,3.5175104299687674,119.296854234313,,,,,33.91513873503205,0.34083652835126677
Gene2S_431,2,0.3194410703976681,4.74226935863376,154.82203261114392,,,,,32.647245633417135,0.29928136373575737
Gene2S_432,2,0.47191609936639,1.3216778561663856,98.34327689278231,,,,,74.40790237496566,0.34774930890960826
Gene2S_433,2,0.49863872852322294,0.7072269064975021,18.559216578824895,,,,,26.24223768682427,0.2924461193616035
Gene2S_434,2,0.4967284406856292,0.8665366317168048,42.802168518730916,,,,,49.39452869283801,0.3157371215497572
Gene2S_435,2,0.2762377153622218,3.3361909472747793,100.56998758548288,,,,,30.145153312532987,0.25511417701313865
Gene2S_436,2,0.24597160862646467,3.442934559561634,51.904162589909916,,,,,15.075558855965745,0.22957053213066214
Gene2S_437,2,0.12366039151784759,1.6782808888287915,50.56416484568395,,,,,30.12854712358118,0.11517404815187195
Gene2S_438,2,0.06854020608218578,4.275910951305886,169.4876150996444,,,,,39.637779418180344,0.06745888195639843
Gene2S_439,2,0.471128996127898,3.9219913891822262,102.62987807792888,,,,,26.167797910267268,0.42060396801014205
Gene2S_440,2,0.21415549689820113,3.859892347087585,90.9846227093437,,,,,23.571803182022567,0.20289824646619678
Gene2S_441,2,0.4500606163238895,3.3377826667544306,60.31388839587212,,,,,18.070046620057415,0.3965857116807316
Gene2S_442,2,0.12833460295395652,1.8856948771677768,64.48016178064374,,,,,34.19437712928926,0.12015708098722036
Gene2S_443,2,0.4180940948688153,4.382163528722801,31.86400688713387,,,,,7.271295714612632,0.381678825966355
Gene2S_444,2,0.42136250549315507,4.09974816740331,70.53355436864243,,,,,17.204362679992812,0.3820919868350211
Gene2S_445,2,0.46727453840016975,3.9038928829097594,84.81741546843831,,,,,21.726368528129235,0.4173232386232193
Gene2S_446,2,0.2607857798452183,1.5585600698917763,67.87968090970404,,,,,43.55281661644102,0.22340463926696588
Gene2S_447,2,0.3855213746270513,4.783574967328956,158.78952327531852,,,,,33.19473915634756,0.3567684320502275
Gene2S_448,2,0.07154133354921619,4.8073122700027415,174.0670860956882,,,,,36.20881613658705,0.07049228333744635
Gene2S_449,2,0.14744637448886094,2.5010201368365292,108.43588670018697,,,,,43.356662788546956,0.13923768721381222
Gene2S_450,2,0.38551711115717935,1.1729087949036447,56.84193562629883,,,,,48.46236627543443,0.29014944406632165
Gene2S_451,2,0.26285043719246864,0.5991171846131053,52.59442934508772,,,,,87.78654776703138,0.18269620565933112
Gene2S_452,2,0.4790298525361203,3.866232753452139,101.63963475221888,,,,,26.289062566516563,0.4262207083190268
Gene2S_453,2,0.49667108814218686,2.1605819244694344,48.85328234378523,,,,,22.611168681225518,0.4038375609524301
Gene2S_454,2,0.4059785443819975,4.603365006964113,88.92909502799738,,,,,19.318280191438806,0.37307631341917297
Gene2S_455,2,0.25001816670470567,0.8870618801551768,102.380300628574,,,,,115.41506057126958,0.1950448305222577
Gene2S_456,2,0.11029766520098483,2.338904656915713,49.34795880549202,,,,,21.098747509685417,0.10533050718429858
Gene2S_457,2,0.47133212146075676,4.401675329828006,153.95397005586548,,,,,34.97622121572542,0.4257434432283965
Gene2S_458,2,0.34321944689778583,2.155671697983149,160.5334771266471,,,,,74.47028101581635,0.29607870250396195
Gene2S_459,2,0.35852798338495756,3.8661574266321503,122.65618795958484,,,,,31.725606183199815,0.3281015013171332
Gene2S_460,2,0.35021451358516575,1.926296321783643,37.0910058420313,,,,,19.255088338479045,0.296338114834872
Gene2S_461,2,0.33544684640248557,1.3083922886561519,98.02091718848774,,,,,74.91707039114767,0.26699453597774386
Gene2S_462,2,0.13314828869527628,1.119807512142686,152.924680657078,,,,,136.56336379139447,0.11899897331589576
Gene2S_463,2,0.4644144642954102,1.7970867320297503,19.032464785783215,,,,,10.590732459688617,0.3690438339383427
Gene2S_464,2,0.41913477082281553,2.2677052148268224,175.03576767647013,,,,,77.18629676028552,0.3537516601608612
Gene2S_465,2,0.35626341040322157,3.78472471979382,168.38098801412733,,,,,44.48962618958988,0.3256128473971173
Gene2S_466,2,0.3309648107120916,4.405126433869384,151.37461110997052,,,,,34.363284092394544,0.30783651772259063
Gene2S_467,2,0.05859076583333337,1.2997440995400598,18.996781055787793,,,,,14.615785570798268,0.05606349665365812
Gene2S_468,2,0.06839958823890567,0.7391706696810657,63.6028021814699,,,,,86.04616604838091,0.06260627969965597
Gene2S_469,2,0.3497767696171675,4.50065312627527,169.9454325207463,,,,,37.76017119128502,0.3245534819520005
Gene2S_470,2,0.16323223851940089,2.9407247740185634,64.33196544972651,,,,,21.876227934726277,0.15464811071594642
Gene2S_471,2,0.4543519194895849,1.1123236182837573,162.10599304703283,,,,,145.7363580008773,0.3225852187486839
Gene2S_472,2,0.4397159425595622,4.471808854389581,161.13886206896717,,,,,36.03438056409575,0.4003493266644035
Gene2S_473,2,0.17666862791408777,2.165571559768092,195.77215199557136,,,,,90.40207011978691,0.16334300731668322
Gene2S_474,2,0.09701342573413109,3.3851873009639104,132.81810877475516,,,,,39.235084196651705,0.09431065081925816
Gene2S_475,2,0.1823725369684241,1.9776604486685205,49.110417080411416,,,,,24.832582920630024,0.16697474329515216
Gene2S_476,2,0.2308806868721095,2.222981925335984,152.15573555404714,,,,,68.44668137868469,0.20915742848537772
Gene2S_477,2,0.413853278372173,4.200838918154659,48.09549548438054,,,,,11.449021593407798,0.37673822741637963
Gene2S_478,2,0.09689546734316784,2.2510334045175844,83.78513657855518,,,,,37.22074333077747,0.09289673820610918
Gene2S_479,2,0.19647566649735304,3.0565710803465413,153.8596876830031,,,,,50.337349807536334,0.1846090409829698
Gene2S_480,2,0.21372953730198624,2.5840907125693406,44.77241283523028,,,,,17.326176909135448,0.1974024286832599
Gene2S_481,2,0.08535927774583627,0.851888086944599,161.87757658826354,,,,,190.02211566176175,0.07758522942968293
Gene2S_482,2,0.3072127348664792,3.689151847392703,94.14717853361108,,,,,25.520006339709035,0.28359635489876667
Gene2S_483,2,0.4738668150414802,1.5613915005268182,198.75447041584698,,,,,127.29316788825008,0.3635369582955781
Gene2S_484,2,0.15252629605547685,3.0211247491040227,130.6311309385634,,,,,43.239237630721725,0.145195852141712
Gene2S_485,2,0.054656606820831115,4.39943735316808,51.01660416952469,,,,,11.596165617129905,0.053985910446663385
Gene2S_486,2,0.1969772648926889,4.222101096979406,39.354380695453834,,,,,9.321041773160978,0.18819714385673442
Gene2S_487,2,0.3896263242369487,3.3371959195601852,134.8299184283972,,,,,40.402158482252574,0.348892245011393
Gene2S_488,2,0.23376704788999952,4.723473879477311,145.01840005645863,,,,,30.701641155789783,0.2227433688960017
Gene2S_489,2,0.34945796694086273,4.849366289947943,191.963849670903,,,,,39.585347485261565,0.3259678729072699
Gene2S_490,2,0.2695951122816055,2.8963930827147104,160.41675955015722,,,,,55.38500989644781,0.24663813326285836
Gene2S_491,2,0.38843702139951886,2.3761319191132273,148.47009517006666,,,,,62.483944589017476,0.333859500331896
Gene2S_492,2,0.46342229024943465,4.379805638232771,168.1321707280236,,,,,38.388043811885694,0.4190799172966643
Gene2S_493,2,0.4148156675322104,2.489483170393309,132.3679470698467,,,,,53.17085435405218,0.3555683077966328
Gene2S_494,2,0.3799937575982838,4.1243880226449825,137.48457992633257,,,,,33.334540584317594,0.34793713743189447
Gene2S_495,2,0.1985569405208905,3.8469898851258817,144.66461474837365,,,,,37.60462571209488,0.18881169214579266
Gene2S_496,2,0.13768742427912045,2.131494866593462,82.57793603322077,,,,,38.741794468966354,0.12933294924162642
Gene2S_497,2,0.06909224193579763,1.3037799310340485,83.90893516340849,,,,,64.35820429975401,0.0656150515682574
Gene2S_498,2,0.12836709275782968,1.6799977010149358,185.35742693316158,,,,,110.33195272897203,0.11925493211422458
Gene2S_499,2,0.09898626676187647,4.237796346943118,171.01553659244416,,,,,40.3548265635285,0.09672692340062772
Gene2S_500,2,0.1712892553206795,4.39263474946511,158.9774590551551,,,,,36.19182293144536,0.16486057487868558
Gene3S_1,3,,,194.46779650159777,0.38967379265849894,0.0754786132643574,2.8836471886049884,4.768400103663803,40.78260889898445,1.796954857684491
Gene3S_2,3,,,286.34879428230346,0.1896537052158534,0.40709302018271315,4.814424848957984,2.5358469236951766,112.92037843713481,1.6609786440841867
Gene3S_3,3,,,265.3491947618081,0.2426954160588815,0.06406952093387738,4.503248497431589,3.4345770927294756,77.25818567983687,1.948487524255762
Gene3S_4,3,,,125.64998209063714,0.31988972898897133,0.12824790129036673,2.9804172946490493,2.036805975510838,61.689715957909875,1.2099385314107372
Gene3S_5,3,,,102.71166884554317,0.10514874827651922,0.39858799620651164,4.7784248335344905,4.52169483613882,22.7153031258631,2.3232581581855483
Gene3S_6,3,,,41.71976314336728,0.4771566384581281,0.429262695764342,2.8900319617498758,1.685716478448235,24.748979841362104,1.0646945663282392
Gene3S_7,3,,,231.35272828383788,0.1489320688999439,0.115548986900675,2.496780876984569,0.8484602180313361,272.67363085170996,0.6332635487525977
Gene3S_8,3,,,46.41824203928154,0.12673745947188322,0.0530109221446209,4.9964204405121935,2.170314108095224,21.387799059197242,1.5130742876650916
Gene3S_9,3,,,99.71246487341294,0.05004743199633941,0.2739648219696031,1.0772811962651723,2.3497387941707855,42.43555288816735,0.7386386499522496
Gene3S_10,3,,,44.00110980429033,0.15298843715701232,0.14558756759787778,4.226681115207352,3.848495734266831,11.433326900301967,2.0143663160814684
Gene3S_11,3,,,299.536374098338,0.4682572178098065,0.41179047355039816,3.168483826780749,3.2003074942646816,93.59612307103038,1.5921580760222458
Gene3S_12,3,,,289.96768633224025,0.20315540684810024,0.09923905872807215,4.778542006012802,0.7879888451926325,367.98450650827994,0.6764424553951957
Gene3S_13,3,,,30.74390845489779,0.09765468493342697,0.08178451650706942,3.3292229785451886,4.278000207510086,7.186514016742321,1.8722227867812917
Gene3S_14,3,,,106.35987746587134,0.3019140590297188,0.4519981812892611,0.8334913937871717,4.2372351912906465,25.10124471836894,0.6964877727357677
Gene3S_15,3,,,279.75774968619396,0.26851802743666964,0.06946773442992127,1.6349494787754488,1.057787598312118,264.47440878735534,0.642257016933143
Gene3S_16,3,,,93.4884108872933,0.09492624918096657,0.15343062642255206,3.293223923219294,1.5759378606748478,59.32239666306368,1.065874681233281
Gene3S_17,3,,,199.02828515212653,0.08170588667197212,0.08431684902069725,0.584710950677696,1.4618728598112702,136.14609766941112,0.41765847323200955
Gene3S_18,3,,,75.2716618170921,0.2036635839568166,0.2632095700073326,3.601663290614992,4.4932672202352615,16.752100003780985,1.999181534709085
Gene3S_19,3,,,251.94331006531436,0.2707972724890087,0.07586853422032708,2.264536638772536,4.245716983096149,59.34058041748865,1.476836729337786
Gene3S_20,3,,,74.62637847422674,0.33259697404782435,0.12711184783569768,3.007490809975572,2.3331926013366493,31.98466274557637,1.3138871500152935
Gene3S_21,3,,,219.5144137170515,0.16109088130180044,0.3479917312216786,3.14163636290358,3.7948994229678013,57.84459329501287,1.7187533357848552
Gene3S_22,3,,,64.5312992036765,0.2898598451226442,0.49719085238263466,3.7204380292093635,3.151242929433921,20.47804648791983,1.7061333470664821
Gene3S_23,3,,,221.87015706631442,0.2114364288891874,0.16065597479662092,2.4473694534774117,4.403012105990272,50.390539868028384,1.5730214788691543
Gene3S_24,3,,,267.31023529193556,0.3286206073556145,0.47180072343663104,4.643636159848681,1.5137363854818422,176.58968751474333,1.1415974856731363
Gene3S_25,3,,,51.53904146416549,0.2590417497004062,0.4322070914432638,4.082847164659822,0.8264952076618048,62.3585484663268,0.687353490404694
Gene3S_26,3,,,164.19732413356428,0.42995995737944415,0.28541754086449744,2.812981858687374,3.144556270409007,52.21637331750067,1.4847709826783484
Gene3S_27,3,,,151.39820589997728,0.20809280512094136,0.41415383721046783,0.5027741826375555,2.4970662112869295,60.63043311212408,0.4185090733208012
Gene3S_28,3,,,159.88238156929225,0.24927681923539702,0.3666708904967983,2.0910608987802224,2.238495169182112,71.4240458368776,1.0811338730596745
Gene3S_29,3,,,27.387131495495375,0.20181547627034546,0.45833697420945047,1.7105432428186935,4.570568375374775,5.992062528382961,1.2447087913057564
Gene3S_30,3,,,203.42575363451218,0.08810322453120795,0.48423539185969583,4.712933067840492,1.701458511691919,119.5596320666244,1.2501357274318545
Gene3S_31,3,,,31.104638159325383,0.0907732186144121,0.1082530199473565,3.5356718181358096,1.5774248648220053,19.71861788981955,1.0907786387781604
Gene3S_32,3,,,216.27486250537746,0.465503209892906,0.3824766674751016,2.311234631869625,4.240678024470365,51.0000667953066,1.4959298798466418
Gene3S_33,3,,,267.7114126305696,0.15805087514569094,0.3229394042223063,1.1042961219002487,2.480091337143263,107.9441747250074,0.7640790168082277
Gene3S_34,3,,,270.00964358309693,0.17355501275367555,0.13131165531776218,2.502750567621324,2.465760608052703,109.50359199562887,1.2420589474844086
Gene3S_35,3,,,232.150177729884,0.292640630504995,0.14722241630942112,3.6722903250447234,3.6792506814627446,63.09713521275724,1.837883604130056
Gene3S_36,3,,,236.2055722886022,0.3411228266372338,0.3908214122108481,3.3871535747853527,2.2177243293311926,106.50808541196625,1.3402206111332986
Gene3S_37,3,,,132.42352511208793,0.30681071974317736,0.17746703592330487,2.6311095068466295,2.988028218769039,44.31803029177606,1.3991167038476222
Gene3S_38,3,,,63.07374691048828,0.4444891877726863,0.309520297553545,2.68389699184421,0.6336753683535017,99.53637155626666,0.5126397348054769
Gene3S_39,3,,,35.23191917628715,0.11028194918515866,0.1454764706581319,4.2387566176313305,1.5985984607405366,22.039255035918323,1.1608116541523057
Gene3S_40,3,,,254.13914238651887,0.15031311010755144,0.23221116998199287,4.14217217759812,1.910837987377316,132.9987911404947,1.3076171576599402
Gene3S_41,3,,,177.20535817600936,0.07907465436522954,0.16775285878741136,1.7011981807526164,3.7190368443761503,47.64818569731988,1.1672591104394692
Gene3S_42,3,,,41.721761470582976,0.21753409994940442,0.2981516936519847,4.23905626675054,1.4266119320731856,29.245347338397725,1.0673918836495717
Gene3S_43,3,,,257.86949434294314,0.39054081203596347,0.43221835192031016,2.00429705442599,3.8471992474663983,67.02785006853102,1.3177706558565292
Gene3S_44,3,,,169.20277628119024,0.09791356009902275,0.08558205932587615,3.6572135381142563,2.1765369632550344,77.73944533804088,1.3644842106898516
Gene3S_45,3,,,35.35543964988722,0.0840763994030359,0.22811550051450824,0.977416961189475,4.940056597874711,7.156889592134972,0.8159724010262099
Gene3S_46,3,,,295.9183065406404,0.21562844784968727,0.3999554692016527,2.5041345716158667,3.789204722886015,78.09509598501101,1.5077335102206686
Gene3S_47,3,,,190.59001247232425,0.4373246107614818,0.481250802682913,2.0855539083217747,3.4796032600816034,54.77348945461517,1.3039883616717969
Gene3S_48,3,,,197.46996408330716,0.2201445040080106,0.31106096446603804,1.1417553609442217,0.9901896591686472,199.42640508799178,0.5302924517478791
Gene3S_49,3,,,259.6462937736823,0.29515222301973454,0.3363990985586421,2.359243654193349,2.343783274623263,110.78084590198195,1.175744026379794
Gene3S_50,3,,,279.62921968490446,0.4049547700245839,0.18554272929956356,4.258842466956094,3.7032356943962252,75.5094308763664,1.9808267541251534
Gene3S_51,3,,,83.68043662761349,0.43249468267444174,0.4538213520222388,3.24835722023929,3.490684622680198,23.972499859744545,1.6825820141738732
Gene3S_52,3,,,98.71839948548734,0.1894736342993918,0.37937290617382113,1.6057891267466045,4.740340640840691,20.82516995402672,1.1994692413973402
Gene3S_53,3,,,137.62135301606799,0.3238419095094436,0.4637673272136252,2.054614887090315,3.537728907896014,38.90104544441062,1.2997538683457641
Gene3S_54,3,,,88.30552345126716,0.2459162599598022,0.4156265013026622,3.11863674307219,0.9397362567519421,93.96841168657471,0.7221356980323711
Gene3S_55,3,,,178.47681397816916,0.1527952047077133,0.20679991408675097,1.283371794743367,4.98419553184373,35.80854981268118,1.0205835265494165
Gene3S_56,3,,,155.92264122307716,0.18487972733833502,0.05763452404999715,2.405167955238463,3.676212884327455,42.41393143683583,1.45393121386068
Gene3S_57,3,,,287.35493647363853,0.4008199181814323,0.10116283022543295,1.5649213020938864,3.2709837599317577,87.84969830594133,1.0585055122186802
Gene3S_58,3,,,77.26075467443454,0.33363650865485633,0.13391418980598815,2.2142776855150226,3.7443581377559796,20.633911562940785,1.391434032371904
Gene3S_59,3,,,33.11029666824978,0.20072658430683205,0.2192216426357716,0.5057092059194451,3.3198331392394356,9.973482184057978,0.4388580831563394
Gene3S_60,3,,,276.4852283197353,0.3715603096186678,0.18835247009304806,1.6016641164369392,4.995332449474609,55.348714248000654,1.2128011063912074
Gene3S_61,3,,,261.91672181751113,0.4258853021026609,0.06405289751010328,1.8513273086543607,3.850579526395829,68.02007854196097,1.2502279040304987
Gene3S_62,3,,,219.14236150479752,0.35094463373026136,0.06378618003674551,3.905101748469609,2.3602535362885027,92.84695823373228,1.4711105424163755
Gene3S_63,3,,,263.2656529437853,0.40561378916796165,0.17124273031296172,4.990362367765579,0.8239871156414442,319.50214748059807,0.7072148492545155
Gene3S_64,3,,,225.6939527571272,0.2509239690628304,0.36237650191600396,4.201758595354103,1.305485767972942,172.88120506098466,0.9960219094725172
Gene3S_65,3,,,40.403645840136114,0.3059356838118767,0.0810469465703666,0.9291620768790669,1.0476280965145808,38.56678336000869,0.4924226713871419
Gene3S_66,3,,,239.21332757473573,0.28906258054218226,0.38531752040738376,4.283990456403821,3.8630775279383247,61.92299425644735,2.0313304484315244
Gene3S_67,3,,,226.86786029742618,0.19826857809607246,0.19086789670458837,2.6999567365403854,2.5966113796429626,87.37074098805682,1.323637916639559
Gene3S_68,3,,,261.81561794362733,0.4048776268110008,0.20101451589964614,3.8424275081292834,4.44760674631562,58.86662937556571,2.0614639195515396
Gene3S_69,3,,,218.8434383854469,0.4580590615561191,0.0910492818044065,3.5140498978514794,4.062640017807555,53.867297478044335,1.8842423140583535
Gene3S_70,3,,,236.64604172967734,0.3132751491698699,0.218892299539223,4.988312424988806,1.2235077228032165,193.41605886024996,0.982520200282751
Gene3S_71,3,,,96.70037412535159,0.4277053001063545,0.3819850006991608,3.6539306930450186,2.0696837680010365,46.72229430428773,1.3212771573391273
Gene3S_72,3,,,294.7823111066831,0.3218066268581346,0.07676591945250837,2.140307607468486,3.3428254816290046,88.18357785253917,1.3048515679833161
Gene3S_73,3,,,298.4449878388172,0.2216007777431352,0.1529871519264599,2.175679446927751,3.6203011158616674,82.43650964038233,1.3589788033517958
Gene3S_74,3,,,254.50839000362978,0.2723288027886523,0.3101175512745125,1.8822805545276156,1.4277176427284117,178.26241154886657,0.8118932386402833
Gene3S_75,3,,,70.20301538031461,0.42053748919781314,0.29449881014082013,3.7438659120307314,3.820575894211933,18.37498254822532,1.8909159751697784
Gene3S_76,3,,,240.3767369050811,0.4687712981715977,0.07141357807386303,4.062384409049333,0.7994838458256834,300.6649079404813,0.6680170132772444
Gene3S_77,3,,,246.20168229143235,0.08485261955033155,0.16735066189273506,3.6261905898940987,3.0134658277279986,81.70050578508004,1.6457781457595664
Gene3S_78,3,,,274.8712200261918,0.3811046973407031,0.13134307093894404,2.9911384976755797,1.5747950386021707,174.54412370398035,1.0316466563706268
Gene3S_79,3,,,114.04395615131861,0.3929586775961309,0.1092085143020373,3.264266675850173,4.010376785839099,28.43721730935987,1.799530020757581
Gene3S_80,3,,,125.45585896194201,0.053491320524467256,0.06582543919739496,0.6184218166197061,4.820157037369637,26.027338526381985,0.5481009564209645
Gene3S_81,3,,,183.44754192967503,0.4028835977425503,0.42971505078651734,2.0391051640672084,2.6504876326280318,69.21275152217244,1.1524717077347806
Gene3S_82,3,,,275.30672695592693,0.18124926934114388,0.12917115733310025,2.7246862937910814,1.4946363798393845,184.19645786054784,0.965182227896742
Gene3S_83,3,,,276.84816979652527,0.13884644390058445,0.49239105782010734,1.4382564004868432,1.9901959087229404,139.10598880397254,0.8348991748417377
Gene3S_84,3,,,196.21500546759418,0.3455192211694648,0.2684926960249135,2.848231252818824,1.9383563406957174,101.22752011488684,1.1534077254011714
Gene3S_85,3,,,63.985904055245626,0.42764810085219107,0.06484983290947754,3.99106126465808,4.0189785268630835,15.920937031029194,2.0024856229846186
Gene3S_86,3,,,95.98472234776774,0.3722743174921775,0.06300856020061334,4.643513704897458,4.263325683767674,22.514048765550125,2.222652770208251
Gene3S_87,3,,,125.94298821982854,0.28640166621497387,0.34661141962003655,4.6253803178191,2.5425768281423236,49.53360182702756,1.6406884943583213
Gene3S_88,3,,,211.71845013769897,0.4280925894595802,0.3723580231418109,2.5346902634394946,0.5209932488570765,406.37465188302167,0.43216403461994857
Gene3S_89,3,,,261.5584328013872,0.4579372938302112,0.17357705195083487,3.3680074650761727,3.0127370050857953,86.81754575983597,1.5902408834721165
Gene3S_90,3,,,127.71586269255566,0.40474253635264645,0.15434358930015446,3.098454412562609,1.6704407261411696,76.45638704438672,1.0853215028425247
Gene3S_91,3,,,270.1562898754636,0.3478789810115945,0.48365219789753044,3.0490413993236505,2.8155912733511013,95.95010910583092,1.463834963785806
Gene3S_92,3,,,66.75248467526507,0.2800766052019313,0.35100779440609214,1.0464462235821483,1.9981569776025192,33.40702728739449,0.6867771217355593
Gene3S_93,3,,,180.94165363082686,0.42648967513679115,0.20974024606773078,3.4269908584716307,2.8190491734685095,64.1853484975572,1.5467169114600985
Gene3S_94,3,,,220.5474547633562,0.2675168317496645,0.4925360321304354,0.9786637136470078,0.7469292122580038,295.27223081372114,0.4236181695729152
Gene3S_95,3,,,195.3545036920817,0.12144425229291608,0.23066322726708927,3.7192587812280276,3.550405856411357,55.02314709719979,1.816435670224983
Gene3S_96,3,,,276.5491042496032,0.1750517507571291,0.3599144389821276,4.098611068501281,0.9696138754964152,285.2157041461662,0.784114794862948
Gene3S_97,3,,,179.86251271362028,0.2787871059488693,0.08517807438047223,1.1318009214353775,0.9061469292678008,198.49155463005943,0.5032405167518231
Gene3S_98,3,,,29.61012666377811,0.29258816159257783,0.4936469864273142,2.4516337737949927,4.74079151350952,6.245819201160838,1.615961810483599
Gene3S_99,3,,,198.7557854498773,0.36135475136755024,0.10520426436758606,2.9074110010378043,3.6022710585425903,55.175133192306205,1.6088777314267046
Gene3S_100,3,,,102.1574608178337,0.25573343919528246,0.19833708867322536,3.56947495516739,1.5262824153386878,66.93221371823547,1.0691299565392722
Gene3S_101,3,,,202.97935225660675,0.13356064552156183,0.34463215472289876,2.273447127606716,2.4312565985394032,83.48742472454295,1.1748525841715483
Gene3S_102,3,,,55.478232924710504,0.45637333106620187,0.1023352284124894,2.7048117175408315,0.9818645760681421,56.502937652432706,0.7203666931624169
Gene3S_103,3,,,123.10800118346029,0.28548084566060244,0.383228852776928,4.598474464614913,4.704600405003917,26.1675786646024,2.32546605631197
Gene3S_104,3,,,71.00822822407798,0.3247518388810485,0.09837179180371963,4.472778353825634,1.8023631110246783,39.397293358777425,1.284683501381002
Gene3S_105,3,,,213.05620989836112,0.35233925196838567,0.15041234715552548,1.4762647154698798,2.511366129565542,84.83677763672759,0.9297353112110445
Gene3S_106,3,,,98.08500750133503,0.06845807479503749,0.40330720580504537,1.8532383398648815,3.6347655822269447,26.985236126628116,1.22742021125173
Gene3S_107,3,,,139.38868360662659,0.16265471075106513,0.3458340055294436,1.1943973882360692,4.6771994162627095,29.80174057192634,0.9514336479581088
Gene3S_108,3,,,197.26923724106513,0.4498144222974597,0.41107613020102335,2.3390974032658107,3.9454153953036166,49.99961156837439,1.4684847022764305
Gene3S_109,3,,,137.09448659891183,0.4746451543426123,0.46756624843631595,2.0343820118284084,2.4651024621199102,55.61411288397923,1.1145632650333417
Gene3S_110,3,,,222.68787140097137,0.47776341474774014,0.09303240405827698,3.804639171179717,4.096183825894576,54.36471624960289,1.9725162102887643
Gene3S_111,3,,,253.1118011767559,0.11906095971240874,0.26206498241316334,4.045789751015324,4.677131981151381,54.116882353712576,2.1693067087497537
Gene3S_112,3,,,28.494722141403336,0.3264911114854333,0.1417583390447239,0.7728436245534303,2.7141058860279275,10.498751094455322,0.6015514202354786
Gene3S_113,3,,,214.40159632646353,0.07001528235152599,0.46428253511226963,2.220880606241445,4.376257849099756,48.99199355233794,1.4732366541600614
Gene3S_114,3,,,174.10873114085175,0.26747616304410826,0.16535629902193344,2.670652848014143,4.338315551469199,40.13279556898269,1.6530442317259302
Gene3S_115,3,,,237.6176852980513,0.4097178979729587,0.49658244554771797,0.6442151507214824,2.5335974648691737,93.78667629442117,0.5136180354658478
Gene3S_116,3,,,275.7613050518769,0.07318018434678353,0.11091715403915384,1.941201666332549,2.015279102843045,136.83529227432965,0.9887734531764788
Gene3S_117,3,,,227.42211048112313,0.17323536110347226,0.2369278446284413,1.63124442308146,2.6590984674311655,85.52602066700648,1.0110239801610053
Gene3S_118,3,,,274.18945734815156,0.34053894859604794,0.11840941260882104,1.4286053582910727,2.3221861325690685,118.07385011158074,0.8844766657974421
Gene3S_119,3,,,236.73138962971194,0.0928006353986755,0.1960221475824756,3.5796886522556925,2.52663064400004,93.69449792429107,1.4811788584842533
Gene3S_120,3,,,122.2422736575975,0.11968056802998016,0.1418048636397077,3.1599647727341753,3.0748693772975053,39.75527369069444,1.558418183901462
Gene3S_121,3,,,50.12579736536303,0.4884379672181677,0.14583228670742218,3.6051380465774647,3.26744617319233,15.340971115796403,1.713997840904477
Gene3S_122,3,,,225.9111222763907,0.14037709506059382,0.19103967869073823,4.863958367258061,3.28215957847929,68.83002391402955,1.959741762979779
Gene3S_123,3,,,264.0447334581529,0.3592671557330743,0.42545454594776083,4.613062014993901,3.5520689854371623,74.33547449125801,2.006815874784254
Gene3S_124,3,,,170.11481965134882,0.36495399181140736,0.24603628849074932,4.412492239429297,4.951997625331158,34.352766806905045,2.333351993222002
Gene3S_125,3,,,155.74357823435534,0.4381081244349848,0.4979343922518382,0.8363706759214717,2.192796655826519,71.02508927151376,0.6054438795672797
Gene3S_126,3,,,271.9589344888326,0.21582864593432272,0.465877446220556,2.203792142118074,4.899787260516562,55.50423314912681,1.5200945960809205
Gene3S_127,3,,,284.53049353937644,0.19081918593648411,0.14924488821923904,4.462425156287842,2.7067370666037345,105.11936938758139,1.684800985378949
Gene3S_128,3,,,49.77693946355874,0.4016770863816619,0.06283328178544746,4.818237629504436,3.2760829928687354,15.194041045941592,1.9501261551203133
Gene3S_129,3,,,22.44837338020598,0.052416288910307474,0.3181491358261536,4.035981591267175,3.897121920135085,5.760244057088124,1.9826682339367045
Gene3S_130,3,,,218.11968319629878,0.34422232528714153,0.3776029418998681,4.717557306462793,4.957233204605771,44.00028689262461,2.417213240687004
Gene3S_131,3,,,104.74578270266034,0.3086145718221946,0.31572494767467923,2.5773437682286136,3.6737009299901584,28.512332576549976,1.5146892488136907
Gene3S_132,3,,,242.80870553157035,0.4202436864811876,0.4815049249500752,1.2974947061779125,2.2005300213611845,110.34101019961358,0.8162252344940845
Gene3S_133,3,,,260.8208248171661,0.38390114055533536,0.2794990842826476,0.5370059986708942,2.8716644451207016,90.82566219055698,0.45240543450261006
Gene3S_134,3,,,59.39035724247772,0.3110376877657961,0.06617671332462408,2.7206754328854004,4.290515810970543,13.842241786085674,1.6649240557434979
Gene3S_135,3,,,23.487424158923314,0.21210367124077117,0.21645756733601024,3.4112011214508953,4.801913119595462,4.89126387211729,1.9944068641844368
Gene3S_136,3,,,236.10270688371116,0.286725514041036,0.4329471060800365,0.9476620553164765,3.2888999176020635,71.78774447349362,0.735682771919383
Gene3S_137,3,,,175.89008060458096,0.23075109182584563,0.05063703662491953,1.6769445938978043,3.3023656410960833,53.26184309082187,1.1121789861556461
Gene3S_138,3,,,187.4626814973164,0.07383196914213255,0.33368715241259506,0.9133047981542672,1.3690768017700032,136.92634427444563,0.5478419612827805
Gene3S_139,3,,,126.16875750213681,0.06332536602419152,0.11436184419303111,3.7324043926958397,3.287801283892753,38.374812407382834,1.748012026946127
Gene3S_140,3,,,115.48086580045381,0.06847502857025164,0.3847113292970656,2.4429837716609675,3.3070604056507134,34.91949091801703,1.4050491881063165
Gene3S_141,3,,,57.7566299860913,0.31018942227244206,0.23124760667813815,3.817062929874922,3.266167766969636,17.683301687738513,1.7600962667509945
Gene3S_142,3,,,189.1190032112099,0.2741141372875024,0.24599373219930443,3.2398372082047797,0.5956948166145826,317.4763283756602,0.5031777127955386
Gene3S_143,3,,,216.8433839517229,0.23238479470921414,0.07098863534805203,0.6413134839773267,4.929872121478953,43.98560015521666,0.5674902416986389
Gene3S_144,3,,,270.73480175095744,0.12348968160563821,0.07250365726556302,4.353166761926758,3.624152369088306,74.70293027968458,1.977674375835816
Gene3S_145,3,,,43.694446046208256,0.34558790925387706,0.16397883859438447,1.7091006584320898,1.929278042903718,22.6480813415803,0.906263653152632
Gene3S_146,3,,,225.3353384967543,0.29240665828921375,0.17475754182073344,0.6691186196247637,4.885301177104215,46.125168199010176,0.5885125899198765
Gene3S_147,3,,,231.31939030480672,0.15138899553222196,0.365231678912639,3.5576205618371985,0.8565266191860883,270.06678499334583,0.6903251267373751
Gene3S_148,3,,,177.8697855327891,0.17682572006508113,0.3162966558196714,0.5009763692824434,3.300363419351489,53.89399982131057,0.4349529837040625
Gene3S_149,3,,,219.1814309552373,0.26320034926438546,0.14251291350745723,0.5195133379089252,1.578075408905069,138.89160791581818,0.39084459448855147
Gene3S_150,3,,,236.47612470838035,0.08943858134708504,0.33084691862305804,1.3675752150249476,4.031633954586023,58.655157529712355,1.0211796763454766
Gene3S_151,3,,,277.07927904942846,0.4575199289599876,0.15214003599346973,3.3811193768266214,3.1058160671560757,89.21303549799187,1.618812916546248
Gene3S_152,3,,,216.2017598600125,0.19516192136117222,0.14525195692664913,1.4162519287794555,4.357288971335666,49.61841210952297,1.0688447551797096
Gene3S_153,3,,,88.0911040718128,0.39258943790028394,0.22071675637365484,3.8108396902158663,0.7157418468515366,123.0766434285142,0.6025689398488852
Gene3S_154,3,,,94.7414096834467,0.3688466939235855,0.1585635221716496,3.5578803329170325,4.032020500116129,23.497253965032666,1.8900703388437534
Gene3S_155,3,,,38.12445288252667,0.44879269720996073,0.38111874737197327,2.77665822036138,2.6754915618644706,14.249513407532062,1.3625681493522024
Gene3S_156,3,,,254.89509432813085,0.08475295663143992,0.3924313352607608,3.854630354254763,3.9958416273702584,63.79008932240448,1.9619829818777192
Gene3S_157,3,,,226.22270288873764,0.10840578708998991,0.3645283490359715,3.4963607258324383,3.065580364474532,73.79441280036846,1.6334152715976966
Gene3S_158,3,,,125.862607710266,0.18627611186326637,0.46618064465012754,2.511056883209585,1.9024900622238965,66.15677538054531,1.0824085084056907
Gene3S_159,3,,,199.96684590873983,0.19769708956051796,0.23541144717781443,3.4588175218839603,3.06540176888786,65.23348682652082,1.6251239998692797
Gene3S_160,3,,,185.23544233483202,0.23041548918457444,0.1672212462882119,3.7341171018006074,4.682147394649927,39.56206986274973,2.0773689642105473
Gene3S_161,3,,,162.33837280312855,0.40771044357963,0.32676827055102775,3.1919508486921355,1.1091045616658526,146.36886224622464,0.8231019852411007
Gene3S_162,3,,,53.13197939178017,0.41165866521108996,0.15388361676604728,2.3915090106172534,2.077829931844404,25.570899031479975,1.1118308699584056
Gene3S_163,3,,,195.88256643785166,0.3949919954238751,0.41097494663643047,4.624852253939209,4.604508796023346,42.54146861594105,2.3073290521728893
Gene3S_164,3,,,192.48360339987514,0.42523084671031786,0.2244137076283067,1.4999180775117122,1.7638918088815096,109.1243819097554,0.8106149877007446
Gene3S_165,3,,,191.60972059561814,0.26900360312901395,0.48061772243504136,3.6473725671729813,1.4273889597485905,134.23791692305568,1.025904233500162
Gene3S_166,3,,,200.05938072694707,0.31267729505561614,0.41305926159487066,4.531986263113968,4.604963002048511,43.4442970851125,2.284091600136602
Gene3S_167,3,,,274.7012391170847,0.0949565572661066,0.2958208187057192,4.61054477727464,2.211250341240909,124.22891881293184,1.4944847411766786
Gene3S_168,3,,,274.7349717688418,0.07944298803486191,0.17098312449914937,3.5867730287392336,4.382323564527619,62.691621858473184,1.9724193050610819
Gene3S_169,3,,,131.12011207741668,0.2522436220165519,0.21488296629623027,1.7029481658362142,2.270802667073534,57.741746554488564,0.9731509094235871
Gene3S_170,3,,,40.53112424775251,0.130648049894618,0.09141955045170473,3.9850315618370717,1.147438501428478,35.32313426584012,0.8909118976039774
Gene3S_171,3,,,124.71426413556873,0.16968620722424288,0.12585255026776473,2.816425346619422,1.7276422761323715,72.18755054707468,1.0707973340951005
Gene3S_172,3,,,37.98399963451171,0.2509437221445953,0.3431110272019021,4.559522973738247,4.72482189861687,8.039244748173688,2.3203504705766584
Gene3S_173,3,,,74.67674898939167,0.11845430220833847,0.3894455599916588,3.976771388737739,1.5913845398219004,46.925646894715406,1.1365652448745935
Gene3S_174,3,,,155.61399088585333,0.05041365713354359,0.25157529930262224,4.839163874624829,1.511864151410098,102.9285539581807,1.151964430774476
Gene3S_175,3,,,237.3820197248712,0.31545161570492897,0.40325137093633784,3.01289661949643,1.433355613771755,165.6127882320985,0.9712791935096383
Gene3S_176,3,,,162.20246484230321,0.49513200559162507,0.14545810513611257,4.231457537706261,2.484026046850887,65.29821418255041,1.5651964013398776
Gene3S_177,3,,,249.87709402844487,0.40132745201131914,0.26627653291900316,3.2301956028001713,4.297054345958271,58.15078747223074,1.8440102491345087
Gene3S_178,3,,,38.21544036321688,0.26697094893071854,0.19355648462026037,3.341578402110115,4.180114290196292,9.142199880238762,1.8570526877226972
Gene3S_179,3,,,114.40930974099852,0.35432528262227014,0.2883297691741634,2.4569130216304442,4.298402845237838,26.616702496312453,1.563332067782955
Gene3S_180,3,,,209.2132536635633,0.19976850886013964,0.1651659044781515,3.544746877286811,1.5860458027435047,131.90870862724844,1.0957626349610512
Gene3S_181,3,,,93.9710632119642,0.16110936773114876,0.09189318508745059,3.046175959559688,0.6262059265436802,150.06415498274492,0.5194267639728432
Gene3S_182,3,,,270.0384723103934,0.3075373658721941,0.3335319920237083,2.1438723424505044,3.9144094590962304,68.985749991709,1.3852102710442578
Gene3S_183,3,,,44.51663478846424,0.38782672025673126,0.1866981068308935,1.8046063794107963,1.2267219739610788,36.289098698314056,0.730290500371271
Gene3S_184,3,,,277.12086488421664,0.3579280312068212,0.3720163767380936,0.9902553991571201,3.462954975563615,80.02439154991141,0.770053416082983
Gene3S_185,3,,,20.700996761717498,0.23514574496012924,0.29103655572134596,0.8956093179142004,1.5165314599308526,13.650225734625627,0.5630764667216054
Gene3S_186,3,,,100.41121636842801,0.476330824147957,0.42177766824948515,3.1170107940936007,0.9662145813996879,103.92227389382725,0.737578997649528
Gene3S_187,3,,,90.22877237844763,0.35793199171730256,0.2451978414126973,3.6193696503028754,3.27538377978994,27.54754204230512,1.719397911160173
Gene3S_188,3,,,270.5885489719415,0.3720660832078236,0.06851874026099962,4.179537471797132,4.282617092174759,63.1829890807571,2.1152247313362516
Gene3S_189,3,,,269.80613203427043,0.14018677837135463,0.19060753319108592,3.1891266341089235,4.4702872254617425,60.35543543992338,1.861279768167017
Gene3S_190,3,,,68.08814808581738,0.4016821113110546,0.20532235254332276,2.5754801003079795,3.052053346844615,22.308963949208408,1.396793592378187
Gene3S_191,3,,,246.14549766313044,0.39832984961507917,0.0584974969852127,4.537139775256337,3.269990459712394,75.27407210991672,1.900365862095713
Gene3S_192,3,,,33.68719738646805,0.2942615607457098,0.4153824178464229,4.753701400966946,2.866314324314759,11.752792462676453,1.7881331102637548
Gene3S_193,3,,,77.43639827219505,0.3525563561026375,0.2544082249694998,4.809486911265113,3.175704300665135,24.384007747817197,1.9127291836516027
Gene3S_194,3,,,196.98039891528757,0.3222823790041181,0.37146468167019187,0.6656076273023185,4.7394151768487305,41.56217414281506,0.5836406255751893
Gene3S_195,3,,,298.8426059593727,0.25757081624861583,0.061806299363392936,4.810519274374345,1.1098677214528152,269.25966057305294,0.9018059241427622
Gene3S_196,3,,,273.65899206310587,0.30638293514986975,0.3075229519011291,1.1335840858795763,0.5413061126276209,505.5531162112764,0.3663619235523109
Gene3S_197,3,,,248.19909862872564,0.0627977150936553,0.2352823711205504,4.712842408348427,3.8495997190278333,64.47400164799605,2.118853072652519
Gene3S_198,3,,,82.21318315376442,0.17856021790326948,0.33692738533699895,2.1170167156249455,2.3780512520928148,34.571661599560706,1.1199773368164168
Gene3S_199,3,,,194.5272230035871,0.2597926542863687,0.2994394109362012,2.0175397719299655,2.820670546663942,68.96488610967273,1.1762231562227374
Gene3S_200,3,,,97.57274696809193,0.40728871337755274,0.30258950489864755,4.1041227066920785,1.5022243436521334,64.95218066489184,1.099702352345418
Gene3S_201,3,,,251.50947270576256,0.48668246645018715,0.37708843494099187,4.187347273844294,4.89624793525302,51.36779755267142,2.257067820813308
Gene3S_202,3,,,217.71130389641263,0.25140770385109557,0.38837890732575464,2.995027253165899,1.1577906961801263,188.04029486046383,0.8350028175608971
Gene3S_203,3,,,70.18328913189049,0.16551575297798365,0.42546572496285956,3.2979332618158823,2.869131228447644,24.461512403482313,1.5343123662402005
Gene3S_204,3,,,141.08777972607731,0.3016561193373734,0.47083787008298617,0.8908104007508978,1.495194259326327,94.36083562121598,0.5582279949561448
Gene3S_205,3,,,247.15035054637116,0.21981393691447615,0.22953612933857032,3.8781370358076837,3.897589100505317,63.411084178762835,1.94391936856424
Gene3S_206,3,,,280.821193118661,0.4362095807755181,0.200753507143423,2.2310248024320893,4.637893777907334,60.549293831686334,1.5063879311618544
Gene3S_207,3,,,71.6283092310722,0.24529810741997266,0.108644883508215,2.7447946672142653,2.4954207121256156,28.703901062862755,1.3070870121298805
Gene3S_208,3,,,145.31108380136516,0.4423051802407715,0.14467203573875398,4.491979409507373,2.2088912604704456,65.7846252560287,1.4807469877503059
Gene3S_209,3,,,123.69933242077937,0.4267175898101645,0.4374179971833046,0.9562259101276355,3.7837713089625176,32.69207420854851,0.7633211574588273
Gene3S_210,3,,,43.878985081835864,0.4470265846708578,0.39146188605225063,2.9782597264791817,2.699135018192541,16.256684006574506,1.4159179487311324
Gene3S_211,3,,,120.37768006607713,0.259315360616511,0.4726997229603841,3.562321703708625,2.5954297401501054,46.3806352388931,1.5014824450260276
Gene3S_212,3,,,29.75542840237146,0.4891213543212785,0.41475839285614435,3.1172328464079557,3.3936520542800697,8.767966758655753,1.6247873851623107
Gene3S_213,3,,,107.65523122917787,0.29092699840365976,0.44888596430658784,3.215076598209679,3.9137451045512535,27.506960303568754,1.765086969719995
Gene3S_214,3,,,50.63449663204146,0.3994824718016671,0.37567942965300544,4.301724573906769,4.701721187495599,10.769353309742351,2.246418772089946
Gene3S_215,3,,,196.07687894122463,0.18879428981789909,0.35956528226437373,3.3337707628026223,2.7219741250736917,72.03480633230349,1.498484154020932
Gene3S_216,3,,,22.068445323318212,0.4370753067383465,0.10957028460421127,3.308790879915667,2.335744132148805,9.448143321681385,1.369198501869834
Gene3S_217,3,,,239.5083268718182,0.07381430862649985,0.14749053403418055,4.131873353285636,3.3122400701850108,72.31007469166934,1.8384669479285984
Gene3S_218,3,,,52.1905770150278,0.49581590346753673,0.2895628655965469,3.5111482171342328,3.8300452094260624,13.626621661431676,1.8318351836318254
Gene3S_219,3,,,55.043876700307656,0.3838298982053402,0.17541498295662344,1.713143267386245,2.268283788336594,24.266750475994503,0.9760055995311229
Gene3S_220,3,,,81.13734358987325,0.13141290640512915,0.3929423796151241,2.5256055424175847,1.927318501589424,42.098565194575144,1.0931348124316989
Gene3S_221,3,,,88.31758134700011,0.348739682002627,0.09293395923064131,3.601938322662338,3.800261330568601,23.23987054168875,1.8492215238658265
Gene3S_222,3,,,211.29498863395742,0.11491105499692446,0.10470296618027633,2.314436333599318,1.686051486511725,125.3194165921386,0.9754457446625997
Gene3S_223,3,,,41.036413529278704,0.19363324495666584,0.09038823600322102,1.6470887806355625,1.9639743981805342,20.894576613267297,0.8958137912611088
Gene3S_224,3,,,265.3397960189723,0.09411585847068553,0.34047101061515217,3.1679584011491713,1.3505607799648993,196.46638637460538,0.9468855166168583
Gene3S_225,3,,,224.12266837975605,0.15172195501164526,0.10224440108479237,3.39583742020693,2.8495567296012934,78.65176574712903,1.5494028305130574
Gene3S_226,3,,,128.63339984868503,0.06411539663589008,0.16760242302963343,1.886888858110076,0.8060179950654065,159.59122579917926,0.564767538294809
Gene3S_227,3,,,25.032030605890604,0.4489705706737875,0.1937030374555953,1.4936197347993887,0.8579465126927983,29.176679706201835,0.544932911895154
Gene3S_228,3,,,167.2424689263407,0.4091759816247238,0.34879830843703147,4.080701792394722,0.8465235469530887,197.56387111534025,0.7010862945052657
Gene3S_229,3,,,235.89269868543448,0.1716827074694205,0.43966470146873404,3.3807926797897982,4.447386760167193,53.040743116428764,1.9207138413589968
Gene3S_230,3,,,298.2624616964106,0.43756081524161683,0.11166831263568816,2.5756746471375638,2.108114045636134,141.48307693021815,1.1592785791120102
Gene3S_231,3,,,158.17806391180278,0.37931243189126124,0.15023143129385064,4.155515854089504,4.758379391701461,33.24200339881743,2.2182806120954828
Gene3S_232,3,,,146.3305100657093,0.2471525143045692,0.1629657140620453,3.962174378776531,0.6463181624684828,226.40630971413398,0.5556752540991912
Gene3S_233,3,,,98.32841968787864,0.29345964129096175,0.2207472571615478,4.204661472396694,1.979046255979238,49.68475061702156,1.345668312624517
Gene3S_234,3,,,91.78309609830242,0.36418028042612743,0.233694048559634,1.8867804122228358,0.6338190677649977,144.80961644456713,0.4744416601871664
Gene3S_235,3,,,230.15429112599296,0.20928553601425692,0.16872519938793254,2.922959085018695,2.119080861456643,108.61043356683723,1.2284683821701716
Gene3S_236,3,,,97.23982864342696,0.12598999312303777,0.17092927228948487,3.3765117602393637,1.2126228818736076,80.18966992704524,0.8922020687317178
Gene3S_237,3,,,49.44540309195674,0.3402341028970488,0.1214778470382149,2.218534423407524,4.748888406774962,10.411995156891004,1.5121189943735946
Gene3S_238,3,,,65.29417183019731,0.22084406668653617,0.2156833918383712,3.3277454144090957,3.422301772749786,19.079022297245892,1.6871806544786097
Gene3S_239,3,,,114.82824229803103,0.1428456906721327,0.13072483425447157,0.9679596426448491,4.510962147096507,25.455377046766074,0.796950472274236
Gene3S_240,3,,,129.59514954749423,0.3028493892879487,0.19751488060756373,4.43082827028253,2.4370388543182724,53.177301345795186,1.5722640603822098
Gene3S_241,3,,,89.14560204548975,0.3103631338230414,0.4027262505725246,2.6169754367006464,2.453939568796162,36.327545787617844,1.2664183027572091
Gene3S_242,3,,,238.3491989819049,0.44837978081433977,0.2993092767498506,4.056446622963582,2.8265988139321476,84.32367473130428,1.6658247164527071
Gene3S_243,3,,,132.50441276061278,0.3490959219668209,0.4721264676517907,3.3093858795891204,1.0627820717402157,124.67693639548136,0.8044421029682007
Gene3S_244,3,,,131.92788925251546,0.14740228239633962,0.19504027832441911,2.4822191199695367,2.7576376257468658,47.840908472078425,1.3063450343699041
Gene3S_245,3,,,136.2324796918623,0.2687914943569448,0.33671651516546,2.4630275442066214,4.914197189674339,27.722224899341157,1.6406987007244362
Gene3S_246,3,,,263.28335560585174,0.14432743500981832,0.4414549209865191,1.2735627175084576,1.0806473523829685,243.63485000474722,0.5846004128393885
Gene3S_247,3,,,271.66811890811454,0.2966430497822497,0.4445229171679784,3.680726951824675,4.058921407516264,66.93111091164333,1.9302920141006819
Gene3S_248,3,,,170.92640274169923,0.41210857751367164,0.15028692203238375,4.314402922050048,4.062555196714929,42.07361979473265,2.0923466207182844
Gene3S_249,3,,,80.7045717396546,0.09602412812520944,0.05490625443928586,1.1822479872883647,2.428818005881215,33.22792055404483,0.7951849133674801
Gene3S_250,3,,,289.0029294022874,0.2111244503487107,0.06881478455492339,2.5542238368378074,2.26465321216829,127.6146510421266,1.200369122902732
Gene3S_251,3,,,136.6616120539445,0.194232524793918,0.31068534850604745,0.5545544126157469,0.6186630499799156,220.89829360001556,0.29242858653811094
Gene3S_252,3,,,79.70972554238853,0.1348719109384136,0.09937306847039018,2.7094545352597583,1.0273779801471483,77.58558883165078,0.7449180331895578
Gene3S_253,3,,,71.99701130878404,0.43173360784323284,0.27066473768102095,2.4190925979752604,2.5158098756475735,28.617826810244114,1.2332517371157363
Gene3S_254,3,,,95.95737129115345,0.33669916462662514,0.13610040090533204,3.18601195128557,1.0719921447356888,89.51312914220352,0.8021081492156232
Gene3S_255,3,,,66.26229217938948,0.21552632368620467,0.420522044926821,1.005042353555836,4.532291969834934,14.620040504981578,0.8226242307825452
Gene3S_256,3,,,25.71986939876424,0.19214571496414845,0.22158340802169563,4.121385945030257,3.4341791708147658,7.489379010082968,1.8732652753702972
Gene3S_257,3,,,175.97745576196675,0.21694937309440682,0.47249243175137406,2.7495902484670496,1.3273888352836098,132.57415693448064,0.895215629623049
Gene3S_258,3,,,109.7259528751306,0.2977589016693145,0.49071125414069816,4.283862949387549,0.6232670886693132,176.04965009366617,0.5441043477585087
Gene3S_259,3,,,68.83488776932602,0.27464169471405436,0.43940337006083346,2.6599360280735187,4.491446476536382,15.325772694592732,1.6705805196969639
Gene3S_260,3,,,226.99776550030813,0.25101334560826627,0.3628820211760927,4.9023252981520455,2.8413218142215992,79.89160691482455,1.7987756425253938
Gene3S_261,3,,,212.5079015286271,0.27316497372702847,0.3590313553852041,1.3359315801720804,4.49207259131971,47.307316880690735,1.0297009848627705
Gene3S_262,3,,,31.748494627860904,0.30170688778048355,0.42817121855601387,4.002037265307722,3.979972004720987,7.977064811059295,1.99548706834784
Gene3S_263,3,,,279.71800216874317,0.2768061457937589,0.062114395110049604,4.50745806534899,3.6303942763431296,77.04893212053571,2.010831516008692
Gene3S_264,3,,,238.53375926155752,0.27341342202962476,0.08960401070165833,0.8200244992865955,3.0508642108288737,78.18563619281879,0.6463072395593913
Gene3S_265,3,,,184.5757797755677,0.35570090800937476,0.379107296958497,3.380051694497721,4.038605835752007,45.70284580426227,1.8400494217290608
Gene3S_266,3,,,53.89669004342086,0.15530304054899083,0.14921495768245363,3.057396337814338,0.804740699412347,66.97398315106757,0.637059545934762
Gene3S_267,3,,,90.07627185688156,0.415862744231388,0.29447203574155195,2.57759404586464,1.5184561589566141,59.320956568661295,0.9555457961980375
Gene3S_268,3,,,258.18529031802956,0.27648948452151384,0.4226572133217998,1.088397970930485,2.616621595484538,98.67123727923662,0.7686668273047509
Gene3S_269,3,,,63.926687285747036,0.13243545398504664,0.07907620200080387,3.5459622531548423,1.9936538913513133,32.06508790872274,1.2761572751928005
Gene3S_270,3,,,252.64783304085992,0.4624004061656947,0.20823717512709639,4.5810303455857735,1.8071159918317319,139.80720340190814,1.2959085091843987
Gene3S_271,3,,,79.94121656087744,0.4842458817232703,0.44916218238565614,3.0676435992206157,2.8053239168153006,28.496251745370436,1.4653127117869003
Gene3S_272,3,,,257.5770664718604,0.4426862303138253,0.3073039918849826,4.0831245921500505,3.1681219672193275,81.30276205809614,1.7839466096445946
Gene3S_273,3,,,52.706373619411245,0.47456170276857473,0.1446361043907753,0.9813951679744262,2.747744379288848,19.181687356613697,0.7231220560362112
Gene3S_274,3,,,234.97783102815387,0.15823261294532875,0.36711983524673675,4.4651015488516395,3.560370390636812,65.99814211636713,1.980869843615858
Gene3S_275,3,,,94.69837595802892,0.36829038857540336,0.2504877837956479,3.53306431522723,4.598784602910953,20.592044232314432,1.9980452093398104
Gene3S_276,3,,,277.69661080652855,0.3278415372128089,0.29400519134016545,1.4109318514627691,4.266482702400476,65.08794953048479,1.060291842602125
Gene3S_277,3,,,71.29146014141875,0.4280337362307433,0.27607053389639274,2.5444556366039484,1.2207924515497315,58.39769082035035,0.8249794334249149
Gene3S_278,3,,,103.25723052533607,0.26720879511234574,0.26814436731373037,2.1709386437477622,1.2888162721723502,80.11788239707121,0.8087107664982633
Gene3S_279,3,,,151.47347223129768,0.13387588266281097,0.49962542843124885,1.7526283808202001,3.6242645143427588,41.79426519004135,1.181349335254733
Gene3S_280,3,,,57.41295337776076,0.41479317053008585,0.12384465057050358,0.6421182266390073,3.9336931900733902,14.595178272327235,0.5520105321924862
Gene3S_281,3,,,163.54559278378625,0.2661258597287391,0.29769875313601224,1.8124096477753233,4.220873851554769,38.74685634671215,1.2679583996757098
Gene3S_282,3,,,50.41407255913642,0.48173033543607413,0.3192458791876465,3.9677630671981787,4.280743985889048,11.776941747817736,2.0591578303838873
Gene3S_283,3,,,69.7835976241465,0.4820760046576754,0.4744902779666427,2.7023962366267904,1.2077997819520714,57.77745506077239,0.8347288907864523
Gene3S_284,3,,,126.35745230077075,0.3559329212071316,0.17369350282976537,3.605629894345081,3.321717285236545,38.0397973248264,1.7289278036350721
Gene3S_285,3,,,216.75285723183612,0.29269772442515984,0.26067617370544505,0.5547029367911539,0.9339576486958874,232.07996372693614,0.3480101882328497
Gene3S_286,3,,,204.7909144644103,0.06981779259484369,0.41946706781340315,3.10836811612981,0.674198117392157,303.75480023076176,0.5540302013707893
Gene3S_287,3,,,182.0821782639002,0.3305708776100933,0.17150889998222427,1.2468263366247159,1.3097316219554953,139.02251057513777,0.638752536269982
Gene3S_288,3,,,135.71392368203414,0.2843285063435003,0.38560011920871756,3.699451374920955,1.808661605958095,75.03555293868415,1.2147636927847802
Gene3S_289,3,,,70.56808246072399,0.36258534421939487,0.12435042284788343,0.9592372213845782,3.130338429763336,22.543275765253014,0.7342417388749611
Gene3S_290,3,,,180.10468555072856,0.3675745366151109,0.29464127002859547,3.73426923740291,4.181855213471497,43.068130376808924,1.9727043676296228
Gene3S_291,3,,,137.00404961551249,0.2395385144524229,0.35902454469103656,2.386980480980509,2.913928660079092,47.01695394690748,1.3121316833565169
Gene3S_292,3,,,286.42675155146713,0.09528660858613966,0.1391919331222524,1.6921030809882904,1.5722661623859673,182.1744679137563,0.8149924898682528
Gene3S_293,3,,,236.68314911363638,0.30109357031710066,0.43009846263044577,4.513164363399828,4.58965620276409,51.56881880849714,2.2755444495486787
Gene3S_294,3,,,269.15510874352066,0.16109856223167918,0.323441954683123,0.5805327700706724,1.4340258071475172,187.69195603174586,0.41324138379025893
Gene3S_295,3,,,247.2578986018817,0.18065489241885863,0.08974982315258045,0.9204539674794816,3.6068917448727835,68.55151640005835,0.7333166114924741
Gene3S_296,3,,,122.32091904035005,0.34124008693633234,0.15004030722109973,4.2280805891274,3.1339516542802155,39.030888965147064,1.7998563057899166
Gene3S_297,3,,,146.32210076662633,0.35057304862552857,0.23101496282608674,2.5712407898342575,1.3730519596759532,106.56705286022755,0.8950773762213954
Gene3S_298,3,,,93.358345405949,0.28927156730814785,0.13591722020531743,4.799589572879065,3.5000185453183437,26.673671638347734,2.0240296018508612
Gene3S_299,3,,,223.68438243999702,0.21643236385365067,0.08055117994805716,1.4573308266505103,1.5225374305659707,146.91552269874057,0.7446103454136215
Gene3S_300,3,,,130.05291638137908,0.09088922040861244,0.44210617979652445,2.444610936409421,0.8829351296734742,147.29611724643357,0.6486560460095144
Gene3S_301,3,,,263.42645513360424,0.20798607883641523,0.29606022400924736,3.1375548376773255,2.5289145689581387,104.16581816052827,1.4002737102252438
Gene3S_302,3,,,120.59549065526562,0.32443470113005246,0.14262970821852405,1.9651599015808594,2.173396301732772,55.48711505541769,1.0320196350093411
Gene3S_303,3,,,239.20186954229447,0.3809058079251184,0.49994764340233006,2.3627801937655377,4.76538256048119,50.19573276780968,1.579586762789975
Gene3S_304,3,,,57.35549757819221,0.05256128452866732,0.22811320014302378,4.690888777630763,1.6747204299006235,34.24780432253736,1.2341202568632654
Gene3S_305,3,,,219.91014202674862,0.09581790406226155,0.35725704939982966,2.297700698519853,4.936241856866105,44.55011492616855,1.5678872586760606
Gene3S_306,3,,,95.08450658003734,0.47562090628471454,0.2568177308477037,1.58342164053002,4.7585985125571195,19.98161986751472,1.188086395422304
Gene3S_307,3,,,226.85319439636027,0.16659966928907174,0.3337323459328005,3.12797092835125,3.4577446240940843,65.60727267583994,1.6423006089009027
Gene3S_308,3,,,20.89906968152588,0.38843501841101963,0.26560362615684935,2.854779427260788,3.4548543368299027,6.049189819302889,1.5631409767546305
Gene3S_309,3,,,39.63220551333268,0.2929470783317094,0.26860361665650095,1.9754432590503612,2.1425823358159404,18.497401407092205,1.0278104724566175
Gene3S_310,3,,,130.39763117456783,0.43619664150260773,0.13543017052781003,2.052531874601711,0.7488653827263128,174.1269314650964,0.5486797932034908
Gene3S_311,3,,,232.7834336695861,0.4264929082922167,0.20850642996648516,4.9889788222659,3.191997122952677,72.92720660545446,1.946565563055095
Gene3S_312,3,,,99.97597188700898,0.08559794035178547,0.45955552003121897,2.912743792845426,3.8709321259332654,25.827363703233416,1.6620831621873802
Gene3S_313,3,,,223.60980741235772,0.2928772095732871,0.3301264517459966,4.24081681426104,3.8049940119744727,58.76745317039881,2.0055508304430005
Gene3S_314,3,,,121.62897794088389,0.15182510624619572,0.17672294599855376,1.6260171942894768,1.2634970599614057,96.26376015833318,0.7110080669818588
Gene3S_315,3,,,264.51679401143906,0.4792844268705659,0.25377522672873776,0.7279374486658495,2.4812414009780097,106.60663404502954,0.5628195309689435
Gene3S_316,3,,,144.91467556231865,0.48249799111779407,0.49570514745694955,0.6760525861902522,3.99570449598721,36.26761581289432,0.578220637470542
Gene3S_317,3,,,144.05600088756523,0.13567836312436177,0.20578904792172864,1.1267065418242812,2.9137977835029987,49.43925817473153,0.8125211013008871
Gene3S_318,3,,,281.4402442987018,0.40599006116006786,0.242980904170207,2.1405784161926507,3.4576382996991595,81.39667018472963,1.3220899245159041
Gene3S_319,3,,,274.25748557977744,0.12867201748143503,0.35381757683217036,4.058725870497947,4.545561073914648,60.33523279527432,2.1441853864027913
Gene3S_320,3,,,258.0169976165131,0.247330260303131,0.20717326512979573,4.966418689282718,2.975105094080488,86.725338923282,1.8605519475714694
Gene3S_321,3,,,298.0918146803381,0.18459430115783954,0.40692562142131,1.7439931826385373,1.3055517220348891,228.32631572475685,0.7466272424195302
Gene3S_322,3,,,203.32543523094702,0.14751205178348703,0.361509589672368,3.208707938429878,1.617538195496521,125.70054654476587,1.0754129616635872
Gene3S_323,3,,,185.0025951296238,0.34029841871101235,0.37485460066988163,1.2764291151761995,1.9347607318103173,95.62040002565101,0.7690560342608946
Gene3S_324,3,,,23.962509576434368,0.1733713190730029,0.34115267008143235,1.0907731772814562,2.4344796486936304,9.842969765343048,0.75326940577605
Gene3S_325,3,,,233.58587210906964,0.1817059044061231,0.15841426665345282,3.9942527659804674,1.274194950805408,183.32035608948377,0.9660258543398386
Gene3S_326,3,,,291.0126261560772,0.3051783843335786,0.4209767864893017,1.0833654683167193,2.442220803258689,119.15901533873391,0.7504617616612457
Gene3S_327,3,,,40.64456468808118,0.23632900713540045,0.3449779797206262,4.874645700119449,2.534301505419629,16.0377779049424,1.6674193503449553
Gene3S_328,3,,,181.8562225697656,0.22860387552350353,0.08475432632100574,2.2435987086057896,1.059004579197776,171.72373580058218,0.7194267973601884
Gene3S_329,3,,,118.0552078979788,0.15873024643967681,0.2643054291063981,2.417220240315488,4.744559437294751,24.882227624761597,1.601368042508063
Gene3S_330,3,,,246.99922776428784,0.05363133253571083,0.2826517140916441,2.805147255094411,2.051840469786425,120.3793527817481,1.185037926332052
Gene3S_331,3,,,275.4509274417536,0.32629183113309396,0.3298839871465605,2.3515108875755093,1.7793109462370094,154.80763945407816,1.0128902263976236
Gene3S_332,3,,,218.54652273611947,0.26751601756596805,0.43207683471163,4.181978667759584,2.976148822333063,73.43265938051996,1.7387495408961469
Gene3S_333,3,,,21.80833151594154,0.1804070703755869,0.24588677218213167,0.6124152049948706,2.2383719016010994,9.74294374421968,0.4808542117375568
Gene3S_334,3,,,220.42328355856517,0.26441597295333863,0.3532146423130123,2.4170950541568192,0.672694801649805,327.6720483315319,0.5262387909550144
Gene3S_335,3,,,132.0885116248176,0.28069728134499683,0.31765341265906905,4.151480933853229,0.7196059953784435,183.5567136365391,0.6132985539166507
Gene3S_336,3,,,152.6598410830913,0.17637328587259754,0.31205204027462496,4.926235214369352,1.8980206847312173,80.43107343938655,1.3701268640815019
Gene3S_337,3,,,133.2428224817123,0.16575048052409647,0.4323599355051805,3.173405131974379,4.497220606751051,29.627815518254412,1.8605396012263404
Gene3S_338,3,,,110.56682182408517,0.46420351925809944,0.3128691708174813,3.7051852436591814,4.369846033064878,25.302223691056902,2.005080659618587
Gene3S_339,3,,,26.258597587664163,0.3989747272065758,0.13167333763422542,3.804971337049599,2.0216937900335488,12.988414821825424,1.3202212166978804
Gene3S_340,3,,,104.92818846853987,0.32300088083593215,0.49068937342942465,1.5674737354103778,0.701483344603646,149.5804416109504,0.48460886641683243
Gene3S_341,3,,,109.29331750106583,0.3420429922679377,0.14740918020964952,4.637986876441273,0.6675327151598289,163.7272826020182,0.5835447252720788
Gene3S_342,3,,,66.57498915459598,0.39655505703917265,0.2936216922056925,1.0367899856666594,3.46471666441306,19.215132319015794,0.7979958311895944
Gene3S_343,3,,,94.33592692836002,0.3420889047281316,0.1438340906768375,1.7282236813309804,3.0694895284689596,30.733425233548243,1.1056860343094006
Gene3S_344,3,,,31.90016524592469,0.22103491214010546,0.21451824339764064,3.859882800871217,4.942284115463067,6.454538933955198,2.167266042057686
Gene3S_345,3,,,144.65940389272902,0.24596284835179405,0.1751702636297256,1.6418908226086095,3.0704359112982678,47.113637304861676,1.0698155770682076
Gene3S_346,3,,,238.85830349230778,0.34836751439158453,0.09067525390388675,3.705223319559681,4.900526882182553,48.74135153931187,2.109931854437966
Gene3S_347,3,,,258.08707450961646,0.3444714572778281,0.19473361183260807,3.6104622528841133,1.2816439877517025,201.3718918639492,0.9458762773745462
Gene3S_348,3,,,259.24462473834546,0.158511109723097,0.1143641312090846,3.7156874266340125,2.2297851100522683,116.26439856003367,1.3935283438605728
Gene3S_349,3,,,214.50353459502097,0.1596798880446126,0.21651678117620748,3.2147956546038294,0.6842004073035421,313.5098025451153,0.5641361164139213
Gene3S_350,3,,,234.0863233895354,0.32659825170392687,0.17039906043987718,1.6068102223476086,3.9072010297897446,59.91151251363489,1.1385777555313696
Gene3S_351,3,,,295.1324450951643,0.0763551188352311,0.497455742191142,2.7910596672086463,1.2813835438215264,230.32326778208645,0.8781995824271907
Gene3S_352,3,,,36.42870173179456,0.1258183360316088,0.48018819998984813,4.218759371051527,1.0853236949778517,33.56482669673766,0.8632443066619802
Gene3S_353,3,,,114.82931899099088,0.0524378186799679,0.45360188077586705,2.0226896286784224,4.916479266787892,23.35600594650995,1.43309836845758
Gene3S_354,3,,,191.93305849618702,0.14771604761967608,0.07053265329974243,1.1650459152760684,4.0942945685493415,46.878175295577535,0.9069656504832119
Gene3S_355,3,,,215.48403511725593,0.28335077587062485,0.1320170924553616,3.803517280531149,3.881682446599038,55.51305086948926,1.9211011798501523
Gene3S_356,3,,,161.74449127858907,0.2466397509165998,0.28700166064778093,3.7170488926217233,2.7652677281637956,58.49143995398641,1.5856422862492443
Gene3S_357,3,,,125.24540482719502,0.2532761753424247,0.44990866550846464,4.191300643191111,4.01750149746989,31.174949133452984,2.0512806036534466
Gene3S_358,3,,,149.2508566150064,0.45515660253737283,0.15968984502782624,1.3814714008752302,4.784985579075965,31.19149559565202,1.0719803531567271
Gene3S_359,3,,,101.7526851731811,0.37816070244010197,0.10284286173525586,4.197531519129846,4.095623681613931,24.84424670898577,2.0729757345584545
Gene3S_360,3,,,211.23589357417694,0.43098733922240257,0.08948924059773125,2.078038374527929,3.5836962432908237,58.94358205432166,1.3153315757281066
Gene3S_361,3,,,27.097255798318365,0.4546023045206934,0.20175728301419193,2.3615495871124454,1.1785875983199847,22.991295544721574,0.7862105083502372
Gene3S_362,3,,,96.74022822633856,0.07702105244739454,0.20815856279900374,3.4498484138647885,1.8995558727863338,50.92781402867433,1.2250298282992464
Gene3S_363,3,,,217.14318200904515,0.17166897234767534,0.4536337401542488,2.767441555435151,1.7157167477690078,126.5612067326394,1.0591073310390253
Gene3S_364,3,,,254.05059206382273,0.38796513599711,0.4944637895289909,1.5840887063415505,3.6364587296768343,69.86208587781766,1.1034232090325802
Gene3S_365,3,,,171.10805221528832,0.32943779582755256,0.2478105450727529,3.115583241891459,4.888915307189788,34.999185190148744,1.902907784755041
Gene3S_366,3,,,277.73789583726284,0.2650148887979244,0.13310225933408737,1.3182670266564025,3.3234675843922035,83.56870912223914,0.9438751022596472
Gene3S_367,3,,,154.3415796372612,0.09161698072401081,0.15330795809310324,1.8507989388108175,2.480569923814187,62.22020921705835,1.0599504055766225
Gene3S_368,3,,,278.18374897921285,0.25866824260121857,0.2017887747161869,1.5688011533404567,3.6089796359487067,77.08099713510452,1.0934745300478113
Gene3S_369,3,,,28.484849233857553,0.28446872914939336,0.3374566617788825,0.9971504391013988,3.7524581409802344,7.590983873418135,0.787804978010156
Gene3S_370,3,,,237.7464714192694,0.059346956663163516,0.36517693339069024,1.05146267039589,2.597311394894787,91.53560558298021,0.7484639844117575
Gene3S_371,3,,,196.71962459517994,0.465717572394566,0.3058250095647703,3.4390901067726216,3.0403187355631816,64.7036188324972,1.6137166737485051
Gene3S_372,3,,,283.52717821291395,0.4078072446362686,0.42438782221209714,1.6476132644255057,2.593150692601018,109.33694637257143,1.0074858023409914
Gene3S_373,3,,,209.6442426827725,0.14152524901027302,0.31160935662742134,4.941617880467155,0.7716687429929857,271.67647333964663,0.6674428064773523
Gene3S_374,3,,,252.86664508355037,0.15971801771172017,0.2436467930392902,4.097519122298497,3.4788570318826024,72.68670220308255,1.8814645579621814
Gene3S_375,3,,,39.59057599539803,0.3601457474323967,0.05382551879412719,4.678193423011311,4.4252516679760205,8.946513998718086,2.2741042584846256
Gene3S_376,3,,,169.53960588785014,0.06361940436682118,0.4156115740086968,3.471131309841814,1.6972403844676398,99.89133386136596,1.1398840074409018
Gene3S_377,3,,,142.90760062230797,0.14675734098670268,0.46249904472334574,3.100885716404202,4.783612802815542,29.87440800772908,1.881341797059138
Gene3S_378,3,,,222.82866940235328,0.25136750117716355,0.14426422955152635,2.4972906397493713,4.498308997464546,49.536096681652985,1.6058072983922935
Gene3S_379,3,,,234.5236770052711,0.13889348264956738,0.2188441257259089,4.275488517828292,2.1349459094128624,109.84993857280821,1.4239185854690266
Gene3S_380,3,,,189.05866937780056,0.09356501342328757,0.11700056410623896,3.342994396107037,1.9258997867893881,98.16641066925648,1.2219399310770376
Gene3S_381,3,,,232.95076974063855,0.4184965347001092,0.13547602658386215,0.6242082274860692,1.8996292243799093,122.62959884536416,0.46982589554419774
Gene3S_382,3,,,283.3944435470599,0.42909744072268247,0.2814956793050843,2.2017858368582472,4.684080711278818,60.50161408719393,1.4977552203048181
Gene3S_383,3,,,290.42654530224524,0.27094499133909283,0.14004968237199134,3.6930754658413023,2.4559829581028665,118.25267123457012,1.4750437842280608
Gene3S_384,3,,,53.076218311835575,0.19749670929297175,0.4734519286576442,4.661256294520708,1.9163547275111523,27.696447609554948,1.3580341717115614
Gene3S_385,3,,,49.37816248266755,0.15895400318753683,0.24246188435314825,1.2640198284116322,4.941120480733706,9.993312787089822,1.0065323185380906
Gene3S_386,3,,,44.4187094674751,0.0732162988610695,0.24115624533075675,1.0172238248723795,2.6272893959896257,16.906667965575913,0.7333054392935081
Gene3S_387,3,,,290.20544857119336,0.39796352201125534,0.09273659645470508,4.619784297504799,4.35258287615576,66.67430737757839,2.2411024466187746
Gene3S_388,3,,,245.60986340164624,0.3354589993704541,0.15025680360251126,3.7516574747084483,4.835638116372456,50.7916137417444,2.1126159792515384
Gene3S_389,3,,,114.96525057994862,0.47112989686620255,0.22633555743318795,3.830662125660422,4.821329330070245,23.845135378518854,2.1346396092200157
Gene3S_390,3,,,147.18167147862235,0.2576058993300919,0.2516368849998824,1.7950932661560068,1.3998434234452566,105.14152441162514,0.7865099522247377
Gene3S_391,3,,,89.47350343364134,0.32050143073938886,0.3416642441832113,4.642168387625285,0.8175283633974194,109.44391343416449,0.6951126587460451
Gene3S_392,3,,,161.02323553984974,0.26567073095925764,0.10212687569771865,2.1244368188518057,3.2348969671098,49.77692865554077,1.2823112902804614
Gene3S_393,3,,,122.83905286428717,0.39221133364545296,0.34877755194508103,2.8642327902798046,0.8799813476673131,139.59279158576877,0.673164337818899
Gene3S_394,3,,,105.34352651594727,0.41075166868657914,0.11422546770974558,2.165211017983347,2.3520063578460224,44.788793263476265,1.1273732602784212
Gene3S_395,3,,,201.78982626332194,0.1805127678288353,0.436754338553378,1.4629452657724835,3.2715926910401834,61.67938533912181,1.0109035100259671
Gene3S_396,3,,,220.42270251690843,0.06621302517121257,0.17622965297248072,2.693466175528803,0.9937149722221874,221.81682743894848,0.7259034906461186
Gene3S_397,3,,,230.9914276806788,0.4276978903815048,0.3786331628994938,1.1897233750155751,4.387216025090986,52.65102660995325,0.9359207769397551
Gene3S_398,3,,,202.7618944358685,0.26584364136449923,0.23623925918769073,1.4620778177724356,0.7595214480870713,266.9600640594733,0.4998558823977986
Gene3S_399,3,,,126.01089626298693,0.24200705824675306,0.28102578087853297,0.9731851447549009,0.7715840754522852,163.31453729021322,0.43036875677486003
Gene3S_400,3,,,98.94856611000692,0.39097963894397014,0.2399268566342892,2.5897769899748875,4.318906735549552,22.910558659566973,1.6189777575502968
Gene3S_401,3,,,207.788418865746,0.0636310798212876,0.4701668411790104,4.848201681394441,4.2982832335385766,48.34218863113017,2.27835547685959
Gene3S_402,3,,,209.83326706594053,0.08387651035741184,0.12722544767960653,2.9532315922155803,2.9661385714840094,70.74290765888169,1.4798355051208663
Gene3S_403,3,,,215.43616033642786,0.45341328451774016,0.47271878250329186,4.671652716383567,0.880986939471122,244.5395620345512,0.7412087374586185
Gene3S_404,3,,,190.72275713112091,0.2027352283082856,0.3583902023549831,3.8795520433780357,2.6345861327324207,72.39192325563322,1.5690508457713421
Gene3S_405,3,,,146.20519372126978,0.052489875681009324,0.24878028084387455,1.3125521085872782,2.4012689883770446,60.886637202642625,0.8486651865260294
Gene3S_406,3,,,214.82215964567754,0.05723583934820708,0.45258177129694455,3.7336550336689256,2.755177096696192,77.97036346711674,1.585320844962319
Gene3S_407,3,,,30.223865795306928,0.39540399537330345,0.11489857549998707,3.5045515597589065,1.9500436937482828,15.499071068101056,1.252893817213922
Gene3S_408,3,,,286.31480988591414,0.13475264952808874,0.08223762312189434,3.366174467955929,3.8897569317112035,73.6073782790219,1.8045375223202247
Gene3S_409,3,,,143.31503423449482,0.4704620949163719,0.3076477304130987,1.910262253298633,2.7734851200196102,51.67326595697816,1.1311634707371963
Gene3S_410,3,,,164.09175841501363,0.37139407903375465,0.06011721402927769,0.7014010106632735,2.5995895388850743,63.12217985205086,0.5523659345626244
Gene3S_411,3,,,108.40999773474027,0.33964323004452185,0.3271960991918181,1.0247177406502046,1.2503848347972844,86.70130564428669,0.5631796722856488
Gene3S_412,3,,,158.8379625165939,0.10248422139821942,0.4343428066174498,4.512220982280314,2.6258160111859317,60.49089572153832,1.659876813769106
Gene3S_413,3,,,68.43789894508132,0.06000012404578112,0.16522447245872485,0.5862575880194403,1.3918345881586043,49.17100029510301,0.41250534146112006
Gene3S_414,3,,,281.8632598974831,0.09307448912258676,0.08638389257334264,4.6083918646156805,3.5074147056697114,80.36211385036765,1.9916124485546125
Gene3S_415,3,,,232.24685178486988,0.29816468205052327,0.4764412259411253,3.1944998576493187,1.00940266728465,230.08345362275196,0.767034120754811
Gene3S_416,3,,,35.92838224849611,0.2057821932166104,0.058568233637797985,3.961527625126886,1.0485315310799388,34.26542853841653,0.8290893374070754
Gene3S_417,3,,,123.5376847491948,0.16654462557228789,0.4999924298976291,2.2933012914524555,1.408422633609604,87.71350431410193,0.8725495228587646
Gene3S_418,3,,,109.92727329590795,0.26142892837707826,0.4569939296881996,0.9389586850760099,4.96504562177071,22.140234283830004,0.7896289477556542
Gene3S_419,3,,,195.49725236772855,0.32701195339982,0.49345413774828834,2.8052506450638113,4.273182153657091,45.74980549341136,1.6935029735943634
Gene3S_420,3,,,239.68834228009072,0.32410101692207205,0.20138284768779458,3.568575328988304,0.7961092536770416,301.074684376581,0.6509006064571811
Gene3S_421,3,,,220.9414187767946,0.2402191992455434,0.13997997615276453,3.9695775294415148,3.542588805284517,62.36722095638476,1.8719741138454624
Gene3S_422,3,,,247.0626312479098,0.1538413033765084,0.14334925713324426,1.0548808328202928,2.5319886689279993,97.57651536114966,0.7446455229186495
Gene3S_423,3,,,268.3004569981217,0.40692568437628046,0.1998108957748846,1.7644204973466695,0.5443739092138271,492.8606100641292,0.4160199283696782
Gene3S_424,3,,,102.21691611622991,0.058920732069974224,0.3512299857891323,4.346979335901789,4.022235397711183,25.412962198680745,2.0891534886493677
Gene3S_425,3,,,28.106689678873376,0.44460516086727736,0.30792493047763536,1.1500737764317486,1.9317217943772809,14.55007121661325,0.720885771956566
Gene3S_426,3,,,163.54831915697454,0.2910951572082543,0.22368368053934418,0.9083509219679343,2.4293195041291122,67.32268805276193,0.6611421529449123
Gene3S_427,3,,,57.876500476518274,0.30448558417556604,0.4012966013817087,3.2938814477838174,2.3369857134817975,24.76544898954046,1.36706366264967
Gene3S_428,3,,,228.92731646874748,0.15140947760463097,0.11747439749516572,4.772124178533767,3.302650838682919,69.31623342903623,1.9518388917250804
Gene3S_429,3,,,209.27458587312077,0.28358960237632674,0.21082036408644977,3.1427759962828157,1.9782222533041987,105.78921833660104,1.2140424796080183
Gene3S_430,3,,,121.58851509671523,0.2753604179026713,0.34617564672961754,2.8860648479853657,3.738144648787109,32.52643397204179,1.628651369315175
Gene3S_431,3,,,255.34162101492564,0.08332044434154498,0.49240574104190066,4.915857940354399,2.5638868426888837,99.59161097263379,1.685044591678468
Gene3S_432,3,,,29.63803157118331,0.22174423108856067,0.4115415329259725,3.4102691193801373,2.93472756997353,10.099074229043561,1.5773390114556112
Gene3S_433,3,,,161.69283257028792,0.05852687658820727,0.12075065593981324,3.4556208337215426,4.2276336944017485,38.2466514978349,1.9014206828946834
Gene3S_434,3,,,95.68959645554088,0.05089965799431508,0.30171854451016933,2.5597686481738227,2.6456922814948154,36.16807484560385,1.3010106590727992
Gene3S_435,3,,,295.06699765205343,0.1814765880423041,0.150674513090112,4.954114867911488,2.4833471588425287,118.81826372982107,1.654164691873649
Gene3S_436,3,,,54.06880193539003,0.1850962411429241,0.1891211342333176,0.8790626571794398,0.536382420376241,100.80271068068174,0.333120488528266
Gene3S_437,3,,,73.37131806157971,0.18583507445411634,0.37485569824793746,4.628847731732824,2.629792737910052,27.900038282062237,1.6770234316897228
Gene3S_438,3,,,196.50889394633307,0.34955098335948026,0.1696138999595725,4.57849251887695,4.428277138489688,44.37592494794817,2.2510660893282726
Gene3S_439,3,,,217.44597503133832,0.14119582194062869,0.43483044270259097,2.185256192853275,2.4162648218035736,89.99260886852213,1.147480941323819
Gene3S_440,3,,,140.82963007908035,0.1571474250755798,0.1698267863439239,0.7511609432727476,1.07475269848909,131.0344512528897,0.4421415297620615
Gene3S_441,3,,,124.62526955847576,0.441281253904957,0.1492632757476342,3.3728422182295077,3.5624276261690544,34.983242506597854,1.7325218147978376
Gene3S_442,3,,,296.1492377511686,0.32663348722319185,0.47063934578437433,4.068309369108238,4.359850418426117,67.92646749979026,2.1045187505139173
Gene3S_443,3,,,154.58088173815364,0.4472938239069085,0.4972045952187073,0.5858865755379197,0.5393666983734136,286.5970075726374,0.28083251583953517
Gene3S_444,3,,,64.10975279653408,0.24980749124543505,0.38748584652188345,1.116075213993987,3.2879105154861747,19.498630663631165,0.8332350869350931
Gene3S_445,3,,,152.2317581341196,0.09910209591622521,0.20672060226730266,3.804209852007277,3.3040638888584333,46.07409640214804,1.7682707301204634
Gene3S_446,3,,,22.56861200562117,0.2848374691239764,0.3833099530991223,4.9291636401589995,2.981888971579029,7.568562149941549,1.8579346414521338
Gene3S_447,3,,,229.19792791886755,0.0782137166756073,0.3453434401710126,1.9186921192662616,2.798039241600823,81.91376465032639,1.138198347864003
Gene3S_448,3,,,66.99195474748282,0.24035257774022684,0.10112170561739924,1.4350977096452355,0.7845402224603413,85.39008304430087,0.5072412306944871
Gene3S_449,3,,,147.18403246714536,0.07986475802545936,0.05028150928069496,2.850631148583954,0.5173277109045444,284.5083094617045,0.43786475674293057
Gene3S_450,3,,,36.47064613794971,0.3983668583468673,0.3102526578482372,3.3878007011693816,4.810219267418106,7.581909287375457,1.98780489305704
Gene3S_451,3,,,149.09186249352197,0.38750572225617536,0.27491930666371145,2.7649784348493696,3.9659486860595687,37.59298828489245,1.6291607966768618
Gene3S_452,3,,,271.8157864836633,0.37783508976644614,0.06447706503051809,4.536139362991007,2.647872793387147,102.65439758378943,1.6719236750751607
Gene3S_453,3,,,246.0654403835397,0.4137886260663947,0.08869364642586608,3.661092814591849,4.28257387805695,57.45737198938463,1.973761118076941
Gene3S_454,3,,,29.85190947472975,0.17864773585149718,0.3101949795303867,1.5619182346312748,1.9336549354014292,15.438074771356481,0.86401020839166
Gene3S_455,3,,,26.69429500100179,0.4464432296975628,0.22268245168142864,2.2228966840920155,1.0393902285987908,25.682649563666338,0.708232339602582
Gene3S_456,3,,,139.71326489229943,0.4331537206740483,0.40486164659531015,0.9017850352968333,2.027202671999751,68.9192387234169,0.6241409032100181
Gene3S_457,3,,,207.95553315507,0.298435871473768,0.3062195319953658,2.8572113831664794,1.0673016529902726,194.84232276080368,0.7770407192181394
Gene3S_458,3,,,193.67032735892636,0.14928141936667294,0.4512567270640599,1.8753732336460904,2.624979246222935,73.77975564477215,1.0938733886431606
Gene3S_459,3,,,122.43911195952056,0.3618989039236615,0.27771731757743956,1.044998939071775,2.2649270581439076,54.05874397556033,0.7150753143201197
Gene3S_460,3,,,52.32623750982874,0.2934435933725755,0.460437242177456,1.150182313337237,3.873095555890523,13.510185006989223,0.8868245241896553
Gene3S_461,3,,,171.466842996758,0.2966529391302374,0.16344510315290223,4.258965618513432,3.253495745231898,52.70234124266126,1.8444722505719795
Gene3S_462,3,,,93.83469997847963,0.468599998432373,0.2843620033054565,0.5798001925040479,4.322252256090709,21.709676904269596,0.5112231491629269
Gene3S_463,3,,,267.2585192135756,0.36187111311302234,0.1310769729357633,4.713048018505011,1.8348284436025963,145.65858739840903,1.3206777205497826
Gene3S_464,3,,,60.02825288453034,0.4585493273695465,0.4550289473997122,2.7216576365592964,1.15945412134985,51.7728573983115,0.813075572271588
Gene3S_465,3,,,291.3052763839411,0.35383272483945577,0.26683866239683934,3.50202908264019,3.9781672259000067,73.22600077930036,1.8624721526094163
Gene3S_466,3,,,167.32457792105933,0.4892631469534502,0.2853230938342499,3.4985767602631723,2.276934008171481,73.48679290684903,1.3792768683211487
Gene3S_467,3,,,76.70948438966062,0.399657081605603,0.12899830492611952,3.326905870299311,4.5750683972188995,16.766849745085977,1.9262049447939864
Gene3S_468,3,,,278.6720115412255,0.11858830083653518,0.11647072318410986,3.945936385307906,3.6261630371733435,76.85038115618076,1.8896488106005653
Gene3S_469,3,,,63.84834563826169,0.32528650689157873,0.3419515894311122,2.582062139522569,4.124519226182299,15.480191056682365,1.5879573149022606
Gene3S_470,3,,,57.40242380937181,0.15423599855510928,0.37391225801473305,4.130397802516146,3.0907703581410146,18.572206006238932,1.7678733982267367
Gene3S_471,3,,,130.05524723875948,0.2786318286082576,0.47057952909462586,3.016263743632827,2.832273874145015,45.91902231842588,1.4606873644198208
Gene3S_472,3,,,150.8153136127642,0.4959933162100228,0.18912498474728778,3.2827537742870465,0.5766906742876575,261.51855810579036,0.4905196882191387
Gene3S_473,3,,,25.926042004269885,0.17792689496602154,0.23114004381040887,3.6080708480311277,2.222196170130183,11.666855677620513,1.3752099509469324
Gene3S_474,3,,,32.819030097082596,0.33969111821434045,0.2697876237759241,3.1448721883854915,3.878326050179568,8.462163746022092,1.736650357628616
Gene3S_475,3,,,22.69046908561758,0.3604459092380219,0.12357514778115895,2.1135594348135496,3.9790814412863766,5.702438972518767,1.3803579257581018
Gene3S_476,3,,,88.39124020193742,0.31464412847048256,0.20532213406105487,0.6818381737190977,4.197226625644028,21.05943950271557,0.5865528446123232
Gene3S_477,3,,,262.65399771937905,0.06516085645571859,0.07431944494192091,4.554367645429502,3.4913387968174074,75.23016613535358,1.9763137730162281
Gene3S_478,3,,,247.07297871737666,0.1359251426383286,0.44211991778646426,3.5533064287926734,2.078941238530426,118.84558069184727,1.3115750059803961
Gene3S_479,3,,,130.96914476413565,0.1303515499842149,0.15650900607588297,3.4940967054677285,1.4686736439558217,89.17511749674678,1.0340369147545565
Gene3S_480,3,,,215.93488425099017,0.16567095029449763,0.4430129408343917,3.599541624545026,0.9940074486366174,217.2366862513625,0.7789121503815971
Gene3S_481,3,,,218.21005673339053,0.06068265095615532,0.3014236474426227,2.7688204732736628,4.44746479736958,49.06391993534142,1.7064502196464766
Gene3S_482,3,,,266.49756320496726,0.35494316784156155,0.4558084465294318,0.5894506561821041,3.8201387060031955,69.76122693822006,0.5106560003683203
Gene3S_483,3,,,150.73312127876522,0.20244039688716603,0.31293290400316853,2.9339390275827677,3.3751527880126155,44.65964379868003,1.5695591026789504
Gene3S_484,3,,,98.19448146786189,0.3250528931860221,0.3895398308642383,0.5363431257444445,0.8257470451619275,118.9159344174294,0.32515009706125425
Gene3S_485,3,,,134.32771308695322,0.4358074793476681,0.06878841436825779,1.2061499757284606,1.6052440522484093,83.68055492795945,0.6886850634917846
Gene3S_486,3,,,270.56927452551577,0.0725286279857595,0.19979642273230092,0.6631918564634613,2.2686922725130105,119.26221894598713,0.5131779339715804
Gene3S_487,3,,,160.71300641208177,0.21225778279469565,0.49533734924724765,3.498857718334593,2.4604431753385176,65.31872307515097,1.444589012730772
Gene3S_488,3,,,159.20413562816668,0.479695498450343,0.14213718231579361,4.4183785149327,4.469472519465928,35.620341088301515,2.22188932697684
Gene3S_489,3,,,200.22427374962592,0.15510715730138092,0.4943973618193779,2.2503498943892097,2.275772402181187,87.98079876428915,1.1314948755986756
Gene3S_490,3,,,266.69446937544683,0.07099858376223603,0.33667486985479644,0.7967637156018889,4.856843055125233,54.9110741995286,0.6844756764360378
Gene3S_491,3,,,153.42309829635494,0.08535274590319039,0.18288929697892714,3.7390073726873063,3.1946753364807963,48.024629152257894,1.7227374163876528
Gene3S_492,3,,,232.61406822076742,0.4623515249965917,0.20506967557873224,0.9027091313471682,3.8171462592927035,60.93925996534111,0.7300589740068425
Gene3S_493,3,,,148.624708357935,0.05817964363500397,0.24821868218775522,3.128277578750538,4.614273328022048,32.209775579472314,1.8643374732804936
Gene3S_494,3,,,53.76782508719951,0.48218988365317894,0.296228456885882,4.664045343008131,4.7942009438485735,11.215179696668507,2.364113801590721
Gene3S_495,3,,,45.34402227245597,0.18988193240063517,0.20894735367892753,2.5485600569842957,3.4118194472083876,13.29027604598399,1.458837773447327
Gene3S_496,3,,,64.07247192965033,0.08484451548402847,0.38441325814469535,0.8729588658745493,4.496433614339422,14.249620349184967,0.7310327197943113
Gene3S_497,3,,,283.4804593349949,0.31810121193430946,0.43907738649582573,1.1165558246728335,0.9240112240409676,306.79330722331827,0.5055997130387452
Gene3S_498,3,,,50.09586408982506,0.41818331053765745,0.48028133745084056,3.8379240444030707,4.241867064287721,11.809861867568207,2.014899071051508
Gene3S_499,3,,,238.03380252476336,0.33437081458700163,0.2794945291857747,2.969474025919632,2.427388834233362,98.0616698766109,1.3356033460259105
Gene3S_500,3,,,21.654160115105825,0.29709284125645025,0.2373486546574622,1.0498522073912713,2.2018979836894177,9.834315792788422,0.7108994611478636
