gene_name,Cell_1,Cell_2,Cell_3,Cell_4,Cell_5,Cell_6,Cell_7,Cell_8,Cell_9,Cell_10,Cell_11,Cell_12,Cell_13,Cell_14,Cell_15,Cell_16,Cell_17,Cell_18,Cell_19,Cell_20,Cell_21,Cell_22,Cell_23,Cell_24,Cell_25,Cell_26,Cell_27,Cell_28,Cell_29,Cell_30,Cell_31,Cell_32,Cell_33,Cell_34,Cell_35,Cell_36,Cell_37,Cell_38,Cell_39,Cell_40,Cell_41,Cell_42,Cell_43,Cell_44,Cell_45,Cell_46,Cell_47,Cell_48,Cell_49,Cell_50,Cell_51,Cell_52,Cell_53,Cell_54,Cell_55,Cell_56,Cell_57,Cell_58,Cell_59,Cell_60,Cell_61,Cell_62,Cell_63,Cell_64,Cell_65,Cell_66,Cell_67,Cell_68,Cell_69,Cell_70,Cell_71,Cell_72,Cell_73,Cell_74,Cell_75,Cell_76,Cell_77,Cell_78,Cell_79,Cell_80,Cell_81,Cell_82,Cell_83,Cell_84,Cell_85,Cell_86,Cell_87,Cell_88,Cell_89,Cell_90,Cell_91,Cell_92,Cell_93,Cell_94,Cell_95,Cell_96,Cell_97,Cell_98,Cell_99,Cell_100,Cell_101,Cell_102,Cell_103,Cell_104,Cell_105,Cell_106,Cell_107,Cell_108,Cell_109,Cell_110,Cell_111,Cell_112,Cell_113,Cell_114,Cell_115,Cell_116,Cell_117,Cell_118,Cell_119,Cell_120,Cell_121,Cell_122,Cell_123,Cell_124,Cell_125,Cell_126,Cell_127,Cell_128,Cell_129,Cell_130,Cell_131,Cell_132,Cell_133,Cell_134,Cell_135,Cell_136,Cell_137,Cell_138,Cell_139,Cell_140,Cell_141,Cell_142,Cell_143,Cell_144,Cell_145,Cell_146,Cell_147,Cell_148,Cell_149,Cell_150,Cell_151,Cell_152,Cell_153,Cell_154,Cell_155,Cell_156,Cell_157,Cell_158,Cell_159,Cell_160,Cell_161,Cell_162,Cell_163,Cell_164,Cell_165,Cell_166,Cell_167,Cell_168,Cell_169,Cell_170,Cell_171,Cell_172,Cell_173,Cell_174,Cell_175,Cell_176,Cell_177,Cell_178,Cell_179,Cell_180,Cell_181,Cell_182,Cell_183,Cell_184,Cell_185,Cell_186,Cell_187,Cell_188,Cell_189,Cell_190,Cell_191,Cell_192,Cell_193,Cell_194,Cell_195,Cell_196,Cell_197,Cell_198,Cell_199,Cell_200,Cell_201,Cell_202,Cell_203,Cell_204,Cell_205,Cell_206,Cell_207,Cell_208,Cell_209,Cell_210,Cell_211,Cell_212,Cell_213,Cell_214,Cell_215,Cell_216,Cell_217,Cell_218,Cell_219,Cell_220,Cell_221,Cell_222,Cell_223,Cell_224,Cell_225,Cell_226,Cell_227,Cell_228,Cell_229,Cell_230,Cell_231,Cell_232,Cell_233,Cell_234,Cell_235,Cell_236,Cell_237,Cell_238,Cell_239,Cell_240,Cell_241,Cell_242,Cell_243,Cell_244,Cell_245,Cell_246,Cell_247,Cell_248,Cell_249,Cell_250,Cell_251,Cell_252,Cell_253,Cell_254,Cell_255,Cell_256,Cell_257,Cell_258,Cell_259,Cell_260,Cell_261,Cell_262,Cell_263,Cell_264,Cell_265,Cell_266,Cell_267,Cell_268,Cell_269,Cell_270,Cell_271,Cell_272,Cell_273,Cell_274,Cell_275,Cell_276,Cell_277,Cell_278,Cell_279,Cell_280,Cell_281,Cell_282,Cell_283,Cell_284,Cell_285,Cell_286,Cell_287,Cell_288,Cell_289,Cell_290,Cell_291,Cell_292,Cell_293,Cell_294,Cell_295,Cell_296,Cell_297,Cell_298,Cell_299,Cell_300,Cell_301,Cell_302,Cell_303,Cell_304,Cell_305,Cell_306,Cell_307,Cell_308,Cell_309,Cell_310,Cell_311,Cell_312,Cell_313,Cell_314,Cell_315,Cell_316,Cell_317,Cell_318,Cell_319,Cell_320,Cell_321,Cell_322,Cell_323,Cell_324,Cell_325,Cell_326,Cell_327,Cell_328,Cell_329,Cell_330,Cell_331,Cell_332,Cell_333,Cell_334,Cell_335,Cell_336,Cell_337,Cell_338,Cell_339,Cell_340,Cell_341,Cell_342,Cell_343,Cell_344,Cell_345,Cell_346,Cell_347,Cell_348,Cell_349,Cell_350,Cell_351,Cell_352,Cell_353,Cell_354,Cell_355,Cell_356,Cell_357,Cell_358,Cell_359,Cell_360,Cell_361,Cell_362,Cell_363,Cell_364,Cell_365,Cell_366,Cell_367,Cell_368,Cell_369,Cell_370,Cell_371,Cell_372,Cell_373,Cell_374,Cell_375,Cell_376,Cell_377,Cell_378,Cell_379,Cell_380,Cell_381,Cell_382,Cell_383,Cell_384,Cell_385,Cell_386,Cell_387,Cell_388,Cell_389,Cell_390,Cell_391,Cell_392,Cell_393,Cell_394,Cell_395,Cell_396,Cell_397,Cell_398,Cell_399,Cell_400,Cell_401,Cell_402,Cell_403,Cell_404,Cell_405,Cell_406,Cell_407,Cell_408,Cell_409,Cell_410,Cell_411,Cell_412,Cell_413,Cell_414,Cell_415,Cell_416,Cell_417,Cell_418,Cell_419,Cell_420,Cell_421,Cell_422,Cell_423,Cell_424,Cell_425,Cell_426,Cell_427,Cell_428,Cell_429,Cell_430,Cell_431,Cell_432,Cell_433,Cell_434,Cell_435,Cell_436,Cell_437,Cell_438,Cell_439,Cell_440,Cell_441,Cell_442,Cell_443,Cell_444,Cell_445,Cell_446,Cell_447,Cell_448,Cell_449,Cell_450,Cell_451,Cell_452,Cell_453,Cell_454,Cell_455,Cell_456,Cell_457,Cell_458,Cell_459,Cell_460,Cell_461,Cell_462,Cell_463,Cell_464,Cell_465,Cell_466,Cell_467,Cell_468,Cell_469,Cell_470,Cell_471,Cell_472,Cell_473,Cell_474,Cell_475,Cell_476,Cell_477,Cell_478,Cell_479,Cell_480,Cell_481,Cell_482,Cell_483,Cell_484,Cell_485,Cell_486,Cell_487,Cell_488,Cell_489,Cell_490,Cell_491,Cell_492,Cell_493,Cell_494,Cell_495,Cell_496,Cell_497,Cell_498,Cell_499,Cell_500
Gene2S_001,0,0,0,155,1,19,0,0,49,136,0,0,6,0,0,0,0,0,73,89,0,0,0,0,0,0,0,0,0,0,2,155,1,7,0,0,0,0,77,1,64,15,39,70,0,37,0,0,171,0,161,4,2,0,12,3,0,47,0,0,13,88,95,0,0,7,153,2,0,0,0,67,0,0,0,2,14,0,6,0,41,156,0,2,13,10,95,72,0,17,24,77,0,0,0,0,72,0,1,0,0,4,0,2,156,22,0,2,12,23,0,0,0,1,162,42,162,11,0,0,26,0,71,76,84,0,0,0,0,0,59,190,0,167,147,17,2,0,0,5,0,0,0,4,138,0,12,0,0,0,151,0,79,48,17,0,1,0,0,0,0,0,105,0,29,6,0,0,0,1,80,93,0,0,0,160,152,0,1,0,0,0,156,87,106,63,84,0,26,0,0,0,0,0,0,18,3,0,5,0,53,0,0,0,170,155,0,82,23,0,0,142,0,25,0,0,6,0,31,166,27,116,0,7,2,0,11,5,0,0,0,0,0,4,7,0,25,0,5,113,0,0,0,0,1,0,4,0,0,0,154,0,6,0,0,0,37,1,2,0,170,0,0,3,0,44,112,29,137,0,60,169,0,1,0,0,0,2,0,0,166,0,0,0,3,167,0,174,0,93,0,0,62,1,0,0,0,0,0,0,0,19,175,173,12,41,0,3,6,0,0,116,0,0,0,5,0,0,12,0,0,171,13,175,121,18,0,0,0,59,0,0,0,0,87,30,159,0,0,135,6,0,0,1,49,0,16,59,38,0,127,0,15,3,0,0,183,5,157,24,33,0,0,116,0,0,0,0,0,0,72,0,114,109,0,0,3,0,0,154,0,172,130,5,0,45,33,148,0,0,14,0,4,5,13,102,0,16,0,0,84,0,135,0,32,0,0,0,48,0,6,0,0,0,107,0,0,12,86,0,0,0,158,6,1,183,0,46,0,146,1,0,0,26,0,0,0,0,142,0,0,56,153,29,24,98,100,0,0,193,0,0,10,1,13,1,129,16,0,0,0,46,0,7,149,0,148,0,0,27,0,0,150,2,7,0,166,0,0,0,167,0,6,38,65,3,0,0,0,0,0,2,163,80,0,0,0,160,194,177
Gene2S_002,34,82,0,0,30,205,76,124,0,0,30,1,6,27,201,175,12,175,51,0,166,94,0,0,157,201,2,3,91,0,188,97,10,165,171,173,159,0,173,0,0,7,24,7,211,0,28,86,0,0,58,191,0,0,194,198,0,0,197,149,195,18,0,0,27,110,65,10,1,8,71,214,0,228,0,14,136,0,8,34,0,180,152,93,1,5,169,137,0,0,211,192,163,0,173,105,16,167,24,199,38,40,3,28,143,0,1,0,203,196,108,0,188,3,0,0,204,182,62,194,80,144,10,1,56,221,196,0,2,141,0,112,231,4,173,0,13,0,183,197,0,0,193,181,8,145,163,1,2,178,0,198,60,61,182,63,193,0,139,47,51,4,207,184,171,0,192,108,125,19,168,1,198,196,0,0,15,28,0,205,203,187,180,0,208,187,0,0,51,0,199,109,1,53,126,50,160,150,206,206,182,0,1,54,45,58,0,6,0,13,5,0,155,0,0,71,0,77,82,179,22,22,37,0,133,157,0,101,135,176,0,205,71,178,194,179,121,12,168,167,0,210,4,189,184,161,2,21,178,159,21,0,18,77,1,131,0,203,0,45,59,16,24,190,62,98,5,121,192,25,201,0,0,0,5,136,51,97,0,36,1,104,164,67,111,185,196,0,134,159,0,0,0,0,144,0,142,27,25,0,0,154,55,3,0,193,46,104,12,0,0,21,159,0,198,1,126,200,0,0,2,77,0,5,29,17,0,100,194,158,0,64,74,204,176,142,208,64,24,0,202,5,2,189,0,176,125,21,191,17,196,3,173,214,219,1,46,0,0,170,201,201,2,19,0,80,3,0,196,20,186,230,46,6,186,0,23,0,135,24,102,119,0,130,174,0,9,0,52,196,135,22,151,86,67,0,67,20,3,156,0,215,19,0,200,86,96,15,0,0,2,0,0,208,1,0,199,46,35,0,1,163,167,19,193,0,70,21,75,182,0,205,0,0,0,59,24,1,156,10,2,0,137,79,8,176,151,183,170,184,0,3,12,178,104,47,177,171,160,177,52,189,27,48,7,0,68,34,0,188,0,0,36,69,85,193,141,156,0,94,191,0,3,199,199,193,0,10,133,220,2,5,14,80,19,23,0,0,0,0
Gene2S_003,0,71,0,36,0,4,64,0,2,15,124,134,0,0,83,136,0,0,0,0,135,0,134,0,0,0,0,0,110,0,0,50,0,94,24,0,137,107,110,0,0,0,129,110,0,0,0,0,0,0,0,0,29,0,7,111,95,0,0,134,125,0,121,142,4,0,0,0,101,123,0,0,128,0,12,0,2,0,0,0,0,0,0,0,0,66,0,0,114,114,1,0,1,3,0,0,56,0,122,0,0,0,8,0,0,0,46,0,0,40,111,0,0,85,0,0,0,0,0,0,0,36,11,131,55,74,6,0,2,0,42,39,83,0,0,56,0,0,0,0,0,81,0,136,95,0,0,0,76,0,0,0,0,118,0,113,0,21,0,25,0,0,0,19,115,0,0,0,112,0,62,0,0,0,131,0,0,17,34,0,10,92,0,119,136,0,0,105,0,0,0,140,4,0,138,0,0,0,54,23,119,63,0,88,0,28,8,0,0,0,0,39,0,0,0,117,0,0,0,110,0,106,0,0,75,37,24,0,136,0,23,0,90,130,0,0,85,83,0,3,0,123,56,1,0,0,0,6,127,0,0,1,0,0,122,114,120,0,0,0,137,0,0,0,22,0,0,0,0,0,0,0,1,0,0,0,0,106,0,0,92,0,0,16,0,0,0,0,148,0,0,0,0,0,0,0,0,0,47,0,106,71,82,0,0,5,0,12,0,103,6,0,0,0,0,0,139,0,0,3,0,6,0,0,0,0,130,137,0,0,0,0,0,0,0,73,0,0,71,0,0,0,0,129,82,61,0,6,0,0,2,147,0,16,0,0,0,3,0,0,0,0,0,100,0,0,116,81,138,0,4,122,0,0,0,0,0,0,110,0,67,24,0,0,53,118,0,0,0,0,0,94,107,26,0,137,0,28,50,0,0,0,124,33,0,128,0,0,0,61,0,93,0,136,13,0,0,30,27,0,0,9,0,0,0,0,4,0,16,14,0,18,0,70,0,25,0,0,0,0,0,86,0,2,0,0,0,0,70,0,0,0,0,0,0,0,107,0,0,0,20,86,17,117,98,75,0,0,0,0,0,100,1,131,0,6,0,126,0,0,0,0,0,0,0,4,18,0,0,0,0,0,0,111,0,0,0,113,131,7
Gene2S_004,0,17,0,19,0,1,0,1,33,0,0,6,0,2,0,0,0,0,0,0,0,0,0,0,0,0,0,2,10,6,10,0,42,0,6,3,0,1,23,0,1,5,0,0,0,7,0,0,2,0,26,0,0,2,0,0,3,3,7,0,0,0,0,0,0,6,24,0,0,0,0,2,0,0,6,2,0,0,2,0,22,0,54,3,0,0,2,12,0,0,1,0,27,1,4,34,0,27,0,3,0,29,17,6,9,0,0,0,18,9,49,0,10,1,0,3,0,43,37,8,0,0,2,0,1,3,0,4,1,4,2,0,2,2,0,0,0,0,0,0,40,0,0,4,0,0,0,28,8,0,0,3,0,12,0,11,39,26,2,0,0,3,0,0,0,31,28,0,1,0,0,0,0,16,1,0,6,0,0,0,34,0,25,7,0,18,6,54,12,1,0,6,0,23,0,0,1,10,10,10,14,0,0,8,4,4,21,0,0,0,40,5,0,0,0,4,0,0,0,0,6,3,0,0,0,11,24,0,21,46,0,11,0,0,9,21,0,0,0,0,3,0,0,11,0,0,0,0,2,0,28,0,14,4,0,0,1,15,4,8,0,27,28,27,0,0,0,11,1,5,0,24,1,0,5,0,16,10,9,0,5,0,28,0,7,0,25,2,9,4,0,0,2,0,50,1,0,0,37,0,37,10,8,6,1,0,19,19,33,2,27,3,1,0,0,0,1,0,7,47,8,43,41,0,0,0,31,1,0,61,0,0,0,0,0,2,19,0,0,0,0,41,20,18,0,10,6,0,0,1,12,0,37,8,1,0,9,0,1,0,8,0,53,0,8,10,0,0,1,2,0,0,0,1,3,3,0,0,16,13,25,0,0,1,0,0,0,1,1,0,0,6,12,6,3,0,21,0,22,0,32,39,0,0,1,0,0,0,9,3,0,46,0,2,0,72,15,2,0,0,16,22,0,60,0,0,11,0,6,39,24,39,7,21,13,2,26,0,10,1,26,0,0,12,0,25,1,32,0,5,0,4,8,0,1,5,19,0,0,37,0,0,0,0,20,0,0,6,11,17,1,4,0,0,8,14,0,0,2,65,15,0,5,2,0,32,0,1,11,0,19,2,10,0,0,0,0,0,0,0
Gene2S_005,26,2,43,2,40,0,0,0,27,1,2,0,37,3,2,13,0,19,0,1,0,39,0,6,0,18,2,28,15,10,24,0,0,1,39,5,13,11,0,0,0,7,18,26,2,5,0,38,5,2,36,0,32,21,13,22,28,37,0,0,0,10,1,0,27,0,0,0,0,24,0,10,0,29,10,21,2,21,0,8,10,5,3,0,13,9,5,9,0,11,0,2,2,0,35,0,15,0,0,31,0,0,0,0,0,32,0,0,2,0,0,0,22,0,4,36,0,6,3,1,0,20,18,24,4,0,3,0,0,27,10,0,23,6,0,0,31,29,25,0,0,26,0,0,0,3,0,28,0,17,34,1,0,0,21,2,0,0,23,0,40,5,21,5,0,28,1,4,0,0,23,6,0,24,0,3,0,2,0,0,0,33,30,3,34,0,0,8,0,0,8,20,0,1,0,3,0,0,17,6,19,4,1,3,13,0,15,0,0,0,15,7,24,1,47,1,10,17,0,6,0,24,11,6,2,0,0,0,2,8,0,1,2,7,0,1,0,6,16,13,18,35,0,0,2,5,0,1,0,0,34,34,24,31,46,1,2,2,0,4,0,0,18,2,6,1,13,5,0,12,0,14,9,0,4,0,1,0,37,0,3,3,0,0,0,33,17,33,12,0,7,9,35,27,0,0,0,9,0,0,2,3,12,0,19,0,0,0,0,12,1,2,0,6,0,0,3,0,27,22,6,0,1,0,0,2,1,0,0,1,15,16,0,2,3,0,0,0,0,6,0,0,46,0,0,20,0,26,0,25,12,0,15,0,32,7,3,4,1,0,20,0,0,8,2,0,0,2,9,30,3,17,38,5,0,0,0,5,0,0,0,0,1,7,1,23,7,2,6,14,44,27,0,13,0,1,2,15,4,0,0,2,0,20,28,20,0,44,5,0,4,15,0,10,24,0,10,12,0,21,0,0,18,20,0,36,9,0,0,0,0,21,11,41,5,9,3,0,9,13,20,0,22,0,24,7,1,0,6,36,0,9,0,0,6,34,0,1,8,0,4,0,0,1,0,32,12,6,0,0,50,0,0,11,15,0,2,7,0,29,0,0,1,8,0,12,0,0,31,9,37,0,19,22,13,23,41,23,5,0
Gene2S_006,112,21,124,121,150,64,61,18,83,25,114,33,56,67,62,24,94,12,7,49,7,5,27,202,80,49,129,34,49,20,3,37,138,16,15,98,12,9,87,82,25,95,61,39,26,2,60,97,22,30,67,61,27,62,91,37,48,52,77,60,22,79,144,55,40,110,49,73,26,32,67,170,53,49,23,61,146,51,24,66,52,135,71,110,184,13,164,33,42,23,20,43,95,139,69,18,157,40,121,11,63,30,68,51,2,8,57,4,12,32,132,89,29,120,10,49,2,23,40,94,51,104,58,100,228,2,36,129,98,53,43,15,74,82,42,62,68,43,30,43,86,17,85,24,11,174,33,20,57,57,72,126,40,5,57,51,64,49,100,10,32,33,87,72,116,80,43,29,94,34,26,134,37,37,46,53,42,10,34,31,52,31,78,142,29,64,30,105,73,46,33,13,39,152,46,1,104,15,59,212,10,92,51,79,10,47,45,29,0,91,29,12,42,65,155,12,37,13,19,61,90,29,12,29,24,53,21,54,39,32,55,12,34,134,52,38,92,19,44,24,132,76,1,42,12,57,92,73,1,13,98,46,102,85,77,105,33,66,16,65,32,79,46,74,42,41,34,92,78,42,0,39,37,84,115,19,23,14,15,121,1,55,59,23,55,65,16,61,119,156,144,34,81,101,49,14,40,68,43,46,128,113,32,42,106,30,118,92,1,37,111,9,90,20,28,17,71,40,115,30,35,47,83,14,6,18,73,58,46,16,106,82,19,50,37,6,50,66,82,82,141,64,67,90,11,27,10,56,125,6,94,84,44,24,34,5,48,32,109,20,13,16,70,43,27,116,33,2,69,27,19,20,47,23,41,94,0,59,201,82,25,30,1,2,27,93,26,57,156,72,29,88,39,62,85,93,2,49,13,6,84,38,13,36,165,152,4,38,121,257,56,2,63,38,3,18,101,34,71,77,20,104,100,72,18,180,63,4,42,125,88,37,6,12,5,40,25,81,26,88,4,59,25,22,43,144,107,175,106,21,21,63,25,30,59,31,17,64,76,30,22,47,37,104,143,27,36,37,160,2,14,129,49,89,10,102,60,88,57,5,61,96,69,11,21,4,110,75,53,46,46,141,8,37,42,72,60,105,23,46
Gene2S_007,28,50,5,15,31,46,42,25,14,54,9,113,67,144,33,12,0,15,11,102,83,91,0,3,2,18,28,7,112,20,6,15,109,10,42,103,92,34,43,33,3,16,55,44,78,8,19,45,38,58,43,6,55,11,8,0,2,104,25,9,6,21,14,27,55,95,7,95,55,6,102,148,3,0,10,33,13,26,45,32,164,43,1,81,33,42,60,7,38,98,93,36,58,18,73,4,54,3,13,75,4,19,4,146,31,0,26,35,1,19,13,12,203,36,1,75,12,11,0,6,4,1,45,9,0,24,40,63,16,17,0,20,81,42,25,58,2,17,53,22,90,83,18,21,15,33,137,36,4,20,18,26,126,54,19,9,19,0,62,1,1,3,71,101,21,28,1,61,6,22,8,1,78,40,114,46,1,1,181,10,105,24,89,52,33,28,4,143,17,96,139,36,9,65,3,10,8,8,58,151,15,61,0,34,48,5,52,14,14,42,1,39,20,47,0,31,3,54,133,31,4,58,109,15,40,52,20,95,12,6,49,10,82,15,37,18,50,56,20,18,92,25,34,6,26,39,40,13,12,3,34,52,60,24,62,30,46,12,26,7,44,7,72,79,7,21,1,155,49,25,60,6,8,0,0,128,83,11,16,70,11,123,51,3,11,80,5,0,9,154,52,6,20,31,15,36,51,14,7,13,75,61,6,105,8,78,58,0,30,113,36,92,110,6,68,42,14,42,0,43,41,79,54,28,7,73,8,112,30,5,0,15,1,58,39,9,46,0,71,66,56,0,9,0,106,3,3,19,0,53,32,21,25,125,55,0,84,39,1,26,76,9,72,41,24,5,34,5,18,0,62,35,30,57,33,2,0,14,20,70,31,3,35,3,10,57,21,54,63,126,34,4,3,9,25,0,12,89,29,6,62,4,43,48,63,23,30,25,21,1,34,68,8,2,56,40,17,24,30,5,0,200,63,13,102,78,47,65,19,13,106,28,131,6,99,64,57,19,24,54,136,15,0,91,47,3,82,60,97,16,2,32,57,44,7,93,17,59,76,136,1,16,2,35,2,38,104,0,59,2,140,1,21,2,11,2,12,39,63,63,46,36,0,3,60,2,20,5,0,88,108,23,3,86,124,3,0,15,41,147
Gene2S_008,0,0,0,0,23,4,0,39,33,0,6,0,0,0,0,5,0,0,1,9,0,0,0,15,0,9,0,11,11,0,15,0,4,0,0,0,24,18,0,0,0,1,11,0,4,9,6,11,0,24,4,19,3,5,2,3,0,2,0,0,0,7,0,0,0,1,0,10,0,10,7,17,0,1,1,0,0,0,13,1,0,6,4,17,0,1,0,1,0,7,0,0,7,0,0,7,24,1,2,5,2,6,5,4,0,0,4,14,5,1,0,0,0,0,1,1,0,3,14,0,17,3,3,0,0,11,2,0,4,0,0,0,15,0,6,11,0,8,0,1,8,18,1,9,20,1,0,14,0,0,0,6,0,17,0,8,0,1,0,3,1,0,1,0,0,32,0,0,0,1,1,0,1,24,11,5,0,0,9,1,0,7,0,3,6,1,1,3,0,0,1,2,0,9,24,11,0,1,10,14,13,1,24,12,19,0,14,0,6,2,2,0,0,10,0,1,0,0,0,0,24,4,0,4,0,8,10,11,0,17,2,0,1,2,0,0,13,5,0,10,1,0,4,11,37,0,13,3,0,8,0,2,0,0,4,3,0,0,14,0,1,0,1,0,0,0,8,8,1,0,0,0,1,0,6,0,10,0,20,0,0,7,0,22,0,0,0,9,1,0,0,0,0,3,13,0,0,0,0,0,0,2,3,1,0,39,41,0,0,3,3,16,0,0,0,4,2,24,0,0,2,0,0,0,0,11,27,14,0,0,2,2,2,13,0,8,0,1,16,23,1,0,4,0,6,1,4,0,0,14,0,0,17,8,4,0,9,1,0,11,5,28,35,8,3,3,18,0,21,0,3,1,2,3,3,10,1,1,0,13,4,0,1,1,0,8,7,1,1,3,1,9,0,2,9,11,2,0,3,13,10,13,0,0,0,9,0,8,6,0,0,0,17,0,8,3,7,9,0,4,0,3,0,15,0,4,20,0,6,6,2,0,0,3,0,13,0,18,4,0,4,7,0,29,0,0,1,36,5,0,1,11,0,5,0,0,16,0,3,2,1,12,37,2,12,0,11,3,0,0,7,0,3,9,4,21,9,0,4,1,11,2,0,8,20,35,12,4,6,0,0,0,0,0,0,29,17,11,0,5
Gene2S_009,116,45,0,8,0,33,0,124,54,0,0,0,30,25,113,101,106,0,20,0,121,16,0,0,11,0,113,0,126,0,86,68,23,124,126,0,3,0,99,124,0,1,0,133,9,106,113,0,114,2,23,92,80,87,117,117,6,93,1,107,0,0,3,45,119,59,109,117,116,92,0,0,0,0,0,13,103,4,134,0,113,124,0,0,0,120,131,12,0,118,128,0,110,106,111,0,0,111,4,107,106,9,0,0,0,0,122,114,104,129,0,0,116,0,102,0,38,0,0,95,0,0,0,0,4,115,64,48,0,135,0,0,98,0,10,116,61,59,0,48,133,84,0,114,94,0,64,102,4,0,37,0,3,0,115,3,21,100,18,100,15,35,0,116,104,0,0,47,103,136,0,117,98,118,118,123,110,83,0,0,23,0,0,0,0,122,0,129,2,134,0,8,0,0,0,0,0,5,130,125,0,141,0,0,0,83,77,111,2,117,75,0,0,118,0,56,123,121,47,0,106,0,13,120,113,0,55,0,0,5,114,3,0,0,135,0,0,43,66,123,43,140,121,1,28,0,47,0,114,2,49,110,130,46,0,0,7,118,0,118,0,0,0,0,0,0,115,115,0,17,0,108,135,0,0,110,113,62,0,0,41,0,0,3,31,116,114,76,0,95,0,31,7,117,135,40,25,0,48,134,4,0,101,106,0,122,90,0,0,117,7,0,0,118,0,5,0,59,0,0,0,10,100,129,89,19,126,100,114,145,56,0,0,0,46,0,70,1,123,31,0,102,111,0,0,1,0,0,0,18,125,1,0,127,0,0,84,69,106,0,0,5,16,103,63,114,0,81,0,0,109,0,121,25,90,0,0,101,123,0,112,123,7,107,0,123,19,95,0,0,0,22,5,113,54,27,0,0,108,109,0,64,123,56,118,0,1,124,0,33,127,49,0,78,0,0,140,0,22,0,21,0,10,1,88,51,112,117,127,128,0,114,0,0,0,1,88,0,0,0,0,0,0,16,118,123,21,122,0,0,0,28,118,94,27,106,8,0,1,104,0,126,109,0,119,103,3,24,106,107,0,0,0,95,9,0,128,19,123,99,26,71,0,146,0,0,4,0,124,33,78,127,149,123,0,108,124,110,122,0
Gene2S_010,154,262,57,107,232,244,3,249,220,0,247,2,18,169,2,1,233,103,235,265,244,0,51,1,0,6,3,253,0,250,260,247,236,74,241,0,89,261,236,0,187,228,253,0,258,0,108,228,0,0,243,55,6,248,170,0,232,14,0,37,282,0,161,0,0,0,17,105,248,0,27,212,16,88,0,0,85,223,92,226,217,249,270,128,14,0,0,0,40,0,192,0,0,10,71,5,0,3,40,198,20,96,153,257,169,4,145,240,2,0,160,0,260,0,232,0,18,242,244,229,210,7,3,0,13,19,8,0,203,275,138,0,81,53,116,271,2,0,242,271,0,270,51,231,0,252,0,232,0,0,0,10,247,268,88,54,10,11,5,0,0,253,115,278,190,1,100,0,0,118,139,0,25,1,193,267,220,242,0,247,10,2,233,188,9,0,237,219,256,33,1,226,234,86,20,228,1,210,271,265,1,138,0,189,179,0,232,74,261,109,3,38,0,161,0,66,264,0,0,185,33,278,0,0,241,238,1,14,83,236,29,237,0,0,130,209,0,7,246,250,43,259,66,129,239,69,130,0,92,218,28,232,0,232,33,24,0,142,186,45,0,265,0,232,0,0,78,0,80,3,23,0,13,46,18,33,215,0,1,0,192,19,0,55,0,144,64,1,0,254,266,239,0,0,230,118,1,22,190,197,0,122,14,141,23,0,190,5,0,0,105,15,15,2,0,228,1,1,257,243,204,0,123,7,161,45,0,0,9,0,277,139,291,0,64,0,228,1,144,177,127,0,118,29,272,0,0,231,190,128,0,0,41,1,275,5,0,175,182,30,12,96,176,53,200,0,122,45,164,13,5,0,210,1,156,65,130,1,0,0,0,131,171,25,68,0,229,0,280,73,0,221,229,108,0,0,65,0,0,216,58,0,126,177,0,45,199,0,116,184,10,234,0,1,0,0,240,3,76,6,288,0,209,250,198,0,0,0,3,244,0,260,4,245,6,1,0,0,0,0,0,242,0,226,211,1,172,253,1,248,0,4,174,0,203,20,75,259,220,128,0,25,69,102,3,232,0,229,254,44,0,0,244,240,12,51,219,95,39,1,121,60,104,229,110,1,234,270,234,12,13,0,254,57,54,2,233,115,0,0
Gene2S_011,140,29,13,1,78,0,109,76,146,98,44,158,26,92,106,0,0,1,0,7,30,0,148,10,110,0,190,149,3,93,110,2,2,0,0,0,155,15,125,14,177,0,0,137,35,0,1,88,58,61,151,8,196,174,73,0,0,0,0,0,163,146,0,11,128,0,148,61,2,1,183,11,140,2,6,181,76,0,26,142,0,12,150,0,22,0,0,180,6,121,0,165,189,12,92,193,168,0,13,44,1,187,0,161,114,0,0,24,135,17,0,14,0,43,0,0,17,78,41,82,30,181,54,30,155,54,0,106,2,153,101,164,160,151,43,26,4,16,137,0,2,5,18,45,160,0,32,43,0,0,92,0,0,0,0,29,160,0,1,141,163,0,159,20,201,0,1,0,0,183,116,11,5,189,55,0,161,179,26,90,0,0,0,0,4,12,12,14,2,0,6,185,100,48,21,179,10,184,47,170,21,0,181,0,78,0,151,171,3,85,120,203,0,0,0,0,134,148,71,183,1,211,2,0,93,135,0,152,34,46,0,0,0,155,161,154,3,0,89,50,29,100,1,153,177,0,0,1,1,20,136,149,140,168,8,142,0,169,18,0,0,0,136,28,6,195,0,175,155,164,66,51,161,54,142,0,0,72,120,0,18,203,60,5,167,5,0,25,194,0,39,0,0,102,6,0,0,73,9,75,130,162,52,11,16,162,91,57,158,65,5,0,6,7,18,152,160,23,177,169,2,97,83,6,123,185,172,185,16,133,142,143,0,0,0,0,0,94,25,195,3,88,25,0,0,7,0,0,188,0,167,0,0,42,118,95,42,182,4,122,0,146,185,0,184,15,1,147,163,0,188,16,132,0,0,0,157,161,0,160,159,0,86,152,164,0,2,169,41,158,83,0,71,183,148,171,175,185,2,0,112,51,0,0,72,180,170,169,0,19,50,29,1,149,10,105,0,63,157,150,63,2,4,0,21,0,178,4,0,190,1,0,150,188,129,0,0,0,62,0,0,1,0,167,0,0,97,0,170,138,0,21,0,0,183,0,2,0,52,5,0,174,2,149,5,0,93,0,1,58,7,170,24,19,170,135,0,6,20,0,0,20,191,171,11,0,168,120,0,8,172,187,76,18,133,0,168,6,22,0
Gene2S_012,42,35,51,19,7,2,25,9,16,35,13,13,53,2,45,52,60,36,16,49,51,11,21,5,30,29,24,79,24,44,83,32,33,58,38,7,43,34,46,29,68,33,38,16,28,15,67,7,48,76,7,54,77,11,37,0,76,2,18,45,16,50,18,40,45,24,6,29,8,11,40,67,31,38,14,83,5,35,13,82,18,37,62,36,29,53,72,22,15,16,13,74,18,26,10,37,30,33,66,36,58,50,58,52,30,46,15,49,70,36,71,36,53,4,2,15,60,3,45,46,21,25,22,11,35,9,30,9,36,42,4,34,3,55,56,1,76,23,22,61,19,71,45,8,45,44,28,35,15,33,11,24,68,1,35,8,14,36,19,24,71,15,20,55,33,20,38,37,57,51,7,56,14,74,14,20,55,13,55,60,56,38,78,34,48,70,28,26,10,48,33,0,6,33,55,68,34,23,23,31,35,58,28,49,5,1,9,53,67,2,46,31,25,10,15,33,16,15,63,38,43,40,28,16,49,70,38,28,38,42,24,11,13,54,6,21,43,44,24,27,6,66,58,40,14,15,21,25,28,24,61,94,6,12,40,16,49,39,31,67,44,25,35,11,41,3,30,63,71,57,27,4,21,49,60,3,49,13,55,12,15,31,47,18,28,13,51,27,58,36,15,36,40,29,34,30,23,80,81,40,48,19,29,35,9,7,26,32,24,9,2,59,28,41,37,61,53,44,35,51,26,17,60,48,21,67,47,29,70,15,53,32,15,58,19,4,74,45,19,10,33,19,28,19,71,14,21,62,65,9,41,1,27,6,67,59,30,37,44,17,21,30,22,19,11,28,70,23,5,6,23,17,52,0,36,47,31,29,15,38,34,7,46,14,18,21,22,50,48,46,39,17,59,41,56,18,37,60,37,24,87,5,44,5,55,69,23,43,43,48,2,32,60,8,23,44,63,41,20,33,52,40,47,40,16,38,51,63,42,34,51,45,40,56,11,18,55,28,44,23,6,15,4,9,13,52,58,36,26,16,47,28,13,35,36,20,14,14,61,62,29,51,12,28,43,22,12,27,4,8,26,11,16,33,6,16,64,39,16,51,39,67,60,36,1,59,5,14,64,56,6,25,58,50,36,24,11,52,31,42
Gene2S_013,5,8,1,30,2,8,2,17,0,25,2,15,3,9,6,25,11,5,16,37,18,5,25,0,4,6,10,2,20,19,14,7,8,0,34,28,21,19,1,2,10,14,0,14,5,38,16,11,1,2,9,0,0,18,0,21,35,27,1,7,17,7,11,33,10,35,3,9,10,12,4,29,0,19,0,16,3,1,1,16,17,7,0,9,15,0,36,33,0,18,31,0,6,0,0,7,10,0,5,2,0,14,1,11,21,6,1,2,11,17,23,1,1,30,20,19,15,2,26,0,12,14,2,2,2,11,0,0,10,7,13,1,11,39,17,10,8,27,48,7,12,3,33,15,4,15,7,5,27,13,3,0,30,2,0,1,3,22,2,0,4,3,0,4,15,41,1,0,16,9,0,5,31,2,32,0,4,39,8,20,24,5,2,15,29,1,32,16,4,37,11,20,22,0,11,28,14,30,13,2,6,0,0,4,2,38,8,26,0,19,29,2,10,0,48,21,5,18,6,0,18,37,1,5,1,1,15,33,0,0,0,14,5,26,0,0,5,16,0,5,37,2,10,4,25,7,12,0,4,30,2,8,6,6,0,0,0,9,5,9,8,0,2,7,9,7,26,5,5,5,0,2,14,25,0,16,3,5,12,5,0,11,2,0,0,43,0,2,30,21,4,6,13,21,9,7,5,0,6,8,20,1,4,5,22,0,13,16,3,6,23,20,15,12,10,0,0,0,0,11,4,20,4,11,0,9,38,0,0,0,2,0,20,0,1,30,9,11,5,13,12,2,2,0,5,22,30,4,13,0,28,1,0,5,0,12,7,22,21,46,0,5,40,3,32,1,30,12,4,28,51,10,36,5,19,8,37,9,18,54,3,0,17,8,22,0,0,6,2,9,8,15,2,25,0,2,22,0,5,2,1,0,18,0,8,1,11,0,4,15,31,3,1,2,15,26,27,0,1,24,9,4,2,1,1,6,4,37,2,12,5,18,8,14,0,2,2,16,14,32,0,1,0,19,18,35,0,10,20,0,16,39,16,8,1,7,0,10,0,0,8,22,22,7,6,2,12,7,15,0,14,35,27,22,11,5,39,36,28,1,7,22,28,5,21,0,4,3,4,20,22,15,0,4,5,3,11,14,39,14
Gene2S_014,24,0,147,161,87,24,0,11,0,127,52,0,49,0,0,0,57,0,54,0,178,0,185,4,0,0,124,156,14,0,215,0,0,0,0,252,220,132,53,12,182,232,19,0,75,224,0,53,0,5,225,61,48,174,101,265,0,0,7,8,0,223,112,201,7,90,0,23,0,21,2,3,9,18,200,9,0,202,0,157,0,0,178,0,0,4,0,0,134,63,140,0,205,94,0,1,7,61,157,243,2,186,2,4,0,217,6,1,0,0,0,3,0,0,29,0,26,134,217,0,0,17,159,14,0,0,144,16,71,24,0,3,199,222,48,0,0,0,0,87,0,0,0,14,0,10,93,93,221,47,20,55,225,3,36,3,5,127,219,0,174,0,168,0,0,83,0,239,189,73,103,7,4,214,0,0,11,191,0,117,24,0,108,0,0,161,48,0,195,221,227,6,1,0,0,0,0,18,9,169,0,233,2,0,94,0,0,48,115,137,1,34,76,0,0,32,120,101,44,0,217,52,0,81,195,14,0,7,0,5,0,4,1,0,4,184,24,38,79,0,0,0,40,136,0,4,0,0,0,0,0,163,15,0,1,13,0,0,0,0,19,30,0,0,234,0,0,68,160,0,16,15,7,5,0,219,0,0,0,12,0,223,228,0,8,0,0,133,98,0,0,178,130,0,96,0,0,199,4,173,74,6,131,0,65,18,0,240,255,82,46,214,97,53,140,13,242,0,219,0,211,0,205,6,217,0,216,0,14,7,52,26,5,0,0,39,2,4,77,3,2,5,227,215,0,0,0,220,0,235,202,66,0,0,180,17,73,8,227,0,0,0,215,246,25,6,2,0,67,0,14,137,0,234,0,15,219,110,223,13,0,185,55,211,4,0,0,0,221,229,17,90,0,0,172,20,0,0,241,6,0,232,29,85,94,2,0,24,6,0,11,3,1,0,215,197,209,28,0,0,47,1,6,178,0,29,1,12,0,0,0,266,89,204,218,0,0,1,0,0,0,4,0,0,22,0,72,238,106,0,0,0,0,202,142,71,207,4,0,195,8,115,42,1,212,62,0,224,20,153,0,95,98,0,198,241,8,0,0,1,22,45,0,34,0,0,0,80,61,0,93,43,0,220,0,159,122,0,0,4
Gene2S_015,35,0,0,9,25,3,10,52,39,4,1,0,35,10,1,25,0,11,0,109,13,1,57,3,0,3,23,49,39,53,0,39,0,3,0,0,2,3,29,0,12,43,26,9,0,51,1,28,38,38,1,9,43,12,7,30,15,6,1,48,14,44,1,5,13,32,12,7,0,1,21,0,36,12,65,12,4,36,0,1,3,14,2,11,7,90,0,21,65,12,17,30,56,0,0,48,3,4,0,9,69,2,86,51,0,32,17,0,17,2,12,6,0,4,11,6,8,45,0,2,26,22,27,58,13,8,49,0,17,39,0,14,6,13,27,0,20,78,24,19,0,18,15,9,0,20,6,0,14,0,0,62,6,29,48,21,11,1,1,0,4,45,12,1,3,1,59,23,59,0,5,27,5,13,4,0,0,48,12,21,5,1,51,43,2,13,31,66,1,4,0,25,40,11,18,2,22,17,0,0,0,13,11,0,20,63,0,15,13,8,28,11,16,2,71,1,3,6,6,4,84,14,0,77,10,0,0,4,27,24,35,49,111,27,23,0,0,11,16,0,1,24,3,0,0,18,46,53,17,51,0,2,6,0,22,0,0,0,1,31,44,7,11,11,1,2,0,19,57,35,37,39,74,13,40,13,29,19,24,15,10,12,26,36,27,1,0,0,5,1,3,69,58,15,14,5,32,0,1,14,53,0,1,0,0,3,98,0,0,12,35,10,32,0,99,24,0,20,44,5,0,30,4,55,0,2,32,0,2,0,68,77,2,21,0,0,32,68,14,64,4,63,15,1,20,0,19,0,2,3,0,50,2,60,71,0,4,0,17,0,0,0,45,30,3,10,11,0,7,43,15,56,2,4,0,0,104,7,132,0,0,94,35,1,41,13,35,10,2,30,8,0,24,0,0,51,66,55,16,12,45,82,29,0,22,20,6,2,17,18,29,16,92,23,2,29,32,0,0,71,2,0,21,24,10,13,0,0,0,45,20,2,41,43,1,95,16,19,33,0,62,0,9,4,7,12,22,1,2,46,0,0,0,13,4,0,24,0,0,3,2,7,21,35,23,0,4,62,19,33,4,2,20,3,11,4,86,6,6,18,7,0,1,4,9,0,131,4,0,11,41,5,23,50,0,42,8,11,4,0
Gene2S_016,7,0,31,0,47,0,47,1,18,0,113,0,0,58,11,0,8,0,6,0,0,35,14,0,0,7,0,0,44,122,54,87,1,0,40,2,0,0,11,54,4,113,5,0,99,0,0,19,9,11,0,76,1,85,0,119,41,0,5,49,68,0,0,0,0,83,1,8,7,0,0,0,34,13,117,2,0,9,0,22,0,1,19,93,3,13,40,0,31,12,81,0,0,30,0,9,3,46,0,2,25,0,62,27,0,0,4,2,7,3,10,8,0,4,13,1,0,32,1,32,0,0,0,6,1,110,0,0,0,53,22,7,1,0,16,0,0,14,0,2,0,110,30,2,2,0,30,23,97,11,1,28,8,2,0,0,29,30,0,27,11,24,13,50,22,56,0,19,0,0,40,4,0,11,9,0,3,22,8,0,6,2,1,2,16,52,0,0,20,0,2,130,4,25,15,7,14,116,5,35,0,15,0,32,5,1,19,2,27,38,4,23,10,6,93,0,0,20,5,14,70,92,22,2,9,1,63,56,2,7,65,57,7,0,5,106,22,0,0,51,1,1,10,7,122,1,73,72,131,0,54,4,78,0,0,6,62,7,0,15,24,0,7,2,65,10,21,0,41,6,0,46,0,89,90,0,27,0,30,0,1,38,37,5,4,17,7,135,102,4,0,7,27,95,0,9,0,0,9,0,0,5,10,0,11,30,0,54,14,0,0,0,36,11,13,41,0,45,20,0,15,0,6,0,2,5,13,30,0,9,40,20,14,23,68,18,16,4,1,0,17,2,17,0,19,7,0,0,2,37,4,0,5,0,25,15,98,4,74,0,2,0,42,7,102,0,0,10,16,0,38,59,3,6,16,2,0,7,6,0,15,0,117,10,0,1,0,2,13,55,20,69,8,1,32,0,49,15,121,2,3,7,0,1,0,15,15,25,133,0,0,1,0,31,0,24,0,0,63,56,9,17,1,0,0,25,0,0,4,26,6,7,20,2,49,0,39,23,0,40,98,80,14,62,0,2,1,0,44,0,0,15,6,0,59,2,2,0,63,30,54,0,2,0,91,11,16,1,16,1,0,1,23,26,3,34,77,0,9,0,0,0,1,0,14,54,4,7,2,2,0,111,33,0,49,99,14,0,103,17
Gene2S_017,47,0,33,17,0,0,0,12,0,0,32,36,5,32,29,14,29,23,0,0,22,0,7,19,9,11,43,0,38,0,34,7,18,0,2,29,28,3,1,23,3,37,0,1,10,29,4,32,29,30,14,0,0,0,22,0,6,0,19,0,1,0,15,0,30,27,0,0,15,37,30,27,0,3,30,1,0,34,6,27,3,4,1,6,0,30,34,0,0,10,9,3,3,20,7,0,12,36,0,0,36,19,32,1,0,6,36,0,39,39,12,0,0,0,0,0,0,0,13,25,18,35,13,33,13,0,0,8,9,2,25,9,1,23,33,0,32,0,3,1,2,0,15,29,0,29,0,29,24,9,2,3,29,37,24,50,40,36,0,8,3,2,12,6,20,35,0,41,19,27,38,3,12,32,1,25,40,0,32,5,19,26,11,0,43,39,47,29,0,0,0,2,4,23,13,0,17,0,0,15,7,26,37,7,0,36,0,2,27,0,0,16,31,0,0,8,0,0,12,29,0,0,5,6,42,8,29,4,6,39,33,35,1,0,0,1,0,7,19,27,5,7,0,1,13,0,48,2,34,1,7,2,12,20,0,0,0,0,8,7,17,13,24,0,13,10,3,0,5,15,7,30,4,0,22,0,34,2,0,0,0,17,0,34,20,11,4,2,23,12,16,0,15,5,15,28,13,12,11,21,0,2,0,27,26,21,0,16,0,0,35,17,10,6,18,42,40,7,32,1,0,0,9,30,30,0,0,0,20,10,0,7,29,29,6,21,21,2,11,33,0,16,0,11,10,0,0,4,22,0,0,15,9,6,0,2,34,23,25,23,28,6,4,30,10,13,30,33,5,20,38,42,44,34,37,5,27,4,1,0,0,0,0,36,0,20,36,29,24,6,1,0,35,29,0,0,10,13,34,2,15,20,0,0,25,1,27,3,0,0,2,17,9,0,16,30,0,15,0,0,0,0,15,1,0,15,28,10,0,0,31,11,0,14,11,22,3,3,9,7,13,0,0,44,15,16,30,0,0,2,7,12,13,32,13,1,13,3,9,1,26,3,9,0,30,27,13,7,18,34,9,0,7,2,7,10,0,25,2,5,2,0,1,16,1,32,11,0,11,0,25,15,20,2,6,40,12,33,10,1
Gene2S_018,0,0,193,197,5,21,0,191,82,210,158,166,0,0,32,192,125,0,0,216,183,0,0,0,0,1,3,0,0,195,0,58,210,0,138,0,0,192,21,206,210,0,0,0,68,199,214,0,222,215,0,0,7,15,1,104,0,0,0,82,0,20,169,200,189,203,67,0,183,13,39,0,204,0,0,5,196,177,0,0,27,0,0,63,0,200,1,0,213,0,215,201,0,86,0,0,0,0,193,0,0,208,190,9,0,0,192,0,0,176,0,0,30,0,0,0,0,0,0,9,194,0,0,0,0,201,113,6,0,0,0,191,179,15,0,39,0,190,3,0,0,203,11,214,0,202,154,0,28,15,212,0,206,193,1,0,198,0,204,201,0,202,131,0,12,34,0,0,0,195,211,101,215,103,21,0,218,0,0,0,0,161,0,44,0,0,204,170,0,169,0,189,0,144,228,171,12,217,194,12,190,115,6,0,7,0,202,0,0,15,127,181,185,0,0,204,0,0,226,187,227,0,0,220,9,197,0,191,0,199,0,105,0,0,187,224,0,180,0,206,0,10,0,16,171,195,195,0,208,0,16,0,217,190,0,2,187,88,0,17,0,0,61,118,221,216,190,17,0,0,187,187,0,0,146,0,168,184,0,134,3,1,195,214,177,0,0,68,0,225,20,206,184,193,194,0,8,191,9,0,28,0,0,0,0,0,0,0,0,207,0,40,0,0,191,180,107,103,11,8,1,167,183,0,0,11,0,194,14,185,8,48,34,24,197,222,211,140,12,164,216,0,22,71,180,0,0,3,1,191,0,190,15,199,196,195,0,0,202,200,50,0,0,179,0,0,201,0,211,0,5,169,197,5,0,44,87,208,2,215,0,0,197,0,119,0,0,182,0,0,0,166,35,204,53,0,0,75,145,0,25,0,0,217,0,206,218,196,199,0,191,0,207,229,220,226,0,0,0,10,224,211,6,209,213,0,0,0,213,183,160,143,0,223,0,0,0,169,197,186,197,165,0,186,0,224,0,205,176,238,0,13,221,123,0,0,1,23,24,18,210,189,0,0,0,0,0,9,3,227,218,214,4,186,0,0,58,119,18,0,0,10,195,0,0,0,0,0,0,51,186,11,194,232,181,190,185,0,93,215
Gene2S_019,0,65,0,0,0,0,209,0,48,10,120,0,0,240,0,5,0,0,0,0,174,0,6,0,0,0,0,0,12,0,258,3,0,203,0,206,197,97,233,135,47,0,0,222,85,254,1,10,19,4,17,125,155,0,1,64,0,12,3,0,133,1,0,7,7,0,5,34,23,0,134,3,0,18,103,18,0,0,0,118,0,66,63,0,0,0,0,0,0,3,18,0,0,0,0,6,0,0,265,0,221,0,1,239,0,7,9,1,279,0,137,2,236,0,3,0,0,1,0,10,52,169,0,187,0,1,156,1,160,3,0,200,0,0,0,0,0,0,0,0,0,64,0,1,0,1,54,11,6,0,222,0,125,9,57,0,0,23,11,0,5,0,0,212,279,0,29,0,12,1,10,0,215,0,0,0,0,1,225,0,0,0,51,0,213,2,222,12,63,0,22,2,0,89,0,0,23,0,0,0,278,3,130,0,45,3,0,0,0,220,0,8,0,0,89,0,191,0,34,122,157,0,1,0,0,1,0,1,38,1,0,64,55,208,17,261,0,37,30,0,52,3,0,147,0,26,132,0,2,9,51,37,27,0,0,181,224,0,0,21,0,0,1,0,43,0,0,117,7,90,32,143,0,3,49,1,139,37,79,1,111,0,0,183,0,0,0,0,0,0,0,3,0,23,21,0,6,2,0,282,143,96,10,0,0,0,0,0,0,0,1,14,24,0,0,0,6,244,283,0,0,22,35,0,0,219,49,101,57,0,0,23,31,0,34,4,0,31,30,0,0,1,0,0,24,0,162,5,43,0,0,0,24,72,0,0,27,0,4,0,51,0,37,0,0,0,0,186,0,263,0,100,18,0,268,3,0,160,23,45,4,0,29,1,34,9,0,0,2,0,0,14,0,0,0,10,176,228,64,1,0,0,0,80,0,10,20,0,0,137,0,71,5,0,0,148,0,0,0,2,0,124,0,0,0,0,2,209,101,0,4,52,19,0,66,0,0,0,0,98,0,7,3,0,10,0,84,8,18,0,0,0,4,0,32,0,61,0,0,0,60,37,247,6,158,0,228,0,0,8,1,5,47,0,9,0,212,9,269,0,0,215,49,0,0,30,140,12,147,0,156,74,0,46,0,0,0,0,1,290
Gene2S_020,20,126,228,140,0,3,216,8,1,0,1,8,3,0,0,0,195,114,4,200,25,66,62,0,28,2,131,0,0,0,202,0,0,0,43,0,30,0,0,0,153,148,0,0,1,237,112,0,0,141,0,0,21,42,5,0,0,0,0,0,16,0,136,0,107,0,129,19,5,98,0,0,0,0,20,45,76,0,3,22,157,15,0,6,199,89,205,161,2,93,0,223,0,0,254,1,142,4,2,0,25,0,0,0,121,0,234,110,195,137,0,231,0,21,247,0,1,0,0,82,145,44,109,32,0,0,0,0,0,213,0,0,0,4,188,19,150,234,0,38,19,10,30,63,0,0,0,0,15,0,176,4,0,207,12,0,0,0,1,114,0,112,0,0,225,2,0,8,14,4,0,0,0,131,16,0,0,0,89,45,107,5,0,0,6,0,166,0,0,0,0,64,0,0,0,0,39,0,69,244,0,93,12,174,0,129,4,0,0,0,1,53,1,0,230,225,161,0,59,0,31,0,233,157,158,126,5,0,104,0,199,0,90,0,5,0,126,203,0,21,226,3,12,21,47,181,0,0,4,2,2,0,209,6,16,0,2,210,16,0,0,2,0,191,28,216,192,6,6,158,11,0,0,0,175,0,0,0,0,0,0,204,64,193,183,0,5,0,5,76,0,0,226,196,8,0,207,0,0,149,89,0,0,105,0,0,202,23,73,60,195,0,3,0,1,6,1,163,0,0,148,0,0,225,27,0,0,1,111,0,58,13,5,0,0,231,24,0,4,57,0,3,223,3,8,0,4,163,177,0,0,190,0,78,0,0,162,28,3,0,38,0,2,1,0,23,220,209,6,0,0,0,13,105,0,0,0,168,0,73,191,78,0,2,192,221,239,0,0,80,0,1,8,0,0,2,0,0,0,240,186,0,0,0,0,73,0,29,0,0,111,65,31,90,1,0,105,233,0,212,2,1,10,0,55,0,9,8,0,60,0,40,0,0,64,0,6,0,202,0,0,0,4,3,47,0,1,111,36,0,0,223,0,0,0,142,212,1,0,77,117,50,55,0,0,221,2,47,0,6,0,5,11,0,0,0,1,0,6,0,3,1,104,114,48,0,47,0,0,246,0,138,0,0,0,145,235,1,0,15
Gene2S_021,0,92,104,114,93,97,2,120,0,2,86,95,112,10,0,96,21,0,0,108,0,106,82,0,0,95,0,0,92,59,0,73,0,105,122,53,119,110,0,114,5,0,0,2,93,0,1,96,117,26,0,82,0,48,96,111,95,0,111,108,44,0,0,10,99,80,118,0,86,66,1,51,74,0,87,103,109,0,76,0,104,20,124,0,0,0,114,0,0,105,0,0,85,0,0,106,37,7,0,92,0,0,96,33,13,116,84,0,112,71,0,111,0,94,10,132,0,110,100,1,90,95,44,9,84,116,0,108,0,0,92,0,116,0,106,0,13,94,0,3,0,112,123,0,101,104,0,14,0,113,94,38,105,104,5,72,25,37,114,94,85,0,70,66,34,117,86,17,0,91,0,0,14,0,11,79,106,0,0,77,25,94,7,33,0,7,7,121,0,30,1,97,0,113,64,56,92,90,25,0,0,116,91,0,109,98,0,93,86,94,79,97,127,115,0,99,19,7,0,92,0,0,114,99,0,113,0,117,0,0,115,7,65,0,111,102,0,101,119,0,73,61,0,0,0,92,9,1,0,111,0,0,0,99,52,43,0,120,0,60,23,35,47,131,1,0,0,0,84,0,98,6,3,101,55,87,113,91,114,0,101,110,62,108,96,101,1,0,8,114,96,92,112,0,95,0,40,90,60,0,93,0,108,0,0,0,90,0,7,0,12,66,90,100,5,114,118,115,0,28,109,2,0,60,91,107,127,0,81,8,80,8,84,108,1,73,104,9,6,0,0,99,111,3,0,118,0,0,101,115,7,43,0,1,1,0,66,95,0,97,117,61,67,1,0,0,0,0,92,117,23,55,1,95,101,39,73,0,14,0,91,0,0,0,87,9,0,94,70,89,0,0,16,106,0,109,0,86,0,18,0,0,0,2,54,49,14,103,2,0,0,117,0,0,2,0,105,112,0,1,10,121,1,127,117,0,119,0,0,0,6,23,132,92,109,0,9,85,14,0,114,3,108,112,0,96,131,40,0,74,0,111,94,24,8,13,0,56,1,39,6,22,0,0,0,0,93,100,101,47,122,6,113,102,84,113,122,88,75,6,46,85,132,0,0,99,0,98,92,117,9,45,0,116,7,96,6,0,95,0
Gene2S_022,0,157,38,11,9,106,5,174,10,36,1,5,0,18,2,3,5,16,21,16,68,9,7,4,21,6,2,18,20,4,70,22,0,0,18,12,7,11,42,175,3,7,46,25,21,0,10,81,99,6,82,3,10,0,92,88,19,22,63,122,6,13,26,14,5,77,2,5,1,2,11,11,35,26,0,4,70,66,40,7,14,192,17,5,0,10,2,7,140,27,6,36,32,141,19,12,98,35,155,7,46,57,81,2,199,6,6,11,80,37,0,7,18,164,13,0,32,28,0,86,27,6,35,26,30,50,82,0,11,11,5,38,0,2,4,47,17,1,0,41,0,40,0,1,15,10,46,6,51,1,0,7,0,97,15,18,12,22,22,141,0,5,32,18,18,23,0,53,54,0,39,11,0,137,0,28,36,0,35,5,3,40,153,102,59,28,0,20,29,5,20,8,25,8,4,5,72,7,1,2,2,68,10,25,0,27,21,126,3,1,45,97,38,0,8,20,70,173,21,0,0,5,42,1,51,43,179,25,7,81,21,98,31,4,7,11,27,103,24,65,36,119,9,44,5,101,6,33,3,28,14,133,8,33,40,29,0,0,73,46,0,8,0,15,0,59,6,48,22,29,63,41,12,115,3,39,36,0,0,8,23,13,4,0,10,22,29,11,4,24,0,11,62,103,38,2,1,0,53,3,14,65,0,1,8,0,44,1,1,94,8,1,73,15,79,25,50,3,0,12,39,7,63,47,0,0,0,21,46,0,23,0,37,10,69,2,22,0,103,6,13,45,0,10,8,0,100,30,0,18,119,44,11,8,2,104,0,0,10,0,0,0,5,6,23,26,10,9,3,42,27,71,0,10,110,2,65,177,0,22,0,3,0,71,52,0,64,8,53,5,61,59,119,26,4,18,9,19,5,5,0,33,0,0,22,58,130,4,0,122,97,0,19,108,5,0,7,54,0,42,4,2,8,91,3,3,13,2,1,1,80,57,37,0,0,1,40,162,0,2,13,2,4,94,91,25,16,6,2,2,74,34,0,9,20,40,43,42,0,2,56,107,7,5,77,0,107,0,92,1,9,0,36,20,0,48,23,34,6,10,0,34,1,116,67,0,2,25,0,12,8,1,0,53,105,80,56,4,50,50
Gene2S_023,15,15,5,45,26,23,1,19,62,44,16,34,1,1,3,25,8,32,15,18,19,15,26,13,0,4,6,38,78,4,62,0,13,60,5,46,11,19,20,11,26,1,41,80,17,24,5,37,7,1,14,30,3,64,8,40,35,32,31,76,19,22,15,9,7,9,21,27,18,16,13,6,43,15,2,24,27,16,76,9,2,23,8,17,22,1,21,9,38,1,5,3,46,33,17,5,11,13,30,26,3,13,3,47,47,61,10,51,1,1,14,8,44,8,5,1,24,1,54,20,8,7,9,4,64,5,0,1,0,21,4,72,47,9,2,18,25,59,106,1,2,43,30,14,2,59,57,28,8,54,58,7,2,7,1,33,9,12,4,63,24,17,43,5,6,4,101,13,74,81,4,13,6,1,5,37,2,7,0,13,2,51,3,21,58,19,11,0,55,37,52,60,51,61,17,9,21,22,7,33,16,73,33,43,17,59,59,11,24,39,45,6,0,22,19,10,58,5,67,4,11,69,7,13,39,32,10,8,1,1,7,8,1,64,35,0,0,3,76,11,33,31,0,10,2,1,0,28,20,1,5,0,18,27,48,69,28,1,22,2,7,11,1,14,10,16,1,36,7,55,12,3,0,42,11,4,8,14,23,2,1,8,34,1,19,1,79,11,6,12,5,13,71,74,12,15,6,22,7,13,16,29,47,4,3,22,28,30,3,0,0,0,25,11,4,1,40,102,11,7,18,19,0,41,8,36,0,5,2,9,5,53,0,44,6,36,16,0,8,64,7,49,20,16,26,18,9,41,13,52,26,22,14,16,10,29,30,48,1,10,63,2,19,42,28,14,27,3,9,81,59,0,52,12,30,48,72,0,5,11,99,70,20,47,44,28,49,69,11,4,34,0,9,1,25,34,3,5,5,1,0,4,70,7,52,6,1,22,6,4,35,72,14,51,19,39,32,22,3,36,4,27,71,0,76,31,19,0,10,53,5,4,24,9,74,32,12,6,74,14,12,0,43,76,1,29,32,3,24,1,3,0,5,10,24,5,60,11,19,9,31,5,20,2,56,56,3,87,0,9,10,55,0,2,35,6,15,26,0,25,13,1,10,18,65,3,6,0,3,37,30,19,24,50,22,0,74,44,8,39
Gene2S_024,0,15,135,0,0,0,0,0,0,22,0,3,134,0,0,136,0,0,0,0,0,0,97,47,21,0,137,5,0,89,0,0,0,0,0,143,0,0,0,0,82,116,7,0,0,0,137,1,0,0,0,0,0,0,142,0,0,177,0,27,113,58,0,55,112,129,16,0,47,155,0,0,0,0,0,31,0,0,0,0,136,0,82,0,111,16,0,0,0,80,139,0,2,53,0,0,0,35,0,0,0,0,0,0,0,0,92,0,0,0,0,124,166,118,142,4,0,0,0,13,0,0,0,0,0,0,0,10,0,0,0,0,0,0,148,0,133,0,92,0,0,0,0,56,10,1,0,0,153,88,0,0,129,8,154,0,0,0,0,28,99,0,148,0,48,136,138,0,140,0,8,73,0,6,122,0,0,0,117,134,34,119,140,0,60,0,145,0,0,119,0,0,154,130,139,59,0,125,0,0,22,0,0,0,0,0,0,0,0,0,0,0,0,36,0,0,48,5,0,0,0,23,16,154,0,0,126,0,128,111,22,0,9,124,0,147,0,0,0,148,159,72,25,6,2,1,0,119,0,24,72,15,0,165,0,0,0,0,0,0,0,144,0,0,83,0,0,0,132,8,0,152,0,0,0,0,3,0,0,0,0,145,0,0,30,0,0,74,94,158,0,0,0,3,0,0,0,141,0,15,114,108,0,0,0,0,0,0,0,0,156,72,1,35,0,149,126,147,70,0,126,0,0,8,0,41,0,0,0,135,0,0,0,51,0,0,93,0,65,0,142,0,0,0,0,0,165,0,0,146,46,0,0,139,131,0,0,0,139,5,136,25,0,0,142,0,68,17,125,0,162,0,0,130,157,0,152,0,0,88,174,0,0,0,0,128,0,0,20,126,33,0,123,0,66,0,0,0,61,0,0,0,0,0,0,0,0,153,54,131,0,158,6,1,0,124,1,3,0,0,0,0,109,0,69,152,0,34,0,0,0,0,0,0,159,0,0,125,175,0,2,0,7,0,0,25,5,144,51,62,0,0,32,0,0,0,0,0,0,143,0,0,0,133,32,129,0,152,0,14,0,0,0,0,0,0,0,0,98,0,29,0,0,124,49,1,0,141,0,136,0,10,134,146,0,4,0,0,54,0
Gene2S_025,0,5,0,1,11,3,14,16,19,16,8,1,0,6,4,0,6,12,4,0,10,1,9,1,8,10,1,0,1,20,4,1,16,18,13,2,3,11,4,1,0,15,2,2,1,5,8,0,17,6,0,4,4,6,11,4,18,12,3,0,6,2,7,0,0,0,18,16,0,6,18,4,10,25,7,0,11,6,33,2,0,17,3,1,1,8,6,4,0,12,3,12,9,2,11,9,13,5,0,8,2,5,22,1,8,6,1,3,0,7,12,3,2,22,19,16,0,2,8,16,0,13,4,0,8,0,0,4,11,0,18,13,5,4,2,1,0,0,2,0,11,4,2,1,3,8,6,13,3,25,5,3,6,3,20,0,0,0,1,5,0,18,0,21,9,11,5,5,1,10,0,2,1,2,0,5,0,3,0,21,3,0,4,0,1,3,0,5,21,4,2,7,16,10,3,0,7,12,4,9,14,2,13,12,10,4,0,0,8,0,0,2,7,10,6,4,14,0,8,1,8,0,0,5,3,6,1,9,4,0,11,5,8,5,6,25,9,11,0,0,2,6,0,7,0,10,3,12,0,0,1,0,2,5,3,0,1,6,0,0,0,19,0,15,2,1,2,17,1,13,0,2,21,6,0,3,16,8,9,5,17,4,14,24,6,13,12,0,1,2,0,12,13,3,11,2,5,0,7,0,17,10,1,1,8,1,20,12,5,9,12,2,0,0,3,7,16,3,0,4,0,9,31,0,7,12,15,7,27,11,0,7,4,7,4,0,1,5,5,0,13,18,6,6,17,11,5,15,7,8,9,10,4,10,4,18,2,1,5,14,0,16,4,3,8,4,21,4,0,1,6,8,15,2,13,4,5,0,9,32,10,2,7,9,14,0,4,3,9,7,0,1,3,11,10,3,2,1,13,12,23,16,2,6,12,1,1,5,13,18,11,1,0,3,8,6,9,10,1,5,15,2,16,1,8,1,13,9,2,2,10,2,26,2,1,2,27,8,6,0,0,0,0,21,1,23,3,16,11,16,0,3,10,7,10,5,8,4,0,0,18,3,1,5,0,0,18,0,1,4,9,21,1,0,5,3,7,7,19,14,15,5,15,2,1,15,10,18,2,3,0,18,2,6,1,16,3,2,5,0
Gene2S_026,86,11,84,0,0,63,94,4,51,46,84,0,0,0,12,0,59,68,78,52,66,0,71,31,75,37,94,7,15,39,74,53,0,54,84,58,8,1,0,2,0,13,75,40,27,0,24,0,0,60,90,5,1,81,51,32,0,3,72,82,0,67,13,0,26,2,50,15,61,22,95,1,56,0,76,0,0,75,23,27,2,0,1,0,0,33,86,85,0,2,81,0,71,52,12,91,0,5,19,25,4,1,19,0,4,5,79,24,65,16,0,48,27,4,90,0,0,57,54,19,0,0,2,0,66,0,0,7,30,17,0,8,0,1,0,17,76,37,0,77,0,0,77,66,4,49,10,93,1,56,41,1,90,19,39,104,52,2,57,8,48,1,12,40,8,1,7,64,37,86,4,0,83,0,0,26,0,91,9,56,0,8,6,0,0,88,9,0,40,101,79,47,107,9,83,0,68,15,1,7,75,83,0,1,0,59,2,84,80,0,72,5,97,0,17,90,15,85,63,30,95,38,70,48,51,3,10,5,0,0,0,11,75,0,79,9,0,3,1,20,0,0,16,1,59,46,0,95,57,45,55,6,39,75,18,88,89,4,0,9,12,17,58,0,11,44,29,60,88,73,7,2,0,90,29,0,0,77,0,21,22,0,1,81,0,0,0,3,92,0,80,44,39,49,2,0,90,78,6,6,4,0,7,6,0,65,5,0,3,10,40,9,2,88,99,0,0,1,51,57,0,25,0,19,74,34,83,0,61,0,17,2,54,0,0,0,8,56,49,58,3,16,9,10,28,0,1,0,5,66,15,45,5,0,95,10,42,85,88,2,32,0,78,53,48,20,46,1,31,12,69,82,23,12,36,3,54,27,31,1,49,0,39,37,0,61,97,58,9,24,54,0,0,0,68,1,2,26,47,22,84,94,100,10,60,9,88,48,77,3,5,2,0,17,13,60,91,14,0,1,2,0,70,1,57,0,98,4,90,92,1,17,1,67,2,26,10,0,87,0,20,36,5,17,0,93,11,73,5,84,0,39,4,90,32,1,68,39,91,3,81,0,68,5,0,88,91,0,58,0,74,3,62,0,67,4,20,97,1,3,0,0,0,0,25,2,20,16,4,93,0,34,19,23,55,89,0,0,0,5
Gene2S_027,0,0,0,236,282,0,0,0,284,0,0,50,257,0,0,4,0,187,291,247,0,0,261,0,0,0,185,210,0,0,308,0,0,0,0,0,204,7,86,267,0,0,0,0,0,193,18,0,281,0,4,242,0,286,0,61,0,166,7,0,286,0,280,19,2,0,0,176,66,0,15,0,0,0,0,0,12,15,91,0,0,0,0,0,124,0,292,0,0,0,63,0,10,19,82,7,29,39,0,0,0,134,41,0,124,0,8,187,0,0,0,0,7,0,150,0,0,69,0,0,0,0,0,0,0,266,0,0,17,0,2,0,34,0,0,286,32,254,0,19,38,0,0,0,0,0,0,0,0,0,41,0,228,14,265,256,0,0,110,0,0,0,0,1,0,0,24,0,0,89,13,0,0,89,0,0,288,0,3,0,0,0,0,0,101,0,0,152,0,106,0,0,252,265,0,0,7,0,45,0,21,0,0,0,98,23,0,0,0,0,0,0,0,0,2,0,0,0,0,294,0,0,0,0,0,243,4,261,0,0,0,0,0,0,0,0,0,1,58,1,0,2,0,268,18,10,0,0,223,0,12,0,0,0,277,0,0,247,0,0,3,182,0,235,3,0,278,57,202,158,11,0,0,0,0,0,259,0,0,0,315,14,0,0,0,0,0,0,103,227,0,0,152,0,251,0,0,0,44,0,0,0,0,0,271,0,0,262,0,0,0,0,0,53,50,280,41,0,261,28,0,129,210,0,0,0,4,15,0,0,294,0,0,0,113,0,0,0,0,0,0,182,0,279,0,0,0,0,0,0,0,0,45,0,224,0,304,0,0,24,0,33,175,21,0,107,262,0,103,0,288,0,0,260,0,0,0,57,205,0,217,7,252,22,10,0,0,65,0,44,0,0,20,0,0,0,0,1,0,134,279,3,80,0,0,0,0,0,0,0,0,0,0,303,305,0,278,0,0,283,243,0,246,0,0,0,0,0,80,0,52,52,0,0,0,0,282,13,0,0,0,249,13,279,175,123,0,0,45,275,173,311,31,11,10,0,0,0,23,0,15,0,0,0,0,0,35,257,103,71,299,0,22,1,0,0,0,5,0,0,170,2,19,135,304,0,282,0,30,147,0,0,20,15,0,238,0,228,308,2
Gene2S_028,0,0,207,0,1,0,127,218,23,55,5,0,0,0,0,0,0,0,0,181,10,0,0,53,0,81,0,92,0,107,29,0,0,101,1,0,3,0,0,5,0,5,38,0,73,26,222,35,0,46,6,27,46,0,0,1,0,65,2,0,69,0,0,0,0,0,0,0,6,33,1,0,12,151,83,160,107,0,169,47,65,26,12,104,10,18,0,0,3,21,83,0,5,0,6,148,115,0,208,0,2,0,8,1,9,88,69,6,3,0,185,0,13,49,100,29,0,0,44,0,0,205,95,4,3,0,131,133,0,8,0,109,20,152,0,6,37,47,62,147,0,0,62,0,159,4,9,2,0,0,153,0,0,0,0,84,62,3,195,19,0,7,97,164,0,0,161,0,217,33,0,13,28,9,0,41,52,0,0,39,4,3,203,24,0,88,69,0,7,46,79,0,64,10,0,0,1,104,0,229,25,0,0,8,13,148,42,0,4,0,23,0,0,182,3,1,0,11,0,0,0,42,114,0,0,24,0,200,0,5,207,1,0,15,150,107,30,0,0,0,0,0,0,0,140,0,0,68,57,15,136,136,3,251,0,1,0,105,29,0,211,0,196,14,189,233,0,0,0,0,0,57,1,0,210,0,0,1,0,0,0,4,0,0,14,24,19,22,0,0,141,0,9,96,0,21,0,0,0,0,150,113,95,0,0,114,0,0,0,110,80,30,0,41,0,152,0,40,0,6,0,128,190,13,0,37,0,184,0,0,8,0,0,0,0,0,0,0,0,106,65,8,0,0,0,0,0,187,63,0,0,0,189,0,174,18,0,3,69,0,90,62,0,0,0,0,0,0,0,0,0,0,25,0,46,0,20,1,8,8,0,73,0,179,0,47,0,26,0,37,9,96,0,48,0,49,0,0,0,0,0,8,0,29,0,6,121,0,1,128,121,0,1,0,22,0,98,134,0,72,162,0,39,0,0,31,0,0,0,110,0,62,0,168,0,37,0,0,89,0,0,0,19,0,0,0,0,13,18,84,13,5,0,105,71,207,0,197,0,111,153,41,0,158,93,0,223,33,3,0,17,38,0,0,191,38,0,0,0,0,26,0,0,0,0,3,0,0,5,0,0,100,154,58,0,0,64,216,23,52
Gene2S_029,101,0,0,0,0,2,0,0,0,0,0,28,0,103,61,0,0,23,18,108,2,0,0,0,0,0,0,6,0,0,0,0,0,0,6,0,1,0,0,0,15,1,0,0,0,0,0,7,11,3,3,0,3,80,7,0,0,21,6,0,78,0,0,0,0,0,0,79,0,0,0,0,0,76,0,0,0,0,42,49,38,0,0,25,100,3,0,0,2,0,0,43,0,77,0,0,3,39,95,70,0,108,6,0,0,38,78,1,0,0,121,3,1,22,69,0,0,0,0,0,17,0,11,74,87,46,0,3,0,29,0,0,0,13,0,0,0,15,0,49,0,102,0,11,0,0,128,0,0,0,50,0,0,0,0,84,1,0,27,0,6,0,45,71,57,0,6,0,0,2,24,0,0,0,0,0,56,0,0,5,0,0,36,0,0,38,0,0,9,0,29,0,93,0,0,4,0,0,93,2,98,28,0,96,0,0,0,0,0,0,0,0,0,2,74,122,13,92,82,0,38,54,71,0,0,1,0,4,0,0,0,91,84,3,4,19,0,16,0,0,0,6,4,7,0,11,0,8,48,0,33,0,0,0,3,23,103,0,32,0,0,0,0,25,0,18,0,5,0,0,5,0,46,62,60,66,93,4,2,0,90,89,10,0,66,5,0,1,0,0,30,40,0,0,8,0,0,54,0,0,126,41,0,0,28,11,60,0,0,0,0,0,1,32,26,90,18,0,0,0,0,0,7,0,25,10,1,0,0,0,0,97,0,0,0,63,67,0,0,0,1,18,8,1,0,77,27,0,0,0,34,82,0,0,2,2,0,0,6,91,116,0,0,0,0,0,0,1,0,0,63,0,3,0,22,0,10,11,6,6,6,92,0,30,0,0,0,0,43,0,0,0,6,0,4,31,4,0,0,0,0,0,13,0,54,53,0,69,0,16,55,49,56,9,0,0,0,0,0,14,5,13,44,100,0,6,2,0,43,11,22,0,1,0,0,0,0,0,0,0,0,8,0,0,0,0,10,0,10,0,8,4,0,23,8,78,3,0,53,0,5,100,0,0,80,0,116,0,0,71,1,27,47,0,0,50,1,0,0,1,0,0,4,0,0,27,0,1,102,20,0,96,15,38,0,0,0,9,0,0
Gene2S_030,20,0,0,0,5,9,7,6,0,10,6,16,1,0,0,0,0,3,0,10,6,3,0,0,0,4,10,0,14,6,39,3,0,4,7,0,13,0,4,0,3,39,0,0,33,0,0,18,1,0,0,0,11,15,6,0,0,0,2,0,25,4,4,0,8,0,0,2,3,0,0,33,0,9,0,0,0,0,0,0,0,3,0,0,0,0,0,0,0,0,6,0,0,0,0,0,66,0,0,1,0,0,4,0,2,6,0,1,2,34,0,2,4,0,4,1,6,0,0,0,30,1,0,2,0,0,0,3,2,6,0,3,3,0,0,0,0,1,0,36,0,2,0,0,0,1,1,0,0,0,0,5,2,6,0,10,0,0,3,0,5,26,0,0,0,27,29,1,0,38,0,30,1,0,5,1,21,0,1,0,0,1,0,8,0,0,0,2,0,0,1,0,0,0,2,0,0,4,0,0,14,0,0,14,15,0,0,3,20,13,9,8,0,0,20,0,1,0,0,4,14,5,0,3,21,5,0,1,0,0,0,0,0,7,12,0,10,0,27,2,0,0,0,0,0,0,0,0,18,0,49,0,3,0,4,0,0,0,0,6,1,19,8,2,0,8,0,0,15,0,32,14,0,0,2,0,8,0,13,0,1,28,0,0,6,0,0,2,0,0,4,0,4,4,0,15,0,0,0,0,0,7,0,0,0,0,1,0,0,8,1,0,27,0,0,0,0,2,0,0,8,0,15,4,22,0,0,10,4,0,0,0,0,18,0,0,0,8,0,0,0,0,0,4,5,34,0,0,1,1,0,0,3,1,6,0,0,10,16,30,4,1,14,0,0,0,0,6,0,1,0,4,0,0,0,1,0,14,17,8,17,0,0,4,0,0,10,0,0,6,0,46,2,0,0,12,5,0,0,0,1,0,8,0,0,0,1,4,0,0,4,0,0,10,3,0,0,1,17,0,3,44,0,31,1,0,0,7,0,4,0,5,7,5,0,41,0,3,8,5,0,0,0,37,0,0,1,0,0,19,58,0,0,0,2,10,0,0,9,29,0,0,4,0,0,4,0,38,0,0,0,14,0,0,0,1,0,25,0,9,1,0,12,6,6,36,0,0,0,7,7,0,0,1,0,0,0,4,1,6
Gene2S_031,43,0,0,2,23,6,3,19,62,17,0,10,12,33,1,9,0,41,36,0,9,29,0,6,13,27,24,2,0,0,5,33,3,86,0,5,20,0,41,24,0,15,34,0,29,41,51,30,38,5,1,75,14,0,53,0,9,2,64,3,7,2,0,0,3,27,1,46,0,11,89,28,13,35,4,4,2,30,8,52,46,2,23,0,15,7,58,9,9,0,18,3,6,0,26,0,17,58,2,0,9,19,3,0,13,17,27,3,14,5,37,11,0,26,47,0,55,14,39,4,27,1,6,26,14,25,15,2,26,6,43,2,0,7,60,78,85,7,6,37,4,34,23,5,54,7,3,9,0,77,20,0,25,26,51,36,56,0,14,70,67,24,65,0,14,0,35,2,14,27,26,0,9,15,53,1,0,35,7,3,0,12,1,63,2,0,3,12,27,23,25,3,38,12,57,5,2,5,5,48,0,5,16,49,5,11,56,68,14,56,1,33,33,0,2,40,23,7,1,2,43,14,16,7,2,46,0,49,12,22,15,31,69,24,26,0,2,0,17,0,2,89,25,0,2,5,1,22,0,37,13,0,28,39,18,1,0,0,27,29,0,41,86,23,4,0,0,0,21,42,3,2,0,30,8,69,8,1,2,28,15,0,17,8,15,23,0,20,6,0,0,24,2,3,34,1,34,41,8,7,1,0,5,1,3,5,0,33,1,37,0,24,0,86,0,22,0,5,42,0,9,14,1,0,0,37,12,6,13,26,0,7,10,17,11,17,0,4,2,22,0,0,0,82,52,7,16,0,6,51,52,1,39,53,11,42,2,15,45,0,1,37,40,0,33,2,0,1,1,77,13,12,58,0,0,52,39,79,18,22,49,53,18,5,50,28,55,66,0,17,30,69,12,27,3,8,2,3,0,0,69,17,15,5,9,0,1,17,0,25,0,0,16,20,53,16,6,37,37,0,0,0,5,2,0,0,19,4,36,1,1,2,0,40,10,11,10,27,45,1,0,10,14,1,25,0,4,30,0,2,11,0,1,1,0,15,7,0,5,0,6,61,22,10,0,46,75,0,8,55,0,22,40,0,0,4,24,3,6,81,5,43,86,0,0,32,16,5,49,6,16,0,35,0,34,24,14,3,12,4
Gene2S_032,3,1,30,24,38,13,54,40,2,1,1,0,0,16,13,12,16,0,12,0,4,62,0,49,11,0,32,7,8,33,30,42,12,36,31,13,33,50,0,57,0,3,7,31,61,23,19,0,5,2,8,2,2,5,33,41,14,45,24,2,2,2,0,38,0,12,8,47,0,33,19,42,18,1,1,21,0,29,27,16,15,3,3,4,1,26,18,37,6,31,9,41,0,39,33,46,46,0,0,57,11,4,15,0,0,20,39,6,1,28,0,17,35,23,2,9,1,0,17,26,26,49,11,41,24,33,1,28,49,44,4,11,0,48,0,41,5,8,48,21,0,58,2,1,4,0,27,1,41,42,0,1,0,28,57,4,0,10,34,24,25,15,13,0,33,7,44,0,61,9,16,35,19,22,3,32,4,0,27,0,12,10,40,65,30,12,2,0,24,16,43,0,4,4,34,62,20,28,0,15,43,23,38,13,0,4,2,3,0,0,10,19,45,24,33,2,20,7,8,12,8,3,18,0,11,52,38,20,5,14,7,2,0,19,2,1,4,32,5,20,0,5,11,0,27,14,7,33,28,2,1,0,1,0,5,3,0,3,15,37,6,32,22,4,4,0,43,7,0,29,14,55,33,5,43,11,0,0,38,53,36,0,13,31,17,1,48,39,6,0,1,5,0,0,7,0,21,8,20,52,60,0,26,58,7,11,0,22,0,43,46,10,50,4,21,38,47,10,12,23,16,2,0,17,37,0,14,28,1,4,16,53,2,0,9,3,13,12,5,6,3,8,20,6,7,24,0,5,0,0,0,7,0,30,1,0,17,9,30,11,1,13,0,19,1,30,3,44,38,0,58,25,41,58,19,0,2,1,36,19,34,6,3,2,43,23,44,16,9,14,4,0,0,8,42,7,15,19,11,2,24,42,7,5,4,22,35,2,12,27,0,24,0,7,0,11,10,60,0,0,1,0,9,26,38,1,0,30,6,0,59,12,9,24,38,38,49,30,35,49,9,10,0,10,4,28,18,50,28,0,23,12,41,16,0,17,18,29,31,5,0,15,2,37,3,1,1,33,31,12,0,21,48,29,18,45,15,4,4,20,2,24,0,3,49,47,37,31,9,64,0,2,11,17,21,45,48,12,10,10
Gene2S_033,0,0,0,0,0,0,0,0,0,0,0,0,0,0,0,0,0,0,0,10,48,2,81,1,104,41,52,0,0,0,0,1,0,0,0,0,0,0,0,0,0,0,49,34,0,0,0,0,0,14,1,45,0,11,0,56,0,4,0,11,0,0,1,0,0,0,0,0,0,0,63,18,0,0,0,0,22,0,0,0,0,0,0,0,0,0,0,94,0,4,0,0,136,0,0,89,0,38,0,0,0,0,0,0,0,0,0,44,10,0,0,0,0,0,40,0,7,0,0,26,0,0,0,0,0,44,0,0,0,0,0,0,0,0,0,178,5,0,0,0,81,0,0,0,0,100,0,136,0,0,54,0,0,0,0,129,0,0,15,0,0,3,0,0,0,0,0,20,0,0,0,42,28,0,0,47,0,0,0,0,1,0,0,4,0,0,0,43,0,0,37,0,0,0,0,0,0,0,0,0,0,71,0,0,0,0,1,0,0,34,0,0,0,0,0,99,0,0,0,0,0,0,0,0,0,13,0,1,0,0,0,0,17,0,0,0,0,5,0,0,48,0,105,0,192,161,0,0,0,0,0,19,0,71,0,0,0,0,0,0,124,0,0,0,0,0,0,0,0,2,0,0,71,0,0,3,0,0,0,0,0,0,0,0,0,0,0,0,0,0,0,0,0,0,188,0,0,0,29,0,0,0,5,2,0,0,0,0,174,0,0,0,43,0,0,0,0,0,0,0,0,0,0,4,0,0,0,0,11,0,0,15,10,0,0,0,0,17,23,0,133,2,0,144,205,0,111,43,0,0,0,0,11,0,0,0,26,81,0,0,0,0,0,4,0,0,0,0,0,0,0,0,0,0,0,0,0,0,0,3,24,2,3,0,2,0,1,0,13,0,0,6,131,0,0,0,1,130,31,3,0,0,29,1,0,0,0,0,0,48,0,32,0,110,0,0,0,0,2,0,15,0,0,0,0,2,0,0,9,0,0,0,0,0,0,0,0,0,24,42,1,0,0,2,6,0,0,0,0,2,0,0,143,0,20,1,4,11,0,0,44,0,0,0,0,0,0,159,0,0,5,0,0,6,0,0,0,0,0,2,0,0,0,0,0,0,0,0,23,96,0,0,0,0,0,0,0,0,0,6
Gene2S_034,0,6,0,0,0,0,0,0,0,0,0,0,15,58,0,0,0,0,0,0,0,0,0,0,0,100,0,0,0,0,0,49,0,0,0,0,0,0,2,0,0,0,0,8,0,0,0,0,11,0,0,3,13,0,0,0,0,0,0,1,0,25,0,0,0,0,10,0,0,0,0,29,0,72,0,0,0,0,0,0,3,0,3,0,16,0,92,0,0,3,0,0,17,0,0,0,2,0,33,0,0,0,0,0,0,50,73,0,0,0,0,0,0,0,0,0,8,0,0,3,0,13,62,0,0,0,0,0,0,61,0,0,1,0,0,0,0,0,0,0,0,0,0,0,19,0,70,0,0,0,0,0,0,0,0,0,0,0,0,0,0,0,0,0,0,0,0,0,0,1,0,0,0,0,8,1,97,0,6,56,0,0,96,0,0,0,0,1,3,0,0,0,0,0,0,0,0,0,0,0,0,0,0,0,0,0,61,0,0,0,0,0,0,0,0,0,0,0,0,0,0,0,0,0,0,0,0,0,0,23,0,0,16,0,0,9,16,0,0,0,0,0,0,0,17,0,0,0,0,54,0,0,0,0,12,4,0,0,0,0,0,12,48,0,35,0,0,3,0,0,0,0,0,0,0,0,16,2,0,0,0,0,0,0,0,0,0,0,0,0,5,0,0,6,0,0,0,0,0,0,0,0,0,0,74,0,0,0,0,5,2,0,0,15,22,0,0,0,0,0,46,0,0,0,0,85,0,0,0,0,0,0,0,0,4,0,0,1,0,0,0,0,78,0,0,0,0,6,0,0,1,0,0,0,0,0,5,0,0,0,0,0,0,84,0,0,0,88,0,54,0,0,4,0,0,1,0,45,0,36,0,2,0,0,0,0,0,0,35,0,0,0,0,0,0,0,0,0,0,0,0,0,0,0,0,0,0,3,0,80,0,1,66,0,0,0,0,66,0,19,0,0,0,0,0,0,7,0,0,0,5,0,0,0,0,0,0,0,59,0,74,0,0,0,0,0,84,0,0,0,0,0,0,0,0,0,0,0,0,0,0,0,3,0,0,5,0,6,82,1,0,0,4,0,0,0,0,0,0,0,0,2,10,0,0,0,0,0,0,0,0,0,85,3,0,0,0,0,0,0
Gene2S_035,3,250,0,14,64,212,18,247,31,0,0,232,96,0,63,293,0,1,0,0,3,4,14,0,0,1,27,203,0,262,9,293,0,271,268,14,0,152,0,0,255,0,92,274,0,41,0,64,59,226,0,0,0,158,277,39,0,9,0,0,268,264,1,234,276,234,277,24,196,178,0,15,0,275,229,0,0,279,230,40,227,10,0,0,272,258,0,48,273,0,0,0,252,0,221,0,5,113,0,236,275,0,154,298,280,0,3,0,0,0,22,7,279,0,264,274,1,132,246,181,179,11,257,273,94,0,0,0,93,0,9,265,6,0,0,227,4,0,204,33,286,231,257,239,194,0,126,0,0,263,229,0,156,209,252,23,7,271,174,262,275,0,288,287,295,0,0,0,21,9,0,0,256,229,246,240,90,7,0,8,158,0,263,0,0,261,247,20,0,266,1,0,0,251,214,180,0,5,16,0,0,0,156,69,0,290,281,101,303,276,0,0,216,233,2,272,297,12,24,273,273,0,11,282,9,281,302,0,254,0,0,234,0,250,0,290,0,0,268,0,277,0,0,274,11,263,271,0,1,289,258,265,281,246,251,250,13,0,43,0,285,282,76,282,0,0,272,135,284,0,17,0,247,5,34,0,0,276,0,2,301,1,115,0,0,8,89,277,42,2,268,141,175,0,0,322,58,0,0,292,261,308,306,0,292,175,0,0,281,0,0,0,0,0,0,156,226,252,1,5,0,0,26,290,0,139,266,284,203,266,274,272,250,241,270,0,0,313,5,282,42,0,130,0,271,103,12,262,0,255,283,269,71,289,16,303,0,0,9,7,1,260,243,0,266,223,268,141,294,301,193,38,0,0,263,18,279,0,276,0,283,0,0,0,95,295,4,199,0,120,4,8,0,0,167,0,192,233,63,38,249,0,261,163,0,145,0,284,0,0,281,276,0,12,0,239,13,0,311,288,171,74,1,264,293,27,0,63,243,0,0,0,221,239,265,262,274,269,0,0,16,101,0,194,219,0,278,0,1,70,0,7,264,250,0,4,0,276,257,0,0,28,0,0,0,288,249,0,12,270,0,0,0,0,0,239,1,0,236,291,274,270,196,0,0,13,0,262,46,3,274,0,259,283,30,0,149,68,275,26
Gene2S_036,0,232,10,1,0,267,20,39,21,0,83,2,0,0,0,56,30,3,3,2,0,55,124,1,35,0,0,75,0,40,130,3,0,0,0,0,0,12,2,2,0,0,0,0,0,0,5,31,6,0,1,0,1,0,13,108,57,0,0,0,0,121,30,0,0,0,0,0,0,4,232,0,5,0,0,57,0,119,0,6,116,0,106,30,1,0,0,2,0,0,164,0,4,0,136,61,1,18,0,117,0,1,50,105,10,60,0,80,0,0,0,3,13,2,2,26,0,0,3,0,0,6,0,167,0,0,0,0,2,9,7,0,1,1,0,0,3,0,0,0,17,48,4,0,16,0,11,43,23,0,0,0,0,2,0,135,122,0,111,0,8,22,0,0,0,87,0,15,0,53,103,5,29,0,86,2,64,180,56,104,121,15,22,0,0,10,0,0,0,60,17,1,0,0,114,32,0,23,46,0,0,27,34,0,1,1,0,123,173,0,0,0,0,0,2,0,0,0,0,32,135,46,37,213,28,0,0,3,0,178,2,0,14,101,6,7,0,0,16,115,77,0,2,1,0,31,0,0,102,144,100,2,0,0,0,20,0,0,12,0,17,4,0,0,2,0,0,53,2,2,0,9,0,0,0,70,13,45,0,0,6,60,125,79,24,205,47,0,69,0,4,44,131,1,22,9,25,119,17,0,0,30,43,14,2,1,33,0,76,0,0,68,4,54,11,16,0,2,0,0,12,20,0,0,115,155,81,68,135,28,125,0,108,0,25,116,0,182,0,16,0,0,255,24,1,0,12,11,0,82,0,38,186,1,0,0,1,6,0,224,0,45,129,0,8,2,15,3,0,0,1,0,0,0,0,10,33,23,13,5,179,65,4,0,12,1,0,14,3,6,12,15,0,0,1,0,87,91,0,150,23,0,0,211,5,6,0,166,0,28,2,27,0,0,0,0,0,136,0,0,0,176,19,13,3,50,0,1,0,0,12,0,0,4,0,27,222,1,10,0,0,0,64,210,0,0,4,20,0,0,4,0,55,0,6,0,0,26,214,0,0,50,43,85,0,45,0,0,10,44,5,0,0,0,2,45,32,0,0,5,81,0,18,0,0,0,0,0,0,0,0,18,0,1,0,6,0,6,0,2
Gene2S_037,29,66,107,89,113,1,75,18,36,42,55,6,3,21,121,73,70,79,42,9,78,88,26,16,67,18,39,72,1,131,5,54,15,61,117,93,16,94,43,35,88,50,59,70,86,144,98,38,65,149,43,18,184,70,77,46,177,158,71,41,36,8,62,39,88,109,137,63,53,6,139,119,65,109,2,34,144,166,54,138,9,125,6,121,49,4,137,38,80,2,7,17,106,67,29,58,43,110,63,34,76,4,127,128,20,44,56,20,63,52,141,49,67,124,110,60,51,192,48,135,147,93,217,26,61,61,3,25,118,16,1,174,120,0,60,46,56,28,113,81,117,9,38,36,127,48,79,196,50,70,49,53,38,163,56,48,48,151,130,114,148,25,70,129,75,57,81,32,61,92,71,52,12,56,107,129,38,47,100,101,5,20,104,74,74,8,26,89,7,85,47,62,32,135,24,6,3,19,56,55,118,0,56,124,2,39,37,129,96,54,127,101,35,50,59,69,71,78,80,63,99,37,78,140,94,39,0,15,8,31,37,50,40,127,97,118,54,187,28,52,2,207,138,25,79,76,45,102,60,41,125,95,35,7,136,53,42,83,113,58,77,67,53,63,58,104,21,45,34,50,126,157,6,144,33,77,74,0,77,164,50,18,15,63,114,67,74,41,96,99,95,5,21,53,130,21,121,27,30,188,42,33,82,33,105,2,24,81,2,183,0,29,56,60,156,126,44,91,5,96,110,91,2,5,81,5,184,146,66,80,64,68,40,13,15,37,49,18,22,110,7,22,39,29,12,52,128,14,100,120,69,41,39,107,29,121,98,70,15,16,1,77,50,42,70,42,60,47,8,34,51,5,198,64,87,52,147,156,23,45,48,72,1,66,150,5,102,133,118,34,18,41,82,32,87,137,16,35,188,114,21,63,163,28,59,17,0,30,25,69,78,69,15,119,49,163,76,31,5,8,139,225,137,46,38,11,126,128,8,65,7,24,63,122,76,1,52,29,60,14,88,3,3,33,24,99,90,189,51,56,105,57,0,127,75,65,72,48,54,73,149,38,121,118,97,77,168,43,144,80,10,53,43,97,32,42,28,153,20,54,30,90,75,101,73,49,103,88,107,65,0,11,30,75,0,64,38,8,54,111
Gene2S_038,0,0,234,114,0,38,0,0,0,241,0,163,0,0,0,284,274,6,270,0,0,0,0,0,293,3,0,0,247,217,0,56,19,0,265,0,152,44,0,8,261,262,0,0,43,0,256,0,264,0,0,0,0,272,0,0,5,0,6,0,0,0,0,0,297,19,0,260,0,0,0,3,0,268,57,0,0,0,241,0,3,0,0,0,58,0,4,265,0,39,84,11,0,265,0,18,0,238,0,0,0,11,0,0,273,277,89,0,101,26,2,50,268,273,0,277,38,0,0,0,31,0,2,0,0,0,23,286,274,1,0,0,0,0,10,272,3,0,0,0,0,129,0,4,42,73,0,0,101,0,131,1,4,2,276,19,5,123,140,101,0,0,0,235,0,0,149,0,243,0,0,2,39,0,312,0,0,0,0,0,267,0,256,236,149,270,208,52,0,0,248,182,283,213,0,0,0,264,274,186,3,0,0,0,16,0,254,0,0,245,45,273,0,0,4,244,0,269,193,0,250,241,5,256,0,0,0,264,0,0,281,102,0,0,258,0,0,0,3,80,53,0,241,291,0,291,0,42,0,0,0,35,282,5,0,0,16,0,243,0,0,116,0,0,257,30,0,0,192,5,0,239,3,13,0,246,0,0,8,0,264,0,286,3,43,0,166,0,277,0,0,2,0,267,0,0,184,0,0,0,272,0,121,169,0,0,1,23,0,5,6,0,0,238,0,42,67,0,253,0,0,304,0,68,246,0,33,282,7,220,0,0,28,273,0,277,148,250,294,0,0,247,0,0,136,0,0,0,0,84,84,21,0,250,0,58,239,250,0,254,198,221,0,278,0,0,0,0,239,268,285,225,4,4,68,8,0,0,0,0,0,0,251,253,231,226,20,0,0,0,0,276,89,0,252,0,0,0,2,291,0,0,7,8,259,86,272,147,0,0,0,4,0,289,242,50,4,0,0,0,0,252,0,98,50,0,265,0,4,0,185,0,0,272,1,0,263,53,5,0,264,0,0,0,12,289,0,42,0,5,4,0,266,0,93,0,0,13,265,0,0,149,13,0,274,49,0,0,278,258,0,19,0,0,0,0,1,0,5,0,253,0,0,0,0,260,0,0,0,0,0,0,13,0,0,0,0,0,186,0
Gene2S_039,2,204,1,143,2,0,0,0,186,0,0,57,11,51,3,110,22,0,3,1,0,5,0,0,15,7,4,73,35,69,34,18,10,84,0,52,22,135,31,7,152,11,0,143,8,5,0,28,119,14,42,1,183,48,40,195,0,8,0,12,4,0,12,129,0,14,62,58,0,58,80,0,7,2,15,56,0,0,45,28,1,21,4,0,0,4,27,1,1,163,16,4,60,115,197,19,18,13,0,32,39,0,37,128,5,75,0,78,15,37,15,0,1,69,0,9,0,141,15,122,116,55,0,0,18,12,0,81,0,128,7,19,11,6,3,0,0,0,20,143,10,14,153,0,27,0,58,183,40,43,174,200,97,14,0,53,7,182,8,14,15,23,80,96,18,96,159,0,0,16,0,67,3,104,54,92,42,0,18,0,65,0,17,8,0,43,0,41,116,1,15,23,113,115,32,10,0,13,28,0,0,98,9,19,88,44,9,67,0,0,74,17,28,23,22,0,3,35,0,0,0,78,22,0,76,0,3,64,1,66,154,79,71,2,23,1,0,7,8,108,5,65,21,3,48,17,58,171,11,151,108,86,0,13,1,4,2,32,0,0,7,6,17,9,0,2,11,111,19,0,10,0,0,133,8,17,46,0,1,43,69,199,1,0,115,109,60,0,24,9,53,51,0,24,4,3,0,145,0,0,14,6,1,19,8,37,7,2,109,14,163,6,142,90,0,112,1,40,26,41,135,0,52,122,5,6,0,13,178,12,0,1,0,82,34,0,85,3,16,23,0,4,189,22,0,163,72,0,0,0,3,0,0,14,23,13,162,85,79,0,4,0,74,8,69,9,0,44,126,10,14,10,1,137,14,0,0,3,30,0,0,1,0,159,32,150,0,36,76,54,0,3,97,0,10,21,0,59,50,6,0,32,78,79,0,64,171,0,3,10,6,0,0,11,2,0,15,1,79,175,7,21,0,0,0,91,12,0,134,178,1,120,7,22,72,0,2,2,0,0,45,3,2,30,0,0,38,49,5,0,111,0,31,125,16,8,22,47,2,3,14,64,0,0,33,0,15,0,1,0,97,1,13,0,173,5,15,9,0,10,36,0,38,112,84,45,38,15,1,89,0,3,45,76,3,0,3,6,9,0
Gene2S_040,0,10,0,0,0,0,0,5,17,0,20,9,8,0,0,0,20,0,0,2,0,0,0,0,2,12,0,8,2,0,0,0,0,0,0,0,0,0,0,0,8,0,21,0,0,0,0,10,0,0,0,0,0,0,0,0,0,0,0,17,0,5,0,0,0,2,2,0,0,32,12,0,0,0,0,0,6,0,1,0,40,5,6,0,1,0,0,0,0,0,13,0,1,0,2,0,62,0,4,3,0,17,0,0,2,0,0,0,0,0,1,11,12,0,25,0,7,0,0,43,0,0,0,0,0,0,0,0,0,0,0,0,0,5,0,0,5,0,1,0,0,0,0,0,2,0,12,0,12,11,44,0,0,0,0,0,27,0,0,29,0,0,39,0,0,1,0,0,0,0,0,21,0,0,0,19,0,0,5,0,43,0,0,0,0,11,7,0,0,0,0,0,3,3,0,0,65,0,0,0,2,0,0,0,0,3,0,0,0,3,0,0,0,8,0,8,0,0,0,0,0,0,0,0,20,0,5,19,16,0,0,1,0,0,3,0,1,0,0,1,2,0,0,61,13,0,0,1,0,3,1,0,1,78,48,55,0,6,1,0,0,0,0,0,0,0,16,0,0,0,0,0,27,0,0,0,0,0,47,3,0,0,0,0,13,0,5,17,0,0,3,0,0,0,1,0,0,0,1,0,0,0,0,0,0,0,1,0,0,1,0,0,9,0,0,0,0,0,0,8,0,0,0,0,5,0,0,12,0,0,0,32,0,0,0,0,0,54,0,0,0,0,12,0,30,0,0,5,0,0,0,0,0,0,0,0,0,11,35,0,0,0,0,0,0,0,0,0,0,0,20,0,12,31,5,25,0,0,0,2,1,0,0,0,0,0,0,0,0,0,0,0,0,8,0,0,0,0,0,7,0,0,0,0,0,0,3,0,0,0,0,0,0,0,0,0,0,0,7,0,0,6,0,8,0,0,79,7,0,0,44,2,0,1,0,0,0,0,0,3,0,35,3,0,0,0,0,0,0,0,0,22,64,0,51,0,0,0,3,0,39,0,0,0,0,41,0,0,0,0,0,0,0,0,0,0,25,2,0,0,0,0,0,0,6,0,0,0,0,0,0,0,0,2,0,2,32,0,0,0
Gene2S_041,0,58,0,0,2,42,0,0,1,11,0,0,0,101,0,0,39,0,0,0,0,0,0,0,0,4,3,0,25,0,0,49,0,0,0,21,15,0,0,11,47,0,0,0,49,0,0,0,0,0,0,1,117,41,0,0,0,0,71,0,0,11,80,63,3,0,42,0,0,3,42,119,29,0,41,5,0,0,0,0,39,0,25,26,85,0,0,100,7,0,0,0,0,0,32,0,0,50,3,8,83,0,24,0,1,68,0,0,0,0,32,0,3,88,0,0,1,0,4,0,0,37,2,99,0,0,2,90,4,0,31,0,15,0,0,0,98,0,0,86,3,0,0,40,0,0,4,0,22,0,1,0,37,0,6,6,0,2,75,1,0,0,50,0,0,11,4,0,0,0,0,2,8,5,0,1,10,0,0,0,78,148,0,0,0,104,4,17,0,29,0,0,0,0,21,0,132,0,0,0,15,2,20,0,12,0,121,18,12,0,0,0,0,0,26,0,0,2,0,0,1,0,0,0,0,0,0,1,1,1,0,0,21,0,2,12,1,43,0,18,0,0,0,42,5,0,0,82,62,1,8,1,0,0,0,121,0,0,0,0,24,57,2,2,0,0,0,17,0,14,0,0,0,0,9,0,9,0,0,0,0,12,0,0,13,0,8,69,3,206,0,0,0,8,14,0,102,0,83,0,0,0,59,0,36,26,0,0,0,0,70,0,0,13,2,0,54,1,45,61,0,70,37,0,0,11,16,0,0,85,70,0,0,0,38,66,31,0,2,0,0,0,0,9,0,0,2,0,1,146,0,9,0,106,118,1,37,0,1,6,130,0,123,2,0,0,0,0,0,0,130,0,0,0,0,0,21,0,0,133,4,0,0,92,9,0,0,0,0,1,0,0,0,3,0,0,0,17,69,7,0,0,88,0,191,0,93,0,3,0,2,0,2,1,0,47,43,0,35,0,98,0,84,89,117,0,2,0,0,0,1,108,0,146,35,0,1,0,23,0,0,26,0,0,22,0,53,0,0,0,2,3,4,0,2,22,14,0,1,26,5,3,20,8,1,1,27,1,0,0,0,7,0,0,0,0,0,20,0,0,0,0,0,2,5,65,126,0,87,0,60,0,0,0,0,0,0,0,0,3
Gene2S_042,30,57,122,41,4,34,42,23,177,133,70,12,103,6,0,8,0,112,60,168,44,90,101,2,132,113,73,192,36,18,150,144,161,157,95,40,138,49,46,26,134,6,90,102,12,31,2,57,55,111,44,7,13,57,154,142,31,8,164,99,135,27,128,21,23,89,117,65,16,101,114,174,135,65,25,102,102,104,73,163,18,26,113,68,5,60,117,33,52,47,69,191,174,113,90,23,140,66,148,78,6,81,1,59,28,24,110,58,144,84,0,47,19,120,51,14,64,72,6,20,18,85,28,15,155,118,130,73,59,129,172,172,8,1,27,51,22,45,62,25,4,11,66,109,138,151,69,18,34,0,129,59,54,21,27,156,5,52,31,95,2,6,50,26,2,40,108,44,99,30,61,206,16,0,34,122,51,83,68,2,18,60,6,5,76,121,34,124,144,82,77,21,137,154,171,114,108,48,1,47,112,11,84,6,40,30,3,130,85,109,9,7,79,8,112,20,64,24,123,112,125,34,120,171,109,31,42,105,94,46,139,90,141,73,45,30,133,13,43,56,49,55,61,69,30,39,122,110,82,106,141,98,18,33,14,55,41,3,32,15,111,19,159,75,158,179,175,88,76,150,62,88,174,35,59,78,93,15,158,141,83,28,30,132,53,43,72,27,94,79,1,26,168,140,62,116,83,33,37,90,30,52,110,113,68,40,173,108,105,40,61,50,52,6,142,46,54,85,126,31,12,27,128,149,20,63,15,162,54,88,30,142,134,197,149,139,92,31,18,79,110,56,42,156,143,171,175,26,19,19,2,11,125,58,13,177,46,96,47,50,16,152,48,52,77,6,115,180,109,103,35,69,165,62,144,33,68,64,110,36,97,1,76,65,66,33,128,138,92,104,133,37,74,11,31,136,43,3,22,68,51,2,103,128,85,88,23,76,96,52,92,91,56,164,103,166,4,106,92,79,20,128,55,2,49,30,86,31,74,11,8,55,12,21,12,12,39,152,101,145,97,57,107,98,124,52,23,41,57,16,40,21,86,107,59,1,43,57,93,53,42,136,12,106,82,129,35,126,99,84,49,9,49,19,151,36,17,119,158,18,143,30,84,30,64,143,128,87,84,126,133,93,1,32,10,104,158,33,88,155
Gene2S_043,0,0,95,0,0,0,0,0,0,0,85,0,0,0,36,0,73,44,29,0,0,8,0,0,0,0,0,0,0,2,5,83,4,0,0,0,0,38,102,0,0,0,0,0,0,114,0,0,0,0,0,0,0,0,8,1,83,0,2,16,30,47,20,0,78,0,0,0,36,0,1,0,88,82,0,40,0,0,41,17,0,0,54,0,0,0,0,0,0,0,98,1,0,4,0,0,0,0,0,0,0,0,43,56,95,82,0,0,0,1,0,0,0,0,0,0,0,3,34,0,0,63,0,0,0,0,0,84,0,0,34,8,0,1,71,109,0,101,29,0,0,12,36,84,25,5,36,87,0,19,0,22,0,25,3,0,0,0,0,0,0,0,18,18,0,0,18,0,49,0,0,0,0,0,0,0,3,101,0,0,0,86,34,0,0,0,1,23,0,65,0,0,2,0,69,5,87,0,14,2,0,0,58,0,0,0,0,6,0,85,1,1,0,0,0,0,0,0,0,0,0,90,0,0,0,42,0,0,0,36,42,0,0,43,0,0,0,0,0,43,0,7,21,5,80,0,0,18,1,0,0,1,0,0,94,0,0,0,0,1,0,6,0,56,0,0,0,0,0,0,40,7,95,0,0,0,0,0,87,2,7,0,2,0,4,1,102,0,10,0,0,0,110,0,0,0,0,0,0,0,0,0,0,0,0,4,0,100,90,92,0,0,35,0,0,0,0,8,0,11,0,95,0,0,0,90,84,0,70,0,0,4,20,0,4,0,0,0,0,7,0,87,0,0,0,0,0,0,2,0,0,0,3,0,76,0,0,0,0,0,0,16,0,114,0,0,0,0,0,0,0,1,0,0,33,0,3,0,0,0,0,89,0,0,3,4,0,0,0,0,0,3,0,9,0,0,0,7,0,9,65,0,0,0,0,31,0,0,81,0,96,1,0,0,10,0,0,94,20,0,0,0,0,58,24,0,0,87,0,112,0,109,0,0,0,0,0,0,0,0,29,106,0,0,0,0,0,0,0,0,0,0,0,0,0,71,0,0,0,0,50,3,0,0,101,0,0,87,1,9,0,0,0,0,12,0,0,0,21,0,14,0,0,16,76,0,0,0,0,30,0,9,0,75,26,0,1,0,0,119
Gene2S_044,0,0,0,30,90,5,0,11,20,70,3,23,96,1,144,58,56,22,0,124,29,2,1,8,16,33,0,26,2,103,94,28,0,3,11,0,81,0,94,7,67,0,0,0,124,30,65,21,31,65,41,13,6,24,68,0,0,2,52,0,0,110,83,109,95,103,3,0,1,30,97,16,107,64,67,31,89,3,2,7,74,0,89,74,38,72,29,0,10,27,18,0,62,80,42,20,0,14,43,0,83,26,10,8,109,0,58,72,58,78,0,12,44,3,32,5,0,160,13,16,0,0,13,0,63,0,86,96,1,56,105,26,4,38,45,0,37,0,85,192,115,0,0,0,18,0,43,55,14,18,117,107,48,1,0,0,24,61,155,0,0,44,55,12,18,112,0,34,76,63,0,93,0,49,98,8,88,16,15,68,10,10,0,0,0,36,70,0,94,0,0,0,99,148,0,73,32,137,0,0,132,158,0,171,16,0,30,28,10,2,43,0,4,81,0,0,72,35,28,1,12,0,142,87,19,74,4,88,12,0,3,0,105,30,43,45,3,133,58,127,26,80,19,117,13,105,56,121,23,4,71,64,0,0,132,0,16,0,2,26,16,3,2,0,0,1,48,42,4,0,0,61,133,0,0,46,3,0,47,0,135,10,33,19,30,95,11,159,22,100,12,141,66,28,41,56,3,70,19,3,47,55,60,0,0,26,39,95,16,138,126,102,97,19,68,97,37,152,51,50,14,0,24,0,140,0,103,63,0,3,39,1,1,84,0,14,15,1,54,0,26,42,36,2,100,23,28,0,0,10,53,130,0,83,6,15,166,0,0,34,0,54,7,136,52,22,0,3,7,7,3,0,2,2,149,0,22,0,3,1,5,26,3,0,13,91,0,1,63,0,23,73,93,118,1,9,28,0,19,0,2,18,0,5,56,18,2,17,0,0,30,32,3,0,0,0,15,16,10,27,21,14,28,0,22,116,11,0,68,2,109,4,1,0,37,90,152,0,9,0,0,0,65,130,22,149,87,10,1,60,0,24,0,48,6,20,0,11,40,2,3,5,43,2,15,0,0,14,61,103,1,33,18,1,2,3,33,7,45,0,0,0,0,0,137,5,1,16,0,1,11,0,0,1,4,68,44,56,0,23
Gene2S_045,6,0,0,75,0,0,28,0,0,0,0,0,0,0,0,32,0,0,0,1,8,0,5,0,0,0,0,0,0,7,2,0,0,0,0,0,0,12,0,3,20,31,0,0,0,0,8,4,0,0,0,0,0,4,16,0,0,2,1,10,15,0,0,0,19,0,0,0,8,0,0,0,0,0,0,21,0,0,0,33,0,0,0,0,0,0,1,0,5,0,0,0,0,0,0,0,0,58,1,0,0,1,0,0,4,0,0,1,0,1,0,0,0,0,0,4,0,58,0,0,48,4,0,0,13,0,0,0,0,10,0,0,0,0,0,0,0,0,0,0,0,0,0,0,0,0,0,0,0,5,0,0,8,26,9,0,5,0,0,0,0,0,0,4,0,0,0,0,0,0,0,0,0,0,0,0,0,0,27,0,0,0,11,0,0,0,0,4,0,0,0,0,0,0,4,0,37,0,4,0,3,0,0,0,15,15,40,2,1,16,0,0,1,15,3,0,2,0,0,0,0,0,0,0,0,0,0,0,4,5,0,0,0,0,0,0,26,0,0,0,10,0,1,4,0,0,0,27,0,0,0,8,1,1,0,16,0,56,0,18,0,57,0,0,0,4,0,0,4,0,6,0,2,0,0,0,0,45,0,0,0,0,0,0,3,22,0,0,0,1,0,0,0,0,0,0,15,0,0,0,0,0,0,0,15,0,0,4,7,0,0,0,0,72,30,0,0,0,0,2,0,0,0,0,12,19,0,0,0,0,0,0,0,0,0,0,0,3,83,0,10,0,0,0,0,1,0,0,0,10,0,0,0,0,15,0,38,0,0,0,0,0,0,3,1,0,10,0,0,0,19,37,0,9,0,9,48,0,3,6,0,13,0,2,0,0,4,0,1,0,0,0,1,60,0,0,3,0,0,0,0,0,0,0,1,0,0,2,0,0,0,0,0,0,0,0,0,0,62,0,9,35,0,0,0,16,0,13,42,0,0,0,0,10,0,0,1,0,28,0,0,0,3,22,0,2,0,0,0,0,0,0,0,22,7,0,4,4,0,0,5,30,0,4,0,0,0,0,0,0,0,0,0,0,0,0,0,0,0,0,0,0,28,32,0,0,0,0,0,0,2,1,0,0,21,75,0,3,9,0
Gene2S_046,165,115,47,19,47,44,144,43,77,83,93,54,35,115,57,15,74,46,14,45,25,19,128,41,37,22,4,25,11,40,44,83,67,44,17,194,148,0,38,91,152,21,140,36,45,61,22,3,10,80,11,28,76,103,165,63,100,62,54,19,115,22,54,29,36,43,23,89,11,19,54,65,49,33,1,0,28,90,37,30,142,186,9,139,18,9,46,12,53,49,5,150,10,5,236,42,51,95,128,4,26,62,75,22,54,2,105,17,25,29,70,59,3,44,69,22,35,18,103,29,1,36,4,71,177,80,150,20,26,124,66,15,4,45,86,38,24,53,13,33,24,51,98,122,221,67,184,43,13,34,172,20,11,77,10,70,120,56,31,85,94,110,140,19,101,115,85,199,59,39,109,93,1,12,48,37,11,79,59,6,75,7,126,19,38,109,19,61,65,105,80,37,52,113,61,109,92,70,18,14,94,18,41,14,0,4,41,143,39,82,24,4,77,73,0,30,3,48,178,62,54,175,77,10,8,1,59,208,43,59,93,14,39,146,109,57,17,120,8,74,89,57,45,41,94,39,6,14,24,108,10,109,44,16,78,155,20,74,113,66,19,106,42,58,1,61,40,15,27,45,107,0,49,22,22,112,161,72,143,15,39,76,43,31,9,64,39,21,49,47,19,22,122,65,79,31,14,82,16,59,59,72,106,60,50,5,50,13,58,82,44,54,30,33,28,42,8,6,142,76,3,158,2,39,48,78,117,76,4,104,34,62,42,34,250,87,32,46,67,120,5,69,161,11,47,125,36,98,27,0,23,55,27,134,28,12,53,96,15,195,3,57,142,65,13,20,151,69,16,52,105,54,63,99,196,128,44,52,16,58,6,121,9,48,58,26,85,101,19,41,121,39,25,77,74,85,0,16,47,30,150,124,91,4,11,33,41,19,159,112,27,105,72,131,224,33,8,77,27,95,30,40,32,63,63,27,50,19,75,78,20,84,11,76,21,129,1,24,9,47,116,39,51,83,48,126,130,101,91,53,65,16,51,13,98,62,9,48,31,50,93,86,79,90,2,111,4,15,155,125,25,70,11,64,99,2,31,14,3,4,13,21,1,120,62,201,68,53,62,68,75,54,99,61,30,106,104,172,35,39
Gene2S_047,54,0,4,0,8,4,58,7,0,19,0,100,44,2,0,0,27,0,10,1,13,0,28,0,0,12,2,22,0,27,92,0,9,5,4,4,3,2,16,13,0,14,0,9,95,3,5,2,0,14,70,0,0,22,0,44,67,9,2,12,14,0,13,1,2,2,0,2,101,0,88,7,1,22,13,85,109,0,3,8,7,0,0,46,0,0,0,21,4,27,1,16,5,51,5,1,16,0,16,16,1,2,13,35,69,0,19,1,0,0,46,0,7,32,22,0,0,0,4,0,17,25,16,31,9,3,16,16,17,66,4,3,0,38,0,5,53,21,7,0,0,12,69,42,0,0,39,56,0,23,41,29,0,0,130,47,1,40,0,11,10,2,59,0,14,2,41,142,2,51,2,0,18,0,3,0,37,0,2,9,1,26,12,9,35,0,0,27,49,0,24,0,26,0,1,0,100,43,31,6,0,13,42,3,60,0,1,3,6,0,3,0,3,0,14,0,1,81,0,0,0,3,0,3,3,3,44,12,1,13,46,0,7,2,1,85,0,62,1,37,21,3,0,5,36,0,4,23,3,2,0,0,3,9,48,0,3,0,43,113,4,48,25,17,2,3,1,7,4,18,3,47,0,0,0,0,5,2,20,5,0,3,0,16,64,108,13,2,13,0,3,7,0,51,41,5,0,64,31,0,12,70,0,11,0,0,15,32,10,0,107,14,0,15,1,103,4,30,0,0,37,7,8,42,71,1,0,3,3,4,0,0,46,50,3,0,33,0,6,0,0,0,0,7,4,0,0,8,54,0,0,12,0,5,0,1,18,2,10,45,27,0,16,0,48,0,0,7,68,88,0,25,80,2,28,0,0,0,16,30,18,94,94,0,11,9,0,0,36,14,0,0,42,5,0,4,0,31,0,0,0,1,0,0,1,27,9,7,2,25,0,95,0,91,1,18,19,21,58,0,1,0,7,0,31,50,32,0,2,0,4,3,0,30,34,3,13,33,11,10,0,87,75,5,0,0,3,0,4,86,16,2,18,0,6,16,35,25,26,12,55,5,0,89,4,0,0,0,0,0,0,10,5,9,0,0,56,8,34,1,2,0,2,20,0,109,7,7,12,1,1,12,2,0,0,6,0,52,16,0
Gene2S_048,170,169,156,67,106,31,112,75,60,137,88,23,115,83,92,135,45,8,89,11,18,69,54,8,138,77,132,1,127,142,108,10,20,12,166,2,146,12,72,48,9,155,51,137,96,5,22,117,110,14,207,32,60,85,28,48,84,71,34,65,109,91,107,155,8,64,169,47,25,37,127,142,17,95,69,67,50,35,52,105,32,66,42,50,30,75,19,26,159,37,109,19,33,3,94,126,84,49,81,38,4,73,14,77,73,5,65,152,143,93,59,183,95,18,6,72,60,72,0,182,81,12,15,82,77,157,78,63,174,111,82,41,92,212,11,68,12,112,77,21,170,189,67,26,198,28,114,72,53,42,90,60,154,47,60,48,62,47,213,97,121,16,8,92,13,48,10,145,121,66,40,79,198,101,3,2,17,101,37,7,40,10,116,46,105,10,20,89,77,101,106,89,121,15,29,22,176,142,64,37,103,112,137,85,95,121,54,135,23,35,77,77,17,94,127,120,0,161,67,25,16,46,20,161,82,30,120,32,8,47,40,56,23,48,74,59,56,120,145,53,85,5,159,162,157,83,62,134,112,115,50,69,202,88,72,52,30,148,187,38,194,136,12,14,141,219,61,35,59,76,13,75,121,145,23,49,75,112,10,31,71,79,25,44,54,29,126,63,10,146,38,66,124,2,212,20,73,7,67,2,127,62,44,154,122,38,36,127,59,30,27,4,48,78,101,127,196,131,25,12,14,122,1,104,81,37,12,159,118,26,105,43,34,123,93,178,54,12,46,123,82,90,92,10,54,46,37,91,9,38,47,145,0,9,136,108,17,157,38,102,158,4,81,30,180,94,132,120,20,125,162,96,80,31,26,139,116,17,37,153,19,129,142,113,10,46,159,135,71,119,56,144,96,88,17,65,40,66,104,28,224,153,127,35,151,15,58,91,145,55,40,11,106,78,47,30,70,167,12,10,127,172,184,97,63,186,19,7,112,56,100,112,123,57,84,130,188,140,162,121,215,50,176,8,7,16,76,181,10,109,22,82,107,32,80,108,39,80,160,55,82,64,147,12,160,0,176,53,7,18,83,100,75,4,108,47,8,80,123,124,36,102,18,37,28,86,143,53,37,174,4,32,215,60,32,134,156,25,12,16
Gene2S_049,6,78,62,22,90,8,84,137,80,179,65,231,29,18,21,139,106,4,66,57,3,64,51,141,15,30,13,138,77,92,21,60,77,191,37,61,56,1,18,106,114,6,82,127,145,92,48,140,92,60,65,10,113,6,3,39,150,55,85,218,46,47,152,44,1,76,41,61,169,16,71,47,0,0,74,6,129,33,145,14,18,87,8,23,0,0,74,7,128,4,137,77,48,76,3,165,149,98,87,28,8,156,22,7,20,144,122,234,33,138,58,32,63,64,139,10,42,21,31,1,163,21,4,213,85,39,186,101,15,46,124,84,21,35,126,10,92,66,79,52,114,75,55,17,94,87,58,127,67,193,19,88,11,28,180,183,131,59,37,98,96,28,171,8,70,89,37,7,35,20,33,52,127,58,5,62,11,59,24,28,34,61,98,3,74,12,51,51,148,133,26,72,111,106,3,22,2,102,68,56,47,110,147,60,36,2,45,207,0,10,0,58,30,68,125,96,0,163,9,112,2,15,0,153,34,66,116,3,44,85,178,73,0,61,47,58,13,73,56,48,98,4,5,91,71,78,10,124,74,65,40,10,0,33,38,3,20,37,61,55,8,160,7,50,126,3,136,57,198,148,46,63,5,45,71,25,10,152,30,30,56,2,32,113,126,14,95,93,13,30,30,43,0,11,41,31,10,112,140,26,25,92,16,15,174,117,72,11,7,72,47,41,6,32,52,11,73,61,46,28,35,18,2,112,2,110,5,92,69,23,111,13,144,87,168,44,105,105,44,0,59,37,36,3,8,86,56,57,3,21,33,4,18,25,165,4,33,32,81,6,2,66,128,88,38,9,49,38,107,35,43,52,40,33,87,157,99,70,77,137,209,70,47,113,0,15,110,157,45,15,106,17,1,62,183,5,8,209,188,116,34,198,89,54,4,17,121,74,165,86,57,37,155,93,65,79,170,32,57,26,67,142,189,102,86,148,47,11,37,62,174,0,17,73,138,13,202,70,0,39,65,5,17,35,45,47,49,128,9,124,1,0,17,91,71,45,37,53,9,28,12,171,0,31,16,56,55,22,86,158,45,83,52,23,39,0,73,21,96,162,154,75,30,1,215,2,52,96,88,31,68,11,94,47,192,60,110,101,19,20
Gene2S_050,79,117,70,63,111,163,10,81,98,73,20,88,129,140,139,0,75,68,146,88,28,136,45,184,69,24,0,23,147,67,109,157,192,156,100,44,39,119,211,152,11,16,164,13,94,10,80,154,22,57,80,84,31,201,185,33,13,64,166,21,25,178,11,60,19,134,54,231,58,23,86,18,126,3,74,52,88,158,124,170,20,6,56,141,9,55,78,0,150,21,178,77,73,185,18,136,11,14,65,181,36,94,153,37,58,0,20,105,137,37,125,12,19,3,174,125,41,87,134,61,33,82,117,33,64,58,63,207,222,205,107,73,59,68,1,1,42,61,59,108,184,180,68,144,40,133,69,104,77,86,0,43,85,146,214,87,165,169,37,170,22,153,161,57,154,67,6,163,111,17,164,37,104,2,2,95,37,18,129,73,192,80,216,22,174,71,67,126,72,7,10,1,150,2,139,40,11,144,89,26,59,1,50,8,182,39,40,135,108,104,79,138,186,17,37,46,50,30,109,112,6,60,134,144,16,129,25,64,140,111,149,142,44,183,197,53,41,32,75,1,90,129,134,95,99,96,25,138,152,215,112,85,9,2,12,193,66,12,91,80,68,200,165,1,6,157,195,103,89,122,48,70,174,136,14,71,11,48,105,26,177,231,143,16,5,82,62,187,95,9,101,58,78,207,80,138,58,46,8,32,97,168,30,115,154,74,104,67,10,104,7,8,201,7,33,0,0,68,73,3,61,48,0,71,23,178,31,6,46,86,0,48,233,88,187,155,3,124,12,90,40,127,33,177,228,197,130,123,5,94,108,61,99,0,41,53,213,184,187,8,67,22,12,205,1,31,143,27,2,28,27,16,82,107,105,152,128,122,88,20,114,8,65,173,84,199,137,8,94,85,237,67,31,10,29,32,111,13,13,185,198,212,117,198,220,82,90,4,53,118,4,84,23,94,29,1,6,54,59,8,51,68,64,183,22,6,138,95,55,18,188,79,147,105,187,77,191,198,102,212,33,83,91,77,10,158,214,4,25,175,197,53,80,72,0,127,51,96,38,1,134,62,69,43,32,123,0,91,10,25,130,34,90,164,60,43,141,49,23,0,0,76,119,16,236,4,70,126,9,36,70,81,203,124,6,168,63,151,146,44
Gene2S_051,35,0,21,51,15,0,9,0,5,50,0,32,50,6,0,5,28,0,7,18,2,5,0,27,32,3,28,2,36,65,15,33,18,41,0,5,3,9,55,6,44,28,10,37,35,1,23,52,21,0,2,16,33,3,21,6,78,12,5,12,66,20,17,4,4,7,10,0,10,11,26,33,12,0,42,15,11,8,17,20,8,0,0,0,10,68,26,46,20,6,78,2,58,55,2,8,79,43,32,8,18,9,29,5,18,19,1,92,29,25,35,16,3,1,4,6,7,10,38,19,0,8,18,84,38,40,44,2,5,0,0,78,4,13,51,23,29,9,37,15,0,19,7,8,9,4,93,0,10,7,46,5,33,11,7,2,15,0,69,27,10,4,43,87,11,1,16,6,48,51,46,13,4,50,0,1,10,0,25,15,42,18,60,6,10,20,85,33,47,10,51,3,24,29,68,1,69,62,4,23,0,2,35,35,8,12,48,3,30,10,92,16,56,23,24,5,39,31,9,47,10,14,30,7,3,11,5,26,11,14,12,8,32,60,48,29,30,3,81,20,11,31,26,6,19,0,1,55,3,17,0,9,22,69,20,5,18,13,27,1,20,0,14,5,9,2,16,22,87,1,11,28,34,26,16,53,1,5,3,1,92,0,2,20,27,16,8,37,25,44,29,18,0,18,0,82,2,18,9,14,85,14,69,33,41,26,4,0,13,41,10,88,37,7,74,18,34,18,2,0,0,5,10,26,2,4,37,13,0,21,21,39,45,11,1,9,0,0,17,4,21,0,1,26,4,9,6,24,15,7,35,7,33,10,22,28,12,22,53,58,18,27,0,1,0,59,20,16,41,3,23,0,59,0,21,32,13,16,42,44,57,0,11,51,26,56,9,64,12,13,0,33,6,51,10,0,51,41,26,65,38,15,20,75,22,7,5,2,27,0,0,15,13,15,18,24,65,42,41,25,9,51,27,23,0,3,39,17,15,44,8,55,1,64,1,14,53,6,25,71,2,31,2,1,3,3,3,1,60,9,3,16,0,16,36,10,36,44,5,1,19,48,54,12,18,18,14,16,91,1,25,97,12,31,18,0,8,75,22,11,14,0,0,3,8,7,19,40,1,4,36,17,20,12,3,5,7,14,2,23
Gene2S_052,0,0,8,0,0,36,63,0,29,3,0,17,0,0,111,0,0,0,55,0,0,0,0,0,0,0,0,0,0,0,0,0,0,0,14,0,0,0,0,92,0,0,0,0,0,28,0,0,0,0,0,0,0,0,0,0,0,159,0,0,0,0,0,0,63,0,23,0,0,0,0,0,0,185,8,0,0,14,0,1,0,3,0,0,0,0,0,0,6,0,0,0,0,0,0,93,0,0,10,0,0,0,52,0,0,0,96,84,0,0,0,0,0,0,31,0,0,0,6,0,0,45,43,0,0,0,0,0,0,0,0,0,0,92,81,0,76,0,0,0,0,28,0,0,0,0,6,0,0,2,163,0,0,127,0,0,0,0,0,0,0,0,6,0,0,0,77,127,0,0,0,0,78,0,0,0,38,0,7,0,0,0,0,0,0,0,0,0,0,41,0,0,0,0,0,0,0,0,0,0,0,15,0,0,0,0,0,0,0,0,0,162,0,0,0,0,0,22,0,0,2,0,0,0,0,1,13,2,0,119,12,0,0,0,0,0,0,30,0,0,0,0,0,0,0,0,0,0,0,0,0,172,0,62,0,0,1,40,0,36,0,0,0,0,0,2,0,5,4,0,0,0,0,16,5,75,0,0,0,7,0,0,0,0,45,0,0,0,0,0,14,90,22,0,0,0,0,0,9,1,0,0,125,0,0,0,129,0,45,6,3,0,0,0,0,0,0,0,0,0,11,177,0,0,0,0,0,0,0,0,0,5,0,0,0,1,24,0,0,0,0,0,4,0,0,0,0,0,0,0,0,5,0,127,0,0,0,0,0,0,0,0,0,0,0,0,51,93,0,19,0,0,25,14,122,8,0,0,0,77,0,30,0,0,0,0,0,0,0,0,0,17,0,0,0,0,8,0,6,0,122,0,0,0,7,0,0,0,0,0,0,74,50,29,155,0,0,0,111,0,0,0,0,25,0,0,0,0,7,0,0,0,0,0,0,0,0,0,0,0,0,0,0,0,0,0,0,0,0,0,0,0,0,0,30,0,18,0,5,0,0,48,0,0,6,0,0,42,0,127,0,0,0,0,0,2,0,0,0,0,4,0,0,0,2,0,0,0,0,0,7,0,99,98,0,9,0,0,0,40
Gene2S_053,0,0,10,26,46,7,2,15,0,0,0,16,0,0,0,44,0,32,0,0,0,0,0,0,0,0,0,0,17,0,0,13,4,0,45,0,0,0,5,0,0,0,28,0,0,4,0,0,0,2,0,0,0,0,0,0,11,7,16,29,0,0,0,0,0,0,9,16,0,0,0,22,0,0,0,0,0,0,27,5,0,0,14,26,0,0,0,0,0,0,0,23,10,0,27,0,0,11,15,0,0,0,0,15,0,1,9,12,0,28,0,0,0,0,0,38,0,0,0,33,0,0,0,1,0,0,0,0,0,7,0,9,0,2,3,7,24,1,0,0,0,0,0,26,0,25,2,0,0,0,0,0,3,2,0,0,0,0,0,0,10,0,0,0,0,0,4,0,0,24,23,0,0,0,0,1,0,0,1,0,4,0,3,9,0,0,6,25,0,9,0,0,0,0,0,18,0,0,21,0,4,1,0,28,0,0,2,0,0,0,1,0,0,0,2,0,0,0,0,0,0,0,0,0,0,0,0,0,22,37,1,1,0,0,0,0,0,2,0,0,9,5,0,1,0,0,0,0,0,1,0,0,4,0,0,0,14,0,0,1,3,0,0,0,0,0,0,27,6,4,4,1,1,0,12,0,3,0,0,0,2,0,0,2,0,9,0,0,0,0,0,20,0,15,0,0,11,20,3,0,0,0,0,1,0,2,3,0,0,0,0,0,0,22,0,0,9,2,0,4,29,24,0,0,0,0,0,0,5,5,26,0,0,0,7,0,0,0,2,23,1,30,0,0,4,0,0,39,28,17,0,0,0,0,12,0,1,8,7,0,0,0,0,0,2,0,0,5,0,0,0,0,0,0,0,0,0,6,0,1,16,0,45,0,0,0,46,9,0,6,26,10,0,34,1,3,0,1,0,2,0,0,0,0,0,6,0,0,0,0,0,0,0,0,7,0,0,0,0,0,12,0,0,1,0,0,0,31,1,6,0,0,0,0,0,2,3,0,0,0,38,7,2,0,0,0,9,9,0,0,7,0,0,27,0,0,0,0,6,0,34,15,20,0,0,0,4,32,36,3,0,2,0,1,0,0,6,9,8,17,0,4,0,2,0,32,0,0,0,6,0,5,0,2,0,0,0,0,0,3
Gene2S_054,0,0,0,0,0,38,68,5,3,0,0,0,0,0,0,52,1,0,3,0,47,0,0,0,1,0,0,0,0,0,1,0,0,0,0,0,0,0,163,0,1,0,0,4,0,71,0,0,2,107,9,0,0,0,0,6,0,0,0,0,0,0,0,10,0,0,76,0,0,1,0,0,0,1,1,0,0,0,0,0,0,0,0,0,0,0,1,0,0,0,0,0,199,0,228,11,0,2,164,0,4,0,1,0,0,0,0,0,0,0,66,175,0,0,219,0,1,6,92,31,51,7,15,0,0,13,0,0,20,1,167,0,218,0,0,94,0,0,0,41,0,0,0,11,0,0,0,0,4,0,0,0,0,0,29,85,0,0,0,15,21,0,187,0,188,117,0,0,40,0,13,0,0,201,0,10,227,6,0,218,0,0,0,0,0,0,0,0,0,107,0,0,80,0,0,0,0,0,0,0,0,0,120,0,3,0,49,0,1,0,0,0,0,0,0,6,0,0,1,0,0,230,0,12,5,196,0,49,0,9,0,0,0,0,6,0,0,0,0,221,78,0,0,0,200,27,39,0,0,0,2,0,0,0,0,0,4,0,0,9,0,1,0,0,14,0,1,0,36,0,100,0,0,12,0,0,0,0,4,0,0,10,0,4,0,0,12,0,22,0,0,0,0,0,67,0,0,0,0,0,0,0,0,0,7,0,1,0,1,202,0,0,0,0,0,0,0,0,0,117,0,0,239,0,0,0,3,9,66,0,0,0,0,2,12,0,0,0,1,0,172,0,0,0,0,0,0,1,0,0,0,0,5,0,0,0,0,25,0,0,0,1,0,0,0,114,1,0,41,0,0,0,0,0,7,106,0,0,0,0,0,0,0,93,0,0,4,0,0,0,0,0,0,0,4,0,0,11,0,0,0,38,2,13,0,0,4,2,0,46,0,69,0,0,0,0,0,0,5,0,187,21,0,0,14,0,16,158,0,0,0,8,0,22,11,0,7,0,0,32,0,0,0,0,83,0,0,0,70,0,0,0,0,5,1,98,0,1,0,9,0,0,10,0,0,0,3,0,0,54,0,13,205,0,22,0,13,0,1,0,0,0,0,0,0,6,0,0,0,0,0,51,66,0,136,43,6,229,6,5
Gene2S_055,0,5,0,0,0,0,0,1,4,0,0,0,22,0,0,8,0,0,7,0,0,0,0,4,0,0,1,0,0,0,0,12,0,1,30,1,2,0,1,0,0,0,0,0,30,33,0,40,0,10,0,0,0,0,39,2,0,0,0,3,11,0,0,10,0,0,0,32,0,0,0,6,16,0,0,0,0,0,0,0,0,6,0,28,26,1,0,0,24,12,0,3,52,0,2,4,0,0,0,4,2,1,0,0,49,0,0,6,1,0,0,0,0,0,0,1,0,0,0,0,0,0,0,2,0,0,14,11,0,0,0,0,1,0,0,1,0,0,0,17,2,0,7,0,25,3,0,0,0,5,0,15,1,0,0,0,0,0,0,0,0,1,0,0,0,2,0,3,0,0,0,0,0,0,0,13,0,0,0,0,0,0,0,39,0,56,37,5,0,0,0,0,0,0,0,30,0,0,10,0,14,0,0,0,31,0,0,5,45,0,51,0,0,3,0,0,0,0,0,0,0,0,26,0,14,0,0,0,0,0,0,0,0,0,0,0,49,0,0,0,0,0,0,4,0,12,0,0,0,0,0,0,1,0,0,0,0,11,14,0,0,2,0,0,40,15,13,0,0,0,0,0,0,0,0,2,0,0,0,0,0,0,0,0,0,1,0,0,0,0,0,2,0,0,0,0,0,0,0,0,0,0,16,0,0,0,0,0,0,0,0,0,13,0,63,0,24,0,0,0,0,0,0,0,0,0,7,0,0,0,0,0,0,0,0,0,4,0,7,25,0,39,0,0,0,0,0,0,0,0,2,1,0,0,0,0,0,0,0,0,9,0,3,3,0,0,0,0,0,0,0,0,0,0,0,0,0,0,0,1,33,35,46,0,0,0,0,0,0,0,0,0,0,0,3,0,0,0,1,0,0,0,38,0,0,4,0,0,0,4,0,0,41,0,0,0,40,0,0,0,0,0,27,2,1,0,0,0,15,0,0,7,0,0,9,44,0,0,0,3,0,0,17,32,1,0,0,22,0,0,0,14,0,0,1,0,0,0,0,0,0,0,20,0,0,0,0,0,3,0,0,0,2,0,0,1,0,0,0,0,0,0,0,0,6,14,0,0,0,0,0,3,39,0,6,0,3,0,0,6
Gene2S_056,0,0,0,0,4,0,10,0,0,0,0,125,120,0,0,167,0,0,105,0,0,60,0,0,0,0,0,0,165,0,0,0,0,0,41,34,21,0,1,180,0,38,0,0,111,0,27,4,0,0,0,0,2,0,23,0,49,0,0,16,0,0,0,36,0,140,0,21,20,0,5,0,0,0,0,0,0,0,0,171,0,0,0,0,0,0,0,0,0,0,0,0,0,0,1,2,0,0,0,49,0,0,0,0,0,0,0,37,0,0,0,0,0,0,0,1,2,0,0,9,0,3,19,0,102,133,0,0,0,0,0,0,0,1,0,0,109,0,0,0,0,3,7,15,0,0,1,0,6,0,0,0,0,0,0,3,0,54,27,0,0,18,0,0,0,81,126,0,0,0,0,0,0,0,0,0,0,0,47,0,61,0,0,4,0,9,0,2,23,16,6,16,0,0,0,46,0,17,0,0,0,0,3,0,0,0,0,0,0,0,0,0,0,0,0,0,0,55,0,0,0,0,2,0,76,0,0,0,7,0,0,13,0,0,0,0,0,2,0,2,1,0,0,0,0,68,13,0,0,0,0,0,0,0,0,29,0,8,0,0,0,0,0,168,0,0,6,0,0,0,146,0,0,101,0,48,0,2,0,0,0,135,0,0,0,0,167,0,0,3,103,0,0,7,0,0,0,163,0,0,0,0,0,0,0,0,0,83,0,10,0,0,0,8,0,47,0,48,0,110,0,0,25,1,0,0,0,0,0,0,2,0,0,0,0,181,0,0,0,4,0,0,179,0,0,69,0,113,0,0,0,0,0,0,36,0,3,0,0,0,138,0,0,17,94,96,0,0,0,0,0,0,0,82,0,11,0,1,0,26,43,0,0,0,0,0,0,6,0,8,161,9,0,112,0,11,161,32,0,1,0,0,0,43,0,39,0,0,0,0,4,0,0,0,1,0,0,0,5,0,0,0,0,0,0,73,37,0,207,5,0,0,6,0,0,0,0,0,0,0,0,5,0,130,0,0,130,0,0,1,0,0,0,0,151,2,4,0,0,0,0,0,0,10,1,4,0,0,51,0,100,0,27,0,0,0,0,0,0,0,1,0,0,0,0,0,1,0,0,11,0,0,7,0,161,0,6,70,0,152
Gene2S_057,0,0,212,225,37,2,20,8,94,45,6,2,0,54,107,71,0,53,168,7,87,34,12,30,51,168,1,33,94,45,1,173,14,59,19,84,44,49,13,85,0,0,97,169,17,3,6,0,18,49,103,4,23,67,63,1,67,95,27,16,165,11,0,6,7,30,236,67,83,181,66,54,21,8,23,10,1,191,17,78,30,27,14,52,59,7,29,17,110,6,35,1,20,4,10,74,91,0,4,21,89,0,0,15,24,23,1,27,144,111,16,10,140,31,0,116,36,16,65,29,1,24,12,30,42,121,171,30,119,225,119,17,163,37,0,68,212,193,0,0,5,111,87,91,1,28,49,55,0,12,156,4,89,0,24,2,12,16,1,42,118,25,25,0,16,55,90,98,147,95,98,125,6,12,21,14,108,15,42,16,205,180,37,7,41,190,37,1,8,17,98,70,110,15,0,99,115,79,36,3,87,99,113,68,85,0,32,0,6,8,26,17,1,6,120,83,4,0,55,51,161,97,95,12,0,14,99,1,65,0,105,3,0,202,111,49,103,275,181,1,175,69,0,17,0,40,11,164,199,0,1,5,249,10,0,37,250,4,0,91,0,7,223,24,50,20,45,17,285,0,161,12,114,37,0,108,175,2,210,18,58,56,52,23,78,33,138,11,30,20,189,2,47,1,0,53,22,19,6,187,105,2,235,57,0,41,239,96,23,0,81,124,104,161,61,29,36,2,0,6,0,74,11,10,1,17,0,9,7,15,158,91,19,93,12,10,0,30,175,11,8,0,3,2,109,65,0,64,0,256,72,201,128,67,27,0,246,47,120,237,6,0,1,0,11,22,102,4,24,169,65,0,170,26,178,0,3,117,103,171,4,10,83,7,0,22,29,35,96,9,1,46,147,70,35,14,115,47,36,16,1,159,0,0,0,56,12,116,89,0,3,28,0,53,0,14,203,49,178,72,4,0,13,57,2,13,152,109,6,0,123,28,18,170,108,84,88,118,5,135,3,52,22,41,55,1,124,14,225,1,21,4,0,243,148,55,4,0,168,72,59,0,31,6,9,70,70,106,9,0,32,114,2,38,38,5,2,5,1,0,1,0,52,55,139,7,162,190,239,105,0,20,3,71,40,130,0,84,130,8
Gene2S_058,0,2,14,0,0,3,20,0,49,5,10,0,0,0,0,4,0,0,1,0,51,47,0,0,1,0,0,30,0,22,23,0,2,0,47,0,0,1,1,7,14,0,0,51,0,45,0,0,0,0,42,21,41,43,0,0,37,54,31,14,3,8,1,0,3,0,0,0,30,6,32,0,43,0,14,58,0,15,0,0,2,29,0,0,0,0,31,0,0,0,0,0,0,1,0,0,0,0,33,31,0,47,1,0,1,39,0,0,0,4,44,0,1,36,1,58,0,44,0,0,29,51,0,32,11,4,25,0,0,0,0,21,0,1,0,0,14,0,42,1,51,0,0,29,0,0,0,39,2,0,0,44,6,0,2,17,1,0,0,54,14,18,0,4,3,59,0,1,5,1,8,0,0,30,10,0,0,0,0,0,44,47,0,0,0,6,0,0,6,0,4,0,0,0,0,27,0,4,0,0,0,0,0,0,0,1,0,0,0,0,0,0,0,1,0,6,58,0,13,0,0,0,7,0,0,0,0,0,39,38,50,0,0,2,53,53,0,31,0,7,0,2,36,0,0,2,0,0,0,0,0,10,0,0,0,3,10,1,2,46,20,0,0,7,20,0,0,0,5,0,0,0,0,0,0,15,0,0,0,3,0,18,0,60,2,2,1,0,0,0,17,0,7,0,0,4,0,0,1,55,0,18,0,0,0,0,10,42,43,0,0,0,60,0,2,39,0,48,0,39,0,0,2,0,0,27,0,0,36,7,0,0,12,0,41,0,0,0,45,0,0,0,0,1,0,0,10,0,1,43,9,0,0,8,0,6,0,0,6,6,28,11,41,0,45,44,0,0,40,0,0,0,11,1,0,0,0,19,0,0,19,0,1,6,0,0,0,0,11,42,48,0,61,25,0,0,2,0,0,17,0,0,32,15,2,0,20,26,0,24,51,0,2,9,22,0,2,23,0,0,15,53,15,3,8,0,0,0,21,4,0,0,43,48,0,37,0,1,0,0,8,0,31,0,0,17,2,52,37,51,0,4,0,46,0,31,0,0,37,0,0,0,0,13,14,0,25,14,0,0,0,38,0,10,44,1,0,0,0,0,0,7,0,0,56,44,0,0,0,5,0,0,0,0,0,0,10,24,0,0
Gene2S_059,4,4,0,113,0,0,0,124,159,1,146,127,0,184,0,148,0,0,78,5,187,181,0,0,0,24,22,0,0,0,0,120,0,0,0,0,19,0,0,184,20,0,0,0,0,5,0,185,167,91,0,73,0,8,0,0,86,0,2,89,0,0,0,175,29,3,0,0,13,0,19,5,138,9,143,0,0,0,8,3,98,128,0,35,183,0,0,0,0,0,0,0,0,0,10,19,13,20,0,0,0,0,0,6,0,79,127,0,0,1,0,0,0,0,0,0,132,192,0,4,0,79,0,122,6,190,0,0,0,0,0,170,0,8,42,0,109,1,34,0,0,0,0,0,175,0,0,0,0,26,1,0,0,0,0,0,0,3,0,0,0,1,107,0,0,0,0,157,0,0,126,0,0,0,0,0,126,102,115,0,0,55,0,130,0,5,0,0,0,0,0,54,169,166,0,11,0,0,179,108,170,169,184,32,0,26,0,0,0,0,2,176,0,0,0,172,0,0,0,0,1,0,0,31,0,0,0,131,148,0,122,46,0,0,0,3,0,0,114,16,0,0,186,0,0,0,176,173,156,0,99,0,99,161,0,165,18,37,0,0,0,0,27,151,182,0,0,0,174,0,0,0,185,0,36,0,0,0,0,0,183,114,0,132,1,0,0,0,42,1,0,0,0,0,0,0,131,0,0,3,0,173,1,0,0,128,184,0,0,2,0,169,0,86,150,0,0,0,197,160,169,4,166,0,0,1,1,167,172,25,152,38,45,0,41,0,2,4,1,0,3,179,0,0,0,11,0,0,0,174,9,124,0,31,188,100,0,0,0,0,0,0,6,153,0,61,20,158,186,32,0,0,0,0,6,0,6,0,0,190,0,0,0,0,0,184,0,178,0,0,0,0,0,169,2,0,106,0,0,2,14,0,0,0,0,2,2,7,173,43,173,1,0,0,0,2,176,0,116,0,0,0,180,0,0,8,0,157,0,0,0,0,41,0,68,205,0,183,4,155,160,0,0,0,40,0,0,188,175,46,0,0,3,0,0,132,0,0,185,8,14,0,0,0,0,0,0,0,0,0,0,17,0,0,183,161,4,8,10,172,0,39,0,0,0,1,0,0,133,143,31,0,0,0,0,29,0,67,0,0
Gene2S_060,39,104,18,78,47,0,65,28,53,0,77,22,54,48,14,51,1,43,7,10,15,36,21,82,5,1,50,92,7,91,25,37,46,0,24,1,23,23,65,13,1,19,71,25,1,0,2,27,0,29,76,28,62,25,82,31,36,12,15,13,57,2,0,33,37,67,5,9,100,30,43,7,31,20,1,81,92,80,74,0,2,68,0,53,53,58,0,10,17,5,39,8,22,2,76,0,43,0,51,88,11,27,10,23,0,49,12,54,45,67,2,97,0,17,50,0,103,4,0,30,3,1,0,52,44,22,21,2,64,82,6,32,4,57,6,8,15,0,0,69,59,50,63,38,66,1,26,1,1,21,12,1,2,31,1,109,27,28,9,5,19,22,19,94,14,23,27,33,65,6,84,0,16,88,1,23,46,5,47,0,37,9,16,0,2,30,27,65,7,57,5,4,7,52,11,78,1,92,66,13,16,34,53,24,46,44,12,49,69,21,4,16,18,3,66,2,70,20,30,56,19,20,22,0,9,33,15,73,8,13,79,70,45,20,3,21,90,74,0,62,5,0,23,41,0,20,0,58,17,42,29,0,0,79,0,1,5,66,38,35,17,68,15,21,53,16,100,11,20,58,58,86,9,3,25,70,13,23,68,46,21,60,15,43,88,21,3,10,12,76,14,3,61,67,81,28,28,92,5,67,96,79,0,85,7,88,11,22,84,11,5,55,35,53,11,87,0,4,7,91,44,20,19,5,22,10,66,5,21,60,0,0,25,50,0,0,10,0,58,81,24,11,67,75,15,38,1,58,42,1,57,69,0,89,48,2,33,54,6,33,1,79,29,4,0,0,62,0,21,21,29,49,26,66,69,13,7,43,4,20,2,39,0,33,1,20,61,0,0,1,4,36,24,8,1,69,0,0,0,63,76,0,11,50,88,58,94,33,1,36,6,43,14,1,28,1,66,34,22,50,48,0,12,5,41,15,17,73,9,7,18,25,41,22,27,25,1,16,78,42,9,0,0,5,60,85,60,63,0,113,11,20,0,38,49,1,74,75,16,86,75,15,7,31,8,68,40,18,20,12,57,96,1,21,10,0,31,1,37,23,32,19,2,1,8,22,18,12,43,96,35,15,18,18,0,6,2,48,55,50
Gene2S_061,79,76,14,119,22,20,46,101,27,11,60,55,37,67,149,117,133,125,34,51,66,68,90,107,153,64,64,70,76,43,53,74,48,70,20,79,38,14,99,88,156,39,107,73,124,23,0,133,67,164,8,93,94,88,45,104,166,145,88,21,179,118,38,166,7,127,63,173,57,12,13,33,133,92,21,65,8,42,112,97,1,76,55,16,55,91,83,69,144,19,181,108,80,89,151,112,68,104,91,95,85,137,121,161,31,129,19,64,8,117,136,47,3,91,36,80,159,57,110,25,100,90,57,89,106,79,82,55,109,124,99,100,64,132,22,45,4,25,139,65,44,57,12,37,36,42,7,116,40,90,25,87,17,124,91,47,2,57,56,26,74,110,73,109,60,93,20,110,136,8,156,91,103,117,67,86,18,141,30,89,62,40,18,84,48,28,145,33,118,0,128,85,69,43,57,63,95,116,97,12,117,156,152,70,165,155,129,0,84,104,132,110,67,62,33,49,47,30,103,37,46,66,70,51,1,33,92,62,83,23,9,60,68,128,77,116,162,28,97,72,37,88,124,43,62,121,93,2,18,65,124,37,22,125,112,13,168,96,7,115,13,30,140,39,18,77,143,78,66,106,46,84,114,140,38,99,90,69,97,114,61,38,16,112,13,10,45,95,21,135,77,127,41,147,30,141,148,65,50,64,19,139,124,104,157,63,52,124,167,5,13,24,138,65,63,6,7,77,86,65,148,91,55,66,163,34,116,2,8,101,47,41,79,76,49,74,117,38,53,63,140,137,15,56,29,24,99,51,44,131,158,37,45,25,86,107,93,3,100,126,3,135,34,146,80,94,29,32,70,2,82,84,149,160,112,174,21,72,119,132,140,82,9,114,101,51,66,149,88,60,155,48,107,27,81,35,187,4,124,144,82,55,45,71,60,7,8,56,44,15,46,93,21,29,78,71,11,18,59,107,154,131,101,37,31,21,77,40,140,160,26,25,128,16,70,74,102,45,101,31,38,70,64,161,16,57,48,145,80,109,84,125,114,86,103,69,101,148,24,100,161,71,31,23,60,95,96,140,39,27,73,34,79,94,143,26,104,20,132,66,87,15,61,146,6,1,79,76,75,23,69,27,37,6,46,85,95,95,43,30
Gene2S_062,65,45,80,2,1,0,0,2,7,1,3,95,91,1,107,89,100,110,77,0,3,96,3,92,30,0,91,0,70,9,71,57,20,86,2,97,0,66,13,97,85,102,97,22,30,6,111,4,99,0,0,82,1,91,0,31,87,41,108,54,17,12,34,47,53,37,0,83,88,10,108,62,47,0,32,29,5,23,58,122,82,84,34,21,47,22,9,1,67,79,15,28,72,20,1,131,43,1,71,60,20,26,65,93,21,104,68,2,20,9,84,69,0,0,0,2,30,43,89,0,27,11,4,58,13,82,1,54,28,41,96,74,0,73,78,25,0,4,24,0,0,4,1,44,11,68,16,0,0,108,21,9,69,113,84,82,88,12,12,57,113,95,70,39,1,0,0,29,92,20,52,68,70,86,59,77,54,54,0,98,18,111,87,30,11,4,79,12,49,13,0,0,92,6,55,21,0,72,3,13,3,46,0,78,101,79,89,1,5,92,1,14,106,3,30,55,0,38,59,26,8,36,67,24,104,1,15,76,0,34,42,1,104,0,77,45,8,8,11,0,75,0,20,19,0,86,0,12,42,0,11,64,8,34,17,11,0,58,33,20,1,62,116,44,88,42,0,0,80,127,68,0,22,12,94,91,86,24,3,9,82,56,65,89,2,94,20,38,15,68,0,84,87,1,17,5,79,74,113,11,2,65,103,77,65,96,63,92,29,0,1,37,86,56,87,92,79,95,1,58,49,42,94,10,29,13,94,18,77,92,51,1,88,2,97,58,18,19,57,80,61,19,2,4,64,68,70,3,0,101,47,25,83,0,7,0,57,94,20,9,38,32,26,32,95,54,3,99,15,13,41,70,49,55,75,0,56,84,85,38,94,0,104,72,82,10,47,0,0,91,45,20,72,107,90,91,84,23,0,108,32,52,52,4,9,24,64,0,61,74,84,2,102,96,58,40,47,0,0,57,4,5,89,70,22,7,95,7,80,61,87,85,37,96,5,35,0,45,102,24,25,47,4,3,93,50,36,10,0,63,26,85,9,29,112,77,33,67,79,8,10,7,36,77,20,23,40,37,12,61,81,21,8,0,2,71,58,95,1,17,15,0,18,7,0,0,92,39,72,51,50,90,69,95,54,90,23,68,7,44
Gene2S_063,0,39,42,0,46,0,30,0,46,48,0,0,53,0,0,41,0,33,0,30,0,0,0,0,0,40,0,32,0,0,11,0,6,0,44,0,36,0,0,0,0,42,39,14,42,11,0,54,0,0,0,47,37,37,2,0,30,0,44,40,43,6,14,0,0,45,0,10,0,0,31,0,39,0,19,38,0,41,19,0,0,44,0,0,46,42,0,7,0,0,0,42,45,57,23,0,0,0,36,0,0,25,6,0,13,0,0,33,0,0,39,33,36,0,36,0,0,0,0,34,0,0,43,17,0,0,0,0,44,0,8,12,34,18,8,0,48,1,0,35,50,39,0,0,5,3,0,49,6,0,8,18,33,0,0,0,6,39,6,0,0,0,39,49,23,0,46,3,0,0,29,31,38,43,19,30,34,0,0,24,43,0,0,0,0,45,0,0,35,0,0,43,0,6,0,12,1,0,0,33,35,0,31,0,1,41,0,0,42,37,0,0,33,0,0,0,3,51,0,37,35,0,0,29,36,0,0,38,0,0,43,0,0,22,37,43,16,0,40,41,0,0,35,32,0,36,35,15,0,40,0,0,0,16,0,5,43,41,4,0,0,0,47,0,38,7,45,0,9,49,12,1,28,20,0,25,0,0,18,0,12,38,25,0,38,0,0,0,42,29,34,0,40,0,0,19,29,38,0,0,0,0,63,35,40,0,30,23,35,0,48,19,5,0,0,0,9,0,43,39,38,0,14,0,43,0,41,34,0,8,3,32,49,34,38,2,30,27,0,0,0,14,42,50,0,47,39,0,3,22,45,0,0,1,31,0,0,3,0,0,2,0,39,0,0,40,49,0,28,0,1,0,0,0,0,43,0,0,0,0,0,34,34,1,32,12,0,5,0,0,0,0,41,29,0,38,0,0,36,0,57,0,36,0,41,0,13,0,0,37,36,0,0,45,0,0,39,0,36,0,0,0,0,0,23,37,36,0,0,0,0,0,39,46,44,26,0,0,40,0,0,2,14,0,18,0,0,5,0,0,6,0,36,49,0,11,0,0,0,21,14,42,46,0,15,0,0,32,0,1,0,45,0,0,0,0,34,0,34,42,12,0,0,0,41,23,0,29,18,0,0,0,0,0,0,31,0,37,41,9
Gene2S_064,118,30,35,23,10,19,26,72,21,27,34,1,58,79,17,4,31,13,45,6,2,102,3,45,28,109,11,11,18,6,104,101,22,53,50,21,51,36,63,61,22,68,27,33,3,114,80,30,0,0,127,85,65,9,21,39,18,66,57,74,78,60,54,129,128,20,34,34,94,63,126,48,78,13,102,0,38,4,23,71,25,136,116,57,64,128,65,9,87,85,28,54,61,6,27,121,98,93,30,2,19,113,55,132,6,26,54,17,16,95,0,38,96,12,114,6,13,75,43,83,11,71,66,110,112,111,1,91,28,40,23,75,98,21,27,36,0,113,28,23,84,28,151,27,29,17,134,56,15,32,0,55,31,162,32,75,85,78,47,61,99,11,65,88,20,134,51,2,3,32,79,41,12,4,23,81,39,20,103,135,92,39,24,46,72,139,45,6,140,23,37,10,40,45,114,25,18,45,37,13,101,85,147,3,32,67,23,9,59,0,96,31,6,16,3,133,69,60,47,71,1,134,0,97,132,91,18,6,10,7,3,49,6,36,125,35,77,44,14,12,14,1,72,11,20,73,17,16,43,130,4,123,100,90,5,76,73,46,33,148,17,161,105,8,57,29,3,125,56,164,26,22,1,11,100,92,67,11,48,81,131,15,35,43,7,109,143,67,1,56,92,49,26,31,35,10,40,99,45,2,20,87,60,99,136,137,21,36,50,140,33,25,76,67,31,90,115,1,155,90,8,45,0,23,162,36,12,29,63,13,4,84,37,92,64,38,54,75,14,91,10,19,12,16,74,88,86,70,31,28,44,56,18,73,43,19,69,54,33,116,99,11,56,45,42,88,17,131,144,20,113,13,86,65,0,90,26,39,27,34,120,50,83,96,129,6,45,53,127,1,19,54,58,8,63,0,29,40,55,26,102,88,19,68,39,17,104,32,34,81,68,94,9,103,59,48,9,83,25,90,7,8,0,29,57,53,1,5,28,50,25,40,103,18,83,11,48,66,7,3,35,2,24,18,0,0,121,0,66,149,55,51,112,8,70,6,1,65,136,30,44,4,4,70,67,18,50,82,67,105,63,93,18,2,2,85,69,60,11,18,23,42,113,6,62,34,20,26,0,0,118,134,33,67,31,39,74,19,121,0
Gene2S_065,117,0,147,0,0,0,35,0,0,0,3,69,97,0,4,0,36,0,0,105,0,0,0,0,0,0,0,0,0,134,0,6,34,19,81,0,0,99,126,0,0,0,0,0,0,0,0,0,0,0,0,0,145,0,0,1,0,0,0,0,137,0,0,61,0,0,0,0,0,0,0,0,0,0,0,13,114,0,3,0,0,0,0,0,18,0,20,0,0,1,154,0,1,17,0,0,0,3,0,0,0,104,16,0,93,0,0,0,157,6,0,0,0,159,0,0,67,0,0,0,4,18,124,0,0,0,60,0,0,0,12,1,0,25,121,127,148,24,0,0,0,0,0,0,0,0,0,0,0,0,8,0,0,0,57,0,0,0,5,0,0,0,1,11,0,0,0,0,4,0,0,88,0,0,0,38,0,0,0,0,0,0,0,2,107,0,0,36,2,0,0,0,0,34,72,2,0,0,70,0,0,31,0,15,0,1,0,0,0,33,0,0,0,8,0,1,0,14,2,0,1,0,37,0,9,0,35,0,0,0,0,0,0,0,20,0,0,0,0,0,87,113,18,0,17,26,0,140,0,0,0,0,69,0,0,0,0,26,80,0,0,0,140,0,0,1,0,153,69,0,0,4,105,0,0,0,0,92,0,0,0,0,0,0,0,11,71,1,0,28,1,0,85,6,0,106,0,0,0,0,0,2,0,0,0,0,0,49,147,0,13,83,0,0,135,0,0,0,11,0,0,0,0,0,0,0,8,139,0,0,0,1,11,0,0,46,0,0,0,0,0,0,0,0,0,0,0,15,0,0,0,0,0,0,0,0,0,46,0,0,5,0,0,0,4,68,0,0,0,1,98,0,0,111,0,0,106,0,0,161,0,0,8,0,74,0,0,0,0,2,0,12,0,2,0,1,11,0,0,0,136,0,0,2,129,58,0,140,0,0,0,0,0,0,0,0,0,0,7,3,0,114,0,0,0,0,0,0,2,0,0,26,0,0,0,1,0,0,0,0,47,0,80,0,0,0,0,53,0,5,149,2,3,0,0,5,6,0,10,58,42,60,9,0,140,0,0,0,135,0,0,0,0,0,39,153,0,0,0,0,168,0,0,9,0,1,0,3,0,1,0,0,0,0,0,0,0,144,58,0
Gene2S_066,48,88,0,0,4,0,0,149,0,0,0,0,0,0,0,12,17,12,6,3,0,0,0,18,0,0,0,14,0,12,0,0,0,65,0,0,0,0,0,3,3,60,0,0,0,0,0,0,0,47,0,0,0,0,57,0,0,0,0,4,2,0,45,0,0,0,0,0,48,0,0,0,0,0,1,0,0,0,0,0,132,53,0,0,101,95,2,0,129,0,20,0,43,33,0,36,0,0,3,0,8,0,0,0,0,0,0,64,0,27,0,0,0,2,54,9,0,0,130,0,66,0,0,3,105,6,0,38,0,0,0,3,1,0,0,114,0,0,0,0,1,0,35,22,1,112,12,0,0,0,8,0,11,0,16,0,0,0,9,0,58,1,0,71,0,0,0,0,4,0,0,0,0,81,3,0,17,2,0,12,0,0,17,0,0,134,82,29,0,2,9,0,0,0,0,0,0,0,0,0,0,1,0,0,60,0,10,129,0,145,10,0,0,0,0,124,0,0,8,86,0,9,0,0,0,0,0,0,61,0,0,0,1,0,0,1,38,0,2,0,0,3,0,0,0,14,0,0,133,0,0,1,125,0,0,0,116,0,0,0,2,18,0,0,0,0,0,0,0,0,0,2,0,0,0,0,0,92,0,0,0,8,31,0,57,0,0,136,0,15,0,0,95,9,6,0,153,0,0,0,39,0,93,25,0,0,5,0,0,25,0,0,0,0,0,0,0,20,8,0,0,3,5,0,0,7,0,0,0,2,0,0,8,0,0,0,0,0,0,0,0,0,7,8,0,31,137,0,132,0,123,0,1,47,0,0,96,0,0,0,135,123,78,1,0,2,19,0,1,2,52,0,66,0,0,25,0,0,0,0,0,0,0,0,0,34,13,0,0,22,23,31,139,0,0,0,9,143,0,0,0,0,0,1,0,136,0,92,3,11,140,0,0,55,0,0,0,0,0,0,29,37,34,0,0,0,0,0,0,0,0,124,0,0,16,0,1,0,8,95,5,49,51,24,3,0,0,136,0,0,0,0,0,0,0,7,4,0,146,0,27,0,0,0,18,0,0,0,71,0,0,81,0,5,136,0,0,99,132,0,0,47,121,10,70,0,0,11,0,0,0,16,0,6,1,70,114,0,0,8
Gene2S_067,0,31,8,26,49,17,0,6,24,4,0,13,11,0,9,0,0,17,27,0,3,10,3,0,19,1,0,1,8,0,7,28,1,1,5,0,26,18,9,48,6,2,1,0,8,31,0,0,4,20,0,1,0,2,23,9,13,3,2,20,0,36,1,0,5,19,29,4,0,0,5,14,14,23,30,40,10,8,0,20,0,0,4,1,21,9,0,22,20,6,0,12,19,17,1,0,0,0,0,14,43,20,16,36,0,28,26,5,30,8,5,27,33,0,0,0,3,7,8,0,19,0,28,0,1,0,21,7,0,7,28,0,2,5,4,13,4,28,0,2,2,43,18,25,12,34,8,41,18,15,6,0,2,19,30,3,0,21,5,0,0,4,12,1,0,23,13,17,0,1,1,3,11,0,0,0,11,4,1,2,1,43,0,0,3,36,46,0,0,41,0,17,3,14,3,4,38,0,0,9,7,15,18,25,5,24,0,0,0,3,16,14,12,0,2,27,0,3,13,4,17,0,22,2,14,26,26,2,5,1,35,26,23,0,1,23,9,0,10,7,2,0,20,43,0,31,33,6,14,0,5,2,22,21,18,6,0,28,0,0,0,35,0,6,1,0,37,3,25,0,4,0,0,0,7,19,0,39,0,0,1,0,0,20,0,1,1,23,4,0,0,0,2,0,0,0,8,0,1,13,0,11,0,20,2,0,0,33,0,0,8,1,11,4,5,26,23,2,15,25,44,2,19,0,2,31,0,16,0,0,2,0,1,32,22,4,24,3,23,21,0,0,0,0,0,7,0,12,13,0,3,0,14,19,0,5,38,1,26,1,20,11,1,5,29,3,25,9,22,0,0,29,5,39,8,5,0,10,2,0,7,0,1,28,0,8,22,11,34,39,2,37,35,0,20,19,13,14,27,4,0,7,0,1,6,8,0,12,0,5,3,34,7,0,0,0,23,23,27,6,2,0,0,1,10,35,13,0,3,12,27,4,0,0,9,5,22,14,26,0,5,0,18,7,7,16,10,3,16,0,0,1,12,28,4,11,4,28,6,0,0,27,2,16,26,1,12,2,20,28,1,0,0,2,14,0,1,11,26,9,38,0,0,10,16,0,21,12,0,30,11,26,5,4,6,17,0,1,0,2
Gene2S_068,0,0,0,25,0,0,0,15,118,0,25,0,0,0,9,26,0,11,0,0,105,0,0,0,67,0,0,0,0,0,10,0,20,0,0,6,2,0,0,3,23,0,0,100,145,72,0,0,41,0,0,0,36,23,29,2,3,0,16,29,124,7,0,9,42,14,126,24,0,26,2,0,0,175,44,20,4,0,0,0,32,39,0,12,0,62,63,123,0,0,7,21,1,0,4,34,0,0,115,0,0,0,0,0,6,33,21,76,50,0,22,0,2,0,3,110,0,0,16,0,26,19,108,60,0,97,6,0,0,0,0,0,0,0,0,0,0,85,92,0,15,3,0,30,98,0,0,0,0,0,65,0,17,63,38,0,36,6,156,0,8,35,26,0,14,0,0,8,86,0,0,77,0,45,9,9,0,0,0,26,0,0,0,0,22,1,0,0,51,76,0,31,0,1,0,35,58,0,117,0,0,25,1,0,42,0,0,0,3,0,0,0,37,0,0,0,0,11,29,4,57,4,11,31,11,7,0,0,17,0,0,1,28,0,2,149,0,0,0,122,1,53,78,8,3,0,0,0,0,0,100,35,0,68,37,132,0,71,7,33,154,0,0,5,0,146,0,0,0,3,1,23,1,1,62,0,114,40,0,102,59,0,43,163,0,0,40,0,0,0,129,0,0,21,2,0,22,0,73,0,44,143,0,0,0,0,0,53,6,0,35,132,0,0,0,14,68,79,161,0,40,0,10,0,0,0,0,5,55,124,14,62,0,61,0,0,0,1,0,151,41,0,1,108,17,0,0,14,0,24,0,0,2,0,93,1,6,18,1,0,0,5,74,0,0,64,2,25,28,0,0,0,3,0,0,57,0,98,0,0,0,0,0,0,6,0,0,77,8,63,12,0,36,0,34,0,41,5,11,3,0,0,1,22,0,0,15,85,0,0,8,2,68,0,0,0,25,149,0,0,36,0,27,9,130,0,0,0,14,0,0,29,1,0,0,139,7,0,0,0,0,38,0,0,0,71,67,44,6,0,104,0,0,146,86,6,0,15,135,1,122,48,37,0,70,3,0,0,4,0,0,0,115,2,72,0,0,0,0,0,50,0,32,0,66,2,0,59,95,8,13,0,30,0,2,152,5,14,51,112
Gene2S_069,65,12,18,2,68,34,26,34,66,28,21,43,24,26,20,44,62,15,38,45,54,0,63,21,21,41,6,31,26,5,33,16,16,27,3,47,24,21,51,20,72,23,38,35,19,39,3,0,35,10,46,16,62,2,70,59,3,7,1,41,55,51,19,46,17,21,50,9,13,72,65,41,23,4,51,16,6,21,56,19,7,30,9,45,4,61,66,16,5,1,0,20,12,49,34,4,53,26,7,38,39,44,38,26,23,25,13,24,32,61,39,24,18,33,36,39,17,10,16,13,0,31,0,48,23,20,50,66,34,2,54,13,20,13,5,25,60,13,37,17,3,12,24,29,6,10,63,41,47,56,49,4,9,39,62,17,32,77,34,7,44,59,60,1,7,1,3,20,52,46,9,58,12,1,0,61,4,33,52,59,2,46,4,7,31,14,38,34,27,23,4,42,23,21,29,7,63,5,64,12,43,46,17,79,54,27,19,0,44,13,7,2,8,40,44,58,34,75,58,61,41,30,6,58,16,11,56,11,23,61,61,19,15,40,75,18,37,32,38,21,24,10,30,24,25,31,66,44,24,8,46,41,1,29,53,9,11,4,48,11,15,59,7,47,52,55,0,4,34,69,1,16,51,19,3,57,56,13,17,41,45,49,5,48,24,1,29,43,15,14,43,66,10,2,38,38,5,18,12,20,18,10,52,28,15,40,60,4,7,8,1,2,24,42,14,24,0,4,38,11,0,25,64,35,39,23,0,0,22,69,55,13,0,0,13,23,47,28,31,25,38,41,9,32,21,45,5,44,2,0,26,28,1,15,51,45,4,44,59,36,0,3,40,37,26,19,71,29,22,48,43,8,65,12,5,66,63,20,64,8,29,5,31,69,41,3,12,19,48,47,26,20,36,5,42,60,34,41,15,53,21,4,58,30,11,26,52,24,11,66,16,18,7,36,23,17,14,7,52,10,41,7,8,26,13,38,21,30,25,62,51,9,32,50,32,62,12,42,30,47,48,3,67,10,25,69,28,0,19,53,54,0,0,26,3,43,7,1,25,10,20,1,67,16,33,7,12,65,31,39,25,2,13,30,9,43,11,55,37,27,52,33,31,23,72,0,43,3,17,52,18,21,14,67,1,24,7,0,52,9
Gene2S_070,11,2,26,0,9,3,12,8,0,0,0,39,16,4,1,7,10,0,31,10,45,39,7,11,0,53,0,15,0,6,0,40,1,0,45,1,0,14,0,0,6,5,3,2,0,0,5,4,4,3,2,11,0,44,1,7,9,0,14,46,0,22,0,0,12,0,0,1,0,0,0,37,9,0,7,67,20,1,23,5,4,2,1,58,0,14,3,0,1,0,0,27,9,42,0,0,79,31,2,7,1,0,6,1,63,0,51,0,70,4,0,6,8,28,46,0,2,4,10,12,25,2,16,0,0,0,0,0,10,10,61,2,1,0,12,59,71,25,2,10,0,65,12,8,1,2,23,7,6,9,8,1,11,0,15,2,0,0,0,21,0,0,83,0,1,15,3,4,55,1,15,34,19,57,59,18,0,1,6,0,6,2,22,48,10,13,91,1,3,20,0,10,60,0,2,1,4,0,18,0,0,0,6,62,0,40,1,17,19,28,2,0,17,8,99,7,0,2,0,2,10,1,1,2,0,1,12,6,48,7,0,82,0,14,0,21,0,33,85,34,8,31,1,63,41,3,0,8,24,14,0,12,0,0,3,60,0,3,9,23,65,34,0,27,5,45,10,25,21,3,0,2,3,65,0,22,0,2,7,37,13,6,0,6,1,15,0,0,2,7,42,18,16,0,25,13,12,5,0,33,4,39,15,40,1,1,1,0,4,15,12,70,60,0,10,17,43,100,0,25,0,4,0,17,24,7,2,22,0,6,18,0,34,25,0,1,7,0,58,38,14,0,0,19,0,9,21,4,44,20,0,0,0,0,18,18,4,16,4,20,0,22,53,0,10,11,0,34,13,0,2,87,57,4,0,1,10,2,23,5,0,16,22,1,7,0,20,0,63,82,3,7,2,52,3,0,11,0,87,33,4,1,0,3,3,0,9,26,2,45,60,46,7,0,15,66,18,15,11,16,22,33,83,25,16,23,5,21,5,39,4,19,10,14,6,1,3,2,37,0,6,0,4,0,38,14,3,29,14,19,0,49,0,15,13,8,3,0,0,0,3,53,28,30,0,0,10,4,0,53,7,2,0,0,4,1,0,11,3,0,18,0,2,22,0,5,0,67,20,51,0,9,0,15,0,126,1,2,10,25
Gene2S_071,19,0,19,90,0,0,0,24,137,11,64,1,0,0,0,8,0,37,0,2,0,4,86,0,6,22,3,0,31,0,6,0,0,114,11,0,12,3,0,1,1,0,21,0,48,0,0,3,2,53,0,0,0,5,30,80,94,5,0,0,82,100,43,4,0,1,64,0,60,6,2,80,0,22,39,0,79,27,116,0,57,8,0,70,26,0,33,0,104,0,30,0,0,74,17,0,0,11,0,4,63,0,0,1,16,0,6,108,0,0,42,12,0,0,4,40,18,0,0,106,4,0,13,49,74,6,0,23,5,70,22,0,3,13,0,16,0,11,2,6,44,6,11,0,0,3,38,0,0,12,0,0,33,58,0,3,12,24,0,16,0,0,111,37,0,0,88,0,0,5,1,111,0,0,11,0,50,0,0,1,37,4,0,0,0,0,1,0,0,0,20,0,14,0,0,71,0,0,0,0,3,85,0,0,84,5,129,4,34,74,82,6,0,1,36,0,15,0,1,19,25,0,20,42,0,10,121,0,1,0,64,0,1,19,14,0,62,43,61,0,0,44,1,73,81,4,138,48,9,19,0,12,101,18,23,29,0,45,0,0,139,0,0,67,0,9,0,0,0,44,61,0,2,1,0,0,0,5,3,0,0,0,58,0,3,0,0,4,10,7,0,8,0,105,0,23,1,69,0,3,0,0,0,1,13,2,0,4,0,0,0,0,17,0,1,85,55,46,42,3,0,17,8,6,105,3,86,102,1,0,135,0,2,0,0,0,0,1,0,41,139,0,0,21,0,2,1,84,1,0,89,92,75,18,0,0,89,0,0,0,0,0,0,0,0,0,33,39,0,6,8,33,1,0,29,33,0,0,127,0,0,17,0,0,0,16,58,2,0,36,1,0,0,2,24,2,54,51,54,3,0,49,0,137,0,0,0,0,120,147,0,0,0,24,39,21,42,15,47,0,32,11,8,1,0,0,2,14,0,127,10,3,41,46,124,42,0,0,19,10,0,130,0,32,1,4,0,0,0,30,0,0,4,119,5,0,39,134,0,1,0,114,0,57,0,1,0,0,0,0,113,0,14,9,1,14,2,0,8,0,0,43,0,4,0,0,22,23,0,20,3,0,0,30,32,131,0,0,0,3
Gene2S_072,9,15,6,2,5,0,0,16,1,0,0,6,1,0,0,1,0,0,13,70,57,8,8,12,0,1,2,0,13,71,1,5,0,5,9,0,45,0,1,0,0,0,25,0,17,0,0,4,22,0,2,3,24,16,0,34,43,4,4,0,21,0,35,0,0,0,16,0,2,1,17,18,2,18,0,10,41,14,0,1,4,3,0,0,0,1,10,19,0,15,0,22,0,2,0,36,7,63,4,6,4,1,1,0,7,1,1,19,1,1,26,33,2,24,25,9,2,1,0,0,0,0,6,0,28,6,0,51,9,0,0,6,7,3,19,48,4,9,35,16,20,0,0,5,2,10,1,39,0,79,17,35,0,7,47,3,1,71,0,7,0,11,35,4,0,3,0,0,2,0,2,4,0,0,0,8,1,1,18,0,0,0,7,0,0,30,0,40,3,68,4,0,0,0,16,58,0,1,4,13,2,15,0,0,8,0,22,0,19,38,7,7,50,2,2,0,0,0,5,0,1,0,5,7,4,23,9,27,0,7,1,0,2,0,3,0,0,0,0,0,2,28,30,2,0,75,9,0,9,0,0,10,6,43,6,4,19,19,36,0,0,6,0,0,0,26,0,0,50,7,4,4,0,9,0,0,3,7,0,0,19,0,9,2,86,31,5,0,32,0,6,34,63,19,5,3,0,0,1,6,5,0,0,13,0,14,8,1,9,8,0,8,0,7,3,0,24,0,0,0,0,15,5,15,1,1,13,3,0,1,10,54,15,0,0,1,0,2,1,3,23,9,7,28,11,0,1,1,0,2,18,1,0,0,27,0,4,2,0,0,28,10,0,17,0,1,15,0,10,14,21,3,84,4,3,0,0,0,9,2,0,0,30,1,37,38,0,15,6,0,1,0,1,0,0,9,0,61,0,0,58,0,1,7,56,17,2,1,0,0,37,35,0,0,0,1,0,0,21,0,3,5,29,0,0,29,0,6,0,6,75,0,0,53,1,0,2,13,73,32,0,8,10,0,28,16,2,5,0,0,1,1,0,1,0,0,7,21,19,2,12,1,0,9,0,91,2,0,0,6,0,8,0,3,0,0,12,25,0,3,0,0,3,17,52,0,0,0,3,0,1,0,0,22,23,0,0,0,0,0
Gene2S_073,9,24,8,19,30,5,54,64,7,10,9,20,24,64,9,15,7,15,8,15,14,19,17,1,38,16,66,25,9,11,41,11,31,27,11,8,35,5,24,4,5,5,8,3,18,12,8,9,8,10,34,30,40,34,26,36,21,16,5,9,14,39,36,11,50,42,31,3,14,60,34,7,31,18,19,13,30,42,7,26,3,14,6,37,41,7,12,38,40,1,17,6,25,25,2,21,15,15,51,32,25,8,10,45,11,7,10,1,11,33,26,41,18,10,50,47,24,28,17,5,21,32,61,37,1,15,32,39,23,19,39,42,26,20,7,55,24,15,9,7,28,32,16,2,22,40,15,25,0,15,54,29,36,37,7,46,25,12,3,28,19,71,25,42,21,16,17,23,9,6,47,28,41,8,23,19,21,13,25,21,13,1,17,5,20,46,7,19,9,20,43,17,19,14,13,6,15,4,40,58,13,19,8,9,7,51,12,27,50,21,20,46,0,8,24,37,32,46,5,27,32,31,12,15,10,8,14,14,7,29,47,3,27,8,10,4,5,17,23,7,16,27,18,17,12,56,5,4,33,24,16,22,19,17,21,51,4,26,12,18,27,12,23,9,2,28,35,43,5,63,29,2,31,37,25,62,25,58,5,29,6,13,7,8,0,4,34,12,8,8,18,24,33,1,7,6,11,30,24,66,10,60,18,32,18,24,14,31,10,32,30,8,14,37,8,29,49,3,31,27,30,31,7,6,10,7,9,4,27,34,9,10,5,14,36,1,35,33,20,7,5,29,27,17,55,36,1,13,21,19,34,18,23,4,34,28,14,21,14,25,28,37,1,45,12,15,5,7,42,24,16,26,36,28,34,48,35,14,1,15,4,33,11,20,8,35,7,65,21,66,26,53,19,19,0,32,12,11,2,38,0,33,23,9,35,9,17,33,5,0,51,32,16,32,30,13,25,22,12,17,48,15,21,42,2,50,17,48,4,27,41,36,3,17,27,67,30,15,30,36,0,2,1,21,17,2,14,37,16,32,4,42,9,27,45,48,45,5,21,0,29,7,25,19,10,22,33,5,57,10,18,5,19,19,45,36,1,25,16,15,12,36,31,10,14,14,21,19,6,21,1,8,15,4,19,10,4,1,39,23
Gene2S_074,0,25,0,0,0,30,24,19,0,0,0,4,0,12,36,0,0,30,0,0,17,25,0,0,16,0,0,0,0,0,0,0,28,37,0,0,0,31,39,0,22,0,6,38,0,0,0,18,22,44,0,0,44,0,0,31,0,41,0,39,36,0,0,0,30,0,0,31,0,8,36,0,49,26,19,0,0,37,3,33,0,5,42,23,0,0,0,31,4,33,0,0,28,0,0,5,2,35,3,0,0,16,30,0,0,36,0,0,0,0,0,0,0,0,0,37,0,0,21,17,0,0,0,0,0,0,0,29,36,0,0,36,0,0,30,0,0,16,0,0,0,0,0,0,46,0,1,41,31,0,0,30,0,0,0,0,33,0,4,0,25,0,0,0,13,39,0,0,0,0,44,34,7,0,0,0,0,48,6,26,0,29,43,0,0,11,18,5,32,0,0,27,7,1,0,42,0,36,0,0,6,0,0,0,0,0,0,0,26,0,0,0,0,0,0,2,0,17,37,19,0,0,45,36,0,13,0,0,0,0,31,39,3,0,0,3,27,0,0,30,0,0,0,0,0,13,22,1,0,11,0,18,0,0,16,0,18,0,0,0,0,39,40,29,32,0,0,0,2,0,32,0,0,29,33,0,0,29,2,0,0,44,2,0,4,33,0,0,0,7,24,4,0,0,11,0,0,0,38,0,35,1,0,0,32,0,0,37,0,0,0,32,0,34,0,28,37,15,0,25,26,0,0,8,2,0,0,29,0,39,1,34,29,0,0,0,48,38,25,0,41,4,0,28,0,0,28,0,2,0,0,28,0,0,0,9,0,0,0,0,0,0,27,0,0,28,0,0,0,40,21,0,4,28,34,0,0,0,16,0,26,0,20,6,0,0,12,0,0,0,33,15,36,15,0,0,24,0,0,0,0,0,2,0,0,0,0,0,34,0,0,0,29,25,18,0,25,0,44,0,0,0,2,0,17,0,5,23,0,0,0,4,0,0,0,0,5,2,0,0,0,36,0,16,0,0,0,0,37,0,0,31,0,41,36,0,41,0,35,30,34,30,34,0,0,0,0,3,15,5,31,0,0,37,0,0,1,0,0,0,6,0,39,9,0,0,4,0,0,0,0,39,0,24,0,32,1,0,0,0
Gene2S_075,67,22,58,225,153,232,34,4,136,4,176,192,95,208,78,59,8,249,2,49,88,110,37,25,0,2,56,22,100,0,227,177,196,19,117,58,80,142,10,7,23,127,5,66,239,11,36,3,45,17,115,180,31,4,150,11,84,124,15,111,33,77,0,207,200,33,18,0,97,0,172,110,191,5,213,63,16,2,20,208,0,20,0,244,35,114,45,55,37,12,202,20,192,83,19,30,20,0,1,17,28,149,50,28,53,16,88,218,64,222,221,88,111,19,191,252,71,0,20,14,55,196,9,14,212,139,263,97,20,188,0,105,65,34,104,87,11,23,154,5,53,93,122,4,56,237,127,226,192,7,15,4,10,198,222,13,91,158,0,93,70,1,19,108,184,269,117,15,143,164,42,128,292,62,93,49,120,88,36,142,2,140,170,221,107,67,103,215,55,0,186,156,114,184,69,12,2,89,8,22,45,65,70,76,103,1,88,36,109,191,2,193,54,4,50,24,122,187,24,59,216,62,8,61,79,267,23,13,122,0,44,20,25,5,53,169,31,37,178,9,129,84,127,92,33,30,11,93,208,197,62,151,198,190,14,180,169,19,112,85,242,0,93,75,49,52,63,124,67,18,229,1,13,2,148,180,216,159,91,46,87,89,4,62,147,29,21,202,108,0,13,98,180,33,69,79,1,13,80,26,10,1,142,155,69,11,75,180,129,6,173,8,214,132,14,5,21,0,196,76,59,72,77,111,132,100,239,110,9,86,5,32,0,17,3,56,77,96,229,129,3,97,140,1,77,54,26,190,135,20,13,192,121,210,92,204,98,81,0,246,44,23,8,141,1,4,210,2,109,9,85,136,1,3,4,152,11,90,201,77,109,137,0,110,7,122,215,0,75,40,267,189,38,246,171,42,226,275,1,1,234,124,26,129,14,51,62,51,6,198,0,145,129,177,74,49,0,48,191,34,145,41,81,11,213,69,162,60,196,17,159,53,40,130,232,1,18,11,3,6,37,91,34,17,126,0,144,61,5,3,124,30,196,177,40,86,62,278,115,104,187,0,28,96,21,48,93,160,74,122,59,241,3,220,16,10,113,141,79,8,124,148,225,137,113,25,117,1,113,211,175,205,43,8,201,232,31,105,219,46
Gene2S_076,0,23,13,46,52,24,7,25,11,43,11,13,36,42,38,0,1,53,27,8,0,17,53,6,38,32,21,50,1,6,4,33,10,1,9,40,0,47,1,25,0,56,31,44,55,1,55,1,11,35,23,0,56,54,60,19,0,0,35,18,71,17,10,32,32,47,14,0,63,87,65,53,5,1,33,40,26,52,26,41,6,23,32,22,28,48,14,40,24,18,1,4,48,16,48,49,48,3,3,21,72,6,10,7,1,0,12,51,59,2,1,71,15,31,0,15,43,1,15,25,34,4,32,11,29,14,4,41,82,14,25,77,0,3,0,13,1,77,13,7,29,26,11,30,0,19,51,44,17,52,0,30,104,6,3,9,0,99,2,11,0,0,46,44,64,5,20,16,80,75,33,39,3,10,0,57,2,42,14,9,28,8,50,2,14,1,1,79,2,0,21,55,50,32,4,35,2,29,23,23,6,10,0,12,0,0,21,52,13,33,73,75,18,21,50,0,32,0,4,68,40,19,9,47,0,0,42,1,34,0,67,36,15,0,3,14,0,20,7,10,4,28,44,22,0,14,30,11,0,2,16,59,0,0,0,4,39,23,39,2,0,3,10,27,8,2,24,0,0,12,47,45,1,61,2,3,23,6,55,42,2,1,1,10,39,10,12,52,35,13,24,5,36,29,12,77,37,91,11,62,0,0,8,0,10,0,1,10,25,4,57,15,29,0,35,71,1,2,1,47,1,35,0,1,0,62,3,22,1,2,5,13,11,19,26,61,6,32,28,6,54,16,14,7,12,13,62,22,20,33,13,25,32,50,41,79,32,13,6,35,55,46,0,12,0,14,27,3,1,4,16,2,44,0,18,0,9,23,13,2,27,20,30,47,10,60,39,33,56,28,1,28,12,31,6,25,45,27,5,3,3,2,79,6,23,42,0,24,0,65,24,57,68,86,48,43,35,0,3,22,8,14,17,17,26,11,21,57,49,2,56,2,1,14,12,7,23,51,7,54,28,12,9,14,61,0,35,1,0,73,21,6,5,2,13,14,11,2,1,24,61,0,3,27,49,44,0,0,21,1,2,7,23,46,1,21,4,14,20,0,0,56,6,6,18,30,2,51,21,1,20,43,68,32,63,47,31,32,0,20
Gene2S_077,3,0,2,50,0,1,4,29,12,0,13,8,94,8,80,0,0,22,17,9,84,0,0,16,2,0,0,0,0,0,80,0,22,10,0,17,2,11,8,9,0,5,0,70,0,0,1,1,0,0,46,6,8,42,6,27,0,0,24,0,1,53,0,2,0,0,4,58,18,67,3,0,14,13,3,7,11,0,12,8,0,0,0,26,0,0,1,6,0,0,4,15,3,9,0,0,2,0,0,11,2,0,13,0,0,1,1,0,0,0,19,0,5,0,8,0,0,5,18,37,0,0,18,0,15,7,0,0,0,11,0,0,55,0,0,0,2,0,6,0,0,24,0,3,51,6,0,15,8,0,37,26,57,30,0,0,0,24,16,2,0,4,0,0,0,0,3,2,0,19,0,28,1,0,5,44,0,16,1,0,0,0,22,2,15,0,35,0,0,0,8,46,0,1,0,0,0,15,0,16,3,0,7,2,11,0,16,1,0,0,15,0,7,1,0,0,0,11,3,7,4,0,56,0,5,15,0,24,0,0,9,53,0,0,0,11,20,2,16,0,1,42,14,0,0,0,2,8,0,0,0,2,9,18,6,2,4,0,1,0,0,0,20,0,0,68,0,86,1,3,24,7,0,32,18,0,1,0,0,0,0,15,89,77,22,85,1,0,20,0,12,0,4,36,0,0,49,0,0,0,9,0,0,7,0,16,9,38,25,22,0,8,5,0,71,0,0,5,0,0,11,0,0,0,0,4,44,20,11,4,18,25,6,3,0,0,70,22,0,1,0,0,78,0,27,0,4,0,0,19,0,0,14,7,10,0,0,3,4,12,29,49,6,8,2,0,6,61,14,0,10,1,0,0,0,13,0,0,14,12,4,25,34,3,0,2,0,18,0,2,8,15,8,0,0,1,0,0,21,2,14,0,3,2,46,0,25,0,0,2,0,12,18,0,0,0,5,17,3,0,0,1,33,18,19,1,73,33,7,0,35,4,6,14,6,0,16,9,0,11,2,19,0,0,0,0,47,0,0,30,9,49,0,0,1,18,12,0,0,0,0,0,0,1,23,1,1,1,6,7,1,0,0,0,6,13,0,31,7,9,0,0,2,14,0,21,2,0,96,13,27,35,0,40,2,13,0,59,58,2
Gene2S_078,16,60,0,5,25,64,10,17,21,28,58,34,19,37,31,10,65,44,40,47,21,9,20,27,94,78,21,136,13,108,31,72,95,0,6,57,42,107,5,11,13,3,66,7,20,54,10,51,7,79,38,67,32,18,124,5,15,48,5,18,58,26,26,31,40,47,13,56,59,25,17,46,41,80,8,58,26,8,46,25,131,28,42,61,42,48,25,39,28,102,55,19,35,30,7,112,35,5,41,18,42,53,49,50,58,95,117,35,29,25,42,32,70,49,72,62,108,94,58,9,20,12,61,36,5,12,20,11,26,12,22,2,61,67,19,24,7,59,4,83,2,51,106,49,22,119,130,12,10,116,43,19,58,5,43,71,66,7,39,121,36,50,57,38,16,39,98,2,32,5,37,1,39,12,15,2,47,7,73,62,24,2,71,17,52,3,22,17,10,0,7,52,87,59,59,67,27,9,52,15,6,24,42,63,64,71,7,97,41,42,52,102,71,23,73,7,20,23,19,3,18,33,79,37,29,89,64,25,15,27,12,3,52,4,5,20,69,14,34,39,62,26,59,11,16,5,25,26,33,142,93,21,59,12,91,72,1,23,25,114,38,20,24,61,9,57,72,9,54,48,78,65,64,33,84,16,12,95,23,45,72,39,42,80,107,15,43,20,34,39,12,80,2,60,22,29,53,7,42,60,7,35,16,67,27,50,56,27,10,29,43,9,47,20,66,38,15,68,50,59,16,41,51,3,44,48,35,10,25,17,30,41,15,12,73,52,20,34,14,12,15,0,4,5,14,40,29,64,10,3,33,76,80,51,7,15,20,13,31,79,55,8,6,49,67,31,12,3,16,66,19,64,37,19,3,100,19,49,37,69,47,21,23,77,65,22,48,0,102,88,30,53,23,70,31,10,45,49,5,14,35,18,75,63,33,34,96,93,32,30,108,63,60,33,49,36,21,52,16,13,10,35,78,116,34,16,6,106,25,45,73,21,7,75,30,18,91,18,17,44,33,40,11,47,34,39,8,50,23,49,10,32,40,83,66,103,30,24,57,112,34,65,2,17,74,70,9,59,45,57,74,14,92,83,22,9,15,11,20,29,34,42,30,22,35,82,53,25,19,32,85,1,39,13,34,65,24,52,72,99
Gene2S_079,72,75,7,37,46,124,140,122,113,108,19,7,15,0,93,1,0,113,67,17,73,31,90,31,88,4,9,95,82,56,86,112,38,103,3,11,30,33,72,95,19,41,60,0,47,35,43,72,0,24,74,70,46,29,90,14,92,67,0,97,102,18,104,18,14,56,0,19,9,7,0,19,13,104,24,0,37,92,2,68,9,0,62,47,2,10,48,5,37,52,57,71,85,58,10,0,85,88,8,120,30,35,0,22,5,3,0,54,102,52,1,14,32,12,0,6,78,20,103,59,23,10,113,114,0,2,53,20,81,0,21,0,87,107,5,34,113,99,98,1,3,1,31,69,44,0,78,32,112,77,17,1,39,49,96,0,8,97,78,13,0,19,110,13,92,1,94,74,5,2,0,104,39,25,49,92,8,5,17,26,49,64,1,66,20,88,13,48,52,109,6,56,3,99,0,99,54,5,0,48,29,100,2,51,91,89,24,100,89,0,52,70,97,0,91,15,46,20,96,104,59,33,17,2,0,93,79,84,72,29,87,66,12,108,23,99,106,32,27,27,101,12,8,0,49,54,1,15,91,73,83,27,123,114,20,21,96,3,110,127,0,53,111,0,35,1,99,0,17,36,73,74,114,20,26,7,30,1,104,89,5,0,53,72,59,37,0,92,63,85,80,74,16,0,0,0,61,66,106,36,105,3,46,78,55,49,6,11,26,66,1,92,40,96,0,90,102,5,36,21,101,117,0,9,0,45,97,92,31,59,3,3,83,37,115,75,3,13,47,85,3,12,101,68,3,0,25,31,36,1,33,15,76,3,94,101,68,16,8,35,84,0,26,17,58,91,86,16,10,34,99,63,94,41,34,49,95,0,42,61,99,68,89,0,113,2,49,0,22,31,0,9,84,111,0,117,90,121,0,0,15,106,47,1,28,44,87,16,83,32,3,37,104,25,85,11,45,108,9,21,24,2,64,58,65,0,3,0,45,11,22,34,80,62,46,0,89,105,75,0,57,44,88,92,22,90,0,1,3,99,117,60,29,27,108,3,27,2,113,136,45,39,57,0,118,97,10,28,30,34,46,1,1,54,54,117,101,126,103,87,22,70,58,42,85,18,69,30,0,0,25,97,91,108,77,100,114,8,70,1
Gene2S_080,0,0,0,0,1,111,78,16,0,0,0,5,0,0,0,3,0,44,0,1,0,35,156,0,140,0,0,0,77,0,25,0,0,0,0,23,144,0,0,0,22,0,0,0,24,51,3,24,2,0,0,36,5,28,0,87,128,0,0,12,0,40,44,0,12,0,134,0,4,0,0,0,0,21,92,0,70,0,0,0,0,0,29,125,0,0,0,10,0,70,0,0,0,27,55,26,0,175,1,0,0,0,0,0,0,81,20,68,0,67,106,0,0,12,0,0,26,48,0,2,1,16,0,9,0,16,4,2,0,6,12,0,0,1,184,0,0,30,0,0,0,0,1,0,0,0,99,0,0,16,72,0,0,99,0,0,17,0,95,0,11,3,45,156,3,3,18,30,0,64,0,41,0,10,215,2,203,0,117,1,0,86,0,0,4,0,1,0,17,113,0,0,0,0,0,0,0,3,2,0,0,0,13,118,0,0,37,0,33,0,43,15,0,73,2,5,18,155,14,0,17,25,0,77,11,0,0,0,0,0,0,25,5,114,0,0,57,0,0,0,0,0,54,0,29,6,0,0,0,69,138,3,0,0,86,0,2,0,24,0,0,24,94,75,0,0,0,83,0,7,66,0,0,15,145,2,12,64,0,65,2,5,183,0,0,0,20,4,18,21,37,0,0,4,0,0,0,71,2,0,111,0,7,111,0,0,7,1,46,32,0,0,0,0,0,1,0,46,216,3,0,66,2,1,22,0,1,0,6,49,0,2,0,0,210,14,0,0,5,0,9,0,0,0,0,0,3,262,21,0,0,0,0,5,13,11,0,108,0,0,7,0,38,7,3,0,2,2,0,0,0,0,0,1,73,49,59,5,20,10,0,9,0,0,0,0,34,26,13,10,154,0,15,0,11,0,0,1,0,109,6,0,180,0,0,44,177,20,0,1,0,14,122,1,0,0,0,0,3,0,35,0,0,0,0,73,4,0,0,0,3,0,0,0,4,3,2,3,2,0,35,6,179,0,0,0,0,62,28,0,0,3,71,0,0,4,0,10,0,1,0,0,8,0,107,1,4,0,0,24,0,69,1,1,87,0,0,0,0,30,38,5,54,0,0,0,0,5,0,0,0,0,0,0,0,138,1,87,83,0
Gene2S_081,5,9,12,10,0,29,13,21,8,22,1,22,25,6,13,10,0,0,0,0,27,5,13,21,15,0,37,32,15,30,25,27,47,0,48,4,33,19,38,10,7,2,30,27,33,33,1,5,0,0,14,13,0,39,11,28,3,27,2,11,24,0,20,11,4,6,31,16,15,23,7,4,0,2,8,16,18,4,18,8,26,18,0,11,1,5,8,13,17,26,3,22,26,7,5,24,8,30,16,28,0,1,36,16,37,43,38,4,4,3,3,4,39,0,1,21,16,17,20,7,40,7,22,0,13,0,27,10,18,13,7,34,4,14,22,1,4,33,3,17,0,3,24,14,0,3,30,16,22,42,11,22,10,34,14,43,4,37,16,1,21,0,20,0,0,46,10,20,0,1,28,19,6,20,5,8,17,19,32,3,3,10,30,21,14,23,14,32,17,27,0,11,25,24,0,2,14,32,3,0,6,11,31,39,12,58,7,2,14,5,35,6,1,4,0,21,10,23,13,10,9,0,9,2,3,13,24,18,3,19,4,3,13,42,10,9,9,0,16,34,3,30,26,9,30,19,2,19,12,13,9,1,23,0,33,6,2,16,9,6,15,31,13,1,16,25,0,8,2,0,26,3,2,1,23,0,14,11,1,3,8,17,3,20,5,1,0,21,3,46,2,35,0,41,37,26,2,35,2,0,3,8,37,0,16,17,2,10,9,26,18,25,11,0,50,1,0,22,0,24,1,2,23,3,0,1,22,7,19,6,2,4,0,22,2,3,0,29,0,40,45,2,37,12,16,16,13,3,39,4,13,17,0,22,3,0,5,20,0,19,12,5,43,15,7,23,49,4,40,2,13,19,3,0,28,6,1,7,6,28,34,9,0,34,31,44,14,0,2,17,1,51,5,15,14,17,1,17,13,2,1,10,5,19,16,5,24,1,25,5,0,13,4,16,0,3,46,40,1,7,2,18,5,39,0,4,12,5,2,3,55,10,0,22,7,0,21,0,4,3,2,0,34,5,3,20,0,5,5,4,2,1,38,19,28,23,7,1,0,40,10,34,0,8,23,0,9,3,36,0,1,1,31,3,9,37,20,39,1,14,4,17,30,9,10,13,37,10,28,0,10,11,13,8,34,13,3,0,35,9
Gene2S_082,0,0,29,19,0,0,0,0,1,0,4,0,9,0,1,3,32,0,0,0,0,0,1,0,17,0,0,0,3,0,6,0,2,0,1,0,0,0,31,0,43,0,0,0,0,0,15,0,1,3,41,1,0,39,1,0,0,8,51,0,19,0,1,1,13,0,0,12,0,0,10,1,3,0,0,0,0,27,18,15,14,0,2,8,0,0,28,0,4,0,0,0,2,0,0,0,0,36,0,0,17,8,4,0,70,1,2,38,0,0,0,0,0,0,12,2,3,18,0,0,1,0,0,11,0,17,0,0,15,8,1,24,1,0,15,3,64,0,23,4,24,0,0,0,0,0,1,2,0,0,0,29,5,8,2,8,0,4,1,32,3,6,0,0,0,3,10,4,0,10,0,0,23,14,12,27,14,0,0,68,0,30,0,8,36,0,0,4,2,0,0,0,45,0,0,0,2,8,0,4,0,4,41,0,0,0,3,15,1,0,19,0,0,77,23,0,23,17,0,84,0,0,7,0,0,6,1,0,0,0,0,20,0,12,0,0,0,0,0,0,33,18,0,4,3,3,27,6,0,77,0,0,0,0,76,74,79,33,0,0,0,27,6,0,0,0,0,0,0,0,15,1,0,16,2,25,0,11,0,9,4,78,0,5,0,0,8,1,0,24,11,6,2,2,17,5,12,0,9,3,3,81,34,0,1,2,13,0,24,1,2,3,0,0,0,16,2,0,7,0,0,0,6,7,6,0,2,5,0,9,0,0,0,8,3,20,0,0,9,1,0,0,0,3,0,0,2,0,0,0,2,95,1,0,9,2,17,16,1,0,0,40,0,7,12,27,35,12,10,5,8,0,1,15,0,13,1,0,0,23,0,2,34,0,0,0,4,21,30,0,12,0,18,1,11,20,0,0,21,0,0,0,0,0,4,0,1,18,0,0,0,0,8,4,0,0,0,4,0,0,21,14,2,3,29,7,0,47,7,0,0,0,40,6,52,47,8,0,0,3,0,4,0,0,0,9,0,2,2,0,1,101,0,0,0,0,24,9,5,25,9,0,0,8,21,1,0,32,0,5,3,13,0,15,36,9,3,0,2,0,1,23,0,0,0,13,2,0,0,3,14,0,0,0,8,1,3,0,20,4
Gene2S_083,0,204,0,0,237,0,0,242,37,0,7,0,0,199,195,3,0,0,0,224,213,0,0,0,0,0,5,0,208,84,192,0,0,129,0,237,0,0,220,0,210,3,140,49,0,233,167,0,0,0,0,228,0,238,208,0,18,1,0,0,4,0,0,6,99,0,0,0,188,0,0,238,0,0,0,1,1,217,6,2,0,134,0,0,0,0,0,217,253,11,218,0,236,9,60,65,0,0,4,0,231,270,0,0,237,240,0,257,0,0,10,139,253,230,39,0,0,1,0,221,206,110,227,0,222,265,227,0,243,0,144,42,0,0,133,51,213,226,236,0,0,0,0,0,0,237,202,12,214,0,0,46,0,0,145,209,1,11,0,1,212,34,34,0,155,117,26,23,1,1,225,0,70,221,0,0,6,0,0,166,81,0,0,98,0,0,0,35,0,240,0,0,0,129,19,0,32,227,235,266,0,0,185,0,0,0,195,0,6,3,0,0,0,0,0,16,239,0,118,235,0,0,268,245,0,175,33,0,0,30,0,6,0,7,13,0,0,0,0,0,249,45,252,219,176,0,0,0,0,210,0,0,0,5,37,0,0,226,93,216,253,0,0,243,0,0,0,30,0,111,0,0,185,3,0,0,0,0,3,236,0,0,0,200,147,0,184,216,101,0,3,0,255,95,0,0,0,0,230,28,208,0,0,21,18,158,19,0,0,231,0,238,73,212,20,17,245,228,0,0,221,150,0,0,0,243,0,0,209,0,277,2,185,211,0,0,1,212,1,259,0,0,7,227,0,231,1,240,0,127,0,0,21,6,219,236,0,128,123,194,0,227,236,218,5,0,0,154,220,0,0,228,0,0,241,0,241,0,0,0,0,0,0,0,199,0,0,0,99,0,238,20,0,267,23,221,0,236,0,246,0,0,161,0,2,0,223,0,110,0,234,220,5,0,0,0,0,228,0,0,0,34,0,0,0,2,74,0,19,238,52,1,222,4,1,64,0,51,0,0,0,75,197,0,162,0,0,227,65,234,158,0,0,204,0,0,244,0,0,226,0,169,0,0,0,128,0,0,0,35,259,0,39,53,142,245,0,0,17,0,134,0,252,0,206,215,0,0,0,243,0,22,0,188,0,227,144,226,0,0
Gene2S_084,2,36,39,91,45,13,10,61,156,104,10,43,48,224,12,40,43,16,109,10,51,165,17,11,19,207,17,79,2,0,29,55,8,39,72,99,49,138,110,15,24,6,0,10,8,33,129,4,77,25,21,0,25,68,11,4,19,0,66,28,24,22,21,9,1,88,12,7,12,2,20,59,2,37,74,19,48,21,25,14,3,47,81,83,8,10,3,13,98,5,53,54,121,44,9,159,26,6,5,41,32,60,2,14,2,16,84,6,9,13,47,73,1,6,29,71,39,32,62,157,8,44,8,106,6,71,27,99,106,21,53,36,0,64,4,0,36,112,120,49,2,1,21,58,3,31,63,116,9,1,39,37,131,19,181,17,10,28,35,32,14,9,0,65,2,12,160,1,31,49,143,7,47,2,0,15,21,69,0,16,142,96,104,18,8,0,0,2,21,13,1,10,80,1,88,81,110,127,105,36,108,4,33,9,20,20,9,0,0,103,13,79,66,118,13,91,246,42,82,88,114,117,43,39,0,12,10,79,44,20,72,34,11,2,21,89,17,36,26,65,40,64,30,166,69,7,14,11,83,49,46,28,86,2,31,32,12,28,183,6,53,42,136,8,174,39,37,15,96,40,15,112,5,3,171,31,5,3,148,18,32,47,75,33,30,5,1,24,20,3,21,20,51,4,5,32,10,59,30,4,3,11,23,26,34,11,0,111,63,13,130,9,143,23,81,0,73,166,13,50,50,111,4,43,77,5,172,23,30,2,63,61,8,10,73,142,36,74,50,0,62,9,22,5,2,88,26,119,4,11,16,57,66,61,89,48,0,71,125,2,83,133,7,32,2,91,179,14,110,69,41,0,71,0,40,1,65,48,64,36,44,78,0,14,0,36,115,83,13,58,173,16,14,12,89,103,18,66,40,65,0,99,29,62,102,67,45,8,45,70,56,1,106,26,42,23,99,13,116,14,43,54,4,208,105,68,59,0,100,1,81,85,0,0,104,32,87,106,0,69,21,53,7,11,95,13,16,18,14,131,12,13,2,34,6,76,86,18,13,72,33,4,31,47,6,118,20,15,0,62,13,133,39,27,41,90,53,39,4,149,52,102,62,49,111,34,16,40,0,32,7,179,1,166,91,37,41,10,8,57
Gene2S_085,5,68,66,59,125,126,60,137,81,68,130,0,14,5,138,86,120,85,122,76,150,85,152,110,102,43,130,42,37,28,13,55,56,18,45,17,104,74,25,105,81,0,0,12,107,31,46,1,85,139,1,135,0,132,120,27,44,70,105,147,0,107,67,107,164,38,21,13,49,123,133,19,80,1,130,85,40,3,48,18,77,43,102,117,13,38,53,102,0,61,81,6,74,112,38,120,83,82,61,95,0,30,68,69,145,12,91,86,8,27,63,3,51,1,7,0,72,114,105,15,8,3,113,29,78,84,35,89,14,141,74,53,36,141,8,89,138,0,87,76,39,9,74,48,108,48,7,150,68,63,47,149,34,32,26,108,10,119,76,46,34,135,26,28,155,11,27,19,14,48,23,0,61,77,120,116,2,5,93,10,50,65,79,99,122,97,97,53,11,29,43,48,86,49,91,37,11,33,66,62,112,144,36,4,0,55,83,128,109,16,138,60,75,31,156,7,44,51,44,97,13,129,10,7,0,8,0,51,45,76,106,51,48,2,47,46,61,42,17,112,65,30,0,61,117,72,34,104,27,12,34,7,0,121,95,138,15,108,108,40,146,15,131,98,72,108,3,29,48,8,89,10,59,11,14,87,103,122,19,11,71,4,6,91,1,52,124,75,158,49,63,3,133,54,3,8,93,32,60,43,75,83,48,81,0,60,9,100,16,99,120,82,106,31,44,27,37,53,33,63,23,93,114,117,14,117,84,80,38,0,135,60,5,55,84,10,131,77,84,83,1,10,119,77,40,105,14,24,95,69,130,35,21,84,6,84,95,9,18,50,62,50,70,41,54,86,17,16,128,0,11,87,21,136,109,2,65,38,17,45,155,99,1,146,105,94,64,60,100,13,114,3,11,43,96,78,98,67,72,6,9,129,76,131,49,130,113,147,38,131,58,139,48,77,29,31,81,118,139,21,138,94,144,78,13,63,98,124,10,103,39,105,84,56,93,120,71,56,171,101,119,14,0,5,58,12,82,70,1,17,1,47,46,6,148,34,18,53,71,23,120,77,122,16,66,31,15,140,16,51,100,56,70,0,11,106,21,0,12,96,62,12,158,22,81,9,38,82,82,91,19,107,40,122,27,99,57,58,61,88
Gene2S_086,0,0,17,0,0,0,2,0,0,0,0,0,42,5,0,0,0,0,0,0,0,10,0,0,0,0,0,0,0,0,0,0,0,0,0,0,14,0,0,0,36,10,0,0,0,0,0,0,29,0,0,0,0,0,0,0,8,0,0,0,0,0,0,0,0,0,0,0,0,51,0,0,1,36,0,0,0,0,0,0,0,0,0,0,0,1,0,0,0,0,0,0,0,0,1,0,19,0,0,0,0,0,0,0,32,20,0,20,48,0,0,0,0,0,0,0,0,0,0,0,0,32,0,0,3,0,0,0,1,0,31,0,3,37,0,0,0,0,0,0,0,0,0,35,0,16,5,0,0,0,0,0,0,0,0,2,0,0,0,0,0,0,37,2,0,0,0,0,0,0,37,0,0,44,0,0,0,0,1,0,0,0,0,0,0,0,9,0,0,0,0,0,0,35,14,14,7,0,0,0,20,0,0,0,25,0,0,0,0,0,0,0,0,0,0,0,0,0,0,0,0,0,0,0,1,0,0,0,0,28,0,0,0,0,0,0,0,1,0,0,0,6,0,0,0,0,0,0,0,0,0,0,0,0,0,0,0,9,0,0,0,2,0,0,0,35,0,0,0,42,0,26,0,24,0,55,0,1,0,0,0,0,4,0,0,0,0,0,0,0,59,0,0,0,3,0,0,0,11,0,0,0,0,0,0,0,0,43,0,0,0,2,0,53,0,0,0,0,1,1,0,0,0,0,0,0,0,0,0,0,0,0,0,0,0,0,0,0,0,0,0,5,0,0,0,0,0,1,0,0,0,0,0,0,0,0,0,0,0,11,0,21,0,0,52,0,0,0,0,0,0,0,0,0,0,0,0,0,0,0,44,0,27,0,0,3,0,0,0,0,0,0,0,0,0,0,0,0,0,0,0,0,0,0,0,0,1,18,0,0,0,0,0,0,0,0,0,0,0,0,0,0,0,0,45,0,0,0,0,29,0,0,0,0,9,0,0,2,0,0,0,0,0,0,0,0,0,0,0,0,0,5,0,0,0,0,3,0,0,16,55,0,2,0,2,12,1,0,0,0,0,0,0,0,0,0,0,8,8,0,0,0,4,0,0,0,0,3,0,6,0,0,0,1,0,0,20,0,0,0
Gene2S_087,95,0,3,0,188,127,0,0,75,0,145,190,5,0,25,200,1,0,208,0,98,143,128,7,193,125,184,0,130,0,4,200,0,0,0,178,0,0,102,194,189,140,0,0,7,206,3,230,0,0,0,73,20,0,0,0,0,0,0,185,144,0,0,227,0,0,173,8,0,191,212,0,0,120,204,0,0,167,195,0,34,164,180,205,187,188,0,216,0,2,0,0,87,201,190,203,36,195,13,200,211,0,12,0,210,1,219,42,11,0,210,71,0,0,0,17,0,0,0,191,216,0,0,0,0,168,75,1,0,140,0,4,192,214,0,142,0,0,0,0,123,131,207,185,0,40,73,202,0,0,0,0,149,0,33,0,0,86,0,0,0,0,173,0,2,49,205,0,0,0,0,0,0,201,0,0,0,0,111,172,0,169,196,144,13,209,212,0,225,2,105,0,237,0,0,8,191,0,0,205,1,210,143,221,74,0,2,0,203,211,228,0,0,186,182,156,209,0,11,184,196,13,0,0,0,236,0,227,218,12,0,0,211,16,0,0,0,0,208,230,3,0,0,0,0,0,74,227,0,221,0,195,1,142,0,0,0,0,196,0,0,127,8,196,5,192,181,0,27,0,192,93,0,0,0,0,58,0,209,0,0,0,193,80,201,199,0,0,185,0,0,190,0,204,0,245,0,2,214,0,0,95,103,181,106,0,0,0,0,3,211,169,63,194,0,0,205,51,0,0,0,52,215,0,226,0,0,0,206,203,3,80,207,211,0,0,67,0,0,0,0,0,0,208,0,0,175,0,55,0,0,0,16,8,0,1,0,0,178,0,59,191,12,221,0,95,0,195,0,0,0,0,0,0,0,4,191,1,211,162,20,220,201,0,51,162,0,8,202,16,0,195,0,1,68,0,0,14,0,212,0,0,190,0,197,0,0,0,183,0,0,0,147,0,204,0,204,0,0,0,0,37,197,0,214,0,207,0,198,0,188,195,0,218,205,0,0,0,0,213,199,0,0,0,0,200,0,0,183,0,0,0,166,195,219,0,0,53,218,0,183,0,210,180,198,0,0,14,223,3,0,241,0,12,0,0,0,0,226,0,199,0,0,0,11,0,0,0,25,6,208,0,0,85,0,1,154,1,0,75
Gene2S_088,121,0,18,172,3,6,5,39,6,283,39,238,30,49,129,213,5,67,251,0,13,282,0,0,91,201,46,33,0,209,27,245,187,218,196,67,215,59,222,208,134,7,160,65,149,208,47,190,170,95,85,93,129,0,13,11,294,22,95,39,262,150,6,0,28,187,81,61,275,10,178,40,151,39,95,268,284,54,117,39,11,235,109,151,209,45,191,42,64,167,129,2,174,93,98,4,174,74,111,266,293,12,99,121,246,70,212,179,58,261,163,118,227,21,98,287,183,283,150,221,20,267,185,0,104,82,289,0,56,40,126,160,116,182,272,189,221,97,91,21,53,256,198,157,101,53,12,101,137,176,13,100,195,219,284,3,16,110,199,43,112,33,80,1,156,53,57,21,273,67,3,16,75,7,0,0,3,141,179,183,52,254,116,1,146,219,39,55,0,0,76,15,86,161,0,0,224,11,140,11,81,296,5,157,80,140,278,0,0,60,109,1,46,10,278,86,67,10,179,245,236,28,91,23,185,235,89,81,8,183,0,44,19,91,282,22,175,8,5,189,279,14,56,70,230,0,128,249,188,103,201,137,169,99,56,156,171,48,0,249,247,18,290,33,166,43,171,17,10,8,19,0,61,74,203,43,134,161,6,191,233,72,35,113,102,166,165,102,90,286,193,115,124,49,143,46,22,1,38,208,113,220,9,278,148,73,91,18,63,226,63,31,24,85,76,301,134,41,73,235,228,28,9,235,1,187,90,72,55,75,62,219,113,58,70,66,28,232,80,108,0,176,67,154,82,1,222,32,247,215,129,118,128,2,161,11,52,106,147,90,186,36,27,181,80,68,18,173,140,42,87,217,34,306,11,230,121,32,45,78,200,100,8,93,64,210,249,2,4,112,170,206,58,19,157,157,36,4,62,276,9,249,95,243,28,53,150,190,136,227,67,66,106,119,107,23,142,121,244,26,88,289,139,19,310,159,139,23,250,159,290,33,75,212,21,164,1,0,156,164,309,244,108,9,228,185,270,48,0,224,40,127,0,95,186,114,44,69,2,65,5,13,5,4,49,10,252,40,58,41,99,20,208,160,117,20,28,297,68,78,5,249,177,35,227,232,54,132,10,0,48,84,0,2,57,47,3,18,206,194
Gene2S_089,228,167,104,3,0,0,0,48,233,1,173,114,232,0,278,1,125,30,102,242,238,49,199,60,30,6,0,245,204,6,0,224,67,0,251,0,252,268,0,262,261,2,0,0,92,227,262,287,0,0,170,230,146,127,0,0,0,91,3,237,198,200,0,264,0,32,256,1,131,160,97,270,21,253,264,102,83,7,126,64,0,254,237,5,254,35,191,124,0,74,158,84,267,0,171,37,251,0,68,216,13,0,0,16,260,0,89,279,206,0,157,112,267,7,228,128,111,0,119,0,0,111,0,192,298,1,0,0,232,4,0,23,31,250,2,265,0,11,280,0,252,147,24,0,26,266,0,254,255,212,0,286,249,0,0,66,0,279,8,0,182,38,284,0,2,0,8,3,233,279,0,0,11,258,0,0,0,134,59,0,260,165,0,0,0,287,44,101,3,15,123,3,9,272,294,239,5,0,225,233,118,6,284,10,261,9,32,211,0,0,234,7,19,255,6,5,0,1,76,155,0,0,19,237,247,238,0,1,272,1,279,0,227,248,0,60,62,43,171,0,0,3,0,0,4,0,0,24,10,22,0,0,257,67,8,247,0,211,239,1,0,6,0,0,184,272,0,0,282,291,0,20,209,245,0,9,276,211,1,0,243,5,13,0,0,259,294,224,4,134,163,31,255,60,238,235,6,1,184,12,57,263,266,127,228,172,264,0,215,239,52,236,0,0,237,2,0,13,49,0,174,242,241,255,181,4,37,1,39,242,5,0,112,1,12,281,0,250,254,286,43,147,38,3,241,17,0,259,114,41,254,98,2,266,11,20,14,77,258,17,0,184,26,1,10,281,273,0,227,251,52,0,0,268,156,130,32,46,243,66,0,35,35,239,247,135,4,97,212,250,39,60,41,194,15,3,236,4,45,131,32,0,0,279,4,250,0,244,5,203,27,259,231,264,158,0,260,11,165,258,1,200,5,0,20,260,206,249,269,0,2,10,260,29,250,279,8,250,0,52,182,4,1,241,1,160,177,147,0,244,260,80,230,84,61,215,0,7,277,287,1,250,0,0,106,0,0,227,0,0,0,245,271,269,203,51,0,0,213,65,183,241,2,0,259,5,68,220,251,89,0,287,0,253,277,17,276,222,112,0
Gene2S_090,4,3,17,0,4,1,8,0,0,4,19,11,2,0,0,1,14,0,23,1,33,2,0,4,0,0,27,0,0,5,10,8,4,1,0,12,0,30,0,0,31,13,0,0,1,62,2,34,23,0,44,40,37,43,0,5,0,37,0,5,1,30,38,0,0,1,0,0,2,1,26,0,12,0,0,31,0,51,8,20,9,47,0,35,20,12,51,0,18,0,0,3,66,0,30,31,5,6,4,0,0,0,0,75,40,0,0,0,28,81,0,0,2,6,16,0,68,1,32,6,25,0,1,28,0,0,0,0,0,0,18,6,0,7,4,0,2,0,0,2,0,43,0,0,62,1,35,8,23,28,0,0,11,2,17,0,6,0,0,1,6,1,5,4,19,0,21,49,1,16,12,51,4,11,3,0,3,6,3,0,0,7,2,41,0,0,0,0,6,118,0,1,1,64,0,2,20,0,48,23,37,0,0,0,21,0,14,11,4,0,0,0,0,0,9,6,3,0,22,9,18,42,3,1,3,1,26,0,7,18,1,15,21,6,75,0,3,9,42,5,4,23,0,0,0,14,27,16,3,10,22,6,24,2,0,0,0,0,72,66,11,0,0,0,4,1,0,96,9,3,7,0,9,46,36,11,33,0,0,7,8,19,0,16,13,0,28,1,55,0,51,3,4,0,47,0,0,0,0,5,57,0,27,24,0,0,0,0,1,5,1,4,0,0,20,2,24,0,0,20,0,9,3,0,0,0,4,0,0,0,58,0,2,6,16,0,0,5,7,52,2,60,0,5,7,35,9,25,0,28,6,34,1,1,14,7,0,0,5,0,10,34,3,0,10,0,27,12,6,0,59,0,1,19,11,4,0,1,11,0,0,0,20,0,1,17,65,3,0,0,5,42,1,51,7,2,43,3,15,8,25,1,17,0,0,17,19,0,0,18,0,14,30,0,5,1,53,1,24,3,17,40,0,0,2,15,0,0,2,7,1,4,2,11,0,31,2,40,19,0,1,0,0,0,12,2,41,4,12,1,3,8,2,0,27,0,0,6,8,0,69,0,4,0,0,4,0,22,0,1,1,9,0,34,0,9,3,0,0,23,1,12,1,0,0,13,7,7,0,30,11,31,21,1,33,0,45,9,3,0
Gene2S_091,74,7,0,10,0,11,57,21,49,64,85,25,32,95,12,0,2,3,100,0,44,0,0,3,143,18,19,34,6,20,1,88,0,5,49,69,22,60,77,0,5,3,1,36,0,8,0,18,86,0,98,7,19,0,17,69,9,30,12,5,27,2,119,5,106,0,0,126,98,14,143,1,117,27,40,5,0,108,0,17,15,14,138,0,110,16,5,0,110,1,25,15,17,0,0,7,30,24,2,0,44,15,28,7,14,1,35,77,0,2,101,7,4,21,53,5,7,4,75,0,12,66,106,0,84,7,106,4,94,6,0,0,48,18,0,10,38,2,26,6,52,0,21,19,88,84,11,23,7,7,124,10,66,23,8,0,50,128,66,64,34,46,11,53,0,4,37,4,1,4,130,2,0,60,53,78,104,23,8,43,10,33,31,1,0,4,4,2,46,51,2,5,0,32,46,8,20,0,122,38,14,102,82,21,23,0,119,51,76,0,2,9,25,1,3,35,5,51,1,6,41,74,0,0,34,74,1,5,6,41,4,3,1,0,148,0,0,19,17,1,72,1,23,14,11,0,25,0,20,9,2,63,23,0,0,24,0,130,34,57,95,73,58,33,81,0,13,101,13,130,91,73,0,3,18,0,0,0,0,0,37,15,98,112,1,120,47,36,0,78,37,74,9,1,13,101,0,65,62,9,0,26,0,18,4,15,133,0,0,13,0,12,29,15,2,121,65,21,0,33,19,0,0,50,4,25,7,109,11,3,0,90,21,0,84,11,1,0,28,0,25,1,55,70,9,28,83,8,13,0,0,0,91,79,45,119,0,3,0,37,9,0,29,1,0,0,33,20,0,50,96,11,1,12,2,15,25,5,68,6,9,33,23,25,2,1,70,0,4,18,5,5,13,7,47,0,36,52,87,14,82,38,0,24,40,0,8,27,1,38,1,24,27,100,10,14,88,51,125,57,11,6,86,6,26,29,14,0,0,89,22,42,13,25,85,14,9,90,33,64,38,52,9,24,1,53,9,56,1,0,106,82,17,54,26,0,7,6,6,45,82,67,7,1,61,0,3,112,17,6,84,5,16,8,15,13,111,0,8,12,33,2,59,1,61,0,0,6,1,16,38,1,65,74,5,7,0,84,0,53
Gene2S_092,269,158,229,87,252,238,119,73,218,0,5,33,210,12,67,10,133,0,29,218,0,187,6,0,9,276,7,136,254,136,4,209,197,0,146,0,3,21,33,42,44,71,158,152,0,218,126,33,3,1,51,17,129,5,38,2,1,6,14,142,10,127,6,43,254,11,15,87,111,78,230,0,215,1,121,0,70,4,44,46,9,125,12,155,3,92,269,165,176,16,73,28,23,39,0,177,201,259,90,102,186,0,1,5,105,222,211,9,154,36,10,37,85,188,156,106,51,5,189,76,8,8,0,204,125,81,0,25,63,1,2,35,41,100,247,4,177,154,183,45,2,67,118,110,128,142,87,76,289,4,57,110,133,4,234,13,0,129,14,124,106,139,97,0,169,1,166,28,256,223,3,52,41,229,41,99,221,58,19,4,41,79,138,22,96,61,0,36,20,37,64,43,14,25,63,166,66,253,0,22,16,14,17,102,1,0,150,191,38,71,19,65,139,279,275,147,4,83,161,0,0,66,86,90,12,157,42,0,79,14,3,0,79,8,220,10,140,197,128,6,51,116,248,96,282,46,0,160,88,230,137,0,10,161,123,32,200,210,0,138,251,144,6,0,128,74,2,24,0,5,0,16,208,30,4,26,93,76,5,8,297,7,41,25,22,289,0,0,67,5,134,143,0,101,0,10,11,0,73,262,18,204,72,89,224,11,62,108,196,183,242,96,2,11,72,103,112,51,0,235,1,2,209,117,242,35,59,24,13,2,172,300,0,5,13,1,25,10,12,13,0,163,114,265,28,157,165,33,196,99,0,0,16,144,0,65,123,0,13,7,1,1,12,0,0,165,161,55,19,28,118,173,1,147,265,144,50,1,63,262,63,129,3,8,111,108,9,24,0,11,173,135,251,11,134,5,3,147,116,72,13,118,248,60,29,0,19,2,262,66,0,4,102,1,76,3,170,71,1,87,0,33,0,72,53,241,8,0,0,0,1,50,115,43,0,0,125,98,108,148,16,133,155,86,0,103,269,3,25,25,64,203,0,0,107,167,66,0,70,95,180,185,2,27,128,232,126,136,125,1,262,169,68,47,74,124,97,184,1,195,17,3,2,207,42,1,22,31,0,198,107,0,167,7,0,77,90,0,0,106
Gene2S_093,0,0,0,0,1,11,304,0,242,273,0,0,308,0,0,76,13,0,0,0,3,0,103,0,300,47,0,0,0,274,0,4,0,0,106,0,277,0,299,268,24,1,0,0,0,14,81,14,0,2,2,0,0,0,0,0,0,0,0,80,269,0,0,0,1,0,0,0,0,0,0,7,0,0,278,0,5,0,0,0,0,0,0,0,0,1,196,0,12,0,169,61,0,25,0,0,290,0,0,0,0,0,0,2,116,228,0,0,187,266,0,0,0,0,1,0,278,0,312,256,0,195,0,0,216,210,0,0,0,295,0,0,0,172,0,0,0,0,244,3,0,0,0,0,0,0,0,0,0,2,195,0,0,0,242,0,28,0,122,0,299,0,0,0,0,11,0,0,0,0,13,0,198,0,0,0,0,10,0,284,147,0,0,152,0,0,0,0,0,0,21,148,0,5,0,0,0,0,0,71,71,0,0,0,54,0,0,0,22,0,0,88,0,0,285,0,88,0,230,40,0,0,6,0,0,0,0,0,0,0,0,0,174,0,0,20,0,0,143,0,6,0,28,54,15,0,0,288,0,207,0,184,0,252,59,262,0,1,86,155,0,0,0,0,0,0,0,0,0,172,12,0,45,0,60,0,0,308,1,0,0,0,318,0,0,0,0,0,0,31,0,267,0,0,0,0,234,0,0,313,0,0,147,0,1,0,0,0,32,0,270,0,0,144,0,0,243,0,0,0,0,0,0,159,0,0,102,0,0,5,2,0,0,257,0,123,0,0,0,0,0,0,8,12,0,299,0,0,0,0,0,270,152,251,123,0,0,0,0,0,0,85,0,233,326,0,0,0,0,1,0,0,288,0,4,0,0,0,0,0,0,0,0,14,141,279,0,31,0,0,11,237,273,0,0,0,0,0,0,81,0,170,270,102,0,72,297,0,0,0,0,277,0,0,0,230,0,127,152,0,292,0,232,0,16,117,11,0,0,0,0,0,0,201,74,0,0,299,191,0,0,9,204,7,230,0,0,265,0,0,0,0,0,53,0,6,0,228,262,0,0,0,262,0,0,331,0,0,0,1,7,0,294,7,0,241,308,0,53,0,0,0,0,286,0,255,0,0,13,0,63,0,0,0,0,0,232,0,0,0
Gene2S_094,0,152,40,62,0,139,33,0,180,38,19,4,52,0,147,6,138,41,150,153,0,21,0,160,140,143,0,102,10,0,149,0,73,138,0,9,118,117,144,128,126,0,0,0,0,0,119,0,143,174,36,180,102,66,0,11,63,144,145,53,1,1,0,0,105,0,96,39,135,0,0,0,0,0,156,137,89,69,162,68,132,159,92,97,0,0,2,169,1,1,16,14,146,0,0,103,148,0,29,0,0,141,0,1,156,0,165,0,6,33,0,0,6,4,130,80,108,0,156,0,23,2,0,0,0,0,48,153,144,0,129,0,37,0,0,0,114,147,0,136,155,0,0,159,158,132,160,145,87,0,1,142,156,166,12,151,127,0,112,0,19,4,104,3,159,143,150,0,0,156,0,54,91,94,0,158,174,0,0,130,154,21,148,82,0,0,0,169,117,18,0,0,119,1,2,0,147,0,0,0,0,0,0,66,158,0,13,0,0,58,0,152,107,1,0,131,96,0,0,0,67,145,0,0,43,0,0,0,103,0,0,22,0,0,0,1,7,0,14,25,2,0,162,12,0,0,160,76,0,67,0,0,1,0,162,14,143,0,0,138,0,0,139,0,41,23,126,1,105,139,148,64,0,137,0,170,153,102,43,146,146,0,0,0,107,0,163,141,0,154,57,13,0,0,137,16,153,140,0,152,3,0,151,0,0,137,0,0,78,141,0,0,19,0,196,8,0,166,129,152,143,0,5,0,0,114,143,161,4,141,0,0,164,106,59,131,19,3,0,77,56,160,0,0,0,0,0,141,188,0,151,134,14,11,129,0,0,0,140,89,0,0,0,0,74,118,160,153,7,0,0,92,7,120,120,13,0,91,128,0,61,104,43,154,0,132,56,0,1,148,37,137,164,84,1,124,0,11,156,157,5,148,0,13,44,1,102,0,0,0,0,16,163,158,143,0,0,159,135,174,166,0,116,92,0,0,0,116,0,0,154,0,3,0,92,78,51,2,0,78,48,169,1,2,155,124,157,0,0,3,17,0,0,92,0,101,0,0,156,178,99,105,0,0,29,0,48,0,156,144,182,0,102,57,161,0,19,137,148,8,0,1,146,0,143,148,106,149,143,173,0,0,59,5,0,52,0,0,0,0
Gene2S_095,0,0,2,0,0,31,0,3,4,0,22,0,1,0,0,0,0,0,0,0,0,30,0,0,0,0,3,5,0,0,0,0,19,9,0,0,11,0,0,0,0,0,2,35,0,2,19,0,34,35,0,19,0,0,21,64,0,0,9,0,16,0,0,0,0,0,45,0,0,0,7,0,0,0,0,0,0,4,9,11,12,0,0,20,0,18,0,0,8,0,1,0,7,8,0,1,4,0,1,12,0,0,34,0,0,41,39,7,1,0,0,0,21,19,38,0,6,2,0,0,0,0,0,1,0,0,0,0,4,0,0,11,15,1,0,0,0,0,6,0,27,0,0,52,0,0,0,0,26,0,0,0,0,34,0,52,18,7,0,56,0,0,40,0,0,0,48,0,0,0,10,0,0,0,0,0,0,19,5,0,38,13,31,10,13,0,0,0,4,13,29,30,0,1,11,2,0,0,7,0,0,0,0,10,52,8,45,3,4,0,0,23,0,9,0,23,0,17,32,6,0,0,18,10,0,0,3,0,13,29,0,0,0,45,0,0,25,0,0,46,0,0,25,2,0,12,0,1,7,0,7,0,7,0,8,0,0,0,0,36,0,9,0,3,11,0,39,0,0,3,12,0,0,0,0,0,0,0,0,0,0,8,7,0,0,0,32,0,0,0,0,0,0,0,0,35,12,7,15,0,0,4,0,0,34,0,35,0,0,20,1,0,0,0,32,0,9,26,0,0,0,0,2,0,0,0,0,0,0,1,8,3,1,0,25,6,0,0,0,5,0,30,0,0,7,2,0,5,0,0,0,0,0,0,1,32,0,0,0,0,1,0,0,11,15,0,0,0,0,0,0,0,0,20,0,0,9,0,0,0,0,12,1,0,14,0,0,8,0,0,0,18,0,17,46,0,6,0,9,21,0,44,0,0,0,0,1,0,0,1,0,49,0,0,17,0,0,1,0,21,4,2,0,0,0,14,0,1,1,0,0,0,24,2,48,21,0,0,0,9,0,0,0,14,0,22,0,0,0,1,0,1,0,0,11,0,9,0,0,0,4,18,0,7,46,2,0,36,28,0,0,46,0,0,39,0,0,0,0,0,2,2,0,0,18,0,0,0,14,13,0,0,4,0,33,0,0,1,58,0
Gene2S_096,6,66,98,51,40,13,31,24,105,102,54,48,45,27,35,105,44,129,109,23,23,1,80,28,33,6,63,50,9,132,85,20,68,89,52,97,81,29,13,87,42,39,94,25,54,11,114,28,65,133,155,118,37,34,53,58,47,12,56,49,44,43,34,63,14,17,42,55,15,49,15,77,23,45,14,41,62,117,101,129,47,75,52,100,6,15,40,165,12,89,53,41,156,71,53,33,32,40,59,63,30,0,14,94,26,56,14,50,0,114,33,27,12,9,100,58,20,52,1,43,69,82,105,109,88,26,10,68,20,19,14,82,44,191,148,100,86,126,51,73,58,22,138,29,46,25,100,58,77,94,13,17,74,48,18,57,63,44,9,34,17,28,11,71,55,21,38,16,13,36,73,94,77,135,76,81,116,40,36,15,21,19,28,63,70,73,40,56,16,76,8,9,49,84,44,141,69,51,53,41,11,35,78,25,69,27,107,10,45,47,30,30,74,123,28,43,54,66,18,25,46,87,64,17,112,60,32,23,90,48,21,88,10,132,10,47,30,85,102,19,101,28,42,53,108,46,18,107,113,64,45,76,5,2,0,50,106,36,26,15,42,49,10,29,23,84,67,84,83,51,29,3,64,19,69,16,7,12,33,51,105,67,53,23,21,48,46,48,0,30,84,40,22,63,23,45,54,74,43,80,10,125,12,14,29,104,29,60,76,39,67,75,91,10,19,31,51,80,116,54,39,46,20,93,1,22,21,24,13,41,31,41,43,23,82,26,4,77,31,23,12,59,21,58,43,123,30,45,40,19,9,17,88,21,63,5,4,104,49,74,63,56,126,59,82,111,154,42,64,65,5,32,54,5,103,81,51,70,10,40,59,28,27,36,41,43,1,15,16,22,13,60,38,28,34,10,22,75,27,11,46,102,66,9,42,11,55,34,3,16,31,31,39,144,33,88,120,38,113,49,87,16,18,65,113,35,69,3,43,104,85,106,27,52,57,42,0,41,33,8,118,40,76,3,93,8,49,38,30,32,116,60,33,44,77,21,58,29,82,20,19,11,42,26,51,10,94,38,26,36,25,4,62,6,5,85,43,15,17,44,25,3,64,16,28,15,31,31,114,1,21,72,38,13,145,43,51,103,61,20
Gene2S_097,62,53,5,56,27,11,40,140,1,44,110,18,21,39,1,104,2,26,28,0,22,10,27,75,53,29,9,0,0,43,54,14,25,5,42,9,73,51,25,127,84,19,109,76,0,61,27,53,70,93,0,4,47,18,4,17,64,86,10,34,31,26,50,118,118,74,28,129,0,42,16,68,124,64,2,29,51,1,14,0,111,92,9,167,2,14,8,62,54,3,0,45,37,40,6,54,0,44,72,53,5,34,55,13,79,3,48,81,16,5,32,66,11,2,7,40,123,10,5,33,3,20,19,63,4,11,0,101,32,14,42,7,3,17,39,9,82,28,56,52,120,86,0,1,11,91,51,25,47,83,64,41,23,45,34,10,24,46,45,1,8,50,75,19,41,0,6,70,53,14,38,37,19,59,63,37,0,19,69,32,12,23,10,5,93,34,72,5,47,72,0,115,91,90,30,106,115,18,111,50,24,40,75,1,24,122,105,69,53,0,35,70,38,3,69,64,51,25,1,41,97,0,43,42,27,26,0,73,47,84,79,91,4,3,32,8,7,0,74,45,24,9,9,39,15,36,48,0,27,66,29,40,5,12,20,38,12,78,4,61,34,9,71,12,49,96,11,12,19,38,8,17,118,7,1,13,44,64,10,59,101,37,6,85,53,8,100,31,30,0,25,0,10,111,45,22,12,1,41,106,69,5,39,71,12,23,70,24,13,0,8,3,23,35,28,0,26,15,89,10,22,4,72,70,0,29,13,48,25,2,22,15,45,1,43,23,10,18,9,27,0,43,9,22,1,0,22,18,7,32,60,67,57,0,34,89,35,62,53,50,35,22,76,78,16,39,63,14,36,74,31,40,28,82,0,49,16,34,24,0,0,4,131,6,39,26,0,68,150,3,112,15,21,107,11,30,0,1,0,25,15,15,76,1,41,108,4,14,14,52,11,8,75,96,7,0,13,11,72,4,44,1,57,94,14,0,34,36,6,26,6,8,10,76,54,0,3,38,55,27,8,63,17,8,25,28,54,30,31,30,142,15,92,13,130,36,6,70,46,105,74,37,112,29,44,24,0,60,46,2,3,69,52,3,22,38,7,34,17,0,9,66,0,23,2,7,62,16,95,110,7,15,15,27,33,12,79,105,10,91
Gene2S_098,130,4,96,63,0,7,126,0,1,1,1,193,255,1,12,261,0,23,274,0,0,197,74,218,188,61,108,87,0,184,56,54,203,239,124,14,286,123,173,295,280,254,236,0,251,274,2,263,44,220,0,19,8,258,247,43,278,35,49,0,0,153,0,261,38,191,29,0,260,188,129,235,131,0,71,0,228,20,270,125,130,260,37,229,0,248,213,158,284,0,248,2,15,261,33,294,28,0,284,212,242,2,217,313,141,236,60,87,1,160,0,247,183,45,0,253,3,270,33,201,277,305,227,8,289,199,35,221,288,296,59,205,3,168,272,221,278,73,13,181,0,111,1,225,206,244,217,23,0,155,281,239,123,0,55,227,273,12,21,216,60,62,17,0,200,72,211,9,297,92,68,0,235,210,101,108,0,255,284,239,103,263,116,205,112,41,72,5,134,57,286,7,275,116,4,11,85,42,238,259,1,266,103,184,119,113,207,56,168,256,0,271,270,250,121,151,121,83,5,192,17,161,7,253,146,226,167,267,0,181,24,4,208,72,234,245,0,178,76,0,10,72,137,95,279,84,172,185,16,205,231,276,312,33,284,115,0,0,183,279,85,17,43,222,17,214,199,120,62,142,5,3,14,105,218,282,49,78,12,57,184,101,227,62,0,12,43,79,281,50,99,217,106,94,15,276,23,161,255,16,232,218,0,1,211,4,7,4,182,26,156,122,184,279,275,197,46,212,72,269,144,5,44,18,287,0,21,27,30,2,165,176,283,275,133,97,64,20,77,117,44,202,10,5,88,93,0,21,269,170,23,1,0,261,281,263,8,9,130,2,30,206,237,266,221,68,280,0,0,16,9,8,183,251,272,107,43,84,269,55,271,160,30,18,0,260,182,248,209,0,1,13,240,4,11,7,256,16,273,22,124,293,205,234,1,306,0,12,278,69,0,280,222,3,0,205,185,270,1,106,227,276,251,222,90,0,76,47,61,178,64,305,106,26,116,209,70,186,66,255,108,4,118,128,276,78,22,260,0,1,15,139,156,284,29,65,217,218,39,0,224,198,269,201,13,255,11,20,244,71,112,237,5,131,265,176,3,41,78,0,12,249,149,1,18,305,50,263,291,40,29,161,277,186,8,122,220,129,148,150
Gene2S_099,0,0,0,17,50,0,0,0,0,0,0,0,28,0,0,0,3,25,6,0,73,68,167,8,0,0,2,0,24,1,0,22,237,0,0,0,2,0,0,41,73,0,10,66,11,102,0,1,0,0,10,0,146,50,87,0,13,44,0,0,0,0,0,147,0,3,85,0,1,0,95,48,171,0,2,0,0,4,16,28,0,0,7,0,3,7,15,0,0,10,5,0,0,0,0,19,0,0,100,10,0,12,0,3,63,1,0,0,62,0,3,12,54,0,0,0,156,0,0,112,0,0,0,0,1,6,1,222,3,0,0,64,9,49,6,0,0,41,0,13,21,0,69,6,25,2,0,121,34,0,0,0,0,0,0,0,75,72,59,7,0,0,0,4,0,4,0,0,0,0,1,0,0,33,1,0,0,27,9,0,0,17,3,3,68,67,33,0,62,1,0,2,0,10,0,23,0,41,13,4,47,0,34,0,51,0,0,12,4,70,120,30,6,0,4,0,2,1,2,0,0,6,0,17,0,0,2,7,48,0,0,0,3,37,0,0,5,0,0,0,0,0,0,74,0,0,3,1,0,9,5,0,14,0,0,0,0,2,102,2,0,0,2,71,0,0,0,0,178,0,71,11,12,86,95,34,15,3,0,8,17,0,5,24,0,5,0,0,153,0,58,17,0,8,51,2,0,0,19,0,0,0,0,0,0,0,0,1,1,0,11,0,2,59,8,14,0,4,148,104,19,0,206,52,4,18,67,0,0,90,76,0,0,6,8,0,0,0,49,38,3,87,0,171,5,75,1,0,26,13,65,12,110,0,0,1,26,0,0,18,4,55,0,0,6,1,5,0,0,4,134,0,26,0,6,35,13,20,1,5,66,147,101,0,2,2,0,2,0,0,0,63,0,0,16,11,1,40,0,50,0,0,0,1,0,1,0,8,0,0,0,19,0,20,0,33,0,0,11,7,0,26,0,0,0,0,108,0,0,0,0,0,53,0,6,0,8,36,0,0,26,0,6,33,0,0,0,67,0,0,68,64,0,52,0,69,29,0,73,0,2,0,11,0,18,7,1,0,33,4,3,40,0,13,88,75,24,0,0,0,0,22,0,0,0,23,149,0,3,175,0,9,96,6,34,17,40,5,9,0
Gene2S_100,0,0,0,23,0,9,0,63,0,0,0,0,20,0,0,13,0,0,0,0,0,1,0,0,0,0,0,0,14,0,1,0,27,80,0,0,0,0,0,16,0,0,13,3,0,0,0,0,0,0,0,0,0,0,0,0,0,12,1,0,0,2,5,0,0,10,19,22,0,0,42,10,0,95,0,50,0,109,3,0,3,0,5,0,89,32,0,0,0,20,0,0,0,0,53,0,0,2,99,0,4,0,0,0,0,0,0,0,19,0,5,6,0,1,127,0,0,110,0,0,0,0,0,0,0,0,0,7,0,0,0,0,0,9,0,0,0,2,0,0,0,0,0,0,0,49,43,0,0,0,0,10,2,63,0,0,0,40,0,0,1,43,0,0,0,34,0,0,15,0,0,0,0,0,0,0,6,0,19,14,5,0,0,0,0,0,0,55,23,0,0,2,0,0,120,0,90,0,0,0,0,0,0,0,0,136,0,0,8,0,0,19,0,1,0,6,0,0,0,0,109,0,0,0,0,0,4,6,0,0,21,0,0,0,0,0,0,129,0,0,0,6,0,40,17,0,15,0,0,0,0,0,0,36,0,0,1,0,0,61,20,63,1,116,0,40,0,28,0,34,5,0,0,0,1,51,0,26,0,2,0,0,1,0,0,0,0,0,60,0,0,13,0,0,0,20,85,0,0,54,0,16,0,5,1,0,0,0,87,0,0,0,37,0,0,0,3,3,0,0,2,0,54,0,0,0,74,0,86,0,0,0,53,0,0,69,0,0,2,0,0,0,0,0,0,40,0,0,0,1,0,2,5,28,0,0,0,90,0,6,0,16,29,0,0,0,12,0,30,0,0,5,94,0,0,0,0,0,0,0,41,0,13,0,0,0,0,18,0,0,0,0,0,0,0,0,0,11,1,0,0,0,15,55,0,0,0,59,0,53,0,0,6,0,78,0,0,0,19,0,6,0,0,13,0,0,0,0,0,0,12,7,0,84,8,0,0,0,0,0,0,0,3,45,0,49,1,0,0,2,0,0,0,46,0,14,18,0,25,0,20,0,0,0,0,0,0,0,0,103,6,0,0,0,0,64,0,0,0,0,0,0,3,14,0,0,0,0,0,4,0,0,0,46,0,0,135,0,0,18
Gene2S_101,97,149,2,102,98,71,164,55,207,40,57,15,73,57,38,123,106,126,66,115,118,134,109,149,46,111,8,157,76,69,69,50,48,78,44,2,102,55,64,168,46,86,40,147,47,210,28,35,130,198,19,169,77,5,98,20,32,2,109,76,164,45,120,49,121,38,96,123,25,34,48,90,26,47,58,37,94,239,40,121,135,96,117,67,114,147,120,144,68,11,25,163,74,111,178,120,16,64,179,54,27,228,80,70,53,100,177,170,79,66,218,51,38,36,89,100,9,14,113,30,152,99,39,27,29,149,198,183,53,109,61,25,82,69,53,98,69,107,130,117,70,117,74,224,64,107,88,14,23,72,20,184,9,80,7,69,16,79,7,42,123,65,141,24,20,80,41,34,112,100,118,58,80,43,33,54,159,61,120,103,98,53,110,62,26,100,116,77,176,11,162,93,49,135,39,73,23,16,79,133,58,67,131,141,141,46,120,61,225,117,221,98,41,123,5,120,97,22,11,153,96,44,55,34,29,157,174,196,42,84,106,136,82,175,59,121,80,66,154,130,51,48,153,165,43,19,136,44,123,38,161,30,160,32,185,75,141,131,82,189,25,145,90,150,47,120,95,221,113,156,86,90,45,10,147,77,37,7,196,113,54,72,47,27,148,49,105,34,62,10,18,187,103,155,232,59,33,28,40,174,73,139,108,28,44,45,53,149,86,9,107,94,20,84,23,34,13,83,103,143,68,20,49,86,189,153,132,157,38,0,83,8,77,108,144,65,63,46,161,91,12,178,107,150,168,97,39,207,136,75,111,236,100,126,132,8,115,166,1,113,8,27,65,108,63,144,97,112,49,22,62,66,58,56,25,53,173,108,37,10,201,74,177,21,27,38,61,186,20,38,29,27,234,9,18,82,141,135,25,51,152,12,24,69,5,153,131,12,53,217,194,133,29,43,92,50,41,91,66,115,137,140,101,19,45,127,52,163,40,146,29,55,200,146,79,164,72,29,138,65,203,53,11,176,132,111,81,95,57,56,82,32,129,41,97,103,80,84,48,130,80,89,148,23,33,21,144,64,77,58,54,33,73,83,143,59,18,86,3,14,166,92,68,125,122,69,57,44,42,81,64,115,92,47,100,22,15,146,62,117
Gene2S_102,0,0,99,92,52,0,0,10,19,0,0,90,0,6,0,1,0,0,27,102,4,94,0,34,3,7,0,4,2,11,25,58,18,0,1,0,85,0,44,1,34,19,28,10,13,53,25,53,1,50,11,0,25,0,8,106,30,4,2,7,0,100,4,0,16,0,0,0,0,0,51,24,0,29,113,70,0,0,46,71,27,117,4,83,0,81,1,113,3,93,49,0,69,86,100,96,1,3,22,78,93,97,45,44,66,24,3,0,0,0,88,1,63,48,7,119,64,13,85,0,60,8,0,64,66,0,136,5,92,1,7,9,0,0,38,50,1,3,23,7,0,4,0,105,4,54,2,26,64,0,2,0,7,11,0,51,19,40,3,3,64,20,2,7,6,8,2,0,50,24,93,25,0,0,53,93,105,9,97,87,100,88,31,5,86,1,0,15,98,10,0,27,114,0,27,9,62,20,0,15,0,0,2,79,0,17,49,93,26,0,9,0,6,30,79,89,50,3,13,40,0,0,12,46,88,71,3,86,4,0,1,60,2,29,0,72,64,0,72,85,8,47,130,3,4,0,0,5,1,2,4,9,2,32,36,0,84,64,50,62,103,14,0,0,0,56,80,20,0,114,5,11,95,11,84,4,20,22,8,1,0,30,18,82,4,0,46,0,17,44,1,0,2,0,7,94,0,0,8,18,51,0,98,22,18,72,92,77,23,65,100,16,31,75,24,57,0,96,99,18,0,26,0,11,66,71,0,93,122,0,74,21,4,8,31,0,10,26,13,1,0,7,10,94,36,25,0,1,1,0,37,74,0,2,86,102,92,0,0,95,68,5,1,5,54,1,93,3,32,0,23,78,83,25,42,0,10,0,0,0,42,87,49,95,9,0,0,30,40,105,0,78,0,107,0,0,102,0,0,66,104,28,41,0,5,56,0,36,30,76,24,1,18,1,0,0,30,78,0,62,24,7,111,0,0,16,6,0,44,55,0,0,1,0,37,54,4,43,0,95,12,0,0,80,82,46,17,0,3,38,80,0,32,29,2,78,29,0,88,79,75,2,22,0,0,106,24,56,10,100,0,0,16,6,1,78,10,0,37,28,107,7,0,0,16,57,0,60,0,11,51,13,0,0,29,104,1,0,8,0
Gene2S_103,31,33,13,5,99,14,18,34,23,19,66,39,61,20,9,52,29,53,45,14,49,31,23,48,66,53,39,25,19,53,18,23,54,9,27,32,69,40,37,6,11,100,6,21,49,90,55,32,82,66,32,84,38,11,23,50,42,34,55,35,60,20,31,44,59,67,69,3,12,74,39,26,16,5,10,22,30,39,59,18,32,62,4,24,12,60,15,32,52,105,12,96,9,98,32,9,7,44,15,102,44,30,56,22,10,31,58,31,67,10,22,41,7,24,59,57,74,25,12,39,94,75,2,40,14,17,1,85,95,50,61,46,80,47,66,5,69,66,38,21,23,43,64,66,81,27,91,32,10,57,53,30,28,29,47,28,36,19,2,116,40,51,23,94,18,57,18,2,62,67,2,9,62,88,64,49,38,42,70,100,25,26,45,16,19,71,33,18,32,36,102,43,3,69,22,120,94,111,29,111,19,37,3,29,21,128,3,14,19,32,18,25,21,7,18,75,65,11,14,48,27,51,59,50,11,5,29,46,25,10,14,36,53,40,63,36,14,36,41,3,56,16,61,13,58,141,60,86,39,55,28,4,1,23,37,1,33,76,30,6,5,55,64,17,13,37,23,62,14,34,90,19,20,22,34,48,27,26,4,30,0,16,54,5,39,23,68,58,33,4,34,35,27,30,97,8,52,35,18,44,18,34,50,44,70,36,54,18,1,19,39,18,81,88,27,32,45,77,40,35,101,99,50,12,27,48,133,27,59,50,46,17,88,66,103,34,36,127,17,34,24,21,24,17,60,71,22,53,7,29,47,76,34,25,21,44,28,97,80,73,16,28,41,44,55,6,96,84,40,46,96,42,75,27,40,12,12,31,33,37,98,22,31,3,51,32,74,72,64,47,44,28,31,24,9,39,12,92,97,32,47,10,27,88,53,101,22,13,40,28,17,8,14,18,58,106,73,69,9,11,11,2,77,101,12,58,30,124,41,40,21,68,45,41,57,6,61,25,25,11,20,93,10,8,17,23,9,139,34,80,66,47,73,29,22,18,6,19,49,23,32,6,52,54,5,0,21,8,92,11,23,38,44,69,20,31,2,17,5,81,36,34,75,5,17,78,61,38,19,23,27,27,60,18,46,5,5,84,42,133
Gene2S_104,103,5,20,74,35,54,15,47,15,85,4,28,37,4,76,22,38,34,0,14,16,4,23,27,64,28,84,0,5,126,29,34,4,16,7,0,0,12,144,4,6,70,9,0,71,45,6,68,110,28,1,35,71,18,56,2,29,67,84,22,27,16,24,21,11,91,69,17,57,0,92,44,15,127,18,186,0,62,63,10,7,0,28,3,25,0,44,116,33,11,82,3,34,39,15,5,5,122,97,92,7,33,71,92,5,4,40,51,23,110,2,56,107,68,32,112,48,1,19,72,49,1,12,12,4,84,95,3,22,29,3,62,31,111,35,32,43,76,6,84,77,79,1,27,2,5,28,4,22,2,32,3,6,74,56,7,3,12,9,48,50,44,74,0,149,1,32,8,33,34,23,93,1,27,5,0,56,68,14,171,0,18,19,92,125,32,62,52,38,0,10,63,15,8,1,106,0,41,5,0,90,27,80,56,10,71,83,27,0,18,16,1,112,33,103,29,1,2,4,63,70,0,49,18,9,44,29,93,58,52,82,20,15,71,45,1,81,13,4,5,47,25,9,7,28,104,10,5,82,1,1,69,60,9,32,105,70,0,60,31,16,52,21,36,2,72,26,1,59,8,42,108,47,35,8,6,28,17,52,65,6,11,35,2,89,91,0,12,50,9,1,0,91,56,54,65,8,40,44,65,76,51,18,42,14,35,15,1,68,135,27,11,28,32,18,38,74,60,7,156,0,49,15,74,18,46,3,4,35,20,69,177,75,76,38,9,132,0,14,25,25,43,68,71,4,16,10,14,1,25,0,13,5,5,60,3,15,2,2,33,14,104,78,123,1,1,2,35,3,24,55,35,108,5,115,5,0,0,56,11,140,45,152,24,59,2,67,26,64,0,1,42,96,137,100,14,108,14,9,21,16,3,9,25,112,17,1,44,50,46,17,96,53,83,41,16,12,0,118,47,47,56,20,11,7,34,62,3,23,26,28,35,17,27,3,13,62,1,37,38,7,19,41,99,5,0,37,82,84,0,0,0,0,24,27,35,0,3,30,48,3,24,49,44,22,90,31,60,45,42,9,0,0,12,114,39,47,6,45,2,8,103,4,112,28,19,2,15,11,8,28,31,2,10,10,12,103,6,168,39
Gene2S_105,0,37,51,0,0,56,0,0,8,0,1,0,0,0,3,34,0,39,0,55,0,1,0,0,72,65,61,10,4,44,0,0,0,55,0,1,37,0,0,16,0,13,0,4,21,0,7,0,3,12,1,6,0,0,0,0,58,0,13,0,18,1,5,0,47,0,54,0,27,0,0,4,6,49,0,0,73,27,1,2,0,31,0,22,0,3,0,0,31,0,67,4,15,0,29,36,3,24,0,0,40,0,8,0,0,0,0,18,30,5,1,0,3,0,0,0,24,59,7,84,0,0,12,24,48,0,0,47,47,0,0,0,0,0,53,48,0,54,0,2,3,0,0,0,0,0,0,32,0,0,28,0,0,22,1,0,0,0,0,10,0,34,0,0,57,0,0,0,0,0,0,32,19,0,0,0,0,0,0,3,52,0,5,0,32,54,76,7,52,0,0,0,0,0,40,0,0,0,0,5,0,12,29,0,1,36,18,0,34,0,61,0,0,0,24,0,54,56,0,0,0,0,0,0,0,0,5,74,16,0,62,0,0,0,0,0,64,6,37,28,0,59,0,0,0,0,1,0,43,0,0,39,40,0,0,13,31,3,0,0,68,27,0,0,0,0,0,0,25,0,0,28,70,10,0,34,0,0,3,0,44,0,55,0,33,0,0,2,72,70,42,0,62,42,0,0,61,0,0,2,0,0,0,0,0,5,53,0,0,0,0,69,0,0,6,0,0,7,0,0,0,0,1,0,19,0,6,0,6,0,17,71,38,43,0,2,0,17,0,0,0,0,0,6,1,0,0,0,0,0,0,0,0,0,0,0,21,0,0,9,0,66,2,0,0,54,5,1,0,0,0,0,0,0,42,0,0,50,0,0,6,31,0,0,30,1,44,0,0,9,0,0,51,39,0,0,0,42,0,1,0,0,1,6,65,3,69,32,5,0,24,0,4,0,0,0,0,17,0,5,9,43,2,4,67,0,0,0,0,30,0,1,58,0,0,0,0,0,3,52,3,3,2,8,1,45,0,0,0,0,8,44,0,16,0,0,57,0,0,0,0,64,0,18,0,0,0,0,58,0,0,2,15,0,0,3,0,18,0,0,24,0,0,0,0,22,69,45,0,65,8,0,3,0,0,0,3,5,0,25
Gene2S_106,90,107,81,9,35,105,36,55,5,42,37,1,4,1,7,2,49,0,74,100,14,0,97,39,0,98,11,12,80,7,7,0,9,12,5,23,107,1,65,2,0,0,71,115,1,15,104,90,11,31,59,74,69,72,23,66,4,1,64,1,55,71,6,36,24,99,0,58,13,65,81,9,43,6,84,16,41,99,0,0,1,8,72,24,48,0,0,74,51,6,0,0,71,25,74,107,29,10,19,54,7,24,18,7,0,29,24,19,22,16,3,75,44,9,10,0,4,94,1,0,43,104,0,41,18,39,34,72,1,25,4,70,90,4,91,29,0,0,33,89,106,15,9,11,19,0,112,85,91,49,17,5,28,53,12,9,19,0,133,27,80,30,11,65,7,29,0,48,66,32,70,79,86,67,50,55,7,0,5,0,99,96,7,30,3,0,11,0,47,60,9,23,0,85,89,79,82,0,115,99,53,116,40,66,0,0,11,62,84,0,1,56,3,107,58,62,36,33,2,35,0,71,0,108,0,5,0,57,3,41,11,0,23,133,34,5,31,53,0,5,93,70,128,68,25,67,17,137,26,0,1,69,96,72,91,0,69,8,26,23,92,2,7,7,32,111,0,32,55,75,81,0,86,6,58,0,22,4,11,0,106,37,80,0,57,1,0,104,0,99,21,68,8,43,40,31,19,64,0,2,59,80,78,24,60,22,20,118,3,125,10,103,0,2,57,2,135,14,0,19,5,121,0,68,0,79,84,39,32,21,5,108,0,68,7,10,123,23,51,3,14,43,0,25,65,55,59,22,1,30,73,1,1,66,0,94,34,13,32,85,16,20,15,100,19,32,107,24,27,60,58,67,32,0,78,0,65,1,15,54,46,0,9,80,65,2,31,9,6,5,0,3,62,14,90,48,2,23,84,1,59,27,10,76,85,8,13,11,117,38,7,21,107,0,3,0,21,56,135,4,107,64,108,35,29,112,46,51,87,8,88,0,31,2,20,9,0,51,6,7,10,5,0,96,134,66,0,40,80,33,46,24,11,22,0,109,51,2,15,17,24,104,19,22,50,36,0,44,65,0,0,4,71,13,74,47,114,22,40,57,0,22,3,119,50,89,113,123,55,22,81,1,15,0,0,50,88,0,50,19
Gene2S_107,70,0,0,0,70,13,0,0,0,0,0,0,0,0,38,0,0,0,0,3,0,0,0,0,0,0,0,0,0,144,8,0,0,0,30,92,0,0,5,0,0,0,0,5,0,0,0,0,0,0,158,42,0,0,11,0,0,1,0,0,30,0,0,0,105,0,0,1,0,0,18,0,2,0,0,0,0,0,0,0,0,1,0,0,50,0,0,0,0,0,48,0,0,0,19,0,1,0,0,0,0,0,0,0,0,0,0,6,0,0,0,0,1,0,0,1,32,0,0,0,0,30,152,0,0,0,0,0,1,0,7,14,0,0,0,0,0,0,6,0,0,0,8,1,0,0,0,0,15,8,118,0,0,0,0,0,42,0,0,0,0,0,101,0,0,0,0,4,0,0,0,0,0,0,0,3,8,0,70,0,0,0,0,1,0,0,0,0,0,0,39,0,0,0,0,1,0,0,0,0,28,3,1,0,0,0,0,0,3,0,0,0,0,0,0,0,0,6,26,1,38,41,0,0,19,84,0,0,0,0,3,0,0,0,0,0,0,26,0,22,0,7,4,3,0,8,0,20,0,0,0,136,0,0,0,0,0,0,66,0,0,0,14,0,0,0,0,33,0,0,0,0,0,0,0,0,0,0,4,0,97,23,0,83,0,0,0,0,0,0,0,0,0,5,0,3,0,144,9,0,0,15,0,0,0,0,0,0,0,9,1,0,0,0,0,0,0,5,36,0,0,0,0,0,21,0,0,0,0,0,1,1,1,0,21,0,0,0,0,0,0,0,6,0,0,140,0,0,0,0,0,0,42,0,0,0,1,1,0,0,21,0,22,0,16,29,0,0,0,0,0,0,0,34,0,9,0,0,0,0,0,63,0,1,0,0,0,15,0,7,70,0,0,0,0,0,0,0,0,9,0,73,122,0,0,61,0,0,49,48,0,0,0,0,37,0,0,0,0,0,0,45,0,0,1,0,0,0,28,0,4,14,0,0,0,41,0,0,0,0,0,0,5,0,0,0,18,0,0,0,0,6,0,86,2,0,0,32,0,11,0,0,0,0,0,0,144,0,0,0,0,0,0,0,0,0,109,5,0,0,0,6,19,1,0,7,1,0,0,117,3,0,0,0,0,0,20,44,2,0
Gene2S_108,0,3,81,27,4,0,13,0,259,116,239,198,0,117,59,86,55,73,13,17,59,0,156,89,0,4,197,1,151,257,296,38,0,112,1,235,0,147,44,20,28,3,97,75,6,2,230,10,102,4,83,24,23,77,8,2,24,0,105,0,2,21,1,233,66,15,0,5,11,17,202,126,254,13,47,118,195,8,45,5,38,110,0,143,44,175,37,6,106,175,93,4,0,0,1,138,99,139,0,1,142,6,207,0,34,25,13,52,65,0,9,195,159,0,92,27,43,0,23,256,16,40,11,2,0,0,25,6,98,66,0,12,185,63,82,44,0,10,292,4,220,222,98,248,1,9,197,147,1,1,159,24,13,82,0,0,0,155,82,264,0,85,0,1,33,19,29,140,196,7,25,45,239,76,107,56,146,275,6,1,0,0,246,22,0,76,57,7,0,156,52,0,114,39,0,0,3,20,213,169,201,34,2,41,74,104,160,3,26,16,164,75,26,106,207,16,0,5,33,32,135,0,63,6,254,12,1,206,0,1,30,2,11,1,4,15,0,134,198,0,109,98,25,121,27,81,153,158,200,0,16,182,86,110,126,0,146,0,175,1,78,179,53,24,210,0,193,29,0,208,4,74,13,83,73,15,27,0,205,20,110,6,179,3,8,197,0,187,70,8,200,242,21,0,116,29,0,167,19,243,16,191,4,255,1,108,0,20,70,85,175,23,146,2,0,155,85,0,15,0,17,235,253,37,138,23,0,176,201,112,120,30,246,28,0,0,0,254,124,213,228,136,34,55,11,0,103,10,14,19,9,69,1,25,22,87,227,221,125,237,0,195,129,0,101,0,8,0,60,43,78,27,249,0,1,187,26,165,243,0,0,0,231,49,95,31,164,0,254,234,1,200,0,0,115,3,0,253,0,67,104,261,87,70,99,0,12,261,32,260,190,187,69,16,7,2,2,122,51,0,0,32,13,8,45,181,9,183,22,0,36,37,143,126,29,106,213,1,11,0,0,4,57,136,57,0,168,0,193,160,11,266,5,173,262,13,117,240,24,153,112,264,1,62,216,2,254,20,86,0,53,138,53,24,62,174,14,0,3,5,110,64,134,13,0,64,0,50,10,35,183,0,14,65,0,273,0,136,163,0
Gene2S_109,61,82,11,220,74,23,27,90,83,12,102,43,108,33,168,18,55,36,76,14,0,123,49,17,90,84,25,12,18,0,218,52,23,177,9,21,15,12,114,96,7,10,114,78,13,14,80,4,23,17,178,144,115,164,0,0,67,22,50,34,99,120,101,45,55,14,100,29,74,55,146,20,85,51,206,7,7,66,61,30,5,155,26,196,28,37,59,29,146,128,1,87,130,68,15,199,185,125,34,67,181,26,52,99,73,146,32,51,4,103,0,58,74,59,35,81,0,84,174,140,78,110,14,89,14,73,40,179,209,9,131,80,80,151,35,240,0,97,56,22,189,183,128,17,59,22,206,21,39,10,230,43,176,26,50,87,40,139,133,157,38,1,17,127,185,152,15,179,110,30,89,111,60,27,104,82,55,62,157,137,164,0,167,118,95,158,40,53,156,7,82,198,36,39,128,0,40,76,9,169,36,99,40,21,116,70,125,196,163,118,111,71,10,146,6,22,206,45,25,118,32,110,100,205,122,83,204,19,209,149,12,3,123,0,151,60,97,6,145,98,148,71,99,49,1,71,81,3,63,19,76,61,160,66,20,10,54,136,12,205,144,20,2,180,152,82,0,175,116,61,20,42,21,13,52,59,53,5,133,50,188,2,95,93,2,31,178,15,105,33,4,144,27,47,0,192,106,82,5,137,155,18,158,104,26,28,12,80,5,37,134,20,7,11,21,57,137,1,193,185,187,223,89,8,10,2,120,0,138,127,47,63,114,207,51,120,10,17,64,207,164,213,29,122,5,4,190,3,2,48,112,0,81,146,30,31,80,198,99,37,15,31,43,71,7,18,0,63,138,209,105,168,49,1,14,5,0,6,97,164,26,112,104,13,48,90,152,5,205,189,98,56,135,70,210,2,10,83,89,110,109,12,218,78,176,56,53,0,9,214,23,129,237,133,1,7,3,13,179,4,81,12,138,65,0,66,34,58,218,33,98,0,89,130,2,116,36,18,5,0,76,48,129,145,3,9,7,198,0,18,2,0,168,9,14,0,70,39,0,90,16,2,6,51,32,23,44,151,204,1,21,141,5,2,204,15,10,4,104,92,2,5,53,3,0,73,0,30,118,54,173,160,26,153,6,63,38,4,56,102
Gene2S_110,23,0,0,28,0,0,29,0,34,34,0,0,0,34,0,0,0,25,0,28,0,31,0,0,26,10,0,9,35,1,35,16,0,0,2,0,43,24,36,38,0,41,38,0,0,0,29,0,5,0,0,0,0,0,0,29,11,0,0,0,25,4,33,18,29,23,24,29,0,1,29,36,11,0,19,1,9,33,0,0,41,0,4,0,37,48,0,3,12,0,11,20,31,0,0,15,0,0,0,2,30,0,4,17,0,28,0,0,2,33,25,12,0,21,0,29,0,0,10,0,2,38,23,0,0,29,0,0,0,20,38,0,23,0,38,0,0,15,32,0,0,0,0,0,0,0,0,16,36,35,0,0,0,32,0,38,3,0,0,0,0,1,0,28,40,0,0,0,35,0,0,0,0,3,19,28,0,0,0,25,10,0,5,33,14,0,0,0,39,18,16,46,6,2,0,0,1,6,0,34,0,0,0,29,1,22,0,25,22,33,26,0,48,0,36,0,4,27,39,0,31,0,30,7,8,0,1,18,0,29,1,0,0,0,0,39,0,0,2,32,6,0,0,33,0,0,0,26,18,40,0,1,0,36,0,0,0,45,21,2,0,16,16,37,0,0,0,28,0,0,36,38,0,0,30,29,4,0,0,0,12,13,0,0,0,43,37,8,34,0,0,0,29,0,0,0,0,26,0,0,0,5,2,0,15,26,18,0,0,27,28,29,0,27,29,40,30,0,6,22,0,33,0,0,0,45,1,0,31,0,7,34,6,20,0,0,2,25,6,0,22,25,0,0,0,0,27,0,33,0,0,0,5,0,0,34,33,32,0,19,0,31,0,0,32,0,0,37,0,11,29,1,30,0,0,0,21,36,0,1,39,0,0,0,0,31,38,37,27,0,8,40,23,0,5,13,18,0,32,40,26,38,24,0,32,0,0,35,38,0,0,0,1,38,24,30,0,0,35,0,0,0,7,37,26,8,35,0,28,39,0,30,0,30,27,0,16,0,39,33,4,0,0,29,0,0,34,14,29,35,0,39,0,30,27,11,0,0,0,0,22,37,0,0,8,1,0,4,42,0,9,0,7,31,16,0,0,12,0,0,36,31,0,0,7,41,5,32,1,0,0,0,5,39,29,11,0,27,34,5
Gene2S_111,1,73,0,0,0,0,20,0,53,2,23,117,108,0,0,104,0,21,0,0,25,116,0,5,42,3,2,20,8,1,0,0,0,0,104,0,0,0,3,16,0,0,1,12,0,78,0,2,34,15,0,0,0,126,66,0,57,0,1,9,0,0,0,0,1,41,0,77,0,14,24,0,4,24,0,23,0,8,34,0,0,0,0,0,0,16,7,1,23,0,0,1,40,8,0,0,0,2,20,0,3,0,0,68,0,9,0,59,0,48,0,2,134,66,20,24,57,0,2,0,0,0,0,34,0,8,0,0,0,0,0,0,89,89,5,0,0,64,81,74,30,0,109,51,0,0,0,6,0,91,18,1,67,75,0,24,8,83,0,61,0,0,136,19,2,0,10,0,0,0,10,138,6,9,100,26,2,0,6,0,21,0,0,0,75,0,0,0,20,0,0,3,13,4,63,1,0,16,22,0,2,22,26,25,52,0,0,0,129,0,0,0,82,0,1,0,1,62,0,0,0,0,0,107,0,2,17,15,13,0,17,18,38,56,0,28,0,0,0,0,16,23,16,0,55,0,0,0,8,90,0,42,0,42,0,0,62,0,9,41,47,10,0,0,0,18,8,67,1,0,1,52,23,54,0,0,39,78,23,0,0,87,0,2,0,5,0,0,0,133,0,0,43,21,0,0,81,0,1,0,17,0,0,5,1,0,3,0,0,98,5,34,0,130,15,5,3,26,26,0,0,22,0,14,0,0,81,0,1,1,0,17,16,111,9,0,0,1,100,94,5,3,0,0,7,0,0,7,0,0,18,15,18,90,0,3,0,29,3,0,0,21,0,26,19,9,2,0,8,0,0,0,0,28,70,19,0,73,0,0,0,75,114,0,4,16,0,1,23,0,6,2,1,0,40,0,1,8,0,2,39,2,0,0,0,0,0,84,49,24,10,0,0,135,66,0,0,4,0,0,59,5,1,0,85,4,20,29,109,68,52,118,0,0,4,0,0,58,0,1,0,0,9,0,0,0,0,89,0,34,0,57,0,77,21,7,0,105,2,13,7,0,1,0,1,111,0,0,22,0,18,101,0,51,2,0,0,2,14,38,18,0,0,0,0,0,6,0,0,97,0,1,9,0,0,0,4,46,92,0
Gene2S_112,22,1,3,0,15,0,12,7,0,0,54,1,31,0,4,0,0,40,10,3,0,0,3,8,0,7,6,0,0,2,0,1,0,14,67,12,0,8,2,0,0,0,38,0,0,1,5,13,0,0,0,32,0,0,0,0,17,3,33,0,8,0,0,0,0,0,0,25,1,16,0,14,0,0,2,23,0,0,56,0,0,11,10,0,0,0,12,0,0,10,9,60,50,21,1,16,15,6,31,0,1,7,0,0,74,0,3,8,1,1,49,26,0,18,8,0,12,0,14,0,7,9,5,1,0,0,0,5,0,0,0,15,3,0,0,0,3,2,9,31,5,0,0,0,13,0,1,17,71,10,8,0,0,26,9,0,7,21,10,0,18,1,0,3,3,13,0,0,0,1,1,45,0,9,0,0,0,65,1,6,16,11,0,61,0,92,0,3,1,2,4,0,6,0,0,32,11,37,0,2,0,8,0,1,0,0,25,0,0,0,11,0,0,9,0,3,4,2,0,0,11,0,0,71,0,0,0,23,0,0,31,0,0,0,48,0,0,27,0,20,0,25,1,0,36,0,0,0,0,5,0,4,0,9,0,1,24,0,2,0,0,0,30,0,10,6,0,1,42,0,0,1,0,0,0,0,0,49,0,1,0,0,4,0,2,16,0,1,0,0,67,0,0,0,11,2,0,0,20,27,0,53,0,0,24,66,0,64,26,0,0,2,7,0,0,1,22,2,0,11,0,0,7,1,22,4,22,7,0,0,0,0,3,63,0,0,0,2,0,62,0,0,48,0,8,37,0,0,10,0,0,70,8,2,0,33,9,0,12,0,0,2,0,0,0,46,24,34,0,39,0,43,16,0,9,6,0,0,0,0,0,0,0,0,0,0,0,0,4,0,0,12,2,0,0,4,1,1,0,0,0,0,50,0,0,0,19,0,1,1,0,11,0,48,19,41,0,12,0,0,0,0,0,12,26,0,22,11,0,0,4,0,0,0,11,1,0,6,11,0,2,0,3,0,1,1,0,0,52,0,0,1,0,12,8,0,0,16,0,7,0,28,2,0,44,0,2,0,0,28,0,25,0,0,0,0,1,0,0,0,4,17,13,0,1,0,17,0,0,0,1,9,0,59,8,6,0,15,0,0
Gene2S_113,87,2,3,0,42,0,0,42,29,0,53,16,0,0,43,0,0,58,3,7,0,3,0,42,1,1,0,107,0,0,2,1,25,1,1,12,0,0,0,0,83,15,0,90,0,0,2,36,3,0,11,25,15,0,16,4,0,0,9,23,2,38,0,2,21,17,52,0,0,0,0,2,11,4,10,17,35,15,0,4,0,0,0,6,0,16,0,0,1,0,36,1,0,87,1,13,0,7,0,117,11,48,39,35,15,130,0,0,0,109,1,37,13,57,0,7,4,14,0,9,3,7,0,40,0,0,0,0,0,53,9,0,0,0,0,68,18,0,0,0,5,0,4,34,0,54,0,9,0,0,18,7,0,3,0,28,19,10,0,0,0,0,0,126,103,0,22,0,0,3,7,22,0,3,33,2,130,4,27,43,0,43,7,0,84,4,0,4,0,40,0,5,0,87,0,60,19,29,4,35,39,15,2,8,0,0,0,0,0,41,0,0,19,0,14,11,1,35,0,25,99,0,8,101,0,2,0,53,4,17,0,0,30,0,0,7,2,0,0,22,0,0,4,31,0,51,9,0,4,3,15,4,0,44,0,55,7,13,1,1,3,3,19,23,0,0,1,2,3,0,0,23,6,0,0,3,3,31,114,12,0,61,64,2,8,0,22,0,1,33,0,1,42,3,17,0,6,0,0,0,13,0,4,0,0,5,1,54,6,8,1,5,0,6,53,22,5,18,0,30,24,7,5,3,111,85,10,21,2,0,10,0,30,0,49,1,0,11,0,0,0,49,0,2,0,1,0,15,26,4,10,0,7,0,7,1,15,61,0,0,0,17,0,0,24,42,5,0,30,29,31,10,0,1,7,0,2,3,3,0,7,0,25,0,0,15,0,0,5,3,41,15,0,19,2,0,15,29,1,23,5,27,1,24,41,8,9,0,0,0,0,1,0,17,4,10,6,0,0,90,43,3,0,0,78,0,14,2,52,0,0,14,0,1,30,10,1,8,0,0,11,12,8,100,9,0,8,27,0,16,6,10,7,33,17,27,40,1,2,9,0,2,0,0,71,2,0,10,35,10,23,0,14,0,0,2,18,0,10,4,52,3,92,43,66,7,0,17,15,7,14,23,5,51,5,2,9,7,20,26
Gene2S_114,169,58,1,9,0,16,25,12,75,0,125,130,217,86,0,62,155,2,0,8,0,123,0,118,6,28,148,0,0,0,6,0,2,3,84,1,0,4,37,0,0,29,29,124,17,35,9,99,0,29,0,0,0,22,98,89,6,86,41,174,26,1,64,94,5,0,18,6,9,0,104,6,42,34,0,9,41,137,9,124,0,0,248,29,2,8,31,64,35,87,2,9,17,36,65,71,91,29,0,2,30,27,9,27,54,4,2,3,4,4,20,232,0,70,42,7,21,11,204,0,30,15,0,75,16,27,49,133,3,236,159,0,8,10,0,21,0,0,40,23,0,0,148,7,2,0,50,14,15,1,12,11,27,0,0,141,0,0,2,14,6,43,0,3,35,47,24,15,7,110,39,12,9,0,63,162,2,14,0,2,34,4,9,124,63,76,62,2,91,69,101,53,125,20,126,27,65,5,85,39,0,67,71,9,69,4,15,0,1,116,28,241,7,3,17,93,0,70,54,98,115,43,0,17,85,58,3,1,0,0,0,40,0,11,84,0,188,25,15,24,144,1,63,22,7,27,23,48,31,0,0,125,11,33,0,43,34,151,22,14,33,5,90,118,2,59,25,75,34,68,9,0,55,35,86,0,6,47,0,8,65,50,145,0,191,150,58,5,7,4,11,113,153,15,95,1,0,130,68,5,0,89,36,1,8,1,15,27,48,0,0,106,148,0,23,5,0,23,1,0,20,110,0,66,0,9,117,6,162,4,6,48,30,0,30,139,48,0,118,19,8,3,79,32,31,1,24,80,0,31,15,64,1,148,2,20,73,99,19,0,136,84,0,1,31,67,39,86,19,5,27,55,64,24,0,73,3,85,95,9,55,129,15,15,10,169,79,53,0,0,200,0,9,16,30,157,13,0,7,14,90,85,27,0,1,43,55,5,63,2,12,41,52,165,42,34,0,55,0,0,37,0,85,2,3,10,85,14,4,61,14,160,12,165,7,0,0,6,0,4,85,80,4,45,43,9,67,0,6,5,0,3,0,2,94,0,57,12,67,49,111,106,4,67,7,8,4,4,5,42,6,0,6,0,93,14,0,3,2,14,2,19,21,14,14,9,4,0,0,20,35,37,7,10,28,6,13,205,107,15
Gene2S_115,0,0,0,38,36,0,0,151,12,172,236,0,0,2,0,0,0,16,22,107,0,0,236,216,280,0,155,0,270,79,0,42,0,0,208,12,209,187,19,93,0,44,283,0,7,0,0,215,9,59,0,33,118,174,0,226,83,301,0,66,0,41,11,6,0,0,0,0,110,237,0,2,264,0,0,283,90,62,121,0,0,2,294,0,0,6,0,15,75,0,203,300,0,0,0,40,0,158,0,0,0,0,0,0,0,0,261,14,0,298,251,2,137,134,0,33,0,24,0,0,0,275,48,0,3,265,0,123,83,18,0,9,42,14,0,0,287,0,225,2,0,84,0,67,116,12,0,0,0,314,0,0,22,110,0,273,3,0,0,2,0,0,0,224,0,0,0,46,0,0,0,0,0,19,1,200,134,0,105,18,0,0,28,96,17,85,32,0,1,5,22,12,3,0,0,0,0,0,0,0,38,1,0,294,0,57,1,4,0,0,0,0,1,9,261,0,0,0,0,178,23,20,0,182,24,0,10,0,21,33,3,0,0,5,156,176,18,324,8,289,0,17,0,10,0,0,279,49,0,43,49,251,0,52,0,45,55,44,88,2,0,10,0,3,0,302,0,0,0,0,0,291,0,136,0,270,305,0,0,0,8,12,6,98,0,0,0,0,0,9,0,12,0,0,79,203,29,2,7,0,0,238,6,0,8,126,15,0,4,0,62,0,0,18,0,0,260,0,118,0,3,0,218,284,0,24,4,0,5,11,293,0,3,266,201,0,0,46,86,18,312,8,1,27,35,262,18,0,22,177,0,169,7,210,0,236,3,0,93,4,0,282,268,0,0,0,0,0,0,0,3,129,0,0,0,18,0,2,3,0,0,30,0,10,0,5,0,0,2,59,99,1,0,0,0,21,0,0,3,0,0,0,0,0,0,0,0,2,110,0,0,202,49,0,0,0,0,154,10,186,0,0,189,275,0,0,295,221,0,308,7,0,0,0,37,36,58,0,8,44,0,3,1,0,88,112,0,0,0,0,1,213,0,0,3,0,96,0,270,0,197,13,50,0,0,220,0,26,0,0,0,207,0,0,2,0,0,0,47,147,116,0,0,7,0,241,10,0,230,113,0,0,213,0,0,0,0,201,23,0
Gene2S_116,192,11,118,3,3,141,0,121,73,21,162,179,150,61,193,4,206,26,92,168,160,168,196,11,16,0,95,0,141,151,21,20,15,2,115,1,0,70,0,2,130,190,171,30,14,1,0,156,191,74,99,46,141,118,49,0,41,166,159,5,161,176,76,181,0,140,0,1,191,172,32,0,212,167,1,1,1,98,9,4,0,158,196,91,10,0,158,40,0,180,111,7,54,208,0,67,187,6,145,38,1,172,0,0,101,8,201,54,204,17,126,164,145,0,8,0,24,5,72,3,199,24,72,11,0,18,104,170,148,0,7,203,25,210,88,106,100,4,2,87,27,21,199,0,101,166,179,56,17,193,177,176,191,76,196,186,28,192,211,186,30,96,26,0,165,4,195,207,94,105,70,204,220,171,230,135,204,141,0,0,239,94,0,6,25,182,19,12,0,23,1,112,34,139,0,90,8,4,7,64,223,195,152,66,160,97,0,21,0,8,31,154,7,48,84,97,50,102,213,1,65,13,1,1,0,0,164,2,76,0,76,77,78,206,0,78,84,0,122,0,198,11,41,8,0,113,131,61,0,19,56,0,183,198,202,0,35,151,116,0,210,217,196,151,0,16,54,219,35,63,195,6,127,168,32,73,190,6,79,1,1,197,0,188,60,192,0,187,171,10,201,128,185,31,151,16,1,0,209,41,1,21,55,0,3,0,2,165,91,91,105,0,211,175,218,124,3,216,145,137,15,0,205,43,45,0,178,4,115,25,189,213,0,0,42,54,25,102,161,45,1,13,172,131,47,0,125,2,189,0,4,0,0,0,73,126,4,200,211,146,1,212,16,10,172,126,0,0,32,167,0,131,167,5,36,161,103,135,3,196,157,26,49,158,216,14,0,172,17,17,13,96,31,0,164,74,127,48,0,197,193,0,164,20,103,119,3,11,2,98,4,3,78,108,155,0,162,201,76,13,15,0,2,199,127,6,3,0,206,2,40,157,0,62,1,0,117,206,179,31,200,177,17,0,89,5,0,85,2,207,0,182,0,77,179,94,169,17,114,90,195,115,8,202,205,64,74,3,118,0,88,132,0,211,156,207,71,0,0,0,170,0,178,187,54,115,42,0,2,57,9,0,195,8,18,0,60,2,0,119
Gene2S_117,0,71,5,4,21,0,0,56,0,20,0,50,1,1,85,0,38,75,50,0,0,22,71,0,0,0,0,17,0,39,4,0,0,10,0,0,0,0,0,0,7,69,70,75,1,18,0,36,7,82,59,0,0,75,0,2,21,16,62,0,0,69,18,0,60,18,0,0,0,0,0,6,55,9,66,0,68,0,55,55,0,11,0,0,1,73,0,0,30,31,16,0,66,54,0,65,0,0,29,70,23,0,46,0,0,49,0,1,0,60,41,0,0,65,55,0,71,72,0,0,24,57,38,1,0,0,0,0,0,0,0,21,0,76,62,0,0,10,0,0,56,0,59,0,0,47,0,13,63,0,65,0,0,0,0,34,0,10,20,6,0,0,0,5,0,0,61,0,69,0,32,52,62,0,77,74,76,0,59,1,0,5,51,34,0,52,0,0,67,0,0,0,0,0,0,0,0,0,56,47,0,60,2,7,0,0,0,61,0,0,0,0,44,75,7,0,55,0,5,3,0,70,57,76,0,3,75,0,0,36,0,68,53,0,0,0,0,0,67,0,0,0,0,0,12,0,0,0,0,74,29,24,0,0,61,1,12,0,0,0,13,0,56,61,0,1,72,37,88,0,0,47,0,72,0,57,59,59,84,50,28,0,0,69,0,60,3,89,54,0,66,78,72,59,1,5,19,0,0,0,76,8,0,0,67,0,0,0,0,0,75,41,0,2,74,0,9,73,0,55,0,56,0,55,2,0,19,5,0,1,71,17,0,17,61,44,0,1,0,63,0,0,51,0,76,0,21,13,0,0,0,0,0,0,63,0,52,0,0,69,0,0,67,0,0,0,69,55,5,67,0,0,0,5,0,36,70,0,37,0,0,0,71,4,68,0,0,0,0,69,68,9,0,0,0,64,0,0,39,0,0,2,72,64,0,0,38,0,90,0,53,78,0,60,28,0,0,67,2,68,4,2,55,0,45,0,1,1,0,0,65,64,0,0,45,58,68,74,2,0,21,60,64,0,0,41,67,63,19,0,70,64,65,0,0,52,27,68,0,74,59,0,7,3,17,0,65,0,70,0,59,9,74,0,60,0,74,0,13,0,0,63,60,0,0,75,0,0,61,14,0,0,79,61,0,61,0,4,19,0
Gene2S_118,0,0,32,0,0,40,34,9,0,0,27,0,0,0,0,0,0,52,0,0,35,0,0,32,0,0,27,0,17,34,40,0,3,3,3,0,3,0,8,0,0,14,0,39,0,32,43,12,18,36,0,5,0,0,27,0,46,45,0,0,0,13,0,0,0,30,0,0,19,35,20,53,21,0,31,0,0,0,10,0,45,0,46,1,33,0,0,0,30,0,0,39,0,19,0,1,0,33,44,0,28,0,0,0,30,1,15,49,18,45,6,0,0,0,37,0,0,39,0,21,46,0,0,32,0,0,1,30,0,37,8,37,0,0,39,0,0,32,42,0,0,0,1,36,0,17,0,24,11,30,41,0,29,0,0,0,0,35,0,0,28,33,3,0,0,7,25,0,0,0,3,39,7,40,0,0,2,0,16,0,0,42,39,13,0,38,0,0,0,9,0,32,0,23,39,0,0,35,0,0,18,0,0,0,0,0,14,0,1,27,0,31,11,38,0,35,4,0,9,5,0,47,0,47,42,0,34,31,0,29,0,1,47,0,31,17,42,7,8,35,0,33,31,50,9,0,0,1,0,32,2,11,0,0,37,0,51,0,40,0,0,0,0,49,0,36,19,46,29,0,36,7,0,0,6,1,0,0,48,0,0,40,36,0,0,15,0,0,1,0,0,3,0,0,0,34,0,0,0,1,0,21,0,39,0,33,0,17,0,52,0,40,0,0,17,28,0,33,0,0,5,0,0,5,0,3,26,1,3,0,40,19,25,0,0,0,26,0,2,0,0,0,30,38,1,0,0,43,0,37,0,35,45,0,28,0,0,41,0,38,38,28,0,0,13,0,0,0,53,40,0,0,0,25,23,50,27,0,0,37,0,0,4,0,37,0,20,0,0,0,0,41,0,36,0,24,0,0,34,0,34,16,0,40,44,18,0,0,0,44,0,0,0,7,0,39,29,20,0,7,14,0,0,17,0,0,18,0,33,0,0,0,15,39,27,0,0,41,1,0,0,0,0,0,0,0,0,39,40,0,28,0,0,0,35,0,0,0,24,46,0,0,0,39,0,57,39,0,0,29,29,0,26,8,0,42,0,0,0,29,11,0,0,0,0,0,0,40,32,8,0,0,37,40,0,0,0,0,40,32
Gene2S_119,4,15,0,0,19,22,68,0,7,62,0,0,0,0,0,24,1,0,14,6,70,0,0,0,30,0,2,78,0,0,3,0,2,0,20,42,12,0,103,0,0,8,6,0,3,0,80,2,89,0,31,0,0,0,62,0,0,0,49,82,96,0,0,91,0,0,0,0,0,55,0,8,64,43,0,0,0,0,78,0,0,0,59,0,3,89,0,0,0,0,0,17,41,29,2,0,0,0,0,0,23,35,0,0,0,62,0,9,0,0,13,0,0,0,83,85,0,79,0,0,0,28,0,69,67,50,0,2,0,5,0,0,0,0,0,0,50,0,0,36,0,0,2,0,3,0,0,0,0,0,76,2,0,44,54,0,0,0,0,0,0,1,0,4,62,0,0,0,0,2,0,81,27,1,0,71,0,29,0,0,65,0,2,4,2,0,52,28,0,0,30,0,0,0,0,0,0,50,2,0,0,53,67,0,0,64,17,38,42,0,1,40,0,75,84,0,0,33,0,25,55,0,11,17,76,1,13,0,18,0,0,0,65,0,47,19,0,7,13,0,0,0,0,0,0,79,1,93,0,24,0,0,0,9,0,0,0,4,62,0,33,27,0,69,69,12,0,0,35,0,4,2,0,0,0,0,0,0,36,58,0,0,0,0,8,1,0,75,0,2,14,0,1,26,47,3,66,1,0,0,0,49,12,0,20,0,38,23,0,12,75,69,0,0,38,0,0,4,70,2,0,0,0,45,0,43,4,0,0,0,42,75,2,48,72,63,0,0,0,0,0,50,0,53,0,49,88,0,76,0,0,0,0,0,52,0,0,8,0,0,0,0,0,85,0,0,66,39,0,0,74,10,74,34,0,0,0,0,0,0,0,0,0,67,0,0,59,5,3,0,0,0,9,83,0,66,45,0,27,57,53,0,44,0,0,0,0,73,0,0,0,71,0,0,46,51,0,31,9,0,9,0,0,0,0,0,0,0,0,0,30,0,51,75,65,0,40,14,44,0,0,9,59,0,0,15,0,0,0,0,0,50,6,0,0,0,0,53,0,92,0,0,0,0,1,0,0,0,39,22,85,0,0,77,0,0,25,0,59,91,0,77,25,31,0,72,57,0,69,0,3,0,76,0,0,70,1,0,0,84
Gene2S_120,0,0,0,132,0,5,0,0,0,0,0,0,0,0,120,0,156,0,160,44,0,7,5,172,3,0,89,0,0,43,0,133,0,24,14,0,141,0,168,108,88,170,0,0,0,0,6,0,0,10,0,122,132,0,0,0,0,0,0,1,138,1,151,0,0,0,176,1,0,149,0,0,0,0,23,150,136,110,10,0,136,167,154,165,153,155,0,0,151,144,92,0,0,105,0,155,0,0,0,0,157,0,155,0,0,1,0,0,0,0,145,0,0,1,199,0,19,0,154,0,0,0,0,168,0,129,153,0,16,0,0,0,0,0,0,143,148,0,0,155,3,1,0,1,71,171,0,152,0,0,0,9,0,0,5,53,138,145,0,66,0,0,150,48,5,0,0,0,158,2,145,151,0,0,0,70,0,0,81,134,8,21,0,0,147,0,3,0,56,0,0,103,160,9,158,0,0,0,1,0,141,0,0,0,156,0,77,126,161,0,111,151,158,33,132,160,0,1,0,0,115,66,55,0,0,1,54,0,144,50,130,94,10,0,0,0,142,0,0,68,156,146,97,71,0,166,0,19,9,0,0,0,100,143,0,146,172,0,0,111,0,0,154,0,0,2,131,0,153,0,0,0,135,55,0,37,0,72,0,146,69,0,0,10,105,0,166,0,64,0,94,0,7,0,32,25,12,0,0,82,0,0,0,0,0,0,155,0,0,7,9,0,0,0,166,0,152,170,1,98,0,0,0,0,0,2,0,0,0,30,16,81,0,74,150,0,0,0,4,140,0,0,153,102,33,0,0,136,140,0,146,0,0,0,0,0,71,151,0,0,138,0,0,0,130,139,6,145,0,130,0,38,0,0,0,0,0,143,2,0,94,25,119,0,0,9,0,159,0,0,0,0,3,0,146,0,0,0,61,162,1,0,0,115,87,0,94,0,87,0,126,0,0,0,0,0,0,0,0,0,0,137,0,146,0,0,128,159,0,134,155,159,0,125,155,30,155,0,0,124,0,0,164,0,0,126,0,0,0,0,0,0,8,78,0,151,0,7,0,140,0,142,0,0,151,143,152,0,0,153,0,0,0,156,3,0,0,0,156,0,0,0,2,0,74,59,6,2,70,0,145,161,0,0,0,0,152,129,0,56
Gene2S_121,148,129,0,0,18,0,1,24,1,0,125,0,4,0,61,96,99,42,0,0,7,18,0,0,33,0,5,0,108,0,146,68,0,4,30,0,172,0,0,0,14,153,146,6,0,142,0,0,164,21,32,66,13,0,171,0,2,0,0,0,45,4,0,0,0,1,72,14,0,21,0,0,0,0,64,0,0,0,33,13,6,0,135,79,112,99,0,1,2,0,68,12,9,0,0,139,1,0,29,144,0,0,53,4,19,2,97,81,0,39,0,0,0,0,0,0,0,24,147,11,0,0,0,101,0,4,0,0,144,0,0,89,118,0,0,82,0,71,0,0,123,0,80,0,0,105,0,106,12,0,29,0,86,0,171,53,0,37,35,0,0,2,0,108,0,0,0,0,26,73,0,0,0,0,0,90,4,0,57,12,1,104,4,0,0,45,84,0,0,0,140,6,0,142,0,169,4,3,45,96,0,0,0,179,97,0,0,48,0,0,0,2,68,4,1,87,24,0,0,0,18,0,1,168,4,37,0,0,26,0,0,0,137,0,172,18,0,0,155,43,0,6,0,73,0,0,74,0,27,3,160,16,4,0,28,22,0,0,0,149,0,0,7,0,1,1,0,0,0,5,0,0,0,0,10,4,0,0,161,0,0,0,0,0,0,0,0,3,0,72,50,3,0,0,0,0,0,47,126,0,0,0,17,6,0,37,2,0,0,0,0,0,0,0,0,0,0,0,0,0,159,1,17,0,129,1,21,131,3,97,0,130,11,0,0,12,0,0,2,111,0,172,0,0,12,0,134,171,9,0,29,12,0,1,0,72,140,81,0,3,2,0,93,30,4,0,53,0,0,0,0,0,14,0,24,135,0,0,0,5,0,0,144,0,1,0,0,52,55,151,0,157,0,136,0,0,0,151,0,4,199,0,0,6,1,0,0,137,0,28,6,0,42,135,0,0,0,82,165,0,0,0,0,20,0,85,156,0,0,0,0,0,0,0,0,45,125,30,0,0,2,0,0,0,11,0,159,57,0,7,55,0,0,0,6,0,75,0,7,0,43,14,140,75,9,4,0,38,0,10,0,6,0,17,0,0,98,139,0,94,0,0,0,1,0,0,3,51,0,0,0,0,167,126,0,3,0,0,0,61
Gene2S_122,0,17,11,18,32,36,11,30,46,53,0,37,16,30,21,35,46,32,1,2,37,4,1,19,47,11,34,13,1,34,38,14,16,46,27,62,38,12,3,33,0,0,40,60,1,33,3,37,10,1,53,15,23,19,70,25,1,5,7,2,5,18,0,20,32,11,9,26,45,1,7,17,14,39,48,13,13,9,3,34,14,24,43,30,58,33,2,3,1,9,60,8,40,3,7,6,0,44,13,59,21,21,1,10,10,6,0,27,37,56,3,20,20,27,15,57,5,8,45,22,40,6,10,7,42,4,19,53,0,44,5,28,60,34,71,5,11,36,24,41,13,29,42,16,18,12,31,8,23,19,21,60,4,45,1,1,44,0,17,12,57,60,13,4,33,17,8,24,24,23,56,27,19,51,0,53,15,81,52,0,0,1,38,16,16,28,17,43,20,3,0,28,20,93,45,6,73,20,16,23,47,70,5,8,26,27,17,33,26,47,81,19,33,0,9,2,29,18,17,65,28,69,16,87,14,30,39,26,25,28,43,9,53,14,53,1,5,24,63,40,24,18,18,26,32,2,8,41,0,6,0,37,12,23,26,2,13,64,36,0,45,28,49,56,15,24,77,5,28,45,38,3,31,29,14,59,34,4,2,9,1,23,11,15,0,38,35,40,17,51,14,7,60,13,31,33,42,8,46,60,34,44,22,35,28,43,49,7,5,9,25,24,9,0,3,2,38,1,3,11,22,14,21,0,1,16,34,39,43,0,2,10,9,22,23,28,9,37,1,2,51,30,31,15,1,18,35,31,21,28,7,40,18,33,42,46,0,2,9,4,1,3,4,0,6,10,39,9,0,12,13,0,13,14,3,32,16,0,16,16,10,15,68,19,29,24,0,37,27,69,38,21,4,19,39,3,9,29,12,39,26,68,12,20,35,62,38,20,22,21,18,0,17,7,9,37,26,1,0,31,12,20,19,31,82,3,4,7,71,6,1,8,4,37,11,23,19,6,1,6,19,51,54,28,28,20,30,35,17,6,1,43,61,21,11,50,8,36,9,2,29,51,21,13,21,0,0,1,31,0,36,3,61,5,1,37,27,40,51,31,36,18,34,44,48,2,61,51,21,10,44,13,34,18,20,21,25,2,35,5
Gene2S_123,11,111,0,2,57,11,0,87,0,45,0,0,74,159,97,0,0,1,102,141,0,171,0,0,0,6,14,0,0,10,21,0,164,197,24,144,0,4,4,0,4,176,0,0,2,0,7,0,0,0,131,0,0,0,170,50,151,82,0,2,0,134,0,0,0,0,151,72,3,0,16,22,52,0,1,0,0,0,0,0,5,44,45,0,0,0,108,1,0,0,0,0,3,0,7,0,15,0,3,0,0,0,3,0,0,0,0,4,0,0,17,6,0,0,50,153,4,93,14,4,5,0,0,73,0,0,20,54,3,2,0,0,0,0,35,135,0,15,9,0,0,0,7,0,0,0,0,0,1,2,0,0,138,152,37,61,11,96,27,0,0,141,0,0,101,0,0,16,141,193,28,0,0,0,10,4,0,165,0,0,6,138,0,175,145,0,14,0,126,1,0,148,2,0,20,3,0,168,0,128,0,124,137,0,9,0,0,0,156,29,0,102,10,17,146,36,19,17,0,0,0,0,108,0,45,0,141,2,5,63,0,24,0,57,0,148,0,0,181,0,0,0,0,0,149,5,0,0,95,48,75,0,0,120,30,0,40,9,4,124,0,0,0,0,0,0,0,0,0,125,0,105,0,0,0,0,0,170,2,0,0,1,45,0,0,81,0,0,6,172,7,18,0,0,0,13,0,1,92,58,0,127,0,169,0,0,0,171,0,0,0,12,0,0,0,0,63,13,95,0,142,0,0,1,0,0,0,0,39,68,6,0,0,0,0,135,167,0,3,0,0,0,0,1,135,0,0,87,83,75,142,0,0,149,0,114,0,74,0,0,161,137,0,4,0,0,0,0,0,16,0,21,0,142,0,0,0,146,0,110,44,0,0,0,0,1,0,2,155,0,0,131,0,0,0,110,37,153,116,0,13,33,0,0,0,124,0,0,0,39,0,0,81,0,0,0,0,86,0,0,0,0,0,0,0,0,2,0,136,0,112,161,177,26,73,0,0,0,0,0,0,23,30,0,0,0,0,7,110,1,0,0,0,0,187,0,0,28,110,59,51,7,104,91,152,0,144,0,184,0,0,0,82,0,94,55,7,113,2,64,0,0,17,2,0,0,0,0,0,109,0,0,0,8,88,67,0,0,0,0
Gene2S_124,0,21,29,0,26,1,32,12,4,0,14,31,8,46,0,0,16,40,0,42,0,1,26,14,0,34,6,10,74,5,34,12,0,16,2,28,3,55,10,5,35,2,29,100,4,15,59,1,0,41,30,17,40,47,23,8,0,4,4,10,119,12,27,4,0,55,32,35,26,18,46,3,32,21,71,0,7,30,13,76,6,58,1,71,21,35,54,0,3,77,1,0,59,41,9,0,27,10,39,3,1,19,12,42,8,30,18,0,88,0,47,66,44,7,9,32,32,37,8,0,0,14,1,34,0,3,15,31,119,9,77,22,26,56,27,52,40,7,36,11,0,89,0,61,1,4,5,4,49,11,1,0,11,43,93,50,1,16,0,0,10,85,13,1,1,2,10,0,11,35,20,51,4,25,42,1,0,1,30,48,90,40,6,6,1,12,3,17,5,25,10,78,142,60,111,13,2,11,25,1,57,3,30,63,44,0,10,32,15,101,0,34,13,5,43,49,5,5,82,0,31,1,4,12,20,1,13,2,15,26,1,0,4,46,32,0,24,0,53,13,7,63,12,61,10,141,0,11,22,137,91,64,2,35,26,62,1,30,26,11,1,30,20,67,81,29,18,12,24,14,2,50,1,14,94,2,9,32,2,4,24,13,25,0,1,0,0,4,26,27,17,64,22,4,0,10,74,81,32,12,63,35,6,6,14,2,35,29,0,7,146,11,87,0,58,60,13,4,1,15,0,0,3,9,4,5,53,6,15,1,83,10,14,91,153,1,13,45,17,0,19,54,113,14,9,70,0,80,10,52,15,6,15,17,41,36,22,25,45,12,61,2,3,3,2,6,64,3,7,13,40,66,26,25,8,2,39,3,39,2,5,14,41,1,0,24,17,0,112,40,13,26,97,48,0,36,15,54,16,75,13,31,15,7,2,111,5,51,32,48,0,31,16,8,0,95,28,6,67,6,43,11,10,1,77,9,14,28,4,0,0,0,5,55,145,4,0,23,8,3,7,10,4,1,14,44,53,0,85,0,1,0,30,14,5,1,14,33,1,53,12,24,44,36,60,0,0,82,0,39,92,31,0,60,35,161,11,54,16,74,9,46,25,0,20,27,6,75,36,85,12,11,20,5,0,31,3,23,29,8
Gene2S_125,4,0,50,0,0,14,10,7,0,0,12,0,7,0,15,68,4,10,2,62,0,81,0,0,0,0,0,0,54,14,0,0,45,65,0,0,0,0,0,12,68,0,4,55,0,0,44,0,5,0,0,10,0,73,0,28,2,4,26,0,0,0,49,34,0,2,0,0,57,0,2,0,35,0,0,0,0,0,60,0,0,0,0,20,0,0,0,51,0,60,0,2,0,49,3,0,0,0,9,16,0,25,0,71,69,0,63,0,0,0,4,0,0,0,0,56,3,0,0,0,0,5,0,0,0,0,58,0,65,4,0,14,1,0,0,0,7,1,0,0,40,0,8,0,0,7,0,0,0,0,0,0,0,1,0,0,0,51,0,9,6,57,0,35,0,1,43,53,2,18,0,55,34,0,0,0,39,28,0,0,39,0,18,0,40,70,0,0,0,0,8,68,5,0,0,0,0,0,0,21,0,0,43,50,0,66,0,0,41,0,0,0,0,0,0,58,0,0,0,9,0,8,6,69,0,0,0,57,20,0,0,0,1,0,0,0,0,67,40,0,0,0,37,0,0,3,49,0,0,62,8,4,0,54,68,33,0,46,0,5,0,2,1,0,0,0,51,0,14,7,0,0,0,0,0,0,54,0,64,0,19,0,36,0,0,0,57,0,60,21,0,12,0,68,2,51,2,0,0,24,16,2,0,0,0,3,0,44,0,0,0,2,39,6,14,0,23,0,0,0,18,0,0,0,0,1,0,4,0,54,0,0,72,0,0,46,50,61,0,0,0,1,0,1,53,4,1,0,17,0,0,0,63,0,0,25,20,13,20,0,40,0,1,52,2,0,43,0,0,0,0,1,0,2,9,0,0,42,0,0,0,0,44,0,0,18,63,22,0,84,0,0,0,4,1,37,0,49,0,42,0,0,33,68,0,0,0,39,0,0,4,52,0,0,0,0,0,32,0,0,0,50,0,27,0,72,29,0,69,0,0,28,1,18,0,0,0,0,79,61,0,36,0,0,0,44,0,0,0,0,0,58,0,0,0,65,0,43,24,11,0,0,1,12,0,0,23,0,0,0,0,0,61,0,0,0,32,59,0,0,0,56,17,0,0,0,11,0,18,48,0,0,0,0,0,0,60,0,2,59
Gene2S_126,0,169,75,85,14,95,89,2,0,2,182,31,48,187,58,0,33,8,50,0,0,35,0,34,24,8,0,49,89,142,0,112,148,13,233,102,0,156,1,125,64,3,84,24,123,0,210,41,4,22,62,16,0,0,23,5,5,95,168,0,56,1,57,112,81,95,0,99,95,128,7,160,9,103,108,3,1,3,15,0,15,0,50,0,128,200,154,134,76,31,0,2,51,57,2,0,3,6,2,239,71,181,7,37,34,0,53,222,14,1,188,0,46,222,241,45,16,161,0,0,193,0,7,55,5,2,3,16,190,118,0,3,3,21,238,0,0,64,101,197,238,91,7,97,9,68,0,0,94,1,40,5,43,43,2,2,2,58,168,65,6,170,1,0,37,21,7,5,0,0,0,2,93,43,19,84,0,18,3,43,33,15,121,74,4,10,0,9,64,18,5,81,1,147,4,32,16,128,4,148,118,44,0,25,97,52,26,186,0,233,25,226,2,0,42,166,0,11,162,145,192,0,22,200,31,10,104,1,152,197,0,8,166,113,113,1,0,0,148,35,210,194,0,0,20,138,13,65,0,100,4,212,72,5,8,35,15,0,125,0,38,1,222,35,113,80,18,3,190,0,38,118,0,26,193,2,3,13,19,73,135,10,163,75,42,30,2,47,2,163,49,219,64,141,0,143,1,72,158,85,32,6,0,129,0,0,0,0,62,77,0,187,0,0,103,73,0,0,68,42,148,0,169,21,64,2,144,218,1,117,0,140,0,0,37,43,51,52,43,105,102,36,149,65,1,187,0,216,151,0,93,51,7,69,0,155,0,7,37,7,0,41,93,150,173,32,1,30,68,90,4,121,0,34,28,107,0,7,223,95,215,22,39,111,0,54,52,53,0,24,29,6,62,3,83,196,65,77,6,155,16,97,12,17,0,0,0,1,8,78,9,79,26,135,75,23,0,0,11,6,26,0,0,0,79,87,36,0,14,1,5,19,7,36,0,0,11,0,106,191,117,190,18,0,2,13,3,105,134,5,115,10,15,0,166,0,50,0,11,50,24,0,0,1,0,6,117,0,98,20,4,50,0,86,180,236,0,74,40,55,32,45,83,8,142,0,35,166,17,252,75,43,162,7,35,30,1,142,114,34
Gene2S_127,0,2,45,0,7,0,148,0,0,2,49,0,1,0,19,51,4,113,0,0,11,0,24,74,0,8,7,0,0,39,10,0,16,2,0,53,160,128,0,0,16,0,0,8,112,39,0,10,0,6,69,9,0,0,0,0,2,0,0,6,0,31,87,105,0,87,0,1,137,147,2,3,27,0,3,49,0,11,0,2,0,1,136,13,4,0,0,37,0,51,15,10,0,125,1,0,143,0,35,0,15,7,0,102,110,0,53,0,0,0,0,0,60,1,47,13,9,0,0,2,107,0,0,0,169,0,14,0,1,0,2,120,12,0,140,10,0,2,0,0,2,113,0,0,1,79,4,2,16,71,65,0,11,15,81,60,24,87,35,13,0,0,0,16,53,30,111,1,60,8,3,4,113,25,15,108,0,42,0,0,15,58,0,50,12,0,2,3,0,90,3,0,65,0,65,0,0,0,6,10,43,6,0,0,62,0,0,73,25,89,0,0,2,15,0,9,0,173,138,38,4,0,1,0,0,111,0,0,0,0,0,0,0,0,52,0,79,1,0,62,0,6,0,9,0,0,68,1,0,0,1,105,1,1,6,5,114,9,0,0,0,2,0,3,0,55,18,40,92,0,0,0,0,19,0,167,0,14,0,62,2,4,23,8,25,10,0,35,1,3,140,0,1,0,0,0,0,5,0,0,11,1,0,115,141,4,0,4,0,0,0,60,0,4,9,103,4,4,0,1,0,0,106,0,1,5,0,31,0,54,0,82,0,0,0,8,6,117,30,0,139,75,112,54,0,5,0,95,0,22,0,119,160,88,0,1,0,41,0,1,0,0,51,69,51,2,49,12,21,1,126,0,21,30,16,7,0,60,0,3,0,2,0,0,0,0,132,43,69,33,0,4,0,20,93,0,12,0,0,0,1,27,66,0,33,15,10,0,38,2,48,0,0,0,0,0,116,0,8,44,0,54,0,21,174,1,0,0,187,0,90,0,0,6,0,3,0,4,48,77,6,24,0,0,29,1,0,0,0,64,15,0,0,26,0,0,0,13,1,3,23,14,2,23,0,0,0,52,0,35,1,46,0,0,0,26,2,0,3,45,4,0,0,41,22,0,123,0,0,30,1,83,0,0,0,1,2,0,0,21
Gene2S_128,76,0,84,0,66,67,77,77,0,66,0,64,76,73,79,74,0,2,0,76,0,13,59,58,0,0,78,38,0,84,50,9,39,0,31,59,83,0,0,26,30,0,76,79,71,2,34,22,0,72,0,60,57,27,0,59,78,66,10,7,70,0,8,0,32,0,85,9,0,1,0,75,0,3,15,73,6,0,67,22,0,15,2,0,75,21,61,0,33,0,0,68,0,67,76,68,0,0,0,68,76,0,3,0,72,0,33,65,44,42,53,1,0,15,77,75,59,77,0,77,45,12,0,69,80,59,1,73,0,29,39,66,0,1,0,0,1,0,72,0,71,42,75,61,0,3,52,69,60,73,29,0,32,13,52,0,0,74,0,74,68,65,1,50,0,60,4,0,61,34,63,72,1,0,0,55,0,0,15,0,74,65,17,0,0,71,79,65,0,54,0,27,0,0,1,0,69,0,0,0,53,77,0,0,3,59,42,37,0,78,28,63,0,0,69,0,64,0,77,62,63,9,33,0,83,28,72,57,2,77,65,37,80,70,14,7,21,23,11,0,0,14,0,8,5,0,58,79,72,6,0,58,74,0,51,1,70,68,41,68,64,21,0,67,0,40,0,0,71,79,0,2,19,34,3,75,6,68,28,55,0,78,78,0,1,0,0,55,0,69,0,0,0,62,72,0,68,0,81,47,0,55,0,0,57,0,0,74,62,53,0,69,79,0,33,0,0,0,0,0,30,69,8,18,26,72,71,0,70,0,39,0,4,67,57,86,60,70,0,21,79,50,87,73,66,68,76,68,69,60,12,60,0,32,78,0,31,47,2,57,69,64,70,4,65,67,0,19,70,0,61,0,0,0,0,30,73,0,7,0,0,78,1,1,0,36,40,2,72,78,2,27,71,0,0,78,0,67,0,0,0,64,52,72,70,72,0,66,7,0,48,0,74,66,84,66,73,10,56,52,10,0,0,0,0,14,0,0,1,85,0,37,65,66,0,12,56,67,0,89,0,33,0,56,1,0,2,78,0,31,10,67,0,2,11,0,79,0,88,68,0,75,0,0,0,77,67,68,81,1,0,59,73,0,36,0,0,0,81,41,32,77,59,0,90,0,62,68,86,3,51,0,63,1,0,3,3,0,50,0
Gene2S_129,56,44,40,61,0,17,9,0,75,80,81,0,0,76,80,59,69,90,4,73,0,80,40,7,0,0,58,0,66,0,72,85,4,84,21,0,0,62,0,0,33,0,85,13,1,2,53,87,0,0,87,0,0,70,0,0,0,3,0,14,2,2,47,0,20,74,59,79,0,67,0,0,0,0,0,0,56,6,0,24,56,0,87,2,0,3,80,70,79,12,84,16,17,69,0,0,58,0,81,1,13,1,29,32,91,4,68,0,4,0,83,65,54,0,0,0,0,81,40,0,20,0,65,0,68,0,9,0,50,0,0,0,91,64,0,0,0,83,27,26,0,0,0,7,0,0,10,66,0,0,83,0,2,2,0,48,0,5,84,87,0,78,80,0,38,0,85,73,0,8,37,79,64,0,80,0,75,13,63,0,37,96,56,1,0,0,0,46,0,74,74,0,21,14,69,0,62,0,86,0,0,0,0,0,0,3,0,0,74,0,0,7,0,21,0,17,11,17,30,9,2,0,0,3,40,0,0,63,0,4,75,72,0,16,16,0,74,78,41,2,0,89,0,1,62,0,0,0,0,65,0,80,0,0,18,50,0,70,0,0,72,0,94,65,1,5,79,7,75,0,81,15,74,90,63,28,75,0,93,0,85,0,0,0,66,0,86,84,85,2,0,0,74,0,45,0,6,0,0,0,2,40,90,43,2,0,1,29,0,62,0,62,0,71,82,0,65,0,1,0,85,29,92,70,0,0,30,100,21,38,11,0,51,7,0,0,25,23,4,0,0,0,0,85,3,89,61,79,52,6,74,84,62,0,0,35,76,0,0,1,0,17,42,0,0,14,59,0,4,72,85,0,0,44,86,77,0,3,64,0,0,0,0,0,69,87,60,0,0,75,63,77,26,4,0,0,0,94,11,86,0,57,0,72,28,68,0,74,59,7,0,69,5,66,0,66,72,73,0,33,0,89,66,72,65,80,68,0,61,78,85,0,0,0,89,32,78,0,20,78,0,0,0,23,76,0,1,7,4,40,23,87,58,0,61,69,90,76,0,4,24,75,1,0,87,75,70,0,12,0,79,14,75,0,0,0,0,0,0,34,76,78,24,75,67,0,0,12,8,0,83,71,50,0,77,70,3,0,71,0
Gene2S_130,0,0,170,34,1,256,209,0,133,0,278,280,283,243,281,0,0,32,0,0,0,6,46,266,169,256,273,0,219,6,0,245,0,27,256,10,0,0,260,208,33,0,261,2,231,0,4,0,174,7,264,0,268,47,231,0,284,241,222,173,276,262,39,0,3,0,154,0,242,270,261,0,36,104,311,0,0,133,267,0,67,0,7,0,0,31,34,14,272,8,5,290,30,101,0,259,245,264,197,122,123,0,1,269,234,260,0,0,71,274,0,0,15,184,12,3,284,0,6,221,272,0,267,0,325,275,0,0,10,0,246,3,277,40,262,0,0,0,235,263,0,0,229,59,6,291,286,172,48,240,0,0,0,111,0,267,276,0,4,225,295,282,8,246,0,26,0,175,0,0,231,0,0,0,239,0,242,5,31,230,272,279,249,0,20,232,0,4,15,220,196,105,255,0,3,119,166,250,7,182,4,0,4,256,0,259,0,306,247,55,7,51,145,0,0,274,263,7,237,273,246,64,271,98,1,277,0,269,21,0,145,300,0,225,196,215,0,263,210,108,18,0,28,36,4,1,163,246,272,186,232,94,264,1,0,12,1,223,269,142,198,272,0,47,1,272,51,154,245,0,260,253,240,0,261,197,167,78,252,288,0,153,267,16,52,0,0,240,0,2,281,246,87,186,0,0,90,7,2,0,0,0,6,0,0,270,0,266,0,0,144,258,263,0,0,97,69,0,255,114,0,243,263,29,0,247,279,284,276,91,285,283,22,18,160,113,0,0,1,75,0,188,65,0,279,239,261,0,228,0,255,0,258,0,180,244,0,10,0,1,0,265,5,0,109,176,56,5,2,1,90,242,0,0,0,0,13,0,230,0,0,0,265,134,33,0,0,135,0,247,38,0,0,136,0,0,0,256,262,264,0,0,202,88,290,0,273,237,38,259,284,220,0,10,38,258,0,29,248,0,27,271,275,0,1,0,281,280,0,42,0,28,98,13,292,291,258,6,236,297,16,277,272,264,2,48,271,0,5,1,261,0,0,261,276,136,253,278,267,25,22,224,82,267,30,0,275,90,0,7,285,140,81,248,115,4,228,88,94,0,239,0,25,285,42,0,286,10,1,29,11,212,232,105,254,56,0,50,0,247
Gene2S_131,0,0,0,0,0,0,0,0,0,0,0,0,0,0,0,11,0,1,0,0,0,0,0,0,0,0,95,0,0,0,0,0,0,0,74,4,34,0,0,0,0,0,0,0,0,92,0,0,0,66,0,0,83,0,0,0,20,0,18,0,0,0,0,0,0,0,6,0,0,0,0,102,0,0,7,16,13,0,0,0,0,0,0,0,0,133,0,0,1,1,0,154,0,0,0,0,0,50,0,0,1,0,0,0,0,0,0,0,0,2,10,0,0,7,0,0,0,153,0,0,0,0,0,0,55,0,13,0,0,0,0,13,11,0,0,0,0,3,0,7,0,62,51,0,0,0,11,0,0,87,0,0,0,0,0,28,0,0,128,0,0,0,0,0,0,0,0,0,0,0,73,0,27,0,0,25,49,0,0,0,0,0,0,17,79,0,0,0,0,0,0,0,0,98,0,0,0,0,0,0,50,0,1,0,57,31,0,0,0,0,0,0,0,0,7,85,0,18,0,0,0,0,0,0,0,0,0,48,0,0,0,0,0,0,0,0,0,0,0,0,0,0,0,0,0,0,2,0,2,0,0,0,3,0,0,0,0,0,0,0,0,0,0,0,1,4,0,4,0,0,109,0,23,18,0,111,5,50,121,0,14,0,0,0,8,0,95,1,0,0,0,0,0,0,0,2,0,0,0,0,0,121,0,0,88,0,0,0,0,0,0,110,0,0,0,0,0,37,0,0,0,30,0,21,0,0,16,0,0,0,0,5,64,78,28,0,0,0,0,0,13,58,0,0,109,0,74,0,0,0,63,4,0,0,7,28,12,0,0,0,0,123,0,0,28,0,0,0,0,0,20,54,9,0,0,7,0,0,9,0,0,0,0,0,0,0,0,27,0,0,128,0,140,0,0,55,59,76,133,0,0,73,0,0,0,0,25,4,0,37,0,0,0,0,3,0,2,0,0,0,0,0,145,0,0,0,0,0,0,5,67,0,0,0,0,0,29,0,0,26,9,0,0,0,37,0,0,0,0,0,0,0,20,0,0,0,0,0,0,0,0,0,0,0,0,0,0,0,50,0,0,0,0,44,31,147,6,0,0,0,0,56,0,100,128,1,1,0,0,0,0,0,86,0,0,0,0,0,13,0
Gene2S_132,56,117,93,49,132,48,26,7,84,86,38,91,10,83,82,21,158,117,158,16,79,56,31,100,160,93,30,0,155,41,49,15,178,129,96,52,145,85,10,212,103,168,83,22,85,80,103,145,79,3,92,32,52,70,55,53,49,123,91,113,30,5,143,68,10,42,104,163,31,91,123,16,65,187,18,85,68,130,89,49,88,47,32,178,139,71,63,115,41,73,193,113,100,110,158,16,46,35,127,55,118,57,103,121,120,12,62,86,6,24,2,50,65,57,78,166,69,70,221,208,66,2,88,120,144,78,184,24,70,146,76,133,12,129,81,88,7,31,127,2,91,43,41,74,96,24,7,74,80,113,41,127,49,86,18,56,33,189,81,70,37,57,168,36,56,148,96,62,212,20,74,155,26,49,41,128,22,38,118,82,26,75,159,76,65,35,53,155,123,40,89,9,109,94,0,90,74,2,61,66,155,124,104,70,120,17,187,173,43,112,161,18,85,38,47,105,142,45,191,181,154,129,52,76,53,18,12,162,51,99,33,39,12,46,70,203,46,32,152,82,31,22,24,94,10,24,10,15,116,54,116,76,105,125,128,62,47,23,32,26,125,79,5,14,39,157,180,95,204,41,76,110,3,108,95,98,145,93,111,31,109,31,21,20,101,60,38,100,83,138,48,101,132,40,140,124,91,216,60,40,76,128,23,108,4,122,97,1,136,35,78,121,89,108,169,23,158,46,151,177,95,105,54,137,58,82,19,103,55,6,129,137,146,107,74,56,35,128,52,104,58,112,67,47,96,108,135,32,95,26,61,37,67,13,19,94,120,57,90,26,38,219,97,0,56,107,31,108,78,105,113,151,148,16,57,11,21,52,36,175,102,1,26,45,89,34,121,72,67,25,91,31,146,44,33,18,152,25,45,100,75,39,88,124,89,160,127,136,53,74,80,131,27,103,188,100,82,17,63,48,101,41,87,51,34,79,51,19,152,58,41,97,89,25,140,112,82,42,11,28,83,40,168,177,135,126,5,134,68,94,198,89,73,140,70,148,72,122,16,47,62,45,43,186,72,54,112,135,40,51,150,101,149,161,71,72,54,64,90,6,139,227,143,42,119,42,91,66,93,41,77,6,59,143,139,158,42,87,100,176
Gene2S_133,0,179,204,195,0,126,205,0,198,2,212,0,226,142,194,103,0,146,0,225,197,219,187,4,0,0,227,209,56,0,50,207,0,0,0,30,173,0,0,0,0,219,208,14,0,211,210,158,197,213,200,0,205,3,211,244,198,0,0,0,222,213,0,0,0,0,246,0,71,51,2,1,193,37,198,0,0,200,52,0,49,79,196,233,93,0,197,9,0,49,0,0,0,0,0,52,24,157,49,171,0,0,193,79,40,148,224,190,182,0,0,0,0,0,0,162,32,206,0,3,4,203,148,72,0,221,0,220,0,0,0,1,65,207,102,210,0,0,0,0,0,38,140,217,28,13,0,207,222,86,198,0,69,0,1,0,1,0,0,220,23,0,200,7,0,0,200,0,2,175,195,0,198,0,208,48,0,0,0,164,0,206,2,0,0,211,101,205,179,0,6,176,0,0,29,211,8,70,186,0,0,0,93,111,89,2,0,0,20,0,233,229,187,219,134,203,12,31,169,1,13,102,88,0,186,0,207,0,0,0,0,189,222,2,0,197,145,0,6,182,212,244,203,15,43,0,182,0,98,50,147,0,111,166,0,212,217,23,181,9,204,154,197,0,0,137,208,0,0,43,76,0,4,178,72,189,71,99,178,217,16,2,1,81,198,58,180,213,0,38,0,0,0,0,222,0,0,214,114,136,0,34,206,0,0,185,83,200,15,218,95,0,14,213,37,0,0,71,0,48,203,0,203,0,225,0,26,27,189,188,0,42,34,141,0,202,0,198,51,4,213,13,198,218,202,0,203,0,1,0,5,5,0,200,128,0,219,16,216,0,206,0,0,0,200,54,211,0,0,0,0,213,210,0,206,13,204,0,0,173,219,46,0,197,217,0,0,0,210,0,0,0,183,225,98,5,225,212,181,197,0,0,182,0,171,172,0,0,31,84,6,0,0,213,36,0,92,0,26,216,2,73,0,118,114,0,231,18,163,0,198,52,19,13,0,9,186,29,0,0,0,171,182,6,0,110,0,187,2,206,10,0,52,0,0,42,0,135,218,200,1,116,0,0,220,0,1,199,213,0,204,113,0,90,0,155,0,218,205,13,1,204,0,225,192,0,39,2,184,25,0,0,0,0,0,0,0,12,189,0
Gene2S_134,38,0,0,0,0,0,1,0,0,0,7,0,0,11,1,0,0,0,0,41,23,0,0,0,4,0,0,5,22,0,9,0,0,0,0,5,0,9,1,0,0,2,0,0,1,3,2,0,0,0,0,0,0,0,0,1,0,0,0,8,11,6,2,0,0,1,0,0,8,1,0,1,5,8,0,5,0,0,11,0,20,2,24,0,0,0,0,0,0,0,0,0,0,14,0,21,0,24,0,8,0,0,0,0,6,0,0,0,0,1,0,0,32,0,0,16,0,0,0,7,7,1,0,0,27,0,0,0,14,0,1,0,0,0,0,0,0,0,0,0,0,1,4,0,0,0,0,16,0,3,1,0,0,0,0,0,4,0,0,0,7,0,0,0,0,0,0,0,0,2,0,17,7,0,0,0,31,0,0,0,0,0,1,0,0,44,7,0,1,0,0,0,0,0,4,0,0,0,73,0,3,11,0,2,0,0,0,2,0,0,0,0,0,10,0,53,28,0,21,0,0,0,4,0,0,0,0,0,4,0,2,0,0,1,29,0,1,57,1,5,0,0,0,0,11,1,0,0,0,53,0,7,0,0,1,0,0,0,0,7,0,25,5,26,0,1,0,0,0,0,0,0,0,0,12,0,1,13,0,59,0,0,0,0,11,0,49,0,0,0,16,0,0,35,42,17,0,0,0,0,0,7,0,0,10,0,2,0,0,13,0,0,0,0,44,4,0,0,0,6,2,0,0,23,27,0,2,0,0,0,4,1,0,0,1,0,3,0,0,0,0,23,0,8,3,0,3,1,2,0,0,0,0,0,4,0,2,0,0,0,4,10,0,0,0,21,0,15,18,0,26,25,0,0,12,0,0,0,0,0,5,0,13,19,0,0,0,0,0,0,0,32,0,0,0,0,0,0,21,0,0,4,0,0,0,0,0,0,0,0,2,40,28,0,0,0,14,0,0,0,0,0,3,1,6,34,0,10,0,14,0,0,0,0,0,4,0,0,0,0,0,0,3,0,0,10,0,0,0,0,0,1,0,0,0,0,0,0,0,0,1,0,0,1,0,0,0,0,0,2,0,0,0,0,0,7,0,0,33,56,0,0,0,0,0,0,0,0,3,0,18,0,14,0,0,4,0,0,0,4
Gene2S_135,19,143,0,80,0,22,145,3,31,54,11,0,143,0,53,64,65,20,1,10,46,20,90,58,0,19,92,0,0,0,6,1,15,68,5,11,0,0,107,83,0,1,0,164,0,3,0,77,86,151,0,134,0,0,8,0,0,0,7,19,136,0,19,0,0,166,91,0,170,0,128,0,113,138,41,0,52,15,132,0,110,30,9,1,159,132,95,15,3,20,5,0,4,155,0,55,0,3,25,0,0,0,62,1,1,93,0,0,46,46,52,0,13,104,168,0,0,0,0,0,0,36,173,80,154,34,102,152,0,0,16,0,0,0,8,0,28,1,162,138,67,0,1,0,10,55,1,160,0,0,0,96,9,0,35,0,167,12,1,5,0,4,82,15,0,5,87,0,0,12,55,21,0,19,9,4,0,167,0,7,0,1,12,48,0,173,0,3,2,0,15,46,5,158,0,168,16,0,23,28,0,0,106,0,152,28,0,0,0,168,0,0,0,0,25,161,0,189,0,0,0,0,88,0,0,110,164,101,15,126,20,0,0,5,0,0,0,0,0,34,61,0,145,146,8,0,4,9,0,107,0,0,0,0,0,175,0,161,4,137,0,6,0,0,4,157,96,4,0,57,128,158,126,0,70,0,0,0,8,9,0,24,0,0,46,17,89,0,22,30,106,1,46,0,0,0,23,11,0,5,24,40,13,0,2,0,1,26,0,83,0,2,0,166,31,110,33,75,0,0,0,85,1,0,67,0,0,88,0,0,0,0,97,0,0,0,1,41,16,0,3,0,70,0,8,5,150,1,16,96,113,109,1,0,48,0,0,166,0,1,122,137,0,6,0,0,7,0,0,0,0,11,147,73,3,1,0,0,0,136,0,0,4,58,0,0,22,0,71,0,2,0,135,0,0,109,14,0,3,0,17,78,154,16,0,0,29,139,0,125,0,129,141,170,0,112,0,146,0,5,3,81,3,0,0,154,85,0,142,0,0,0,0,151,0,0,0,0,0,0,27,48,110,0,129,0,18,61,54,9,0,0,151,0,3,0,0,0,168,0,194,4,2,133,0,112,5,68,1,98,29,0,0,0,170,0,139,24,0,109,0,32,1,0,11,66,0,4,6,127,0,0,0,1,11,0,27,123,0,0
Gene2S_136,46,187,177,1,0,3,3,0,2,0,173,204,0,214,0,179,14,141,120,0,6,1,0,13,0,0,0,183,190,177,215,8,66,222,0,167,0,192,206,30,211,0,0,166,143,0,0,203,207,184,108,164,150,200,191,18,1,0,1,205,0,0,0,193,6,0,4,186,4,4,195,21,0,159,180,0,0,187,142,0,0,18,174,109,0,191,49,15,47,0,90,218,0,59,195,1,0,0,205,0,0,4,11,0,48,187,0,2,195,195,208,196,64,192,0,149,167,0,0,205,0,4,138,1,0,0,193,0,0,156,22,185,0,176,3,0,12,0,135,0,8,2,37,0,165,0,204,171,0,6,173,191,0,4,97,36,103,155,197,7,178,0,32,192,165,181,165,229,0,178,2,0,177,0,0,4,0,198,31,0,177,187,190,99,2,171,0,3,0,0,0,0,0,0,172,127,46,191,0,0,0,0,49,3,4,0,51,0,0,173,0,0,48,17,17,0,108,0,2,149,146,55,103,0,0,212,171,185,200,29,30,198,200,0,0,115,202,0,121,0,119,0,89,189,193,104,87,0,0,157,9,0,70,0,188,186,197,140,205,0,0,191,199,1,22,191,35,0,35,29,18,1,3,67,167,40,0,174,0,0,184,1,197,3,0,0,180,0,212,209,192,146,189,54,194,181,59,202,2,202,199,0,218,6,191,169,104,185,12,199,195,0,0,28,144,0,137,0,182,106,212,1,3,0,198,218,15,0,37,0,90,180,208,4,0,0,192,0,145,156,91,175,208,95,16,4,0,201,181,12,0,0,26,0,158,111,0,1,172,216,0,196,2,0,0,79,27,60,0,0,0,198,0,0,0,0,151,206,0,0,0,192,174,0,0,207,8,147,181,181,0,19,190,206,0,7,1,181,10,187,206,0,93,225,5,191,39,209,182,0,213,153,173,193,194,168,166,0,215,1,15,0,7,0,0,0,219,31,113,0,150,169,0,189,13,146,1,0,0,83,0,22,108,0,103,0,158,136,7,197,197,212,0,112,184,205,0,60,213,114,1,129,0,176,0,216,193,3,0,185,119,0,36,0,0,155,173,0,108,0,43,213,0,0,184,23,0,185,205,196,203,180,3,0,206,195,193,192,2,12
Gene2S_137,0,0,1,0,4,0,0,5,0,0,0,0,0,0,52,4,1,53,0,0,0,12,0,22,0,21,0,0,20,7,0,1,0,0,0,23,5,0,56,47,0,0,17,1,0,0,0,2,1,0,0,0,0,0,0,0,0,5,9,18,16,0,16,20,0,0,7,34,0,9,0,0,0,0,0,1,0,0,69,0,0,0,1,0,0,0,0,0,46,35,0,13,24,0,1,0,0,2,5,0,41,23,2,0,0,20,0,0,0,17,0,7,0,0,33,0,18,0,0,1,0,1,0,0,0,0,29,0,0,3,0,6,0,0,2,0,3,36,0,0,0,67,0,2,0,0,52,50,1,2,32,25,0,4,0,0,0,11,0,9,0,0,11,0,46,9,0,0,0,1,59,7,0,8,0,1,36,0,40,31,3,4,0,0,8,21,0,20,0,0,16,37,0,0,0,21,0,0,53,0,7,0,0,30,0,0,0,26,21,11,62,0,1,9,62,2,0,0,1,6,0,0,0,0,39,52,29,0,0,0,9,0,61,4,0,56,0,0,0,22,0,34,11,1,0,1,0,0,0,0,0,35,0,0,0,0,0,0,0,0,33,0,0,0,0,55,1,17,0,22,6,15,0,47,0,3,9,0,0,0,0,0,0,22,23,0,0,21,0,0,1,0,13,0,0,23,15,10,0,0,0,18,31,0,0,5,0,57,20,0,1,0,0,37,0,0,3,45,1,13,22,0,45,0,0,0,41,43,1,0,5,23,0,0,2,52,0,0,4,0,0,0,0,0,0,0,6,0,8,0,55,0,16,0,7,5,51,0,0,0,0,47,0,0,0,3,0,0,46,20,5,0,0,0,0,0,58,0,0,0,0,38,0,0,25,6,0,0,70,0,3,9,35,0,0,0,0,8,41,9,0,0,0,0,0,12,35,21,4,1,0,0,24,0,38,24,22,0,0,27,12,6,0,0,0,0,5,0,2,0,0,4,41,14,1,0,0,0,23,25,4,0,10,0,0,3,3,4,0,70,0,0,0,0,3,0,63,20,0,0,0,0,0,11,0,15,0,0,0,0,51,6,0,0,0,0,0,0,0,0,0,11,34,0,0,0,0,0,39,18,1,0,0,0,0,0,3,0,2,27
Gene2S_138,0,3,1,17,0,0,26,29,23,4,42,0,0,0,1,0,3,13,9,9,0,0,0,2,0,6,1,0,0,7,31,0,29,0,31,0,14,0,29,21,0,36,39,4,17,10,0,0,0,17,20,0,9,1,0,0,8,9,27,0,1,1,27,40,0,28,0,0,0,4,0,1,0,6,0,0,7,0,25,15,1,10,40,14,5,31,38,42,0,0,1,6,0,0,41,14,0,15,11,0,19,0,0,26,0,8,2,51,0,6,0,4,16,25,15,7,3,8,0,0,0,51,25,0,7,39,0,38,0,9,25,24,42,0,0,1,0,0,19,22,1,0,0,13,0,0,10,0,6,9,3,0,10,0,13,0,0,0,0,10,19,5,47,5,0,15,0,0,31,7,1,0,0,29,0,0,29,12,49,9,2,11,0,13,0,25,0,47,0,47,0,12,2,1,0,3,0,3,9,35,2,0,39,6,36,42,27,0,26,3,0,1,1,0,9,0,1,3,1,10,3,0,36,8,0,0,22,4,48,23,0,0,29,2,0,30,38,4,0,1,0,6,34,0,10,0,3,18,0,3,25,6,0,14,6,0,0,0,16,1,4,45,21,0,0,0,3,2,17,26,4,1,3,7,1,0,51,3,4,0,11,37,19,0,0,0,0,39,32,3,1,0,9,30,0,19,0,0,6,0,45,11,7,3,12,2,19,0,11,4,16,3,22,12,21,24,0,0,27,0,31,2,0,17,6,9,23,2,0,15,30,0,48,31,22,0,0,14,0,1,0,0,1,22,47,19,17,17,0,24,1,0,0,37,0,0,0,0,5,0,1,2,12,0,16,27,0,38,15,0,0,0,3,2,5,9,0,0,0,9,0,0,0,14,34,20,6,4,1,1,2,1,0,18,33,48,0,0,0,0,5,6,3,0,0,13,19,24,0,6,7,13,3,33,5,0,38,32,0,0,0,13,26,9,9,9,0,0,0,0,1,13,42,0,24,0,31,0,33,10,0,5,21,32,0,0,0,0,0,0,6,0,4,9,7,0,5,0,1,20,6,42,29,0,0,0,3,19,0,7,3,4,0,0,9,0,33,19,1,12,48,0,18,0,4,40,0,25,1,36,8,0,8,0,0,27,0,21,45,32
Gene2S_139,5,0,0,0,4,1,4,0,0,0,0,1,0,0,0,0,0,0,55,11,0,0,42,113,0,10,0,204,0,0,80,0,0,0,172,0,119,83,0,0,0,0,0,0,0,29,102,0,90,0,55,67,5,0,0,0,0,0,3,111,0,0,0,0,0,0,0,3,0,0,0,156,0,0,21,0,0,0,0,0,0,5,47,204,3,156,15,0,3,0,0,0,0,0,0,0,0,9,0,0,1,0,25,0,0,39,0,55,67,14,0,0,0,0,0,0,0,10,0,0,21,0,0,2,0,151,132,0,17,0,0,0,0,0,0,0,0,0,0,0,47,0,2,0,81,0,0,0,96,0,0,0,15,37,0,0,0,0,0,43,0,0,0,34,6,0,9,1,3,0,0,0,0,22,1,6,36,0,0,15,4,7,0,1,0,0,0,0,0,78,0,0,0,0,0,0,138,0,0,157,0,0,63,0,7,0,0,0,0,12,0,0,125,6,0,0,68,0,0,5,13,86,76,20,43,0,5,0,2,0,61,0,1,35,0,0,145,1,0,62,27,0,8,0,0,0,69,11,23,55,44,0,0,0,0,0,17,0,0,61,0,0,0,0,0,56,0,0,0,69,0,0,0,164,0,77,7,0,0,0,0,0,1,0,0,4,1,2,0,0,0,0,0,20,0,0,0,0,82,1,0,0,131,0,4,83,0,1,0,57,0,0,20,0,4,0,30,0,84,22,71,2,40,0,18,0,0,151,0,0,0,0,0,19,86,0,0,0,0,2,4,145,0,4,0,1,20,171,0,0,0,15,0,61,2,0,147,0,1,0,0,1,0,0,0,0,2,217,168,0,0,27,0,0,0,11,1,0,0,0,42,1,0,0,0,0,208,2,0,234,32,0,2,0,0,0,101,0,0,0,52,0,8,19,0,0,0,4,218,3,0,190,0,0,3,45,0,47,0,52,6,1,0,5,0,0,0,0,0,3,19,0,0,1,0,0,17,0,0,0,47,0,14,0,0,0,143,26,0,0,0,0,0,19,0,0,115,60,96,0,0,65,0,0,0,0,6,0,0,50,3,0,0,2,0,5,0,37,0,0,3,0,0,0,40,147,0,0,0,32,0,4,0,147,60,0,0,0,15,17
Gene2S_140,98,77,25,48,68,98,1,7,1,3,62,61,2,1,119,138,147,50,75,114,78,54,62,49,107,20,1,48,99,9,0,67,11,121,77,61,7,56,88,120,25,9,94,13,25,3,54,129,0,55,28,28,23,105,114,48,6,0,124,5,40,5,115,0,74,37,137,0,55,92,83,28,113,49,40,0,40,28,23,103,0,12,58,113,0,0,5,8,83,93,119,45,12,6,105,30,94,21,31,4,10,24,76,41,28,28,69,47,122,3,88,0,134,2,2,123,4,104,105,29,95,0,113,5,62,136,0,0,16,103,73,25,17,3,87,130,13,148,10,0,6,20,126,23,37,33,92,12,6,21,0,1,118,4,49,0,2,17,80,30,31,1,19,70,85,97,27,46,35,84,18,137,86,10,92,0,12,87,121,0,29,19,44,33,48,35,120,75,5,115,97,95,8,72,20,123,139,135,145,23,100,3,108,16,49,35,57,9,2,62,0,95,130,5,137,80,7,2,79,116,14,127,90,25,32,54,99,116,122,0,0,0,103,58,20,16,91,111,104,0,98,115,45,50,69,18,6,0,26,46,125,51,84,2,46,8,30,153,38,6,0,67,8,166,3,109,136,9,45,133,32,12,36,0,18,72,9,121,37,112,81,36,130,0,151,0,3,29,0,56,54,30,10,48,4,113,0,145,11,119,61,69,115,76,61,0,0,37,35,0,9,0,4,0,120,44,26,14,22,117,6,36,1,82,2,0,6,8,36,75,32,102,77,25,106,74,10,159,3,111,164,1,76,43,0,15,115,14,75,43,128,45,42,2,1,49,97,103,47,10,59,63,31,10,120,0,100,69,57,12,123,51,30,0,27,2,92,5,0,113,0,146,125,162,15,0,124,60,0,31,114,11,19,120,18,31,28,140,82,138,55,102,29,82,18,87,30,6,143,0,70,123,0,88,140,3,0,129,35,123,118,0,3,52,0,0,21,136,0,11,13,21,135,136,0,55,80,94,3,3,29,1,18,21,131,66,8,22,3,44,70,8,109,11,60,130,149,36,1,4,58,129,129,61,32,0,30,25,82,18,19,0,110,116,74,16,133,98,0,133,24,14,0,97,100,96,104,118,119,1,35,114,39,0,128,38,117,76,60,119
Gene2S_141,1,261,59,7,151,216,122,0,165,18,147,153,54,4,12,214,40,39,115,216,57,25,39,8,75,262,51,9,23,102,0,195,220,170,29,50,267,158,46,82,67,0,51,168,197,211,104,64,136,36,245,185,101,268,85,214,119,22,33,184,118,76,186,210,123,178,13,43,60,168,112,62,98,228,121,150,0,3,177,80,58,191,164,16,3,218,43,29,76,2,18,1,38,136,121,113,178,252,55,125,112,76,118,42,170,50,249,242,60,203,59,213,34,22,207,92,28,58,141,212,1,171,53,15,119,147,23,3,271,110,120,150,180,43,216,135,33,6,74,21,120,123,215,7,240,45,152,109,76,169,1,106,169,150,9,142,125,33,165,229,113,148,83,44,118,1,11,47,242,199,0,175,6,123,91,224,22,72,229,99,15,60,36,41,2,142,262,100,95,28,224,48,212,54,0,57,220,87,59,64,172,209,52,98,53,93,158,55,100,190,17,150,104,58,7,205,75,24,222,38,5,261,66,9,38,10,227,162,31,41,188,44,78,91,62,227,7,1,75,182,248,172,4,144,6,151,269,67,237,75,192,6,229,2,67,224,112,226,183,194,129,16,127,142,161,78,201,5,95,60,31,179,56,193,24,172,99,118,228,14,66,45,14,268,7,80,142,215,151,179,2,164,31,50,127,29,40,41,50,112,85,43,139,122,273,165,10,216,33,95,14,257,79,7,124,203,192,124,92,95,52,75,71,41,14,215,0,0,105,30,66,112,13,19,0,170,5,187,27,145,136,115,2,31,77,68,1,4,209,61,74,81,81,9,42,2,46,100,72,224,84,7,88,85,259,212,101,224,107,1,120,59,45,126,39,177,142,57,91,32,53,130,112,11,137,54,44,37,208,45,152,171,235,35,130,113,202,165,181,172,61,111,35,79,69,62,139,274,92,68,242,25,143,33,92,66,11,230,215,72,0,7,48,43,0,99,181,111,70,116,84,102,113,96,167,208,246,8,241,0,0,178,1,2,22,7,22,19,69,207,47,230,120,50,186,13,17,246,72,0,62,0,180,0,65,95,182,199,46,43,71,136,200,17,206,1,30,132,238,1,206,35,105,0,50,20,233,171,214,278,158,77,48,27,126,221,252,18,200,23
Gene2S_142,0,269,0,260,0,243,0,0,249,0,254,15,0,0,238,13,1,30,99,0,135,0,0,0,0,135,0,245,223,0,0,212,0,0,0,0,0,229,239,243,47,4,68,12,235,1,0,54,0,260,250,95,210,40,0,0,176,2,27,0,72,158,0,5,0,30,0,0,0,0,212,67,11,0,13,193,0,0,0,0,0,0,0,0,0,203,0,0,2,0,0,0,252,32,1,62,0,5,256,0,229,0,0,106,0,0,45,170,243,0,23,0,34,21,236,241,4,0,263,0,0,159,8,91,10,0,276,229,149,105,246,17,0,43,0,0,118,0,0,0,0,23,66,0,0,0,237,0,0,0,0,247,60,3,232,239,0,235,237,182,0,0,0,0,0,265,0,80,0,9,0,239,0,2,234,251,0,211,0,101,0,0,0,93,0,0,0,161,0,0,0,242,0,0,219,21,2,273,89,0,0,238,166,0,0,0,224,0,185,23,0,0,179,0,3,0,254,0,0,0,40,264,211,0,0,272,0,0,0,0,0,183,0,0,0,0,116,0,233,0,0,0,0,0,37,0,244,21,245,94,4,0,0,0,0,0,25,28,0,0,0,266,0,42,0,234,0,209,0,0,0,0,0,0,226,186,0,0,185,199,65,0,0,0,0,0,251,0,179,245,0,0,0,252,117,0,0,273,0,0,0,243,0,0,0,0,192,216,186,188,249,0,0,76,127,229,0,0,212,0,221,0,0,0,239,222,38,198,207,0,257,0,0,7,43,217,0,0,0,197,0,95,0,9,0,224,1,0,17,0,0,18,0,174,245,0,0,0,7,0,0,72,217,0,10,11,0,0,5,255,0,119,1,0,71,0,34,277,0,0,0,10,0,0,5,67,105,244,0,284,0,10,85,0,234,199,123,237,0,21,260,247,122,231,0,0,0,0,0,0,112,203,0,221,255,0,178,88,249,0,0,0,253,1,255,28,0,0,160,25,0,23,0,0,38,4,0,240,243,16,34,2,4,222,42,248,32,0,0,0,254,0,252,223,243,235,0,22,235,59,0,151,0,0,230,235,0,0,0,160,0,0,123,92,264,17,0,8,221,0,272,0,0,13,0,0,4,261,0,242,206,165,233,0,0,253,20,6,196,0
Gene2S_143,3,58,5,103,60,78,44,84,1,42,56,72,49,59,105,98,50,0,103,56,77,0,102,74,0,93,58,15,88,47,2,0,1,34,94,34,118,1,122,9,114,107,90,0,61,4,65,23,10,54,45,64,70,73,141,4,73,78,6,21,97,43,12,0,0,19,1,33,0,27,63,10,63,0,4,2,89,61,128,108,0,5,17,130,0,107,0,133,12,145,3,19,80,54,3,62,0,127,13,56,102,63,84,89,5,0,64,77,0,0,7,0,15,117,0,67,100,18,81,53,113,94,106,33,73,53,84,28,36,94,2,3,33,1,0,135,17,11,1,84,24,34,0,33,10,6,5,12,43,12,14,8,2,100,43,27,88,77,103,57,1,2,1,118,47,20,14,103,76,26,0,71,8,1,77,94,22,12,40,75,0,15,91,31,10,6,6,0,32,39,2,120,58,42,0,101,115,5,126,1,98,22,44,0,33,101,3,93,39,11,78,27,1,8,36,101,32,0,15,73,6,56,133,1,2,28,100,54,98,64,67,45,52,117,14,47,103,55,36,28,95,125,32,17,15,1,14,3,95,1,3,0,94,92,45,70,114,70,0,16,0,2,4,2,102,42,19,0,32,1,20,60,1,19,138,8,29,94,0,17,130,20,10,33,100,2,22,2,0,18,36,0,5,53,75,60,12,103,119,83,52,64,27,70,9,1,124,7,34,5,0,84,34,75,73,18,133,0,99,70,48,98,25,5,1,19,121,1,47,0,98,96,77,22,101,8,0,74,75,88,0,1,50,45,3,48,0,40,10,10,84,0,116,126,114,0,3,53,0,46,102,47,0,14,59,59,2,0,9,26,90,11,3,0,81,1,32,54,32,105,1,56,106,129,123,115,81,48,42,69,133,3,100,2,123,9,12,23,101,0,1,3,132,117,87,104,95,25,40,64,77,12,65,1,0,119,0,148,38,28,103,0,11,1,40,80,1,118,45,127,125,105,3,77,71,0,4,89,52,52,88,0,94,23,38,33,74,64,41,44,0,100,32,1,64,26,1,13,112,34,21,91,20,121,4,91,0,92,114,10,22,1,0,143,2,81,1,77,5,99,1,0,111,2,75,132,97,6,92,128,124,6,128,123,3,55,71,67,52,15
Gene2S_144,35,0,151,88,0,31,0,106,148,0,139,120,0,0,10,35,0,57,1,68,4,48,19,98,0,36,131,31,165,137,4,75,0,4,0,0,100,0,27,9,137,0,40,0,3,0,91,0,52,54,2,156,0,1,137,38,162,29,4,28,0,164,79,73,0,62,132,0,33,0,19,2,38,0,152,19,0,0,53,12,3,21,84,0,22,142,52,24,96,23,34,71,0,9,0,85,0,0,0,0,5,162,148,47,0,86,0,2,147,51,42,0,0,69,65,0,0,148,11,66,0,0,16,2,13,47,0,0,0,0,44,27,0,0,0,29,0,19,0,96,163,8,12,155,45,18,0,111,154,48,134,22,152,132,32,168,15,19,1,51,95,143,84,44,0,0,0,150,8,102,0,0,0,138,0,0,19,0,0,15,0,0,3,11,0,72,106,0,0,81,83,0,0,0,151,0,169,115,1,0,73,0,146,2,0,22,99,0,2,165,4,0,5,29,0,133,0,1,152,0,36,0,9,6,90,116,84,100,59,0,84,0,0,20,77,8,28,131,62,82,145,167,28,156,77,130,16,149,0,2,145,0,0,137,0,0,0,11,106,0,0,0,16,30,77,79,145,90,1,2,17,3,0,145,135,42,4,0,6,0,120,142,0,141,9,8,2,144,94,74,10,21,24,0,0,42,157,0,32,22,0,0,0,0,53,112,7,30,0,14,153,0,0,139,66,0,0,1,38,41,0,97,12,30,66,35,0,0,162,0,48,103,14,132,0,0,165,19,5,48,0,2,153,0,56,138,80,112,34,0,82,0,43,3,117,111,5,125,42,137,162,0,57,36,19,0,55,125,150,1,138,1,106,0,62,40,122,0,104,161,139,8,0,0,4,2,91,74,0,16,0,63,9,19,0,45,123,63,154,95,141,0,15,52,151,0,0,160,0,100,0,6,24,98,0,0,111,9,147,3,125,75,0,143,150,0,5,108,4,44,9,85,88,0,145,0,70,1,30,6,0,27,19,148,0,0,30,0,87,6,71,150,2,0,100,93,0,0,30,1,142,181,64,75,76,1,92,1,0,0,1,1,102,148,140,3,1,42,4,28,0,0,0,41,49,16,114,142,76,2,133,66,96,2,0,1,0,0,29,0
Gene2S_145,2,7,0,0,0,4,16,32,0,69,0,0,0,0,13,0,0,0,0,0,23,0,0,0,0,1,0,0,12,0,14,0,1,0,0,0,0,1,0,0,0,0,0,0,0,2,0,0,110,39,24,12,6,0,0,0,0,0,37,1,0,8,0,2,19,0,1,54,18,11,0,0,23,6,0,0,3,46,0,66,0,0,0,0,0,0,5,58,0,33,0,0,0,0,0,0,0,0,11,0,0,66,0,0,0,0,12,0,13,3,4,0,9,0,0,0,24,9,0,0,0,0,1,0,0,0,0,2,9,0,49,0,59,9,39,0,0,0,41,0,0,0,0,0,0,5,0,26,0,0,43,0,0,0,0,0,6,0,85,0,28,80,0,33,0,0,7,0,5,0,0,0,0,1,0,0,0,148,0,11,113,0,0,0,5,0,58,0,37,0,0,0,4,0,0,0,0,0,0,0,0,0,0,0,0,1,3,9,16,0,0,0,25,0,0,29,6,0,0,0,0,0,0,36,0,3,1,114,0,0,0,0,45,2,0,81,15,0,1,0,0,13,8,0,22,11,41,2,8,0,128,11,0,0,2,0,0,0,17,0,0,59,0,10,0,0,0,4,67,36,8,1,1,0,0,0,0,0,0,71,0,19,1,0,18,0,2,26,0,0,98,0,6,1,0,0,33,48,0,134,0,0,1,30,0,0,0,0,0,0,7,0,0,0,0,0,0,0,16,0,0,0,0,1,0,0,7,0,14,0,1,5,0,52,5,0,0,43,0,0,12,1,0,0,0,0,8,0,0,8,0,0,16,46,0,0,0,1,0,37,2,0,0,0,106,0,0,3,0,0,0,0,22,87,1,0,0,5,0,6,0,22,0,0,25,0,0,0,0,0,0,56,59,19,0,15,0,12,0,15,16,1,8,2,0,6,0,50,0,11,0,61,0,20,0,0,3,3,0,0,0,9,4,0,48,0,0,0,31,25,0,0,12,0,1,0,0,32,0,25,0,0,16,13,1,26,0,0,26,0,0,21,5,18,0,0,0,35,1,115,83,0,29,0,104,0,0,0,0,0,0,83,33,0,0,9,1,3,0,28,24,0,26,0,35,1,0,2,0,56,0,0,0,0,0,75,1,0,0,0
Gene2S_146,0,7,4,0,1,9,81,61,4,2,3,0,7,63,0,2,28,0,98,0,13,0,5,17,26,0,50,37,27,7,0,0,29,21,34,45,2,0,32,38,0,0,24,18,24,84,6,13,33,69,1,0,4,0,7,0,59,0,11,0,0,3,8,8,23,6,33,12,1,0,59,1,21,82,15,5,66,0,0,0,0,0,2,44,0,7,0,1,0,0,45,8,12,9,0,0,52,10,0,33,1,0,0,0,9,1,7,3,0,16,16,43,32,0,1,5,1,45,19,0,0,2,12,0,0,56,41,26,0,14,0,12,64,1,122,0,8,5,9,94,0,24,3,9,34,13,9,0,3,9,9,118,1,5,13,2,5,83,0,1,0,0,6,120,9,9,0,20,0,10,5,2,0,0,8,32,128,76,10,3,8,0,0,51,8,6,7,0,0,29,8,0,13,4,19,27,55,15,0,23,70,0,9,0,0,3,0,6,1,21,31,0,0,3,8,0,17,0,0,3,26,0,21,0,27,1,18,6,0,3,17,0,25,0,5,0,2,4,41,0,6,0,36,0,21,76,5,3,0,34,0,64,10,1,1,0,2,0,59,0,2,10,0,27,4,4,0,2,101,104,3,12,38,0,0,0,52,0,12,0,13,6,0,101,1,28,0,0,0,37,12,13,0,1,0,0,0,24,7,14,13,80,11,0,0,43,3,6,4,0,5,7,0,0,4,4,2,44,9,0,55,9,4,4,3,0,0,0,6,0,2,0,54,0,3,0,26,14,1,70,11,7,7,0,3,0,8,28,0,0,0,0,6,0,0,115,0,33,5,0,0,9,102,11,0,57,15,4,77,89,0,0,1,40,0,1,6,0,15,4,0,0,80,44,0,0,16,0,22,0,0,27,0,93,96,0,0,0,33,0,1,0,0,32,22,6,10,4,20,1,15,0,0,6,0,0,11,52,0,0,0,48,0,18,0,0,50,76,21,0,19,38,15,0,0,11,0,5,37,7,39,22,1,28,21,18,1,1,0,44,3,0,0,4,59,0,16,0,3,57,0,9,9,6,3,37,67,5,52,14,34,43,0,0,28,46,12,1,0,1,0,0,10,14,53,5,6,86,0,17,140,7,24,0,45,0,3,9,2,47
Gene2S_147,0,297,284,245,192,190,102,232,284,3,8,161,38,99,61,119,35,42,18,185,1,26,4,26,110,217,58,1,9,0,265,4,230,123,220,146,265,23,260,184,4,179,0,19,98,94,43,3,3,236,292,40,70,23,81,3,0,110,137,186,30,52,79,0,17,154,0,3,44,0,13,38,199,24,73,111,77,147,2,191,1,135,42,151,8,92,61,220,216,152,166,4,55,43,12,191,10,204,37,43,41,0,0,20,0,210,0,186,15,38,7,149,67,108,45,78,126,39,46,0,0,46,241,15,2,75,0,1,143,172,11,10,48,16,56,0,0,194,14,1,35,32,184,16,1,3,217,4,17,0,184,3,6,272,46,154,0,1,44,84,255,87,285,3,108,192,162,75,8,37,31,71,224,276,177,0,49,103,2,147,62,3,8,261,0,55,5,6,42,98,27,2,11,53,1,0,0,20,118,1,30,0,47,174,260,3,81,155,30,221,5,222,0,5,0,19,12,2,87,3,138,0,74,62,0,210,77,188,37,2,0,0,147,218,59,186,43,194,34,252,156,250,47,6,200,20,151,247,142,129,220,68,181,4,22,165,145,269,84,46,6,120,18,218,246,250,82,60,64,262,252,40,90,8,35,272,40,237,0,6,149,35,3,22,129,0,142,23,111,0,265,3,98,111,92,163,0,7,210,97,12,91,82,160,247,180,22,238,122,2,106,2,39,222,43,2,237,5,205,237,213,45,3,84,129,105,1,0,171,212,147,130,128,89,24,2,285,121,19,44,120,269,112,18,184,124,0,64,0,7,7,23,0,1,0,137,182,6,228,78,0,64,19,149,4,265,96,186,278,16,59,157,234,39,70,32,9,232,132,257,5,47,7,107,99,203,77,0,149,245,57,122,197,204,254,14,134,84,13,6,7,83,42,8,91,37,32,1,14,0,221,0,160,21,274,110,33,79,188,112,59,41,57,156,10,240,35,161,3,21,87,208,52,231,1,0,160,67,0,78,281,42,220,0,46,199,35,267,8,34,22,29,0,218,1,7,241,94,168,242,88,0,149,2,132,211,279,270,147,0,2,45,223,16,5,177,121,27,245,118,62,196,140,11,64,61,49,1,168,71,254,190,30,198,76,140,273,0,168,0
Gene2S_148,149,174,0,137,0,0,2,0,0,48,8,107,111,0,54,77,6,2,109,74,6,30,2,148,75,30,89,12,5,0,88,141,225,0,0,48,22,160,3,37,29,0,44,105,0,3,42,0,39,19,64,0,0,93,6,104,1,0,75,113,0,16,7,68,0,46,37,1,16,0,0,80,199,9,66,28,0,65,68,77,42,72,0,23,49,209,0,109,1,36,0,4,0,3,0,0,39,2,28,0,0,0,0,24,63,2,0,97,1,127,56,6,4,109,0,0,120,9,24,21,166,134,0,15,0,0,23,43,80,1,86,69,138,72,0,62,52,230,115,0,0,200,17,55,0,19,0,0,16,28,7,52,77,31,0,6,0,47,3,1,0,118,64,0,115,12,5,19,10,115,130,179,4,137,134,39,141,10,2,0,79,0,193,7,148,0,76,85,123,1,3,7,0,0,65,0,2,102,111,33,13,42,0,99,80,15,7,0,7,97,88,76,95,109,0,0,46,8,12,0,0,45,3,77,36,63,0,26,70,74,4,0,7,20,79,10,47,0,7,29,6,4,36,11,31,1,13,0,76,91,5,22,12,160,7,7,0,6,128,37,0,11,38,1,104,146,52,0,4,0,9,193,2,0,0,4,153,10,0,0,0,1,0,52,31,11,1,0,72,33,173,21,1,14,0,0,159,4,34,0,35,1,0,0,98,34,55,2,18,74,9,36,115,0,51,6,2,2,51,41,37,11,6,0,2,199,86,30,130,43,0,16,3,113,3,148,147,57,39,7,86,231,80,64,24,12,2,42,1,10,123,0,34,102,6,11,124,7,10,48,138,0,1,0,0,0,15,94,79,0,93,7,31,1,9,9,1,99,25,12,0,19,37,7,5,54,0,84,62,52,6,20,2,11,103,5,0,0,12,0,48,8,0,37,4,30,20,34,64,2,0,106,39,0,56,0,0,105,3,38,0,7,48,9,34,59,42,57,91,0,83,3,0,193,21,18,93,0,59,0,37,0,0,4,19,0,168,1,11,1,20,19,0,0,92,43,45,37,128,0,0,0,13,48,114,90,2,120,15,27,0,215,168,84,41,3,4,4,132,48,35,2,63,93,0,46,118,0,56,4,0,0,7,0,0,157,13,17,78,93
Gene2S_149,0,0,2,19,0,50,0,0,0,0,0,0,4,0,0,0,0,26,3,0,0,13,0,0,0,3,2,0,0,0,2,2,1,0,0,0,0,1,0,0,10,0,0,0,0,0,1,0,0,0,2,1,6,0,0,0,0,0,9,14,0,0,0,21,1,31,3,32,0,0,0,1,0,0,17,0,0,21,0,0,1,3,0,3,0,0,0,0,0,0,0,5,0,1,2,0,5,2,5,0,0,0,0,0,0,0,19,0,0,0,1,0,2,12,0,0,0,5,4,40,0,0,19,0,0,0,0,0,0,25,0,12,0,8,0,0,0,3,2,16,0,0,0,0,0,0,7,0,1,31,0,0,0,0,0,0,0,3,0,0,2,25,0,10,5,0,0,0,0,0,4,0,3,0,0,4,0,0,4,10,4,8,0,0,18,6,6,0,10,0,0,0,5,11,0,0,0,1,0,0,0,2,1,9,0,0,0,17,0,9,0,0,0,3,0,0,0,0,0,0,0,0,0,11,0,0,6,11,0,0,7,0,0,0,0,0,5,4,0,0,4,2,0,0,21,1,25,0,0,0,2,15,0,0,8,0,22,12,0,45,0,0,5,8,9,0,0,0,0,26,2,0,0,0,28,0,9,0,0,9,0,0,0,7,15,10,0,0,0,0,19,0,4,0,0,5,0,0,0,0,27,0,0,0,0,0,1,0,0,22,1,0,0,0,0,0,0,0,0,0,0,0,0,0,0,0,0,2,0,8,0,3,4,20,0,2,37,0,4,0,0,0,0,0,0,12,7,38,0,27,0,0,0,4,0,7,0,0,5,0,0,4,0,0,0,0,0,0,18,0,0,0,0,0,6,12,0,0,0,0,6,0,0,3,0,0,6,21,3,7,0,2,0,0,0,0,27,0,1,0,1,0,1,0,0,7,0,3,0,0,0,5,0,1,0,0,3,0,0,34,0,0,4,0,0,0,0,0,11,0,0,0,0,0,0,0,0,0,0,0,0,3,0,0,4,0,0,8,1,0,0,0,0,0,0,0,0,0,0,0,2,0,0,0,0,0,0,14,7,8,23,0,0,18,0,0,31,0,0,23,0,0,0,6,0,0,5,0,0,0,0,0,0,0,0,32,0,0,0,0
Gene2S_150,3,0,42,6,32,53,10,187,29,126,19,108,8,1,22,31,128,23,163,138,5,46,98,98,8,52,70,71,80,81,40,60,140,1,26,22,0,4,1,2,30,173,75,53,44,6,54,1,10,22,0,31,71,28,26,9,3,40,16,8,0,69,0,5,2,160,36,4,79,62,11,44,52,80,79,27,1,44,83,17,37,0,0,196,25,14,23,153,0,120,80,2,79,7,10,5,57,63,0,3,92,12,7,173,183,92,21,95,4,44,2,16,38,2,64,30,14,53,0,177,4,0,100,28,72,28,43,30,179,1,155,66,112,17,24,41,69,26,16,20,69,73,79,50,17,1,100,149,21,85,3,32,16,0,13,112,68,16,66,1,176,17,21,6,9,15,99,42,131,60,56,31,0,5,100,29,100,193,163,4,62,125,32,85,72,28,28,0,48,68,190,3,14,0,1,108,115,59,131,8,0,10,25,6,85,40,73,168,116,95,60,7,29,155,132,21,45,38,0,0,34,74,105,119,0,38,42,140,99,157,3,0,54,68,89,27,5,111,34,80,0,115,124,104,3,163,178,110,0,13,12,67,86,54,2,7,0,6,13,27,199,35,4,62,117,79,13,33,166,43,18,6,71,8,166,3,76,1,25,3,40,48,131,36,52,143,13,43,146,180,1,23,61,0,98,141,140,55,23,38,14,39,25,138,76,126,16,156,1,16,78,0,13,181,1,73,34,15,3,5,113,36,8,126,10,98,52,25,4,89,6,79,5,8,10,84,17,7,100,181,83,26,18,94,0,0,11,146,16,173,8,34,29,78,1,99,66,19,1,139,122,117,90,56,63,125,20,13,70,0,18,28,41,60,114,3,30,28,5,73,1,11,5,63,63,8,26,80,38,103,6,74,35,1,9,9,134,98,156,44,16,127,38,83,119,21,61,0,17,54,63,56,8,81,62,11,34,184,46,9,0,48,17,20,25,11,58,58,4,42,0,67,110,1,2,32,4,46,2,46,0,4,76,6,96,15,131,30,9,36,4,110,134,123,67,2,93,12,6,51,67,1,16,121,6,17,137,20,99,19,3,59,105,112,74,83,149,165,2,25,24,12,28,30,1,45,16,108,5,13,84,52,16,166,64,32,45,8,21,70
Gene2S_151,6,80,1,87,3,65,38,46,17,2,101,108,96,0,6,0,32,68,1,37,2,77,2,4,35,73,39,56,80,47,14,68,41,0,5,13,5,90,0,6,11,0,57,24,13,74,59,69,84,11,48,28,27,6,0,62,13,13,0,4,90,0,2,50,100,19,43,71,87,109,65,48,9,0,23,34,0,3,66,7,48,17,95,7,47,7,19,33,64,18,52,72,90,0,71,9,2,0,55,6,21,68,32,49,58,102,32,41,65,50,0,55,77,97,95,73,9,100,92,23,52,78,38,1,54,7,0,45,79,88,62,0,48,14,28,0,11,23,69,30,13,16,45,20,71,17,5,1,88,73,4,12,20,75,12,80,36,70,104,72,15,5,52,43,36,8,0,45,2,11,109,36,0,21,90,93,23,1,83,3,16,100,51,53,12,41,1,35,110,0,2,0,50,81,0,18,13,9,26,20,10,4,86,47,5,34,13,2,25,0,0,26,8,34,93,3,100,54,18,31,42,59,1,7,74,2,17,26,4,31,7,51,8,98,36,99,4,78,31,78,17,56,18,57,62,4,7,31,46,70,0,8,26,13,62,45,81,50,47,72,35,0,116,28,5,6,71,0,90,29,73,41,24,52,6,8,89,0,9,51,1,54,0,28,24,48,103,0,35,87,0,11,4,45,39,62,30,109,12,106,60,21,82,27,12,36,13,31,104,5,0,32,18,44,14,40,0,88,0,48,20,99,0,109,28,83,86,11,2,70,14,33,4,0,20,4,25,30,79,50,0,105,76,13,38,97,33,85,12,20,13,41,10,54,27,0,66,103,51,36,77,1,2,70,22,7,82,79,68,38,14,60,48,79,45,5,94,83,35,5,0,57,18,19,0,4,14,47,2,22,93,103,12,43,67,4,84,20,86,33,31,18,114,68,83,29,83,84,88,20,18,26,21,37,1,68,0,72,8,0,102,18,3,75,0,16,74,29,17,58,0,4,6,10,4,4,16,46,10,5,33,27,2,26,31,0,0,16,4,44,0,3,8,16,43,58,0,47,0,0,43,58,55,61,0,11,4,11,70,5,0,55,0,7,6,49,28,1,5,76,27,37,73,8,0,70,1,54,52,5,50,103,57,59,69,14,22,18,0,19
Gene2S_152,0,0,0,105,101,267,283,24,245,304,130,292,0,99,0,0,289,208,11,292,10,50,6,283,69,277,0,276,0,258,0,259,260,0,1,211,0,10,256,241,60,5,278,1,1,107,0,196,7,271,1,255,11,0,284,75,0,94,0,285,268,23,3,255,234,261,0,120,46,256,0,0,74,159,11,229,286,0,269,1,246,128,278,11,0,0,0,61,19,302,304,26,265,89,0,6,2,0,0,159,67,274,247,255,268,0,146,39,183,135,283,225,150,80,206,0,222,138,0,0,265,1,21,7,70,6,7,0,0,92,284,22,256,0,262,198,91,6,5,43,41,0,288,0,0,259,262,0,81,0,9,73,148,271,1,54,0,148,248,181,0,281,285,0,2,1,289,0,280,238,142,89,278,182,18,269,2,264,221,210,22,277,248,291,255,164,14,0,252,295,16,48,140,224,0,260,0,4,27,85,265,54,254,270,30,250,2,226,278,0,7,254,264,185,260,132,297,6,244,124,301,0,281,119,215,151,271,0,0,251,30,78,2,55,55,0,34,0,10,88,271,3,305,0,0,30,36,11,17,1,0,264,0,251,0,227,0,0,284,149,267,0,0,51,0,244,1,0,0,0,27,3,52,3,225,0,113,292,286,268,0,91,33,218,0,268,288,126,0,10,55,100,24,266,267,54,0,0,0,252,274,9,267,18,262,21,235,0,0,71,244,0,49,296,2,0,101,0,0,241,112,21,263,0,23,72,139,258,1,268,11,281,0,0,232,276,18,82,0,164,0,140,9,287,265,269,270,0,62,4,260,249,269,0,78,0,6,0,0,6,0,0,300,6,29,64,48,304,0,0,327,222,229,282,254,10,280,206,154,293,0,0,0,3,27,23,0,0,220,195,0,177,105,266,22,196,0,0,0,0,1,0,0,0,275,255,0,0,27,0,172,263,212,297,0,156,53,0,190,224,238,0,293,215,271,273,293,0,296,190,244,69,48,35,2,11,2,225,219,266,115,0,128,0,270,1,0,271,46,289,272,0,204,0,271,264,30,0,210,73,199,0,268,285,0,5,292,0,3,1,217,183,248,281,275,66,292,0,255,245,2,0,37,1,200,168,96,165,53,300,79,81,267,292,75,251,236,169,272,298
Gene2S_153,159,113,120,109,5,0,152,0,0,134,38,148,0,89,0,157,119,120,108,0,8,57,2,25,4,0,0,108,91,146,160,7,102,166,42,74,41,62,73,2,0,34,159,14,156,42,28,85,53,0,81,112,36,142,30,146,0,59,157,0,134,115,130,63,10,23,14,0,133,10,6,142,66,19,2,70,87,142,116,146,0,141,43,45,98,110,93,107,132,90,128,102,154,120,18,4,29,14,97,1,0,0,42,146,153,13,85,130,155,21,170,85,31,110,23,21,5,3,90,3,0,0,29,142,80,18,165,12,30,67,16,29,133,0,173,137,82,150,163,68,156,131,4,92,4,4,109,80,48,8,1,86,0,49,126,132,93,160,105,40,2,40,26,42,101,93,83,11,99,110,160,84,152,154,6,85,166,1,6,69,12,170,167,1,72,137,95,28,99,128,122,136,36,7,0,82,3,135,135,95,3,1,121,0,55,22,69,15,113,59,77,98,11,0,96,10,2,163,7,0,163,126,116,120,125,94,112,124,1,1,0,16,82,13,120,120,1,63,17,121,90,80,137,2,102,150,24,137,118,79,107,102,39,40,0,1,0,35,1,30,173,1,154,21,47,20,0,150,4,158,166,91,0,10,0,46,6,3,129,109,137,20,49,159,3,146,0,35,120,4,135,139,59,93,155,164,7,88,66,163,0,18,8,21,130,67,143,2,28,130,164,6,84,15,151,0,108,0,2,56,136,104,137,1,59,0,0,0,1,72,2,16,12,114,98,99,0,1,14,112,145,57,160,131,0,94,4,73,3,13,34,4,160,91,0,154,95,9,16,159,106,102,0,72,84,74,71,73,146,16,9,68,134,179,121,71,80,4,151,162,76,0,137,0,145,140,6,164,0,71,0,109,79,2,5,102,149,97,21,6,14,50,161,44,24,131,161,87,131,41,117,123,57,151,119,141,35,96,0,0,72,25,27,17,132,61,1,2,31,0,68,157,0,15,6,150,78,47,28,0,0,162,5,3,137,23,2,2,125,1,125,45,32,38,81,6,154,142,0,42,1,111,85,0,112,29,127,63,140,22,137,1,128,66,186,23,32,88,10,14,82,73,129,105,106,39,0,139,27,0,24,0,155,46,10,128,49,87,2,58
Gene2S_154,1,0,24,0,19,4,1,1,19,5,0,0,8,0,6,0,4,17,7,19,6,0,17,12,34,6,0,20,0,2,16,0,29,0,1,1,19,6,0,3,3,0,6,1,3,28,15,2,0,1,0,4,20,15,16,0,1,31,0,18,11,26,44,1,2,0,0,8,17,0,0,0,0,3,7,0,0,8,0,1,43,0,14,1,1,0,21,24,9,0,0,16,22,2,28,6,0,0,1,10,0,0,0,33,13,1,0,15,0,1,8,0,0,12,15,0,0,10,16,2,0,24,0,0,4,21,1,0,17,0,0,0,0,14,34,0,0,0,14,28,7,3,0,12,12,0,6,0,0,16,6,0,5,2,0,0,7,1,0,2,0,0,30,0,3,0,4,2,0,7,21,0,0,34,0,1,17,4,18,7,7,4,0,0,15,18,0,0,28,32,16,0,0,15,0,5,9,6,0,15,0,0,24,14,7,0,11,20,8,0,1,0,0,0,12,0,3,9,10,12,0,10,31,9,0,0,0,0,0,0,13,12,0,6,8,0,0,3,4,27,0,0,0,0,0,4,0,15,14,0,3,1,25,1,0,0,0,2,0,0,0,4,0,0,0,0,1,0,16,0,0,0,8,0,24,6,0,0,29,20,9,3,0,21,3,2,18,17,0,12,11,0,28,3,0,1,6,7,9,0,8,0,7,12,19,8,19,0,31,0,27,9,0,0,0,4,0,0,0,2,3,0,26,16,9,24,0,24,0,0,4,34,5,9,0,10,18,4,0,1,0,8,31,18,13,0,26,0,0,0,10,8,0,2,13,0,2,1,0,14,16,0,34,7,1,1,1,10,8,15,4,0,6,19,13,11,0,0,0,26,0,0,0,3,34,3,0,17,8,0,9,0,13,0,1,0,0,17,40,0,0,19,6,0,0,0,5,13,0,2,30,2,0,1,1,0,0,13,1,10,0,0,0,0,0,22,0,0,0,0,0,0,19,0,0,0,0,4,16,31,0,22,10,0,28,0,42,9,0,15,6,0,0,1,1,0,0,8,1,1,13,0,4,0,5,0,1,5,13,0,1,0,0,0,3,28,3,0,0,7,18,0,1,33,4,0,0,0,10,18,12,0,11,21,1,15,28,14,13,11
Gene2S_155,4,31,14,73,0,31,61,47,38,2,38,2,51,89,1,16,93,1,1,38,9,24,2,54,20,102,21,27,69,32,82,1,37,15,39,7,132,14,4,61,32,28,33,14,28,21,36,79,55,77,8,112,17,11,3,17,0,18,20,8,35,28,17,48,5,25,17,0,39,28,9,1,52,27,41,45,9,11,23,45,104,9,1,38,52,25,37,87,86,14,49,5,16,11,14,69,48,51,0,16,58,43,26,7,57,128,36,21,29,16,7,24,27,34,95,2,51,107,72,8,24,51,72,8,0,47,2,41,0,91,13,3,48,35,48,21,23,24,81,38,41,24,17,22,27,14,48,7,73,26,2,23,5,10,42,46,104,32,30,17,10,15,43,29,14,38,2,106,60,115,32,20,14,13,74,11,5,4,23,62,10,37,57,29,22,84,54,90,11,4,11,69,62,41,40,74,54,27,11,61,14,8,12,54,44,30,3,28,125,7,58,73,78,25,109,4,51,18,86,3,103,6,5,38,0,36,7,43,23,46,0,108,47,35,24,45,23,33,1,43,9,31,29,2,6,12,70,39,67,7,19,9,6,2,36,106,34,4,0,17,4,11,26,6,37,137,109,22,64,25,43,14,29,33,5,51,10,32,37,7,35,52,10,22,42,29,18,47,54,28,6,0,9,22,7,7,77,14,95,94,65,73,5,35,24,119,14,84,72,16,17,24,20,3,82,2,14,43,5,0,89,53,0,1,2,63,23,10,4,60,46,1,19,19,19,15,33,78,14,11,10,89,95,36,65,6,9,83,17,1,45,9,27,60,11,21,26,36,87,56,3,16,21,17,37,59,9,11,36,25,74,112,116,21,40,48,43,86,80,36,18,117,0,8,59,27,36,63,69,3,93,34,47,2,23,13,5,32,12,6,68,11,46,23,20,12,5,40,40,13,8,41,4,18,27,43,2,6,36,35,38,5,24,52,12,17,48,12,1,16,30,35,62,13,6,34,63,3,82,57,57,24,63,17,175,23,56,33,45,5,28,9,39,19,20,129,31,15,20,3,22,3,1,4,47,3,7,74,18,25,29,9,28,50,15,54,42,20,8,19,17,6,19,16,123,36,5,52,93,39,64,21,7,81,65,21,15,22,43,154
Gene2S_156,2,22,2,1,25,29,4,37,27,0,47,1,66,18,59,0,2,10,7,24,33,0,62,19,52,35,0,58,12,23,73,72,96,66,0,5,0,16,5,0,28,0,8,44,32,35,113,128,14,3,3,0,33,4,6,81,56,8,8,5,49,66,19,21,26,4,2,1,0,36,0,9,30,13,2,16,38,42,18,80,32,43,46,16,0,20,12,14,0,42,22,15,43,100,18,0,34,0,3,24,6,21,0,28,18,1,3,15,4,44,63,38,3,29,3,36,1,11,0,26,0,21,30,57,25,117,15,0,32,8,10,15,1,48,0,2,63,2,31,96,68,0,16,21,2,0,0,36,5,8,2,6,85,0,11,3,95,117,4,0,28,2,5,6,75,25,0,1,9,38,20,47,14,13,17,1,12,0,33,0,22,84,111,4,5,0,28,83,23,27,28,30,92,0,5,1,8,1,4,175,5,16,0,18,48,1,0,26,5,0,139,31,3,154,80,1,21,91,15,42,5,0,13,10,157,2,29,20,0,18,4,40,70,15,0,20,0,3,68,57,10,14,3,39,0,1,28,0,16,7,0,3,31,85,0,59,139,42,0,88,3,30,27,32,15,11,0,43,64,1,6,6,78,17,9,110,9,24,23,16,6,38,15,1,0,18,11,28,2,28,36,6,1,2,3,30,71,9,52,3,10,13,4,0,3,3,57,1,103,57,40,12,28,6,5,84,26,1,31,0,2,19,0,72,25,11,82,0,2,40,1,37,8,29,2,4,29,118,5,0,0,0,101,5,87,1,28,12,44,21,12,8,8,2,4,11,16,33,15,18,28,17,22,50,93,5,24,107,61,15,22,83,43,8,1,33,18,5,19,22,10,73,13,11,74,2,5,1,44,14,29,5,19,7,0,8,99,3,6,24,20,185,49,2,5,60,29,5,24,3,29,29,1,5,91,3,73,45,0,12,3,7,19,2,4,2,13,115,0,0,61,7,0,17,29,17,0,11,73,59,52,72,9,17,38,13,9,6,0,45,30,10,37,73,74,12,40,7,45,0,6,3,0,3,2,13,24,0,47,95,24,86,14,98,0,1,84,64,12,2,1,72,44,0,16,55,8,19,0,23,0,0,1,37,39,18,19,16,5,55
Gene2S_157,0,0,45,0,0,0,0,3,0,0,0,0,0,0,4,0,10,0,9,0,55,0,0,0,0,4,73,30,2,0,0,0,0,0,0,138,0,0,0,0,6,0,0,0,81,0,0,1,0,0,0,0,0,58,196,0,0,0,0,0,0,0,0,168,3,0,4,12,0,0,3,0,0,0,46,0,60,0,0,0,3,0,0,0,0,9,0,0,0,76,121,0,66,4,38,2,50,0,2,9,0,0,0,0,0,0,0,0,27,14,0,11,0,57,0,3,0,0,0,3,42,31,0,1,84,0,0,43,0,56,110,1,163,89,0,11,73,0,19,21,8,0,0,0,81,0,0,121,0,0,0,0,0,0,0,190,0,0,0,1,0,0,22,0,0,22,0,0,19,5,0,57,204,96,0,0,0,0,0,0,0,0,50,0,0,10,53,2,0,68,0,1,0,5,0,0,0,0,0,47,0,55,2,38,84,17,36,0,0,132,0,0,71,19,0,0,0,0,0,0,21,0,5,1,0,0,0,0,0,0,115,4,11,4,0,0,0,0,0,0,154,0,0,0,142,128,0,86,32,24,0,2,0,0,0,0,0,6,0,0,0,0,0,58,3,2,0,36,0,0,0,0,0,5,2,0,0,0,0,181,0,0,6,0,0,0,139,5,0,51,0,10,0,0,0,123,0,1,0,160,2,0,0,2,21,0,0,0,1,0,0,0,0,92,0,7,135,13,133,0,0,0,27,0,69,7,43,0,0,0,191,112,0,42,0,40,0,0,0,0,0,0,0,0,30,0,0,27,0,0,17,6,175,0,3,0,0,11,2,0,0,0,0,0,158,17,0,2,0,13,0,0,0,21,26,0,0,13,0,0,0,0,0,0,0,0,4,0,39,40,37,0,4,0,0,121,0,36,0,0,0,0,0,0,0,0,0,0,0,0,2,0,0,0,0,2,1,0,0,1,0,34,59,18,74,0,0,0,0,99,60,13,0,8,0,1,0,0,0,0,0,0,13,0,48,204,0,0,0,45,0,0,156,0,22,19,0,0,111,61,22,0,4,0,0,0,44,0,0,0,0,0,0,0,2,25,4,54,0,0,0,74,0,0,0,0,0,0,0,32,0,0,18,86,52,20,0,0,0,0
Gene2S_158,112,0,0,102,70,0,103,0,41,189,141,0,21,23,0,141,20,0,106,29,21,0,0,1,25,0,3,30,0,0,0,33,127,0,7,14,0,9,1,0,26,25,0,61,0,67,0,33,16,28,172,45,6,175,0,12,0,2,2,6,5,0,0,74,0,0,2,65,27,17,2,0,0,1,23,87,249,4,0,32,0,0,106,11,20,0,0,0,4,73,3,0,3,0,0,0,0,0,1,4,0,194,0,127,14,0,96,0,1,0,18,158,21,0,14,2,49,0,6,0,0,192,55,2,35,43,8,1,19,0,0,0,0,0,0,13,1,74,14,6,78,42,0,3,0,3,14,6,92,46,22,109,19,0,1,0,0,1,27,0,39,48,144,158,0,0,0,0,7,25,5,2,54,0,0,0,27,0,124,18,27,0,11,0,0,0,0,0,0,0,0,55,0,0,0,0,26,7,0,0,19,3,7,14,39,0,50,1,26,1,20,0,0,0,52,0,71,7,34,6,0,174,1,18,0,29,5,1,4,0,0,30,23,101,0,96,151,0,76,26,25,24,2,72,61,0,8,0,9,0,20,7,0,177,0,1,0,2,10,22,1,3,0,0,4,0,1,0,0,0,0,30,0,0,0,0,14,11,23,23,0,2,7,0,55,35,0,75,0,8,5,3,0,0,0,0,6,48,5,0,1,1,4,40,3,0,0,0,2,175,27,11,0,0,25,0,0,0,59,0,0,30,6,0,19,0,6,0,69,5,0,11,102,0,63,21,2,204,47,7,8,9,5,0,0,9,0,176,3,0,0,0,0,0,0,0,33,17,0,99,3,0,0,0,134,43,0,6,0,0,150,159,0,3,0,0,0,84,0,0,90,30,0,48,0,0,0,50,0,92,2,0,1,110,43,1,72,16,5,123,7,0,65,187,22,0,0,24,157,0,0,84,4,9,11,37,13,47,0,0,0,21,0,1,101,0,11,174,24,0,2,27,89,120,1,43,36,50,156,108,0,1,4,1,0,0,0,51,19,120,0,127,0,0,4,18,0,0,189,0,0,3,32,3,22,2,0,15,0,0,66,0,0,0,0,6,18,0,10,0,29,22,34,22,0,3,118,0,2,88,0,78,0,0,0,0,63,0,22,163
Gene2S_159,21,29,16,13,36,3,30,3,15,43,48,7,11,20,35,33,20,18,38,40,23,52,10,17,35,21,11,3,8,4,7,5,20,15,18,11,24,28,18,14,16,15,56,13,28,35,14,21,28,27,38,0,4,18,14,14,59,17,40,10,14,8,5,14,22,20,44,43,13,10,25,37,28,7,0,22,39,46,13,9,3,16,3,12,13,37,4,11,5,16,8,32,27,34,11,3,8,5,42,46,36,34,3,27,8,16,7,21,18,42,5,10,25,19,38,10,0,39,27,20,8,24,15,25,35,34,22,10,10,15,23,21,3,18,7,20,22,2,39,41,8,11,59,22,34,23,22,2,2,26,19,27,1,1,25,10,9,13,2,29,27,34,63,34,21,16,9,59,12,34,13,13,8,35,9,24,18,16,14,20,32,41,6,5,13,16,45,9,19,39,21,19,37,4,0,41,32,32,18,12,27,10,44,28,25,36,12,27,42,44,59,53,10,5,21,6,6,8,9,52,32,55,22,40,47,10,1,46,3,5,31,14,13,24,35,47,20,21,17,2,19,17,47,32,26,31,37,3,2,23,9,6,17,32,37,23,13,26,22,42,44,1,21,6,7,22,7,16,5,8,31,10,13,32,12,5,45,0,19,11,46,23,5,19,50,1,36,28,40,30,41,20,13,36,52,3,44,23,19,12,14,38,27,24,3,0,3,7,41,18,35,8,23,21,23,32,14,8,18,5,44,31,7,23,15,14,27,4,12,20,39,34,31,6,14,15,18,18,27,23,10,16,14,33,20,16,34,32,72,25,7,22,6,16,25,50,30,12,13,16,12,20,33,0,23,16,14,15,10,12,22,13,19,32,13,34,25,6,33,48,13,11,23,34,11,3,7,13,8,30,50,33,15,1,1,24,25,42,26,6,20,6,42,11,15,28,0,41,11,7,22,10,6,27,23,44,13,4,13,27,20,36,15,18,8,34,36,34,2,37,2,46,21,32,24,14,9,19,37,13,27,42,19,49,8,64,48,17,37,7,16,18,7,7,10,7,14,33,30,11,22,49,6,11,18,47,18,18,43,6,8,27,9,28,41,22,30,36,4,16,30,54,6,9,4,4,10,7,17,65,38,9,7,48,0,12,29,19,3,21
Gene2S_160,101,2,18,15,44,83,16,33,78,8,19,27,11,16,32,19,10,50,11,16,63,100,60,33,25,2,16,93,34,74,17,38,7,57,2,47,100,49,78,91,29,32,40,92,28,14,2,31,74,66,38,70,171,19,1,74,70,29,8,15,63,131,70,36,3,61,36,2,34,92,44,0,70,54,37,46,27,39,20,49,89,5,33,38,24,47,64,87,46,23,96,0,10,42,56,71,56,62,60,20,79,12,89,15,47,20,7,31,9,17,34,28,76,156,26,33,60,38,26,59,28,29,29,61,116,69,9,15,6,7,40,14,44,1,45,59,47,13,89,62,31,60,84,17,99,28,24,6,0,0,66,118,36,34,22,102,0,75,8,2,43,1,15,109,40,74,25,106,69,28,35,66,91,18,35,83,9,79,106,48,21,11,89,90,56,13,110,5,30,24,62,121,82,34,66,26,0,46,16,49,93,32,17,20,3,112,35,27,56,18,90,32,9,44,21,58,89,76,35,33,24,10,77,75,4,31,18,19,33,91,22,78,65,15,34,63,26,26,46,37,32,62,27,16,3,1,63,48,33,77,18,21,11,26,42,38,59,82,57,27,110,58,34,36,6,29,71,17,2,47,0,30,93,69,89,32,96,26,37,53,42,101,56,5,10,94,14,42,49,111,2,14,56,108,17,23,9,31,33,74,28,25,60,13,98,34,33,8,53,6,54,2,41,17,80,41,26,77,75,112,64,47,17,3,77,32,145,73,73,39,47,45,86,13,83,67,44,14,14,32,41,25,48,40,2,11,59,22,56,4,100,8,23,37,97,39,3,40,43,2,8,9,22,44,29,58,23,24,34,140,70,51,110,138,96,19,68,18,89,24,71,66,69,104,26,33,37,35,59,33,127,0,87,38,59,93,31,109,57,107,48,45,56,62,32,65,28,18,64,77,64,53,38,18,42,11,133,66,15,33,24,121,32,30,17,34,71,7,76,15,50,34,24,72,37,85,20,11,87,10,51,48,3,28,35,21,21,32,23,70,97,70,74,51,24,1,6,2,0,76,161,68,3,67,58,65,147,62,50,6,50,57,101,27,54,26,21,69,19,81,42,71,99,83,46,30,8,56,12,34,76,34,16,143,58,8,27,23,58,12
Gene2S_161,0,15,36,39,36,0,4,1,31,38,0,41,33,20,1,0,2,12,4,42,23,0,27,31,0,35,4,10,10,32,0,1,36,0,19,30,3,3,1,22,34,31,51,2,2,30,33,34,45,0,34,10,7,5,0,14,12,27,10,7,43,5,0,39,0,13,0,13,36,35,0,0,35,15,0,25,42,47,49,58,17,0,7,44,31,14,15,35,29,1,1,0,29,18,15,0,36,41,39,23,11,2,27,13,3,47,39,2,44,1,1,32,0,45,0,3,0,0,28,36,51,25,24,0,0,49,37,2,6,20,54,23,38,16,32,53,21,0,25,41,0,10,0,14,17,0,9,20,27,23,26,0,2,19,52,53,40,30,1,24,37,7,6,37,0,37,10,21,1,0,39,0,24,29,1,33,7,38,16,26,0,1,44,34,42,5,20,10,6,26,27,38,19,10,0,3,0,29,46,33,5,27,15,37,1,22,18,13,21,23,7,9,5,21,31,43,0,37,0,0,31,10,9,52,18,0,44,31,0,53,8,0,4,0,1,21,43,6,34,0,21,13,0,1,25,0,15,43,1,0,32,40,45,39,18,3,34,1,40,2,11,2,0,44,61,0,0,11,1,29,34,1,0,39,34,6,33,42,2,21,15,1,0,0,5,7,37,14,12,0,23,47,46,25,28,18,27,37,21,44,43,26,0,38,36,15,11,26,57,1,26,2,0,9,15,21,0,14,31,52,27,46,0,26,36,4,44,28,0,18,0,0,1,10,27,0,4,21,16,0,17,20,32,38,0,26,14,0,1,20,19,8,27,42,21,20,33,27,9,0,22,19,26,27,20,3,0,26,1,52,10,29,8,16,0,0,9,1,16,20,10,46,31,36,52,2,42,50,0,11,11,15,2,0,27,0,23,3,7,41,0,36,31,4,29,32,36,22,1,50,49,44,7,11,51,4,37,0,44,31,0,28,9,57,37,0,0,26,5,22,38,10,2,0,12,37,18,36,8,0,38,45,12,31,27,38,17,10,21,19,25,2,0,8,0,42,0,2,32,9,41,42,20,54,47,26,21,16,41,8,24,0,6,11,28,37,35,0,0,38,26,20,31,10,17,0,18,0,1,2,35,24,40,55,27,2,32,4,45,29
Gene2S_162,151,3,0,0,0,7,0,81,0,9,2,3,172,0,0,0,0,68,27,176,19,0,90,0,1,33,174,126,194,4,8,6,0,76,193,1,0,0,5,0,170,84,112,189,0,159,27,37,166,3,10,0,0,100,98,20,171,0,0,77,94,0,156,0,0,1,88,141,0,0,65,13,7,12,123,2,167,138,8,0,3,0,0,161,0,0,50,5,156,0,32,0,140,122,183,0,0,164,0,74,107,129,0,64,3,94,183,7,171,46,0,90,94,0,0,0,41,0,3,26,17,0,0,101,0,0,5,0,0,1,98,15,0,161,171,57,0,179,118,7,1,0,0,158,0,0,39,135,0,10,0,0,32,0,81,0,0,0,3,22,21,63,0,86,0,0,0,92,0,0,5,3,4,160,123,0,21,15,22,0,20,31,112,0,0,149,25,7,8,0,156,21,0,0,0,0,100,89,0,107,0,0,14,60,0,3,68,54,0,0,0,166,3,144,172,0,138,1,158,0,4,0,99,0,50,159,2,0,0,0,24,52,94,0,1,65,0,0,14,8,0,0,0,0,6,0,115,174,6,0,0,162,146,7,35,0,0,0,12,5,0,0,0,16,62,108,0,0,2,131,0,13,0,0,1,0,180,174,71,140,0,168,0,162,46,157,2,0,90,70,0,3,156,85,125,166,6,25,0,66,0,90,143,0,0,0,101,15,95,0,37,132,183,0,0,1,0,129,36,0,0,90,129,0,0,0,38,0,26,97,0,43,0,0,1,0,10,67,0,0,17,0,31,0,0,0,106,0,0,0,151,0,0,163,0,54,0,0,27,27,0,170,5,3,0,72,0,0,38,0,0,2,42,25,0,6,6,9,0,37,0,0,146,169,177,112,20,175,180,101,0,0,125,4,0,0,38,60,0,169,0,2,81,9,0,108,0,4,0,7,0,176,5,22,68,0,8,72,0,0,30,0,0,106,14,68,62,43,19,4,0,0,76,56,0,178,85,0,1,2,0,0,29,152,170,0,10,0,164,54,36,27,22,0,0,73,31,157,73,8,3,0,20,83,0,4,52,0,37,15,14,0,17,0,0,0,0,170,0,23,0,0,2,110,111,142,9,12,74,0,1,179,0,0,3,80,176,32,2,0
Gene2S_163,52,17,1,78,278,43,52,0,0,10,72,10,53,87,245,295,41,9,0,80,172,9,210,233,76,6,37,123,256,6,231,0,2,84,0,17,0,286,261,80,159,2,59,42,168,2,0,184,239,102,63,153,4,0,65,228,15,169,126,123,5,0,4,1,0,34,31,0,43,0,243,155,109,3,281,1,2,1,0,196,294,7,37,0,266,155,211,258,37,248,6,6,207,16,79,309,86,50,81,3,0,156,5,168,5,85,139,112,0,24,102,0,281,8,0,0,266,6,2,58,292,204,0,44,138,95,49,13,46,125,112,59,0,96,265,5,270,299,242,0,234,13,1,19,7,112,92,69,0,93,59,2,82,301,18,34,239,90,0,26,1,55,22,134,147,0,171,260,5,250,5,33,0,50,0,208,270,0,0,4,303,255,1,251,64,1,247,281,0,282,4,158,6,0,262,8,41,99,275,106,291,222,302,137,232,101,0,6,92,181,165,258,79,42,96,0,0,107,158,139,171,4,23,0,77,38,82,108,11,0,3,3,12,1,0,194,0,3,20,219,258,199,49,1,237,4,93,1,162,0,86,3,131,80,226,115,1,0,15,0,261,260,174,200,167,36,64,1,18,192,242,260,0,295,0,1,14,1,279,91,0,19,0,126,0,61,109,187,0,141,3,203,0,1,3,102,0,51,56,0,185,22,157,58,11,7,2,0,0,169,224,17,187,312,140,0,0,128,0,54,0,20,52,38,47,83,2,164,161,6,189,118,7,193,31,0,163,276,160,0,9,0,145,2,64,301,12,0,41,65,0,97,280,0,264,48,95,0,169,231,3,26,51,288,8,35,0,16,242,0,81,256,25,1,0,251,76,0,255,294,21,22,170,258,215,195,63,228,24,63,241,221,0,38,206,0,166,90,195,149,212,252,34,2,37,0,0,27,204,6,9,154,1,0,61,64,182,50,74,192,73,9,163,75,261,11,119,265,0,10,6,0,182,0,0,5,78,0,288,0,44,0,69,224,34,0,0,30,228,21,143,101,110,224,211,5,0,2,126,230,276,21,63,0,90,194,12,0,2,11,1,90,230,292,0,207,5,98,263,66,0,88,71,44,4,0,10,66,118,25,95,42,145,235,6,31,62,90,105,14
Gene2S_164,93,79,0,0,6,0,23,0,3,0,160,0,131,0,0,3,0,18,0,1,114,0,88,1,56,38,0,0,148,0,0,0,4,62,84,0,18,4,62,0,164,0,11,0,65,0,0,3,76,0,9,16,0,3,68,0,0,0,0,0,0,0,0,0,0,131,0,55,0,0,96,2,0,1,0,47,0,40,0,0,6,9,60,0,6,0,0,194,0,51,71,4,0,80,0,39,103,66,76,0,7,79,0,6,3,0,23,0,12,154,92,0,164,80,40,10,0,0,182,0,1,0,1,0,16,1,1,33,12,8,0,47,128,0,4,0,2,45,14,0,1,2,39,1,0,11,53,0,0,10,19,0,128,0,34,4,102,39,0,1,0,0,58,0,0,1,0,0,0,171,0,15,7,0,79,0,61,1,0,36,0,0,0,96,98,1,0,23,57,13,47,4,45,4,3,128,0,194,27,0,0,187,40,2,116,10,0,0,1,54,0,5,1,0,0,0,105,2,191,0,0,9,12,6,0,26,143,0,8,13,0,0,7,6,0,0,2,0,8,0,0,120,13,0,137,0,0,12,0,15,0,12,6,3,43,0,0,120,120,0,0,0,45,4,116,1,0,0,1,0,169,0,0,95,32,3,172,0,0,18,0,53,0,16,0,0,127,0,2,104,108,0,0,0,9,0,46,0,4,3,0,4,117,0,0,143,141,62,1,4,67,176,0,10,2,0,93,1,0,0,0,0,19,0,0,0,0,0,0,0,0,0,5,0,101,0,32,0,8,0,10,9,0,0,0,5,0,73,1,5,0,0,22,0,105,0,0,3,0,8,0,0,0,0,2,0,0,18,9,0,0,16,1,0,14,0,54,14,1,2,1,0,171,23,0,180,0,0,0,0,0,0,219,0,0,23,45,0,20,0,1,0,0,53,8,0,0,28,27,42,119,0,0,16,12,0,48,0,0,0,0,0,3,0,0,84,26,6,196,29,122,32,9,64,0,1,21,0,47,0,0,0,9,0,113,21,0,1,0,176,1,0,23,47,0,21,0,0,0,7,0,93,0,0,0,0,28,0,0,4,0,34,0,6,1,0,21,9,0,94,142,0,117,0,40,0,0,65,120,67,0,112,37,2,2,0,8,58,0,0
Gene2S_165,13,14,0,123,0,0,21,26,72,0,21,2,135,126,109,79,7,60,2,132,5,24,66,36,2,0,0,36,0,10,131,0,13,0,0,133,18,0,89,72,0,0,0,0,169,16,0,55,110,118,0,117,0,0,0,13,49,0,95,52,105,0,15,50,106,53,0,0,7,0,6,0,0,13,39,0,2,72,46,0,2,3,56,1,106,0,3,97,0,21,4,53,0,50,63,37,119,2,15,3,71,1,45,0,75,75,28,101,2,0,86,0,128,0,0,0,1,133,139,0,170,0,0,0,40,14,10,52,27,0,8,148,146,16,7,0,2,0,3,34,12,0,3,20,3,148,49,87,15,49,28,21,0,13,0,17,0,0,0,72,66,43,0,7,39,23,20,0,5,8,0,0,46,2,33,129,1,0,0,0,33,6,0,3,8,0,118,38,14,0,145,0,110,0,3,84,132,125,0,12,4,10,1,0,0,44,0,128,58,128,10,0,133,47,20,0,0,0,14,118,5,45,21,3,2,129,2,48,110,24,0,23,148,0,33,126,94,73,1,0,3,7,0,41,110,43,0,152,152,9,100,22,16,59,86,0,46,108,0,0,0,151,4,0,133,123,0,25,35,3,12,89,114,2,6,117,0,112,2,8,56,73,39,1,163,5,14,0,0,7,6,0,26,81,1,0,0,111,26,9,120,6,15,0,127,151,111,62,5,0,158,0,129,0,15,64,125,4,22,4,0,113,76,2,2,0,0,21,0,0,0,0,0,3,12,5,143,0,0,9,121,27,18,0,17,0,33,7,0,0,143,13,85,20,28,0,39,0,40,140,0,109,11,0,0,20,51,0,0,2,82,0,57,0,5,13,0,1,0,86,0,0,36,0,0,12,140,79,0,0,0,44,0,35,40,138,30,0,67,1,0,9,1,49,51,0,131,12,63,46,0,12,12,6,0,129,0,68,135,0,117,98,0,0,45,30,0,129,0,27,0,0,11,26,92,140,0,61,46,52,61,123,1,36,8,26,124,136,68,11,0,135,0,153,0,0,0,20,0,0,8,108,83,23,52,119,0,0,0,31,55,1,0,3,7,0,0,87,44,0,0,16,0,4,119,74,0,0,67,0,56,2,14,3,106,0,0,134,15,0
Gene2S_166,0,41,23,31,0,59,0,13,16,0,0,2,15,45,0,72,0,8,16,6,0,0,0,0,29,1,23,0,0,60,29,21,15,11,9,21,0,0,54,56,3,0,9,16,0,0,17,0,0,6,3,33,0,8,1,0,1,23,8,1,0,25,5,38,15,0,0,71,0,15,15,2,24,0,69,0,4,6,0,0,0,34,5,0,0,1,49,24,0,0,3,0,0,6,61,0,0,18,0,7,0,31,10,0,0,5,8,18,0,4,48,26,12,26,0,0,2,0,0,0,0,0,0,7,3,0,0,30,6,65,30,0,2,3,28,37,6,3,15,49,0,1,25,0,1,0,71,1,64,21,0,51,2,18,0,50,7,0,0,32,0,1,21,25,1,37,0,70,0,0,0,0,0,0,16,0,0,9,1,0,0,0,0,30,27,0,4,16,13,22,54,0,0,4,0,0,0,1,8,0,0,0,0,1,66,44,0,0,24,0,0,2,6,2,49,0,0,13,1,53,23,4,0,17,1,0,0,4,36,6,44,9,0,0,0,0,54,1,22,15,2,0,0,22,2,0,23,17,0,59,2,0,26,0,23,5,0,0,65,0,82,18,25,0,1,3,70,0,0,18,3,0,1,0,0,0,16,0,0,0,4,0,0,0,66,0,60,27,5,1,9,59,0,66,17,0,0,0,8,56,12,18,0,9,0,0,27,0,0,35,0,0,53,24,0,0,0,8,0,0,0,0,18,3,0,70,2,0,24,0,12,1,0,54,0,0,35,0,0,0,74,15,0,4,0,37,0,0,8,0,18,15,2,12,0,4,33,0,31,0,6,4,56,1,0,6,15,17,0,19,53,64,0,0,2,10,9,68,0,4,26,1,0,0,0,0,0,0,44,0,0,0,18,1,0,2,34,3,0,0,0,8,8,0,19,5,1,47,13,0,1,8,0,5,61,0,8,1,0,0,0,68,2,11,1,0,0,0,21,10,53,0,18,16,4,0,2,58,0,20,12,46,0,0,40,0,42,2,0,19,0,39,59,0,62,0,0,43,57,2,0,2,0,39,7,0,15,11,47,0,0,55,0,61,47,1,0,0,53,0,0,0,0,0,0,10,1,0,4,1,0,41,68,42,67,0,48,24,0,18
Gene2S_167,18,0,193,0,0,85,0,3,161,236,51,1,0,0,206,0,150,0,77,0,133,0,104,1,208,106,200,184,198,180,8,4,49,146,17,78,219,18,2,0,0,198,0,189,133,0,56,0,1,8,214,70,3,92,78,205,70,197,31,199,4,22,5,0,10,123,211,0,0,0,123,18,0,175,0,184,162,0,0,8,45,60,5,222,0,82,60,0,5,0,0,13,87,141,200,3,127,0,34,231,74,189,195,212,36,177,33,0,0,9,58,0,0,129,0,0,0,60,203,0,0,10,5,0,0,0,187,78,215,104,10,6,0,1,181,175,170,33,0,0,0,126,17,14,6,1,0,0,193,214,210,0,211,168,211,0,0,0,2,0,180,42,0,107,13,0,193,163,0,36,213,27,200,0,34,0,0,85,4,171,0,29,211,225,0,184,208,0,197,1,192,0,207,0,196,21,10,0,202,2,178,3,51,225,20,165,0,0,10,237,119,0,0,191,0,0,22,0,0,190,27,147,20,118,31,0,79,48,7,0,0,204,22,212,199,0,177,2,225,0,5,55,12,0,2,206,34,0,0,0,55,196,196,163,210,0,27,20,0,0,179,2,0,50,2,19,31,187,1,176,0,0,0,0,0,0,112,179,209,90,208,117,0,0,158,30,111,31,12,0,187,0,176,187,1,208,0,135,149,181,35,7,21,45,0,80,0,237,0,175,1,82,0,0,206,69,218,0,1,1,169,210,0,210,35,115,2,143,0,175,0,66,0,207,63,212,60,0,10,0,11,112,15,186,0,189,8,152,197,48,5,111,0,0,0,16,0,0,0,58,144,200,5,0,0,4,0,163,0,72,212,180,43,97,18,190,0,13,57,1,210,136,28,21,29,185,18,185,27,12,194,0,0,36,198,0,2,190,48,0,0,188,218,197,87,0,57,0,178,150,202,206,167,19,176,183,39,159,155,36,11,15,1,198,4,3,13,189,152,11,12,0,53,33,0,6,72,0,67,183,148,0,206,84,161,15,194,6,223,133,15,59,190,0,202,0,0,10,168,0,89,0,5,0,201,183,0,186,56,1,206,23,106,0,74,165,200,205,0,40,3,3,0,201,0,190,197,135,169,74,1,24,6,0,152,138,0,140,146,60
Gene2S_168,2,24,14,3,2,18,15,18,15,0,1,0,11,1,4,32,5,11,0,1,17,0,11,0,14,6,18,2,5,21,8,10,21,17,35,11,2,17,3,22,12,0,2,2,8,13,13,3,8,21,24,24,18,20,19,7,0,0,0,3,23,2,20,11,3,31,14,15,0,0,10,23,0,21,2,8,7,12,2,16,4,29,0,15,19,9,26,12,0,0,2,0,5,2,0,27,0,0,2,6,0,0,1,17,30,0,36,21,6,32,4,1,0,16,7,0,6,1,15,5,17,11,15,24,0,7,12,7,0,24,4,9,0,4,3,2,5,3,13,23,4,12,33,0,6,0,2,11,3,0,1,28,16,34,13,16,23,0,1,11,0,0,18,0,8,3,19,11,3,0,7,38,5,8,9,0,1,1,1,15,12,25,16,32,2,2,15,8,2,16,22,9,1,14,0,8,9,1,0,2,22,0,13,13,1,0,0,25,5,24,0,0,33,7,5,0,2,0,5,43,7,24,28,12,18,29,8,16,6,0,0,20,6,0,32,19,5,0,8,24,15,2,28,21,14,42,6,5,39,4,18,15,4,16,21,7,0,41,0,7,5,3,37,6,4,0,3,1,3,1,33,3,4,6,2,0,4,33,7,3,3,2,8,0,21,3,0,15,0,0,8,35,12,2,7,18,0,1,13,4,4,4,15,5,4,0,2,32,2,0,2,0,1,0,18,25,1,2,15,11,34,24,21,13,21,36,24,0,19,31,0,0,0,10,15,19,15,2,11,8,3,27,12,3,12,12,26,0,4,28,4,2,0,4,9,13,15,11,31,9,40,3,13,0,1,0,7,0,2,6,3,1,25,1,15,24,12,0,19,12,30,8,0,0,6,32,10,6,30,21,7,36,1,11,11,3,4,23,10,2,0,33,23,0,4,0,26,4,22,0,4,11,13,15,16,2,14,0,8,0,1,38,22,29,3,42,11,3,11,0,0,26,0,3,0,0,11,14,0,0,4,0,36,12,2,24,4,0,2,16,36,21,21,13,14,33,26,22,10,0,25,9,1,2,4,18,4,19,17,31,0,1,0,32,6,21,12,34,12,2,8,2,12,21,13,3,5,2,0,38,0,33,8,2,13,9,36,10,33,2
Gene2S_169,209,202,0,47,221,0,176,201,187,12,0,0,0,0,39,150,0,19,0,171,237,3,173,0,0,0,163,8,115,0,0,134,76,0,0,0,0,0,0,169,0,23,170,1,0,0,10,112,0,173,56,0,202,0,199,0,0,0,63,0,173,0,66,128,2,0,184,4,0,0,0,0,233,0,190,107,200,0,7,23,0,28,0,0,210,0,0,0,179,0,80,200,0,235,0,46,197,0,0,74,218,0,0,6,0,0,225,3,35,0,211,191,198,179,196,157,127,208,0,1,0,83,0,0,0,190,0,51,0,112,234,191,81,0,0,205,12,0,145,2,0,198,185,34,0,80,208,205,0,30,24,50,0,0,4,216,146,174,0,0,0,3,0,229,0,109,0,0,15,0,0,0,94,0,19,2,0,125,191,189,0,0,39,4,74,200,8,5,216,0,0,136,8,0,0,0,0,0,136,204,165,0,181,0,0,169,0,188,0,147,0,2,0,0,0,0,0,0,0,185,23,0,144,55,61,139,164,119,12,0,87,186,0,227,149,95,0,189,160,0,0,17,2,1,0,96,0,40,0,1,12,158,129,0,219,181,0,23,0,0,0,194,188,88,13,0,0,0,215,0,0,0,0,0,92,1,0,4,129,174,0,0,0,0,0,36,140,124,0,23,1,209,0,26,0,2,9,0,0,0,117,6,3,0,18,2,1,0,0,0,141,0,0,179,2,0,0,161,0,10,15,0,18,75,1,193,0,41,3,66,182,0,207,7,39,100,59,0,0,215,0,0,182,201,0,0,24,0,125,222,0,0,0,78,214,18,0,0,0,0,0,223,22,0,213,74,0,27,12,26,52,11,0,2,0,0,0,13,0,197,0,6,0,29,218,145,54,75,186,0,0,0,228,154,0,223,201,2,0,191,15,0,17,190,248,7,0,0,211,28,19,0,0,0,0,19,195,0,0,12,38,172,29,0,216,195,109,70,0,8,0,6,0,201,13,0,142,185,18,0,210,109,203,131,131,0,0,0,229,0,0,8,5,0,0,6,197,0,0,0,0,101,17,207,3,0,16,0,15,0,0,0,0,153,0,112,199,195,167,202,0,1,104,8,212,195,0,154,5,0,57,0,233,212,0,0,0,0,0,29
Gene2S_170,217,0,178,0,223,0,0,225,1,0,1,0,0,0,0,0,178,0,246,0,166,0,49,0,0,26,79,0,0,0,0,0,190,40,0,0,255,25,0,34,0,0,245,223,0,0,0,255,0,0,0,0,242,0,0,0,43,6,0,0,0,0,0,190,0,0,4,2,0,266,0,18,0,244,236,276,0,0,0,0,266,244,248,246,0,0,0,234,0,251,126,0,209,122,0,0,0,0,1,130,0,33,143,0,54,284,0,60,0,265,0,212,0,3,0,129,0,6,0,171,218,11,0,231,0,0,257,0,0,214,0,0,0,0,108,0,216,0,230,192,182,0,0,119,0,86,10,0,0,0,0,162,0,253,0,227,256,0,245,0,0,0,0,0,241,0,206,213,1,0,0,0,20,240,188,0,0,0,0,231,122,164,0,0,0,0,6,1,22,228,0,0,23,0,231,87,0,0,252,35,120,0,31,242,253,248,0,0,10,182,251,0,0,0,0,51,252,0,0,108,0,228,10,0,228,0,0,32,0,0,168,0,0,0,255,9,139,50,12,77,263,0,1,228,0,3,0,229,232,0,0,0,56,0,0,1,0,7,0,0,247,0,255,0,0,0,260,0,61,0,138,94,176,0,246,0,0,0,0,240,8,0,0,0,248,259,186,241,0,95,0,0,237,0,0,181,0,0,274,213,2,32,255,0,0,0,0,164,0,0,0,0,0,4,3,0,10,0,0,239,0,0,0,0,0,15,0,0,0,0,262,0,0,237,0,0,0,0,0,0,0,0,0,0,0,252,50,0,149,0,0,22,59,1,0,0,73,220,226,0,0,244,2,219,0,3,8,0,0,2,0,0,14,6,219,0,10,0,0,1,0,29,0,20,0,239,244,222,0,0,0,0,0,0,0,0,232,0,22,171,39,0,256,179,132,48,6,0,1,0,240,75,0,242,0,245,192,213,274,0,85,28,19,200,0,231,270,21,185,0,0,254,0,0,241,1,0,169,0,13,0,0,213,0,242,254,0,0,0,0,0,241,0,0,0,0,47,0,92,0,0,39,0,0,0,251,0,0,264,0,0,147,0,251,121,21,0,76,0,0,0,0,257,269,0,0,0,25,0,9,0,195,0,0,0,0,0,236,0,216
Gene2S_171,0,0,0,0,18,0,0,0,0,0,24,1,0,0,0,10,15,0,2,68,0,0,75,0,33,0,5,0,3,0,0,0,0,0,0,0,0,0,0,0,0,0,1,0,0,8,0,0,0,0,0,20,0,1,68,0,0,11,0,0,0,0,0,0,36,13,0,0,11,33,0,5,0,0,6,60,0,34,13,2,0,0,57,37,7,59,0,0,2,0,0,0,0,8,16,0,0,2,32,67,0,0,21,0,0,0,1,0,0,4,31,0,6,2,1,0,21,0,0,0,58,0,0,79,0,15,0,39,0,0,0,0,0,0,4,0,1,0,0,0,0,15,0,0,0,0,0,6,0,73,0,0,0,0,0,0,0,0,0,0,0,0,0,3,70,46,0,0,2,7,13,0,1,28,0,0,0,0,17,0,0,0,0,0,3,0,0,0,0,0,0,0,0,8,0,4,5,0,0,0,9,0,19,0,0,43,0,0,0,0,32,0,0,0,44,0,16,0,0,0,0,14,3,0,0,0,0,0,0,0,0,0,0,0,0,24,0,38,5,0,46,0,0,0,1,54,27,0,47,4,0,0,0,0,0,0,0,0,0,0,0,0,0,6,0,4,0,0,0,0,28,0,4,0,6,1,0,13,9,0,0,0,0,0,0,0,0,0,9,0,0,0,0,0,0,0,0,0,0,4,1,0,0,0,0,0,0,77,0,0,0,0,1,2,0,0,4,0,0,0,0,4,0,64,0,1,0,0,0,1,0,0,0,0,0,0,0,0,0,0,0,0,0,65,0,0,2,0,15,72,18,0,8,0,0,43,12,19,0,0,1,0,62,0,0,0,0,0,0,0,0,0,17,26,13,16,0,0,0,82,0,1,0,0,0,0,8,0,0,0,23,0,0,73,0,3,0,0,0,0,0,0,0,0,0,0,0,0,0,0,0,0,0,0,0,6,0,0,19,0,14,0,0,0,0,0,0,0,0,0,0,0,0,0,0,0,0,30,18,0,0,1,3,0,1,0,0,2,8,0,0,0,57,8,0,0,0,0,0,0,0,0,0,16,0,0,0,0,2,0,0,0,5,2,0,0,0,0,0,3,0,0,0,0,67,0,0,8,0,0,0,0,0,3,0,0,24,0,2,0
Gene2S_172,0,0,0,1,0,4,25,0,0,0,4,4,0,0,0,0,121,5,4,0,0,0,0,0,1,0,0,0,0,20,74,217,13,0,0,195,216,0,210,1,206,0,0,0,0,0,1,0,0,0,0,0,0,0,86,12,49,0,0,0,0,0,0,10,0,209,2,111,130,0,0,0,0,58,0,184,0,0,0,100,76,0,140,0,229,0,0,0,3,226,226,0,0,0,87,0,0,154,0,0,0,0,0,183,0,0,214,5,0,0,0,176,0,202,0,3,0,0,3,1,0,0,0,13,0,0,0,0,0,0,0,3,0,0,0,0,195,0,0,0,28,202,0,0,0,27,0,239,0,0,1,11,0,19,218,0,0,226,4,0,0,207,0,0,0,0,185,0,2,210,0,50,176,0,0,0,0,210,8,0,0,0,0,4,0,2,222,235,0,0,0,47,0,0,63,0,0,0,51,0,0,179,78,243,8,221,0,145,211,0,171,0,0,0,0,0,170,0,0,217,0,0,3,229,2,0,0,68,200,0,3,0,0,0,13,0,201,22,0,0,226,227,0,148,0,0,60,32,17,0,13,0,143,0,102,229,0,10,33,213,195,179,215,0,0,0,39,120,0,0,0,203,10,188,0,0,0,0,0,0,122,0,231,1,143,0,0,0,0,27,0,0,25,1,0,0,0,194,132,177,215,12,0,0,0,0,0,0,250,0,0,165,2,39,0,200,0,89,9,228,150,61,21,69,185,0,0,217,0,0,200,70,0,0,0,11,0,0,247,12,0,64,7,0,204,6,205,0,0,0,0,0,1,228,0,0,142,0,103,231,0,193,0,0,0,3,0,0,0,0,14,0,0,0,0,214,175,0,0,0,33,23,200,0,0,0,199,0,0,0,204,47,0,37,178,0,5,0,115,0,0,0,0,0,0,0,239,93,7,126,0,0,0,94,2,0,149,132,0,48,7,0,0,4,0,95,14,0,0,0,0,0,0,90,0,0,0,0,0,33,0,107,132,0,84,0,0,108,0,0,75,0,63,28,0,0,0,0,0,7,126,0,0,0,6,232,0,206,0,44,0,0,39,199,136,0,0,15,0,19,26,0,83,0,0,179,0,22,0,0,0,0,2,0,87,77,0,0,18,156
Gene2S_173,6,38,20,87,36,4,23,7,67,16,13,0,12,64,0,34,70,36,35,29,10,12,90,17,9,14,75,86,51,0,39,3,3,57,5,19,6,8,57,16,16,12,12,68,41,41,73,71,54,66,29,69,14,22,84,38,13,19,33,17,76,23,48,106,27,23,52,14,68,27,31,0,12,11,17,26,22,31,3,5,1,24,58,21,2,6,56,26,3,4,18,67,31,90,20,14,19,98,83,11,38,19,63,51,3,2,0,60,65,9,51,11,64,16,27,35,0,28,55,38,84,55,20,79,60,116,40,17,73,43,101,12,60,27,63,27,80,72,25,42,22,116,82,16,3,34,24,3,22,6,47,72,90,69,0,2,18,27,41,9,7,6,72,74,20,42,34,30,6,8,5,16,3,29,42,14,86,12,26,4,78,1,71,24,13,82,4,8,69,115,25,1,38,6,67,61,29,2,20,59,9,63,2,8,8,0,23,42,39,50,40,38,6,27,29,21,1,36,93,28,68,0,1,20,63,54,49,45,35,76,18,13,23,85,22,22,8,0,57,24,31,17,57,2,2,71,47,5,13,33,12,9,53,39,32,52,11,125,10,2,29,75,126,45,4,4,37,8,49,30,41,78,28,16,11,119,12,3,1,106,33,40,53,52,14,94,1,15,47,29,11,11,76,19,33,52,8,20,34,90,24,67,16,2,3,51,39,4,1,2,25,64,54,49,117,106,126,78,12,27,2,69,25,18,35,42,30,66,4,9,0,57,29,18,1,20,42,38,42,70,8,82,60,12,1,11,9,11,71,29,0,113,29,18,117,5,2,76,38,32,84,26,71,46,85,10,14,16,16,24,9,78,11,14,63,65,17,70,42,12,35,5,92,6,9,80,1,40,17,40,56,26,18,7,56,43,14,78,21,0,54,21,39,19,7,28,92,39,34,58,26,36,9,49,47,99,30,56,68,53,26,28,89,12,52,14,90,21,0,83,107,3,41,92,25,63,32,62,56,13,59,71,67,32,92,25,4,79,71,37,3,17,120,41,29,24,32,15,3,37,19,74,74,18,104,3,27,55,99,38,87,12,7,2,77,13,15,51,21,16,26,67,19,20,54,109,1,34,14,3,0,34,17,38,13,6,49,134,43,32
Gene2S_174,225,0,157,273,56,3,256,0,88,232,0,40,0,288,257,119,0,45,1,3,140,0,8,92,150,1,240,271,5,42,168,72,3,33,0,267,248,84,41,137,73,186,207,209,127,155,4,34,85,4,8,143,223,223,0,8,76,265,1,3,159,80,248,213,0,16,261,170,7,0,223,0,260,226,262,75,9,294,62,222,20,279,12,0,225,176,49,79,0,1,5,1,49,201,8,240,90,274,72,34,280,136,55,268,158,26,245,11,0,1,119,155,32,1,57,132,39,6,3,4,68,123,1,275,263,3,245,237,165,187,68,34,275,230,210,0,229,82,252,2,268,268,55,176,264,0,3,5,0,236,163,88,17,233,0,109,90,0,34,279,252,0,252,209,23,272,209,26,273,13,100,59,171,29,110,69,197,235,213,221,0,10,0,1,28,25,51,67,225,259,21,9,0,268,0,124,163,68,0,22,74,152,198,12,42,215,116,264,132,25,44,11,26,0,128,252,87,235,264,247,142,215,5,74,223,46,252,30,3,42,6,32,4,148,185,238,21,0,0,1,256,117,1,91,44,195,22,189,262,101,86,42,4,18,0,5,112,247,41,103,4,50,9,20,4,224,117,54,177,269,44,76,33,234,23,131,0,134,43,0,81,179,141,17,167,292,0,113,0,169,282,12,270,82,119,250,286,272,230,237,7,9,186,54,82,2,39,171,218,27,183,15,199,22,3,31,275,197,229,1,5,9,235,9,122,263,107,33,65,180,53,26,262,229,6,155,186,20,159,19,0,84,209,0,176,278,258,87,9,79,17,28,11,7,0,94,245,115,280,155,11,203,196,267,3,0,14,0,83,70,134,183,34,31,141,283,10,195,228,235,168,24,234,69,0,142,26,161,34,9,7,189,7,105,0,225,219,57,259,153,15,91,0,225,234,0,0,124,243,175,135,35,266,114,176,63,118,29,211,177,149,37,50,32,97,185,46,136,175,79,251,56,18,92,1,170,83,124,0,211,84,44,9,94,12,104,184,17,14,142,0,190,159,27,28,178,145,23,115,274,50,0,245,0,27,165,0,189,274,0,0,110,279,250,196,42,93,203,1,180,252,147,1,0,257,44,129,10,78,133,32,180,9,229,266,262,0,281,120,139
Gene2S_175,35,0,0,0,31,1,0,54,0,0,9,78,0,19,0,15,0,0,4,70,9,0,0,63,91,0,0,23,0,0,0,6,5,39,0,36,0,0,5,11,0,1,0,15,0,0,54,0,16,40,0,2,43,0,0,0,0,34,0,3,0,23,27,12,11,0,1,14,0,105,1,27,1,0,24,0,4,7,0,3,87,0,0,0,11,31,0,0,0,0,8,0,0,24,3,13,0,97,89,6,0,98,0,97,2,1,0,90,1,18,0,38,0,0,0,0,0,53,0,67,0,0,13,0,2,0,0,0,0,0,7,46,13,27,59,0,36,24,0,70,23,0,2,0,16,0,7,0,1,77,0,0,27,84,0,0,0,75,0,0,1,3,2,0,0,0,0,0,23,0,1,0,16,0,13,0,15,0,45,4,0,15,0,0,4,96,41,0,0,0,0,0,2,11,0,0,93,11,12,26,0,0,0,0,52,26,0,0,11,0,79,0,0,2,0,28,16,0,2,0,24,4,2,9,0,50,29,1,4,0,0,0,2,1,16,19,0,0,0,38,2,31,8,0,12,52,0,0,0,65,1,7,75,14,17,0,0,29,0,0,37,3,1,19,0,60,0,52,7,0,0,0,1,6,52,87,12,11,0,67,98,57,0,0,0,0,4,1,0,7,0,0,0,40,0,78,54,16,0,0,0,1,0,16,0,0,47,3,34,0,0,0,0,0,3,1,0,0,5,54,3,12,0,0,0,0,0,101,6,3,96,21,4,9,8,30,0,23,0,0,0,0,93,0,0,0,0,0,84,0,3,32,47,9,0,0,56,0,0,0,0,0,24,0,0,0,37,0,13,8,27,0,1,71,51,0,0,103,89,0,0,0,0,0,55,16,0,0,0,2,12,0,0,3,27,1,0,0,2,10,0,0,0,0,0,0,95,2,81,0,0,61,1,65,47,85,0,0,0,68,0,0,0,2,0,91,6,0,0,39,87,0,0,4,1,0,0,0,0,29,2,0,45,11,0,6,0,2,0,0,0,2,40,10,82,0,21,18,2,0,6,28,13,4,26,0,0,25,20,4,1,0,80,15,15,16,0,0,0,7,0,0,0,0,2,0,0,0,0,49,5,0,91,21,93,7,15,13,96,1
Gene2S_176,254,0,262,37,1,77,50,276,257,0,52,0,84,0,0,274,0,254,130,2,301,10,7,289,49,264,2,54,2,0,274,0,187,26,0,73,282,31,92,16,0,0,281,268,103,14,46,3,193,94,236,280,0,47,210,0,195,192,260,143,10,0,291,50,299,2,289,151,10,0,0,59,265,0,134,76,294,182,287,5,4,182,301,217,280,291,230,38,16,280,54,289,29,0,228,30,284,0,64,0,6,22,111,0,0,0,0,275,28,0,118,212,1,81,232,0,14,191,198,3,25,0,278,0,271,110,0,19,55,277,9,0,0,115,269,32,264,5,227,309,77,27,102,0,167,0,20,225,162,2,172,291,0,0,0,0,98,234,0,0,275,0,245,97,0,9,127,7,277,0,6,168,141,2,281,277,185,262,138,287,128,0,0,18,0,3,17,186,39,0,62,0,236,1,170,248,1,2,9,290,5,227,153,24,119,115,0,181,0,55,6,233,289,2,44,4,60,314,4,0,0,294,5,2,60,150,196,0,242,32,0,17,283,5,0,159,73,0,284,182,47,5,1,0,125,10,196,63,0,0,57,249,0,300,317,252,10,236,298,1,39,38,5,202,3,192,290,0,28,152,181,316,0,49,7,0,294,0,130,108,0,180,0,8,259,0,0,12,0,291,174,3,305,164,286,294,0,275,216,173,0,204,0,200,11,0,99,273,107,227,0,275,218,0,130,169,22,269,1,0,273,0,120,278,150,0,0,141,166,288,288,0,6,0,0,0,167,261,0,45,268,0,84,282,275,100,265,2,75,282,21,37,62,249,0,245,153,1,0,5,115,3,88,12,0,166,289,193,20,3,7,30,274,176,223,89,7,2,48,248,266,4,248,21,4,0,3,49,20,243,2,0,56,14,267,296,239,2,2,0,76,95,26,296,265,258,249,184,181,27,174,191,108,3,2,0,286,277,0,0,0,45,2,196,36,1,0,141,0,277,274,292,2,24,30,250,0,22,6,275,204,0,0,65,70,250,245,16,38,0,38,245,201,0,138,277,12,282,23,2,282,187,47,18,0,66,245,294,91,160,0,283,288,270,0,298,57,179,15,1,0,86,282,4,225,285,0,273,2,150,307,3,137,166,27,192,89,272,270,149
Gene2S_177,48,0,0,0,0,6,123,0,0,92,17,0,2,49,30,0,0,43,0,26,4,0,159,11,0,2,7,0,0,19,0,0,1,0,3,20,2,41,0,0,7,0,3,0,20,0,18,0,78,0,0,0,32,7,6,0,0,66,0,0,5,6,29,0,5,3,7,66,6,0,0,0,0,90,18,11,0,0,47,5,128,55,0,1,0,18,0,0,19,10,3,0,0,0,49,0,0,50,72,17,0,25,0,29,0,9,0,0,34,2,0,14,14,0,4,4,34,1,6,131,0,0,9,22,30,0,0,5,4,4,58,2,3,2,0,0,0,0,19,6,3,0,0,0,21,22,0,0,99,0,5,13,0,6,3,0,0,0,38,0,9,9,0,0,10,0,0,142,0,32,20,0,32,0,2,0,0,5,103,0,18,0,1,1,27,0,25,1,49,5,52,0,77,0,0,29,2,14,1,3,12,1,0,15,24,0,0,37,0,1,47,0,16,0,3,0,0,0,53,0,2,0,0,37,0,6,241,5,0,124,0,0,0,79,6,0,4,0,13,3,0,1,26,17,1,0,0,50,7,6,7,2,0,2,17,7,77,0,0,13,0,0,0,0,0,0,0,5,4,0,30,7,0,50,12,0,98,1,12,0,7,0,0,42,0,0,41,86,37,44,0,3,3,44,62,7,3,0,11,0,32,0,48,0,1,4,0,3,24,17,58,30,0,0,7,20,1,31,10,0,94,0,8,0,0,7,17,0,75,46,0,10,5,2,0,0,0,2,2,0,1,23,44,38,0,0,0,1,26,0,0,0,10,2,59,37,13,0,0,0,22,5,0,6,0,0,0,0,1,19,0,0,14,12,0,100,49,0,0,20,0,26,6,1,3,1,0,9,107,5,0,4,26,0,0,47,140,15,0,9,87,32,3,40,23,28,86,7,50,0,0,33,9,0,102,2,3,1,8,0,20,0,3,5,11,4,3,7,31,0,45,9,3,0,28,47,0,53,0,143,9,0,0,0,123,0,9,19,2,0,13,24,2,23,0,0,1,0,0,0,5,16,0,0,1,0,0,62,25,0,6,11,17,0,7,42,1,0,0,0,8,0,0,16,2,11,0,0,2,39,51,0,17,2,0,19,35,92,6,13
Gene2S_178,10,12,1,0,59,63,72,7,81,0,10,0,75,0,28,2,11,42,0,8,36,0,7,33,26,2,13,7,86,10,26,21,55,14,9,8,0,74,65,26,58,42,3,7,2,1,7,1,0,50,37,41,0,49,0,4,12,0,33,1,0,0,47,18,0,1,30,3,0,40,27,4,32,50,86,32,27,23,1,0,22,49,55,29,89,83,3,19,0,8,50,0,20,0,1,12,86,0,7,72,5,35,14,63,0,0,63,1,13,2,58,0,15,1,64,47,6,8,0,13,6,40,10,1,40,1,22,0,10,20,15,1,26,78,87,0,5,24,0,96,72,39,0,0,72,0,62,80,0,0,0,35,6,2,0,37,13,7,24,24,3,55,0,5,17,4,0,44,30,7,0,0,0,0,13,28,4,0,6,33,5,9,10,0,70,11,7,52,1,0,0,46,4,0,0,3,41,90,33,68,0,33,0,31,0,3,4,40,74,11,56,16,5,78,39,30,38,0,29,0,27,81,30,0,4,0,16,40,11,18,0,0,52,0,58,77,51,48,1,1,57,22,26,4,14,97,0,0,42,20,7,62,0,0,59,4,77,85,4,92,6,10,44,103,0,0,0,0,4,2,15,0,45,26,21,43,2,19,78,1,2,30,18,17,0,25,0,0,0,0,5,0,39,105,0,4,5,1,1,1,13,0,30,2,0,87,64,0,1,46,39,0,52,0,35,24,2,25,0,0,2,0,19,27,9,19,53,6,56,0,0,0,95,5,0,25,0,6,0,0,47,6,0,0,2,40,0,26,2,0,36,4,15,31,2,0,84,0,61,0,1,82,0,0,1,14,45,0,23,0,8,0,67,46,8,17,0,0,5,51,0,12,0,49,79,77,9,43,0,7,38,81,75,0,16,4,0,14,11,3,57,90,85,19,0,22,51,0,16,2,94,1,13,109,92,85,30,0,1,40,8,53,4,0,44,91,45,11,3,36,1,0,50,17,26,0,13,0,3,101,0,2,43,2,0,47,0,8,21,4,80,33,4,36,0,79,51,12,0,0,0,25,10,65,0,56,43,6,0,55,14,86,58,5,53,105,88,3,3,5,0,24,21,81,1,43,61,53,0,4,0,0,88,35,12,18,30,0,12,0
Gene2S_179,0,0,1,27,0,0,31,9,8,4,11,0,0,16,4,15,17,30,7,0,16,3,0,18,2,63,22,7,33,29,0,0,1,20,52,0,20,33,78,1,0,17,1,0,45,0,14,31,2,53,9,16,0,0,0,7,8,1,18,0,1,8,30,0,3,0,11,0,1,24,3,0,6,4,14,24,50,80,1,0,4,1,7,0,9,3,5,17,2,1,23,23,52,7,1,3,0,41,6,0,1,50,7,3,31,20,19,4,2,29,0,3,0,0,29,54,6,20,15,0,0,12,0,4,0,32,69,1,0,14,47,0,5,0,11,0,6,0,13,28,13,40,1,14,1,24,30,4,1,27,52,27,18,23,14,24,8,41,16,6,0,1,4,0,6,11,31,14,0,0,5,1,0,7,0,33,26,9,16,1,0,9,5,45,6,6,0,22,3,0,9,7,21,1,7,0,40,3,2,0,9,0,0,9,18,4,0,23,0,15,1,33,0,0,2,0,0,1,6,4,0,21,0,66,0,39,0,23,0,3,7,2,32,2,0,10,14,31,0,3,0,13,5,31,17,0,10,11,18,20,51,8,0,8,0,0,16,0,0,1,1,1,23,0,0,1,45,27,40,46,24,0,20,34,22,1,26,0,14,6,4,5,0,2,3,5,0,29,0,11,13,17,1,21,1,9,5,0,0,28,0,8,7,30,5,0,11,11,22,0,0,6,30,4,2,31,21,0,14,0,0,1,3,57,0,2,16,14,8,21,0,0,1,0,6,4,1,4,0,0,16,6,29,0,14,2,2,42,24,9,5,14,1,26,19,36,1,0,3,27,20,52,31,1,1,23,1,17,0,10,13,28,65,1,3,24,0,6,30,25,0,1,0,30,0,1,9,21,0,0,4,0,4,10,3,0,0,0,36,0,7,5,47,27,0,18,61,21,54,2,28,0,7,1,19,0,16,24,0,0,0,0,23,0,7,0,7,23,45,8,0,8,3,0,24,43,0,27,4,0,0,3,3,9,1,0,8,11,34,6,0,38,38,0,27,47,30,2,8,4,0,0,1,0,3,3,18,33,6,0,0,0,38,34,13,8,34,6,26,36,4,9,69,0,8,41,6,29,0,8,40,35,4,0,0,8,10,4,11,3
Gene2S_180,0,3,265,0,88,101,0,11,0,0,261,0,11,246,0,0,0,25,0,0,0,14,0,0,0,0,17,0,56,0,0,272,0,0,30,0,254,108,0,137,0,0,0,174,0,0,230,0,0,0,0,0,236,111,264,0,283,272,0,0,1,64,0,226,292,0,0,0,0,177,0,0,308,139,29,7,10,0,0,14,1,0,257,0,0,0,0,113,289,0,0,0,0,0,0,0,171,0,140,0,0,9,265,2,0,0,0,0,0,124,255,0,0,0,0,269,0,56,0,284,0,0,0,17,0,0,0,266,241,0,241,0,0,253,228,0,0,0,286,1,0,0,0,0,298,0,0,155,59,0,0,0,0,0,0,0,281,21,203,46,61,0,0,16,0,207,7,270,0,295,0,0,144,0,0,0,0,0,0,0,0,291,87,0,241,0,0,269,0,0,127,0,0,285,0,17,243,3,0,56,0,0,0,253,0,0,0,265,0,0,54,188,267,0,272,0,0,72,25,233,0,0,195,11,0,0,304,0,0,161,98,0,0,210,266,0,0,0,0,0,0,0,0,277,0,0,256,0,0,0,230,191,268,0,193,82,0,166,40,12,0,0,0,0,230,242,0,0,0,0,0,0,259,118,0,257,0,0,260,295,0,0,287,56,0,0,0,0,285,150,0,0,0,0,0,0,151,4,0,41,139,0,268,0,77,295,20,111,0,0,0,0,122,0,0,0,297,0,0,0,0,0,240,0,0,0,0,266,44,227,0,264,0,104,236,13,0,0,0,0,0,0,0,0,17,0,289,0,291,156,0,0,0,0,2,132,276,0,3,262,0,289,0,0,8,25,244,1,0,0,0,283,280,3,92,192,8,279,140,13,152,139,0,0,0,0,0,126,32,0,128,0,0,0,173,0,205,0,0,0,0,52,165,0,0,245,216,0,0,0,0,233,0,294,0,272,0,233,259,0,260,0,245,130,0,0,0,0,0,276,5,0,0,0,0,0,138,0,0,261,273,254,0,0,0,150,0,0,282,0,0,285,10,244,0,4,14,0,0,272,83,0,0,0,0,5,21,0,135,297,0,265,72,195,0,0,0,0,0,0,253,57,0,15,0,0,222,0,0,1,0,106,0,0,291,0,11,71,212,0
Gene2S_181,152,0,0,7,0,71,0,0,0,5,72,49,1,16,60,116,30,133,28,147,0,1,162,67,135,120,177,16,16,139,110,0,157,6,152,2,0,5,3,65,153,37,1,148,93,5,156,0,187,67,160,50,187,63,0,1,0,132,0,13,1,1,2,117,1,0,42,121,71,91,45,0,0,0,0,6,88,3,1,164,88,198,166,9,24,166,159,2,5,25,23,140,1,0,67,0,135,29,197,124,128,48,37,177,104,2,56,92,76,14,7,2,3,0,0,173,87,143,2,25,77,7,3,0,53,164,0,0,0,3,122,162,0,16,8,0,74,47,0,3,0,139,0,0,19,49,73,3,30,0,161,0,0,0,0,0,0,7,155,34,20,105,0,0,138,0,75,0,77,53,11,38,135,0,100,42,143,67,1,78,29,14,160,153,2,16,0,203,7,44,0,9,11,96,0,0,0,8,56,22,1,130,0,116,130,116,6,0,17,3,167,147,114,27,11,4,39,172,60,6,160,3,21,0,0,0,11,78,0,0,0,6,0,0,0,12,4,157,121,5,0,119,51,7,141,159,0,0,0,34,0,114,0,8,111,77,68,144,96,0,0,0,2,0,26,62,46,0,0,0,22,0,155,144,185,42,7,0,0,6,61,9,11,63,153,0,0,144,37,0,145,75,40,170,103,6,17,13,56,17,28,187,169,104,1,89,86,155,0,0,0,0,55,62,133,86,6,2,121,86,40,1,43,52,8,160,42,0,0,81,119,150,175,175,2,144,35,28,161,0,0,58,58,22,15,151,109,81,165,111,0,146,8,150,1,163,0,2,48,76,43,2,1,0,27,100,0,0,9,109,130,145,28,0,77,9,134,13,150,0,102,126,0,0,0,5,9,138,144,107,13,0,152,138,0,141,11,111,37,0,55,4,157,94,28,42,0,70,194,69,1,3,1,0,22,9,16,10,88,1,0,16,0,0,81,1,165,0,45,115,0,19,150,2,115,1,152,34,4,0,66,0,43,0,4,163,0,0,37,23,124,45,73,132,5,4,169,131,68,8,5,0,139,0,0,0,0,101,50,14,183,1,175,186,113,0,0,83,176,0,0,0,15,0,126,1,1,27,157,23,7,0,116,182,0,0,0,164,137,3
Gene2S_182,166,0,140,17,204,0,20,0,191,0,0,7,190,0,244,228,216,0,0,1,0,0,233,6,67,175,0,0,0,201,0,245,0,10,196,211,0,0,0,228,24,0,176,235,239,85,1,0,20,9,0,0,0,0,1,4,0,35,224,0,0,0,216,212,154,0,0,0,10,239,0,137,0,43,72,42,145,0,191,0,0,0,18,0,124,3,260,0,0,1,0,210,0,77,0,0,0,144,0,0,5,0,0,0,0,0,0,0,0,0,0,255,0,218,7,0,0,0,0,0,14,191,256,0,0,0,0,0,0,216,167,26,0,0,0,0,0,0,15,0,75,24,219,19,0,0,19,0,0,0,0,0,0,0,0,129,0,59,0,0,0,114,58,0,2,229,0,9,218,0,0,234,53,0,0,0,0,158,0,0,0,0,131,0,0,0,0,0,0,0,56,0,0,0,229,232,25,0,236,69,242,214,0,0,107,30,0,10,222,0,0,0,0,0,14,0,0,224,126,0,0,0,0,0,0,190,0,258,0,0,0,163,0,199,236,22,232,39,7,199,8,31,109,0,0,0,227,0,217,2,0,247,0,0,15,0,228,0,14,246,0,205,0,0,37,54,2,0,201,209,152,0,127,33,0,106,0,1,0,244,0,221,89,0,0,0,247,239,113,0,201,0,0,18,0,198,0,0,0,203,187,0,0,0,0,114,0,231,0,207,0,225,1,234,0,177,0,2,0,25,226,0,10,229,204,0,0,2,0,0,158,210,159,217,0,0,147,222,32,0,0,247,0,0,225,0,0,17,0,66,0,0,189,0,49,0,0,0,0,0,169,38,230,0,0,0,63,0,113,0,0,0,0,7,0,106,0,1,5,0,0,0,0,0,58,83,0,44,27,242,0,0,0,53,150,0,165,0,0,0,0,0,168,205,0,0,238,0,0,0,0,182,0,55,14,9,0,257,165,0,0,192,0,204,0,50,29,27,188,0,221,2,0,0,0,29,0,0,0,0,215,204,10,111,229,0,0,0,0,2,228,0,0,5,0,0,46,0,33,246,42,0,0,0,0,0,0,0,206,2,222,0,0,159,0,45,0,0,211,0,29,251,210,2,0,0,169,0,171,0,0,0,0,221,0,0,0,83,114,0
Gene2S_183,4,0,0,0,0,0,0,3,0,0,0,0,0,0,0,40,0,0,0,0,0,0,0,0,0,0,0,8,45,4,0,0,18,0,0,0,0,2,0,0,3,22,0,0,16,0,0,2,0,0,0,1,0,0,0,0,2,0,0,43,13,0,0,7,0,0,1,0,0,0,0,0,3,0,0,0,0,9,69,29,0,63,0,0,0,30,0,0,0,0,0,0,0,0,0,0,1,0,0,0,0,0,0,70,0,26,0,0,0,0,0,0,0,0,1,4,5,0,11,0,3,0,11,0,90,48,0,0,0,0,0,39,0,0,0,0,0,0,0,0,0,0,0,0,3,0,0,0,13,0,0,16,0,2,0,0,0,0,0,0,0,0,0,0,0,0,0,0,0,0,0,10,0,8,12,0,0,0,15,0,0,0,0,0,6,0,0,33,0,1,0,4,0,0,0,0,25,2,29,3,1,0,12,0,6,18,0,0,4,0,0,5,5,0,52,0,0,14,0,0,0,0,12,0,0,0,0,0,3,0,0,0,0,0,0,0,0,25,0,0,0,58,0,0,0,0,0,2,13,0,0,10,0,1,0,0,0,0,0,0,0,67,0,0,0,0,0,0,18,0,9,8,3,0,0,0,84,0,0,9,3,54,0,0,0,0,0,0,0,0,0,0,0,0,1,0,0,0,0,0,0,0,0,0,45,0,0,0,0,0,0,2,0,10,10,12,0,2,20,0,0,0,0,0,0,0,0,25,0,0,0,0,0,0,0,0,0,0,0,0,95,3,0,0,0,2,0,0,8,3,0,58,0,2,0,0,0,4,0,0,0,0,0,0,0,0,0,0,0,0,1,25,7,0,3,0,0,0,6,0,0,39,0,0,2,0,0,0,1,0,0,0,15,10,0,0,11,0,0,0,0,0,0,0,0,0,0,0,1,0,0,13,0,2,0,17,0,0,0,0,0,0,0,29,20,0,0,0,0,0,0,4,7,0,0,0,0,0,0,0,0,0,0,0,0,38,0,3,0,0,0,5,0,0,24,0,1,0,0,0,0,60,1,0,0,0,0,1,9,30,0,0,0,37,0,6,73,0,40,0,0,0,26,3,0,0,0,0,0,0,0,0,0,0,6,0,0,6,5,0
Gene2S_184,94,15,10,94,0,132,98,61,127,112,99,88,0,0,15,125,0,18,124,0,0,1,0,72,2,4,1,95,7,70,0,40,0,106,8,40,21,110,62,120,4,0,4,124,112,2,18,0,0,51,51,11,125,0,59,105,0,0,63,2,17,46,107,11,133,133,0,115,90,106,1,5,28,159,113,0,0,132,18,130,138,19,97,0,4,1,7,0,2,135,117,77,122,131,136,0,2,84,20,0,5,102,127,2,97,14,146,123,23,0,14,17,0,6,35,0,111,19,0,125,0,0,13,4,0,111,33,117,125,27,129,0,1,127,0,0,123,5,9,5,69,131,46,45,0,11,120,64,0,0,28,73,17,59,0,86,110,108,146,95,51,114,125,103,125,0,103,9,29,130,28,2,18,3,7,4,119,0,92,0,121,78,101,133,112,142,31,0,0,1,1,24,1,4,0,116,108,0,0,0,96,29,138,40,128,116,0,0,133,84,1,0,0,38,128,127,0,0,2,4,76,14,47,5,111,99,0,0,0,0,43,2,27,96,41,30,119,0,61,119,0,61,0,0,48,0,0,16,144,44,130,0,115,0,0,111,127,20,72,118,120,5,76,0,28,120,0,0,50,57,40,0,1,10,121,3,0,1,138,0,101,43,0,0,0,143,0,63,0,116,12,102,0,104,85,122,133,103,76,38,0,127,0,94,122,4,4,0,0,17,7,0,125,52,1,53,0,67,12,26,0,62,35,123,0,104,12,48,0,0,37,55,78,129,46,108,0,26,0,4,0,85,14,6,0,60,0,5,112,139,53,35,69,0,47,5,99,0,6,0,0,0,74,0,1,12,67,30,0,3,0,77,0,134,16,37,0,0,126,0,131,55,51,0,4,0,1,37,31,2,90,102,117,10,47,8,93,0,0,0,83,127,0,49,7,95,1,94,12,67,0,131,6,0,34,12,93,0,1,0,54,52,54,1,110,118,101,113,118,6,87,133,11,31,8,6,0,36,130,0,37,0,19,0,0,1,0,114,0,0,7,112,40,0,17,120,136,0,126,80,8,45,78,121,136,88,0,5,133,0,56,1,1,0,0,0,0,4,76,0,92,0,105,128,126,17,103,75,109,67,102,120,31,19,0,136,0,123,0,133
Gene2S_185,143,7,44,138,9,15,71,90,0,84,134,0,2,0,83,109,0,99,30,128,0,11,180,0,96,0,25,0,133,0,190,49,90,4,10,12,45,1,0,13,41,0,6,0,18,1,18,8,159,15,68,98,1,21,0,0,127,3,198,44,0,0,72,60,95,35,0,1,83,111,212,141,31,18,10,13,66,92,0,65,0,9,7,208,1,11,0,68,66,6,0,0,85,1,0,4,104,32,15,29,84,24,200,120,0,38,194,0,0,232,4,0,0,46,0,7,0,6,48,63,28,21,48,11,1,26,0,102,19,29,1,23,72,47,85,6,0,5,0,9,0,16,0,0,19,0,78,0,24,100,15,19,0,198,82,59,68,0,0,35,0,4,1,23,0,16,0,10,0,1,0,15,0,7,186,119,231,0,11,240,13,0,148,0,10,38,115,85,0,0,68,95,191,250,25,0,66,4,5,33,0,0,0,6,1,3,208,3,26,3,1,49,0,61,0,38,11,0,2,5,8,0,1,0,4,0,33,5,244,0,0,174,0,64,14,0,37,0,67,0,10,2,1,1,0,0,4,0,1,0,3,46,49,0,12,0,8,57,3,159,15,119,209,2,0,9,83,3,1,0,98,0,2,19,127,1,153,46,46,63,0,1,10,95,17,134,14,0,0,0,183,174,10,6,14,58,0,2,233,0,0,1,8,0,0,93,1,26,53,23,129,6,274,49,6,0,4,31,0,137,192,0,64,1,24,0,17,78,0,40,0,86,0,21,2,11,0,292,5,9,198,0,3,87,263,68,4,0,1,0,9,81,7,104,0,20,86,140,23,12,0,12,0,23,0,2,4,23,1,36,6,0,167,14,13,83,15,0,50,123,0,17,24,81,69,0,0,31,2,0,0,0,22,5,38,19,1,257,0,58,20,181,118,165,227,28,0,63,0,0,5,235,20,0,0,0,32,14,6,0,65,10,159,1,21,54,0,0,0,1,0,1,25,1,0,106,118,140,61,26,142,75,57,193,9,13,0,0,168,17,90,0,10,97,2,16,1,38,122,1,99,72,6,37,73,79,0,228,3,232,49,106,2,89,26,0,0,14,7,0,0,54,0,120,0,74,181,75,198,28,27,188,0,0,0,37,235,8,78,131
Gene2S_186,0,16,4,0,0,0,0,0,0,1,1,0,0,7,0,14,17,0,1,0,13,0,16,0,0,0,31,0,0,2,0,1,0,0,28,0,0,0,0,0,0,0,0,0,0,0,0,0,15,0,11,0,0,7,20,0,41,0,0,0,0,0,0,0,0,1,0,0,0,2,0,0,2,0,0,0,2,0,0,0,0,8,0,0,0,0,0,1,1,0,34,0,1,0,0,0,0,2,0,0,0,18,7,0,0,0,0,0,15,0,0,2,3,0,0,0,0,39,0,1,0,3,0,0,12,0,4,0,0,11,3,0,0,0,0,8,0,0,0,19,0,49,39,0,3,0,0,9,0,0,1,0,0,8,0,0,0,32,0,19,0,1,0,8,0,0,0,0,0,1,0,0,0,23,0,0,0,12,0,5,6,27,38,1,0,0,0,3,0,0,20,17,2,2,0,0,17,0,0,0,0,21,5,42,7,21,0,0,0,0,0,0,0,0,2,0,0,0,0,0,19,0,3,0,0,0,0,0,0,0,1,1,0,0,0,12,16,0,0,0,0,0,0,0,0,0,0,39,0,0,0,5,0,0,0,7,0,0,0,0,0,0,0,21,0,11,0,0,0,2,25,0,39,0,0,2,0,0,4,0,0,0,5,0,0,0,0,0,0,0,0,0,14,0,0,0,0,0,11,0,0,0,10,0,22,0,2,0,0,0,6,0,0,3,0,0,0,0,43,0,0,0,16,0,0,0,14,19,20,0,0,0,16,0,0,9,6,8,0,0,5,5,1,2,0,0,0,2,0,0,0,15,0,3,2,0,16,0,0,0,0,0,3,0,5,0,0,0,0,0,0,0,0,32,0,5,0,1,0,0,0,0,0,0,0,4,49,0,1,35,0,1,0,0,0,0,20,0,0,0,12,0,0,0,0,0,2,0,0,20,0,0,14,15,0,3,0,45,48,1,0,5,0,0,0,0,0,0,13,0,0,0,0,0,0,14,0,1,16,0,13,0,1,0,0,0,36,0,0,0,0,32,14,43,13,8,0,0,2,0,0,0,34,0,0,0,0,0,0,0,0,5,0,14,7,0,0,2,0,0,0,7,27,11,18,0,13,35,0,39,0,42,0,34,0,0,0,0,0,0
Gene2S_187,0,0,7,28,101,0,5,6,43,0,11,114,7,0,0,64,116,41,63,0,28,43,26,45,0,0,118,61,101,0,10,14,0,31,4,35,25,88,6,2,107,6,0,94,0,4,28,125,0,14,65,0,0,0,0,0,0,15,9,119,47,0,4,1,51,9,59,49,18,20,76,106,63,6,69,0,0,0,0,63,1,0,114,2,73,2,1,0,0,0,12,1,0,0,0,0,9,17,0,90,25,79,90,2,91,9,3,0,3,0,87,1,89,31,0,0,0,129,17,5,25,99,3,9,0,11,0,0,28,70,5,0,4,28,0,29,47,0,2,2,0,0,13,5,12,48,22,0,0,0,75,19,62,3,13,41,0,102,56,0,7,0,104,47,19,0,64,28,87,51,0,1,0,53,0,79,0,102,0,0,1,110,39,105,0,0,73,0,0,63,76,6,7,2,0,20,0,13,39,10,0,0,6,9,23,0,29,0,27,47,0,6,31,0,0,90,55,0,24,23,26,51,0,82,2,0,87,5,39,0,0,46,2,24,0,3,0,15,20,45,5,3,6,2,37,0,0,80,53,6,0,54,4,3,0,17,0,0,0,46,124,34,0,116,0,111,61,0,36,107,0,0,12,75,65,0,2,75,56,0,0,0,0,65,1,15,0,3,0,46,6,0,94,10,0,0,23,0,0,0,2,87,0,18,0,27,46,94,16,1,50,0,0,0,65,58,2,43,96,2,40,9,52,0,19,87,1,0,64,0,5,8,46,96,36,0,35,52,0,57,11,13,0,54,6,0,22,106,75,25,65,80,20,0,47,44,0,0,4,89,72,30,59,0,86,99,115,0,5,115,7,4,9,0,42,118,113,97,103,0,6,3,0,77,104,0,10,3,30,17,16,53,3,0,0,0,37,0,3,9,117,6,3,29,12,91,2,97,67,62,107,2,1,55,25,27,0,3,31,26,46,7,0,38,0,16,0,0,0,1,0,0,76,0,53,0,0,2,13,59,0,39,1,1,11,4,12,7,32,2,0,37,0,1,65,2,124,0,23,8,41,94,62,19,7,6,1,55,10,0,35,43,18,0,0,35,64,0,54,1,15,59,0,26,31,3,56,39,0,0,15,0,13,0,10,74,17,20,59,7
Gene2S_188,49,7,31,24,71,10,4,18,1,17,6,70,27,7,84,38,54,97,77,112,25,4,19,103,2,0,3,4,78,45,29,3,31,11,1,34,8,27,81,27,25,18,40,9,49,72,23,3,5,78,94,95,27,1,62,54,49,87,32,0,17,25,45,0,0,31,28,38,22,49,52,8,15,4,35,52,23,48,47,25,7,64,35,12,27,5,7,76,1,22,70,33,24,42,23,38,63,21,0,47,46,28,27,5,75,19,9,3,3,68,28,44,16,27,91,25,0,21,20,2,70,5,3,15,74,36,14,22,50,22,16,1,1,52,69,64,95,32,35,6,80,60,4,26,34,40,5,2,62,63,34,26,23,3,101,2,104,87,43,51,59,43,17,46,29,32,75,9,21,50,71,0,69,112,11,9,64,108,16,47,34,86,6,28,89,22,34,8,19,26,86,91,71,7,79,5,105,6,15,19,91,56,2,63,105,0,86,92,18,68,85,82,13,0,0,65,0,25,39,10,19,47,83,86,31,28,3,90,16,26,21,10,41,52,77,58,51,42,44,82,60,23,89,5,11,68,16,3,0,17,0,26,64,12,128,48,77,48,68,38,35,51,45,62,17,5,48,47,0,2,20,11,8,13,2,15,31,46,70,21,6,37,22,5,40,0,1,83,11,9,55,73,24,26,32,71,51,0,0,17,57,5,51,23,5,27,34,5,6,27,48,21,54,38,14,7,31,59,17,9,100,1,2,18,7,16,41,25,77,97,7,38,34,11,9,45,50,22,22,61,16,53,1,22,26,7,93,86,73,5,1,26,1,51,39,12,13,1,9,66,54,43,11,16,37,28,36,87,4,30,11,55,3,27,6,103,13,24,37,75,55,1,23,27,102,70,14,78,10,52,68,44,3,14,98,32,46,17,82,27,1,12,25,4,24,29,18,0,85,87,28,0,4,8,38,75,31,27,52,46,0,55,52,75,9,21,41,66,8,16,51,51,23,3,92,5,64,0,6,33,68,35,21,107,28,54,68,16,13,71,49,59,74,16,8,58,19,30,23,14,20,34,55,25,2,0,28,33,30,0,6,47,9,10,21,94,60,16,48,41,47,62,33,21,62,54,34,64,18,44,16,23,25,67,11,46,35,38,4,66
Gene2S_189,205,161,124,72,151,0,183,160,39,82,7,159,39,89,84,9,45,85,184,79,152,204,113,195,42,119,152,174,113,213,89,124,183,43,63,110,23,123,3,172,85,38,136,57,131,36,75,32,178,75,37,86,15,93,45,138,0,70,33,70,39,70,102,97,26,31,228,66,102,59,46,112,206,0,85,186,144,198,11,42,173,47,126,12,90,7,131,195,202,102,50,28,144,12,47,11,119,4,10,87,49,106,3,71,177,157,207,134,5,68,66,22,64,82,4,136,93,109,24,8,223,158,135,7,30,46,51,90,88,159,77,153,17,6,168,61,38,211,3,156,162,31,4,60,0,202,90,229,123,2,91,38,98,25,79,124,10,48,95,63,13,143,153,10,28,58,86,64,69,18,121,90,73,167,4,94,119,150,159,151,55,207,196,24,39,3,18,45,117,18,100,14,60,38,61,139,12,139,5,46,108,33,87,61,27,102,124,0,137,91,54,153,158,123,52,3,14,33,84,95,125,19,66,64,76,80,39,150,127,104,171,90,35,109,149,35,223,163,127,118,211,165,35,156,29,15,25,106,72,71,121,22,103,85,2,160,26,58,25,78,0,34,66,0,201,114,57,58,127,130,60,26,17,228,122,82,3,80,52,110,94,130,54,83,190,238,38,137,136,3,77,52,225,35,35,3,177,21,42,84,35,65,33,41,78,7,163,73,144,143,142,43,33,117,104,118,124,126,80,47,210,63,126,16,182,9,16,120,177,24,70,68,171,67,7,0,123,8,229,101,77,57,21,98,209,97,62,31,11,24,26,63,94,164,147,40,192,17,78,211,215,160,157,39,50,91,194,37,70,48,67,27,27,158,53,107,75,159,150,174,67,165,231,164,123,35,164,118,97,140,192,5,36,42,79,66,92,100,33,35,81,0,148,35,191,93,27,21,233,235,42,36,4,1,142,128,72,130,18,122,94,116,207,192,17,19,127,13,110,93,113,127,14,21,95,13,86,113,13,125,240,149,8,26,17,64,45,112,152,134,16,211,45,47,52,118,172,181,111,8,19,152,50,180,35,0,67,103,29,60,46,86,53,60,83,88,41,135,227,47,96,7,75,115,85,133,31,120,58,131,55,33,16,8,195,172,58,8,60,45
Gene2S_190,168,54,22,164,2,7,118,6,91,132,0,18,1,114,10,1,220,6,3,127,67,2,4,15,24,131,123,93,49,16,17,37,162,69,10,89,1,0,26,13,20,129,4,206,186,0,18,4,0,186,47,100,38,29,87,94,7,11,69,14,60,3,126,205,54,49,139,104,0,22,127,1,48,1,54,2,67,90,144,85,200,99,38,35,2,20,141,186,159,165,81,14,47,0,69,147,138,25,28,15,0,37,51,14,32,211,222,0,103,5,33,70,72,51,12,36,59,46,45,8,20,23,237,43,90,109,72,162,0,16,113,88,47,2,3,28,25,0,4,50,131,179,0,28,2,48,56,97,2,0,47,83,26,15,37,119,1,0,9,184,204,36,23,79,4,23,177,42,28,163,40,37,57,27,11,110,88,0,31,152,14,0,0,31,55,0,206,189,7,35,8,6,1,202,26,165,40,56,210,119,10,4,0,45,161,216,144,75,99,0,7,81,94,171,0,15,111,102,52,1,3,84,153,5,108,201,0,7,132,102,13,52,181,31,39,3,23,3,62,53,34,24,0,136,186,98,86,149,17,156,44,0,71,73,101,207,0,22,127,0,115,17,38,172,19,111,166,40,30,47,11,99,29,134,27,20,61,107,60,68,47,0,205,14,20,39,206,17,142,84,26,139,171,63,44,8,209,249,115,44,27,137,67,21,35,0,44,175,53,38,1,16,33,2,157,0,27,82,18,15,60,5,135,109,175,152,26,15,15,88,0,44,31,58,72,1,31,199,44,2,234,1,37,26,114,109,52,3,207,1,28,187,7,209,126,69,1,77,166,121,216,24,11,143,0,132,0,13,0,4,82,39,89,12,123,6,0,1,84,58,49,153,74,45,79,29,138,1,126,12,0,220,9,15,8,145,8,264,40,61,63,74,24,2,118,0,21,216,11,228,121,2,10,51,27,2,0,94,18,11,46,54,26,5,51,10,124,9,181,43,18,111,0,56,131,153,83,0,0,25,166,42,183,39,17,78,125,6,160,30,59,119,64,10,182,144,76,55,15,124,76,17,4,5,88,12,12,4,48,40,29,4,4,5,5,101,50,61,0,100,91,149,0,5,0,122,114,0,93,3,30,0,4,62,17,47,1,136,118,16
Gene2S_191,16,0,0,0,0,0,0,0,0,0,0,0,0,0,1,0,0,0,0,0,8,0,0,46,42,1,0,0,0,61,0,92,49,90,4,75,0,21,0,1,0,3,0,0,0,0,0,40,0,85,9,6,0,73,0,0,32,9,31,0,12,2,0,0,0,50,65,52,1,0,0,75,1,22,0,0,0,0,49,7,3,0,0,67,0,0,0,59,0,0,15,0,13,0,30,0,39,47,0,0,30,13,2,0,46,0,12,0,85,0,0,0,0,3,48,1,5,37,0,1,65,0,43,0,0,0,0,2,0,0,0,0,0,0,0,0,32,10,0,1,19,8,0,0,0,14,79,58,2,47,0,1,0,11,0,0,0,0,0,0,0,4,35,14,26,28,10,0,0,0,0,11,4,10,0,10,34,0,1,0,0,0,0,95,0,26,0,78,0,0,0,0,0,0,0,69,8,0,1,0,73,19,72,0,0,0,2,0,18,0,4,0,18,0,0,0,76,0,0,0,0,0,67,0,94,31,75,1,63,0,28,0,4,0,0,0,52,20,0,0,0,0,0,88,0,21,0,71,0,0,0,0,0,0,0,0,0,68,3,0,0,28,0,0,4,60,0,0,0,34,49,73,0,0,0,0,0,23,0,33,64,0,2,0,0,4,29,0,67,86,92,0,53,8,65,0,0,0,0,0,0,0,0,0,0,1,0,0,0,18,32,0,75,68,21,0,0,54,0,0,24,0,42,2,10,0,1,0,32,0,1,15,0,83,0,8,10,0,12,8,0,80,2,7,0,0,0,35,0,0,75,0,0,77,0,0,0,0,0,0,0,23,0,37,9,5,16,17,47,58,0,4,0,17,0,69,12,0,15,0,0,0,0,0,0,2,0,0,4,0,49,0,0,10,0,1,0,0,0,89,3,0,75,0,65,0,32,0,0,0,0,80,0,48,0,0,96,0,0,0,15,0,0,62,0,33,0,0,0,0,2,76,75,18,0,15,0,53,0,12,2,0,0,3,0,40,0,26,17,0,78,0,0,58,60,0,0,2,0,0,17,1,0,0,0,0,0,3,0,77,3,0,7,0,19,46,3,22,0,0,0,0,3,0,0,0,7,0,0,0,0,0,9,0,0,0,0,0,0,0
Gene2S_192,1,13,14,10,13,27,4,4,28,4,3,8,17,26,7,9,14,24,20,1,3,10,15,9,19,0,19,6,13,12,30,5,2,12,25,18,26,1,2,5,29,3,14,10,14,16,11,3,5,1,18,12,10,8,6,1,9,1,18,24,23,1,25,11,19,0,17,1,17,1,15,22,34,8,20,17,5,0,10,5,6,1,6,17,25,0,5,16,13,2,6,19,4,9,4,3,4,16,3,12,1,10,4,4,3,0,18,13,21,3,24,2,12,25,4,13,11,5,33,9,3,6,13,4,23,2,2,1,8,11,2,13,1,0,9,21,8,19,6,4,4,12,33,0,16,2,4,3,8,12,1,17,23,9,30,21,6,7,6,0,1,4,19,0,6,3,7,7,4,7,6,17,11,8,7,4,22,16,5,9,9,5,3,15,23,5,15,9,5,10,13,1,2,14,8,13,0,6,2,13,12,4,6,14,23,19,18,3,8,14,12,14,1,5,6,7,18,18,0,8,16,6,8,17,5,2,34,2,12,16,14,7,4,12,8,13,16,3,7,30,16,0,3,5,11,12,14,14,6,9,1,13,9,1,12,25,17,9,15,4,20,3,15,2,2,3,7,15,6,6,8,4,9,17,21,6,11,3,33,3,24,9,4,7,27,3,2,11,9,1,22,0,20,8,1,4,18,9,24,16,4,22,5,1,2,4,7,20,15,0,3,18,0,20,6,21,13,3,5,0,10,9,8,9,2,4,10,5,1,7,19,0,11,19,17,11,8,20,1,3,5,17,29,17,10,26,12,20,31,15,2,0,26,0,20,14,24,3,0,10,7,4,2,2,22,11,13,20,2,6,0,3,1,8,24,8,0,24,9,7,4,13,7,23,8,23,7,9,10,30,10,3,8,0,20,4,7,2,13,13,11,11,15,2,4,12,9,12,14,21,14,3,3,11,1,18,0,1,10,10,26,34,20,3,0,14,12,5,2,4,10,12,28,13,5,13,9,12,2,13,17,7,0,5,7,4,10,1,10,7,15,21,6,16,5,23,11,3,14,8,8,14,2,6,28,12,9,1,5,8,16,0,1,9,24,4,5,14,0,0,11,17,10,6,11,3,9,5,2,12,0,19,4,4,16,23,12,21,11,5
Gene2S_193,23,10,4,2,1,11,11,5,2,2,1,24,42,50,26,1,1,9,21,11,10,4,0,0,22,3,1,8,7,2,21,6,1,0,0,8,10,20,7,5,0,1,7,39,0,0,58,6,26,2,8,24,1,9,0,14,0,2,35,1,23,2,0,1,7,8,47,8,0,6,4,3,0,0,19,0,1,5,0,0,35,2,1,0,0,25,0,0,5,23,3,22,10,21,2,8,6,3,0,7,10,2,0,38,8,0,0,13,37,6,3,1,8,42,13,32,3,14,4,2,6,20,14,11,1,3,5,0,0,0,2,16,13,0,5,24,10,0,7,6,27,51,1,3,4,24,34,0,0,8,3,0,0,0,18,1,15,22,9,15,8,5,30,0,0,0,6,0,1,46,0,6,0,0,7,20,6,15,6,0,21,29,0,25,1,0,5,10,0,0,39,5,32,16,54,6,1,0,13,4,8,0,22,6,2,20,11,0,1,21,21,7,15,2,3,7,30,2,6,0,0,3,7,0,3,19,0,0,16,21,10,12,0,6,0,15,30,0,8,6,3,28,8,1,20,73,3,3,38,10,0,5,0,1,10,4,0,31,9,3,0,7,22,0,0,9,6,6,0,14,14,8,7,0,1,0,0,11,17,1,22,2,3,29,4,42,0,0,0,41,15,0,4,33,3,3,2,1,17,9,0,13,1,0,0,11,0,34,4,11,30,11,25,0,25,3,22,2,0,4,0,5,22,0,5,16,6,10,2,6,10,35,11,2,1,13,5,0,12,0,0,5,0,0,0,7,12,22,31,32,7,0,51,0,18,10,13,0,8,1,3,0,0,5,20,0,6,3,8,0,11,0,43,3,19,19,7,6,6,2,5,9,13,1,15,0,4,33,0,0,2,27,8,30,8,0,9,0,0,32,0,2,5,2,3,12,8,0,5,11,4,0,0,10,16,8,0,16,0,4,1,30,4,37,0,9,14,4,36,0,29,0,15,9,17,2,0,0,41,13,21,1,9,9,38,5,5,19,3,4,34,17,0,4,2,0,0,26,7,8,0,1,1,0,3,2,5,40,24,3,18,22,13,3,36,41,1,4,3,1,9,18,5,6,7,0,2,27,11,12,3,0,32,2,21,14,18,3,0,6
Gene2S_194,0,0,0,1,0,16,0,3,0,4,0,0,0,5,6,5,0,0,0,2,0,2,2,9,0,0,0,1,5,0,10,7,8,5,1,7,0,1,2,2,17,0,14,18,1,0,0,0,0,0,0,20,0,0,0,0,0,1,5,4,0,6,1,0,0,0,17,0,0,0,12,11,0,0,0,7,5,8,0,7,4,10,3,2,0,0,10,4,6,0,2,0,0,0,0,0,15,0,0,6,0,2,4,0,13,2,0,0,0,1,1,0,2,0,0,0,1,8,10,0,0,1,0,0,0,0,0,0,0,6,0,12,4,0,2,5,0,1,0,0,0,3,0,0,1,0,1,1,0,0,0,1,0,0,2,2,21,11,0,3,10,0,0,1,0,0,0,1,2,10,0,0,0,0,1,0,0,4,10,1,0,0,0,0,8,0,0,7,7,0,0,3,7,3,8,8,0,12,0,0,0,0,0,1,0,2,0,7,1,1,0,7,8,0,9,0,1,2,0,1,4,0,0,0,0,1,1,0,0,2,6,0,4,0,0,5,6,0,1,5,2,14,6,0,0,0,2,12,0,0,4,6,14,5,0,7,0,0,7,3,0,0,2,0,4,8,3,0,17,0,0,0,20,0,4,9,3,1,1,0,0,0,9,0,0,0,0,1,10,10,0,0,0,1,0,26,0,0,0,0,0,25,1,0,0,0,2,10,0,0,5,1,0,5,0,19,13,0,1,0,0,0,1,0,0,0,8,10,0,27,9,0,2,12,1,0,0,25,0,1,0,0,10,0,13,0,4,6,2,6,0,0,3,0,0,0,4,0,6,2,1,2,15,5,0,1,5,0,0,0,1,1,5,3,3,9,1,0,1,5,3,5,0,4,0,0,0,27,0,1,2,1,5,0,3,0,0,7,1,4,3,2,0,1,0,2,0,0,0,0,0,7,2,3,4,0,0,4,3,0,1,0,0,4,0,0,1,7,3,21,1,0,13,1,0,0,0,0,0,0,0,5,0,18,0,1,0,5,0,19,13,2,1,1,0,0,12,3,1,1,0,0,0,1,34,0,3,7,1,2,1,1,0,0,7,2,0,0,0,1,0,10,11,1,0,0,0,13,2,0,0,0,2,0,6,0,0,3,0,16
Gene2S_195,9,46,87,59,60,67,49,34,27,10,28,20,17,46,41,31,15,61,13,5,8,120,105,3,44,25,28,68,10,14,16,30,79,5,58,29,18,67,120,36,29,62,38,14,56,7,41,71,15,95,70,131,83,44,16,35,85,11,1,38,24,16,77,14,83,16,27,33,57,17,14,34,6,53,13,108,45,46,38,7,64,29,84,121,74,17,77,40,3,12,37,45,6,6,14,35,31,32,52,9,21,29,38,75,44,19,16,49,45,57,62,23,26,83,38,2,67,17,29,16,38,19,3,55,0,66,35,13,37,93,4,19,113,86,17,119,23,33,15,16,5,11,5,80,83,35,37,61,44,14,85,5,100,5,64,79,31,64,19,2,2,71,18,18,6,20,21,8,58,59,57,18,61,8,68,125,127,0,35,90,25,31,6,17,47,76,23,12,34,54,28,2,5,5,48,42,38,36,38,10,38,34,9,2,0,29,35,11,7,69,14,22,35,77,28,14,4,12,10,61,64,32,88,73,43,18,16,85,29,7,14,11,5,45,1,64,39,9,40,40,37,2,9,13,74,19,44,12,43,30,61,57,21,113,124,54,86,43,1,99,42,82,39,39,11,93,84,39,5,81,22,55,1,3,60,19,137,94,55,34,13,26,21,25,38,34,35,18,11,63,111,77,18,68,62,51,32,35,25,44,5,53,23,4,25,26,24,39,2,3,18,31,17,56,64,68,43,48,10,92,12,1,93,45,16,71,12,59,62,89,60,5,63,71,4,1,12,31,25,55,55,26,19,24,55,39,29,61,22,16,82,86,27,8,95,22,66,47,35,60,102,41,9,18,0,29,86,16,31,71,11,35,72,3,66,36,37,19,52,20,24,1,11,56,5,47,61,19,37,29,33,15,45,42,42,44,15,13,64,73,11,110,32,33,21,48,69,79,3,9,28,33,26,94,10,55,66,11,58,23,49,27,3,10,16,63,4,94,3,12,22,45,44,60,42,36,14,35,62,44,32,77,49,36,17,20,19,68,30,9,58,77,29,78,12,56,16,60,19,15,90,15,22,7,21,19,28,15,61,61,13,65,4,24,26,15,29,55,12,114,6,62,26,76,63,7,38,119,33,18,20,46,49,16,83,37,71,16,48,51
Gene2S_196,24,17,17,0,12,4,33,32,24,79,115,56,8,13,68,69,48,0,50,62,36,25,12,27,99,11,53,82,5,67,59,32,97,65,3,14,5,11,8,42,76,6,9,3,16,2,11,17,28,2,83,6,23,71,40,1,43,87,8,8,11,10,44,30,5,49,0,41,6,21,20,46,4,61,2,6,21,44,42,21,35,0,56,16,9,8,2,66,4,31,22,41,16,66,8,11,17,37,29,26,36,11,25,26,37,12,3,50,29,8,19,27,23,39,0,56,6,10,30,7,1,0,27,27,41,13,6,7,44,31,7,8,6,6,2,38,10,22,39,48,36,30,24,12,46,12,10,51,40,5,14,0,49,38,73,27,31,60,5,8,15,4,17,74,28,25,15,31,28,0,7,75,77,28,65,20,4,80,32,3,43,30,5,77,13,11,21,76,48,39,68,52,4,8,93,74,72,76,23,17,15,49,6,9,51,44,4,8,29,13,40,13,13,34,3,2,14,1,25,2,14,43,1,56,15,55,31,32,1,4,1,10,4,0,50,1,94,45,19,7,77,79,29,66,34,88,38,14,78,3,36,7,18,58,73,11,2,35,51,33,31,74,0,41,55,4,72,29,3,43,82,5,22,1,20,45,36,3,11,0,22,44,9,69,60,31,39,1,13,7,17,15,4,31,27,80,32,14,18,32,24,51,39,43,18,6,14,13,27,69,19,37,19,23,14,34,55,73,67,28,15,10,30,30,33,17,9,36,1,40,31,4,60,7,32,40,122,31,4,8,23,62,10,51,34,37,5,50,19,9,3,11,66,11,15,24,24,16,29,15,22,8,11,56,0,16,37,104,26,0,15,26,1,22,50,15,23,49,49,25,35,34,5,3,11,0,46,90,9,59,0,7,54,14,53,36,47,6,35,20,58,20,37,18,26,9,13,51,58,14,76,70,16,9,0,21,12,47,63,0,40,19,19,67,39,2,18,37,15,39,50,20,1,9,3,51,31,27,18,79,12,41,44,47,54,20,7,61,16,37,0,8,40,9,40,70,45,2,58,6,6,3,5,6,17,2,32,20,18,10,6,33,85,28,65,28,22,0,38,59,93,19,6,6,29,7,0,16,63,6,22,28,9,3,59,30,24,0,2,57
Gene2S_197,0,0,7,8,0,9,0,51,0,0,37,37,50,2,25,0,0,0,11,45,0,50,0,39,32,9,1,50,45,13,0,1,53,0,3,0,0,49,0,36,0,0,0,4,7,0,58,17,12,0,0,0,0,0,0,57,0,15,0,0,25,46,15,59,52,0,26,44,55,0,0,55,1,0,27,44,54,0,33,42,24,2,47,0,0,53,0,0,48,61,53,0,0,0,0,17,48,0,45,64,45,41,0,58,50,0,43,50,0,51,57,6,3,0,1,6,0,59,1,0,0,0,61,7,0,25,0,28,4,41,0,0,49,0,60,0,1,0,0,42,17,2,56,0,0,13,0,0,0,0,64,0,0,0,28,54,0,59,0,0,0,11,46,0,50,0,45,41,0,46,29,0,53,6,1,55,44,0,0,2,0,0,0,7,46,0,45,42,0,58,0,15,61,0,0,7,59,32,0,0,2,38,0,0,52,0,2,55,0,2,0,1,49,2,0,0,37,3,11,0,4,0,6,43,47,4,2,0,33,0,66,14,0,45,52,30,0,70,0,50,49,0,0,30,0,50,30,0,0,0,0,55,14,42,0,28,40,0,15,47,0,24,0,0,50,0,0,0,1,43,52,0,0,0,0,0,56,0,60,0,0,0,51,0,0,48,0,30,50,0,5,0,33,0,40,10,49,38,0,0,7,0,50,47,5,32,40,64,28,35,0,0,2,48,51,45,48,0,39,58,0,0,47,0,49,0,48,48,52,51,32,56,52,41,0,49,0,51,43,0,0,0,50,0,50,0,37,2,0,40,0,4,35,30,47,0,57,0,0,0,33,36,3,65,54,49,0,26,49,26,6,0,41,40,13,51,19,2,0,0,0,74,44,0,0,0,0,55,42,0,3,54,42,16,12,46,17,0,0,41,10,0,0,44,47,0,0,41,4,4,7,7,43,2,31,55,0,65,15,0,0,37,38,8,0,0,45,41,0,42,2,47,58,23,0,4,0,35,2,54,0,0,0,0,56,0,0,0,36,58,37,0,11,8,0,16,54,0,6,0,1,5,50,11,46,0,0,0,45,0,50,39,34,12,5,18,0,60,40,0,0,0,2,0,0,1,10,0,14,53,47,0,0,0,0,0,45,16,25,54
Gene2S_198,38,8,33,26,0,4,0,0,0,177,0,0,0,0,0,0,11,0,0,76,0,0,0,0,20,163,0,0,0,0,0,0,23,0,0,0,0,110,159,0,0,164,28,0,0,0,160,62,156,0,0,0,3,0,0,1,170,3,34,0,0,91,122,0,127,0,0,148,158,1,0,0,0,0,0,0,0,179,10,0,12,0,0,0,0,0,0,0,82,0,4,31,0,0,162,73,1,189,0,0,183,116,1,179,0,0,0,188,0,34,0,2,0,0,37,0,158,0,0,0,1,0,0,0,60,0,0,78,8,0,0,0,0,2,0,0,59,15,0,159,0,0,0,0,0,81,0,32,0,3,0,0,124,20,0,0,0,0,0,0,1,0,2,0,0,0,0,0,0,0,0,0,0,0,121,166,111,94,5,0,0,0,0,165,0,0,0,0,0,3,183,1,150,0,0,18,144,158,26,0,0,5,0,0,18,38,0,0,0,0,0,0,0,80,0,0,0,171,0,0,0,0,0,0,69,50,0,0,130,109,0,0,0,186,0,0,0,0,119,0,0,0,1,110,173,0,0,3,149,0,0,0,0,45,0,0,0,0,2,0,0,0,0,0,0,0,0,0,109,0,0,0,0,0,0,176,0,0,0,0,0,150,0,0,0,0,196,0,17,0,0,0,12,0,33,0,0,0,0,0,174,0,1,79,1,137,0,0,0,8,0,21,2,10,0,188,15,0,0,120,0,33,0,0,111,3,62,37,0,0,0,0,0,0,0,0,0,0,0,0,29,1,1,30,0,0,0,0,0,0,59,0,177,0,0,0,0,0,2,0,0,145,105,0,0,2,0,0,0,2,0,0,155,0,6,165,0,2,0,0,0,0,0,21,0,0,0,0,0,0,0,147,0,0,0,0,0,0,0,0,175,0,0,0,133,2,136,0,71,0,0,8,21,54,0,0,2,0,0,0,0,0,0,0,0,0,0,0,0,40,0,0,124,0,0,6,0,0,0,0,1,2,11,12,0,0,22,0,0,0,0,0,0,2,0,0,0,13,0,0,0,152,0,1,0,32,0,0,0,0,0,0,0,78,0,1,0,0,2,172,0,0,0,0,0,0,4,0,0,0,0,18,0,0,17,0,0,0,0,75
Gene2S_199,38,13,12,4,0,18,4,13,6,7,5,9,11,21,10,0,2,0,1,5,28,25,0,35,8,39,5,0,25,5,0,27,0,17,7,45,63,43,3,6,35,32,0,25,16,24,24,39,40,6,31,6,12,34,15,14,19,1,2,5,15,48,0,18,25,1,17,28,56,0,8,39,5,9,15,0,4,28,3,47,53,0,26,19,0,8,35,0,0,2,13,54,8,1,23,15,7,3,10,1,81,9,4,23,21,6,26,24,14,36,0,30,3,23,3,40,20,28,13,7,8,0,1,6,59,22,20,8,8,19,19,72,30,9,31,23,0,40,4,30,21,40,3,17,8,8,35,15,8,8,45,31,32,27,25,0,30,45,34,2,1,11,0,6,15,8,4,22,9,5,24,6,0,0,24,7,34,12,26,20,74,0,20,5,14,5,17,11,0,11,77,3,1,11,10,19,6,7,35,4,24,6,1,65,0,14,18,11,0,10,31,10,101,1,0,51,0,36,2,1,27,0,3,25,20,0,29,17,0,24,12,14,46,16,9,59,24,2,0,1,43,9,15,26,34,13,9,6,0,27,0,0,0,16,10,67,5,26,1,15,55,39,6,6,3,45,17,12,15,22,1,8,4,34,5,3,5,23,0,20,38,16,17,39,18,5,43,19,15,2,1,15,19,0,1,24,9,0,16,72,8,61,5,1,43,31,1,18,4,4,29,5,29,5,50,17,9,12,27,20,3,12,4,1,62,0,5,0,13,25,0,0,66,10,24,0,0,0,2,66,36,36,52,0,1,27,36,13,0,6,6,12,7,77,3,7,57,12,14,11,8,0,33,76,13,19,30,0,26,22,18,19,2,4,39,15,55,7,8,40,10,2,3,18,22,0,0,0,12,19,3,7,8,26,13,14,0,6,45,17,25,1,6,1,12,35,18,16,2,41,0,4,8,6,0,32,28,23,26,22,1,16,1,2,7,1,3,9,0,1,14,55,19,15,0,4,49,27,1,32,5,6,4,18,5,4,15,27,8,18,5,0,15,13,21,42,5,3,9,1,0,11,6,6,31,8,6,38,13,4,0,30,14,0,16,14,35,20,19,5,15,5,8,26,1,37,15,10,10,14,24,6,5,8,26,4,27,21,6,31
Gene2S_200,0,0,44,51,33,9,0,26,0,0,41,1,16,15,0,3,128,67,21,0,149,169,4,152,26,157,3,45,214,6,2,0,6,20,0,25,19,106,0,1,17,52,30,63,32,0,7,29,0,1,2,39,100,38,118,44,14,23,27,7,2,8,81,14,0,99,13,10,0,2,15,91,0,61,46,0,60,6,33,133,2,22,132,0,0,0,2,2,5,1,13,37,87,4,0,0,62,37,7,0,66,4,13,0,1,30,24,11,5,21,0,33,19,0,4,0,7,54,225,37,57,0,21,52,20,77,19,74,4,66,4,52,5,77,26,48,42,14,6,0,3,0,6,136,42,0,3,52,2,0,23,6,22,1,4,15,6,39,23,145,8,43,224,5,104,54,14,90,19,59,127,6,0,88,0,16,1,33,14,2,8,8,18,24,25,42,2,19,5,22,28,29,0,4,197,1,0,93,1,101,106,0,24,29,0,100,45,9,19,20,66,52,4,28,44,9,42,18,1,14,0,85,0,109,99,174,35,0,0,10,12,0,0,72,136,1,1,4,47,39,0,103,0,0,100,0,20,21,110,6,63,19,0,0,79,16,105,0,0,2,0,0,63,130,2,69,63,28,0,83,14,1,16,0,58,1,18,1,27,3,42,26,17,63,95,42,22,1,148,2,0,4,26,30,12,16,90,52,44,127,253,0,0,17,38,66,72,11,6,44,3,2,0,0,1,25,137,76,13,52,141,162,135,32,116,0,230,12,0,23,77,14,73,179,29,37,105,1,108,44,59,2,29,16,8,9,1,4,168,7,3,132,1,6,0,3,119,62,0,1,0,4,45,11,72,3,0,52,0,19,39,67,51,0,17,0,22,164,9,100,4,0,107,11,156,38,0,147,6,0,8,26,20,0,86,42,0,22,15,45,39,69,5,79,23,133,30,53,6,19,10,158,29,23,55,16,0,7,9,20,119,0,33,4,5,0,20,46,121,31,22,117,1,29,52,74,84,237,0,102,3,91,34,67,61,15,46,3,0,31,3,0,144,44,3,0,3,43,111,5,25,0,2,0,34,91,77,13,43,30,0,0,178,18,0,0,69,1,35,42,0,52,69,36,31,1,29,89,116,6,0,122,91,1,6,53,0,13,14,176
