gene_name,Cell_1,Cell_2,Cell_3,Cell_4,Cell_5,Cell_6,Cell_7,Cell_8,Cell_9,Cell_10,Cell_11,Cell_12,Cell_13,Cell_14,Cell_15,Cell_16,Cell_17,Cell_18,Cell_19,Cell_20,Cell_21,Cell_22,Cell_23,Cell_24,Cell_25,Cell_26,Cell_27,Cell_28,Cell_29,Cell_30,Cell_31,Cell_32,Cell_33,Cell_34,Cell_35,Cell_36,Cell_37,Cell_38,Cell_39,Cell_40,Cell_41,Cell_42,Cell_43,Cell_44,Cell_45,Cell_46,Cell_47,Cell_48,Cell_49,Cell_50,Cell_51,Cell_52,Cell_53,Cell_54,Cell_55,Cell_56,Cell_57,Cell_58,Cell_59,Cell_60,Cell_61,Cell_62,Cell_63,Cell_64,Cell_65,Cell_66,Cell_67,Cell_68,Cell_69,Cell_70,Cell_71,Cell_72,Cell_73,Cell_74,Cell_75,Cell_76,Cell_77,Cell_78,Cell_79,Cell_80,Cell_81,Cell_82,Cell_83,Cell_84,Cell_85,Cell_86,Cell_87,Cell_88,Cell_89,Cell_90,Cell_91,Cell_92,Cell_93,Cell_94,Cell_95,Cell_96,Cell_97,Cell_98,Cell_99,Cell_100,Cell_101,Cell_102,Cell_103,Cell_104,Cell_105,Cell_106,Cell_107,Cell_108,Cell_109,Cell_110,Cell_111,Cell_112,Cell_113,Cell_114,Cell_115,Cell_116,Cell_117,Cell_118,Cell_119,Cell_120,Cell_121,Cell_122,Cell_123,Cell_124,Cell_125,Cell_126,Cell_127,Cell_128,Cell_129,Cell_130,Cell_131,Cell_132,Cell_133,Cell_134,Cell_135,Cell_136,Cell_137,Cell_138,Cell_139,Cell_140,Cell_141,Cell_142,Cell_143,Cell_144,Cell_145,Cell_146,Cell_147,Cell_148,Cell_149,Cell_150,Cell_151,Cell_152,Cell_153,Cell_154,Cell_155,Cell_156,Cell_157,Cell_158,Cell_159,Cell_160,Cell_161,Cell_162,Cell_163,Cell_164,Cell_165,Cell_166,Cell_167,Cell_168,Cell_169,Cell_170,Cell_171,Cell_172,Cell_173,Cell_174,Cell_175,Cell_176,Cell_177,Cell_178,Cell_179,Cell_180,Cell_181,Cell_182,Cell_183,Cell_184,Cell_185,Cell_186,Cell_187,Cell_188,Cell_189,Cell_190,Cell_191,Cell_192,Cell_193,Cell_194,Cell_195,Cell_196,Cell_197,Cell_198,Cell_199,Cell_200,Cell_201,Cell_202,Cell_203,Cell_204,Cell_205,Cell_206,Cell_207,Cell_208,Cell_209,Cell_210,Cell_211,Cell_212,Cell_213,Cell_214,Cell_215,Cell_216,Cell_217,Cell_218,Cell_219,Cell_220,Cell_221,Cell_222,Cell_223,Cell_224,Cell_225,Cell_226,Cell_227,Cell_228,Cell_229,Cell_230,Cell_231,Cell_232,Cell_233,Cell_234,Cell_235,Cell_236,Cell_237,Cell_238,Cell_239,Cell_240,Cell_241,Cell_242,Cell_243,Cell_244,Cell_245,Cell_246,Cell_247,Cell_248,Cell_249,Cell_250,Cell_251,Cell_252,Cell_253,Cell_254,Cell_255,Cell_256,Cell_257,Cell_258,Cell_259,Cell_260,Cell_261,Cell_262,Cell_263,Cell_264,Cell_265,Cell_266,Cell_267,Cell_268,Cell_269,Cell_270,Cell_271,Cell_272,Cell_273,Cell_274,Cell_275,Cell_276,Cell_277,Cell_278,Cell_279,Cell_280,Cell_281,Cell_282,Cell_283,Cell_284,Cell_285,Cell_286,Cell_287,Cell_288,Cell_289,Cell_290,Cell_291,Cell_292,Cell_293,Cell_294,Cell_295,Cell_296,Cell_297,Cell_298,Cell_299,Cell_300,Cell_301,Cell_302,Cell_303,Cell_304,Cell_305,Cell_306,Cell_307,Cell_308,Cell_309,Cell_310,Cell_311,Cell_312,Cell_313,Cell_314,Cell_315,Cell_316,Cell_317,Cell_318,Cell_319,Cell_320,Cell_321,Cell_322,Cell_323,Cell_324,Cell_325,Cell_326,Cell_327,Cell_328,Cell_329,Cell_330,Cell_331,Cell_332,Cell_333,Cell_334,Cell_335,Cell_336,Cell_337,Cell_338,Cell_339,Cell_340,Cell_341,Cell_342,Cell_343,Cell_344,Cell_345,Cell_346,Cell_347,Cell_348,Cell_349,Cell_350,Cell_351,Cell_352,Cell_353,Cell_354,Cell_355,Cell_356,Cell_357,Cell_358,Cell_359,Cell_360,Cell_361,Cell_362,Cell_363,Cell_364,Cell_365,Cell_366,Cell_367,Cell_368,Cell_369,Cell_370,Cell_371,Cell_372,Cell_373,Cell_374,Cell_375,Cell_376,Cell_377,Cell_378,Cell_379,Cell_380,Cell_381,Cell_382,Cell_383,Cell_384,Cell_385,Cell_386,Cell_387,Cell_388,Cell_389,Cell_390,Cell_391,Cell_392,Cell_393,Cell_394,Cell_395,Cell_396,Cell_397,Cell_398,Cell_399,Cell_400,Cell_401,Cell_402,Cell_403,Cell_404,Cell_405,Cell_406,Cell_407,Cell_408,Cell_409,Cell_410,Cell_411,Cell_412,Cell_413,Cell_414,Cell_415,Cell_416,Cell_417,Cell_418,Cell_419,Cell_420,Cell_421,Cell_422,Cell_423,Cell_424,Cell_425,Cell_426,Cell_427,Cell_428,Cell_429,Cell_430,Cell_431,Cell_432,Cell_433,Cell_434,Cell_435,Cell_436,Cell_437,Cell_438,Cell_439,Cell_440,Cell_441,Cell_442,Cell_443,Cell_444,Cell_445,Cell_446,Cell_447,Cell_448,Cell_449,Cell_450,Cell_451,Cell_452,Cell_453,Cell_454,Cell_455,Cell_456,Cell_457,Cell_458,Cell_459,Cell_460,Cell_461,Cell_462,Cell_463,Cell_464,Cell_465,Cell_466,Cell_467,Cell_468,Cell_469,Cell_470,Cell_471,Cell_472,Cell_473,Cell_474,Cell_475,Cell_476,Cell_477,Cell_478,Cell_479,Cell_480,Cell_481,Cell_482,Cell_483,Cell_484,Cell_485,Cell_486,Cell_487,Cell_488,Cell_489,Cell_490,Cell_491,Cell_492,Cell_493,Cell_494,Cell_495,Cell_496,Cell_497,Cell_498,Cell_499,Cell_500
Gene2S_001,0,0,0,0,0,0,8,0,0,0,3,0,0,0,12,0,0,0,0,0,0,0,0,0,0,0,0,0,0,1,0,0,0,0,0,0,0,0,0,0,0,0,0,0,0,0,0,0,0,0,0,0,0,0,0,0,0,0,0,0,0,0,0,0,0,0,0,0,0,0,0,0,0,0,0,0,5,0,12,0,0,0,0,0,0,0,0,0,0,0,0,0,0,0,0,0,0,0,0,0,0,0,0,0,0,0,0,0,0,0,0,0,0,0,0,0,0,0,0,3,0,0,0,0,0,0,0,0,0,0,0,0,1,0,4,0,0,0,0,0,0,0,0,0,0,22,0,0,7,0,0,1,0,0,0,0,16,0,0,0,0,0,0,6,0,0,0,0,0,1,0,0,2,0,0,0,0,0,0,1,0,0,0,1,0,0,0,0,0,0,0,0,5,0,0,29,0,3,0,0,0,0,0,0,0,0,0,0,0,0,0,6,24,0,11,0,0,0,0,0,0,0,0,0,0,0,0,0,0,0,0,0,1,0,0,0,0,0,0,0,0,0,0,0,0,0,0,0,0,0,0,0,0,0,1,0,1,0,0,6,0,1,0,0,1,1,0,0,0,0,0,0,1,0,0,0,2,0,0,0,0,1,0,0,0,0,0,0,0,0,0,0,0,0,0,0,0,0,5,0,0,0,0,0,0,0,0,13,0,0,9,0,0,0,0,0,0,0,8,0,0,0,0,0,1,0,0,0,0,0,0,0,0,0,0,0,0,0,0,10,0,6,0,0,0,0,2,0,0,0,0,8,0,0,0,5,0,4,0,0,0,0,0,0,0,0,0,0,0,0,0,0,2,0,0,3,0,0,0,0,0,0,0,0,0,1,0,3,0,0,0,0,0,0,0,4,0,0,9,0,0,0,0,0,0,0,0,0,0,0,7,0,0,6,0,0,0,0,0,0,0,0,4,0,0,0,0,12,1,0,0,0,0,21,1,0,1,7,0,1,0,1,0,0,15,0,0,0,2,0,0,0,0,0,0,0,0,0,0,0,0,3,0,0,0,0,0,1,0,0,0,10,0,0,0,0,0,0,0,8,0,0,0,0,0,0,0,0,0,0,8,0,0,0,0,0,0,0,0,0
Gene2S_002,0,0,0,0,0,4,0,1,0,0,0,0,0,0,0,2,0,0,0,0,10,0,0,15,0,0,0,0,0,0,0,0,0,0,0,0,0,0,0,1,1,0,0,0,0,0,0,0,23,0,0,0,0,1,1,0,0,2,7,0,0,0,0,1,0,0,9,0,0,4,4,0,0,0,8,0,0,1,19,25,0,0,0,0,0,0,0,0,2,0,0,6,1,0,1,0,0,0,0,0,0,0,0,0,0,0,0,7,0,2,0,0,0,6,0,0,13,0,0,3,0,0,0,0,0,0,0,3,6,0,1,27,0,0,0,0,0,1,0,1,0,0,0,0,0,0,0,0,0,0,0,10,0,4,0,0,0,0,0,0,4,24,0,0,1,0,4,0,3,0,0,0,0,0,2,0,0,0,9,1,0,0,0,0,1,0,0,4,0,0,6,0,3,0,0,0,0,0,0,0,8,1,0,3,0,0,0,0,0,2,11,0,0,0,0,0,0,0,0,0,0,0,0,0,1,3,0,0,0,0,0,0,0,4,4,0,0,0,0,5,1,0,0,0,0,0,9,0,0,2,1,0,0,0,0,1,0,0,0,0,2,0,0,0,0,0,0,2,0,16,0,0,2,0,0,0,0,1,0,0,0,0,3,0,0,0,0,0,0,0,0,0,0,0,0,0,0,0,0,0,0,2,0,0,1,0,0,0,0,0,4,0,0,5,0,0,0,1,0,0,0,0,0,0,0,0,0,0,0,0,10,0,5,0,0,0,0,0,0,0,0,0,1,0,0,0,1,0,2,0,0,3,0,0,0,0,0,0,0,0,0,1,0,2,0,1,0,0,0,0,0,0,2,1,0,0,0,0,0,0,7,0,0,0,0,0,0,0,11,0,0,0,0,0,0,0,0,0,0,0,1,8,2,0,0,0,0,0,2,0,0,0,0,0,1,0,0,1,0,0,5,0,0,0,0,1,0,0,0,0,0,17,1,0,0,0,3,0,0,0,0,2,0,0,0,0,1,0,0,0,0,0,0,0,0,0,0,0,0,0,0,0,4,0,0,0,1,0,0,0,0,7,0,0,16,0,0,0,0,0,11,0,1,0,0,0,0,0,0,0,0,0,1,0,2,0,0,0,0,0
Gene2S_003,1,0,0,1,0,0,0,0,0,0,0,0,0,0,0,0,0,0,0,0,0,0,0,0,0,0,0,0,0,0,0,2,0,0,0,0,0,0,0,0,2,0,0,0,0,0,0,0,0,0,0,0,2,0,0,0,0,0,0,0,0,0,0,0,0,0,0,0,0,0,0,0,0,0,0,7,0,0,0,0,0,0,0,0,0,0,0,0,0,0,0,0,0,0,0,0,0,0,0,0,0,0,0,0,0,0,0,0,0,0,0,0,0,0,0,0,0,0,0,0,0,0,0,0,1,0,0,0,0,0,0,0,0,0,0,0,0,0,0,0,0,0,0,0,3,0,0,0,0,0,0,0,0,0,0,0,0,0,0,0,0,0,0,0,0,0,0,0,0,0,0,0,0,0,0,0,0,0,0,0,0,0,0,0,0,0,0,0,0,0,0,0,11,6,0,0,0,0,0,0,0,0,0,0,0,0,0,0,0,0,0,0,0,0,0,0,3,0,0,0,0,0,5,0,0,0,0,0,0,0,0,0,0,0,0,0,0,0,0,0,0,0,0,7,0,0,0,0,0,0,0,0,0,0,0,0,0,0,0,0,0,0,0,0,0,0,0,0,3,0,0,0,0,0,0,2,0,0,0,0,0,0,1,0,0,0,0,0,0,0,0,0,0,0,0,0,0,0,0,0,0,0,0,0,0,0,0,0,0,0,0,0,0,0,0,0,0,0,0,0,0,0,0,0,1,0,0,0,0,0,0,0,0,0,0,0,0,0,0,0,0,0,0,0,0,0,0,0,0,0,0,2,0,0,0,0,0,0,0,0,0,0,0,0,0,0,0,0,0,0,0,0,0,0,0,0,0,0,0,0,0,0,0,0,0,0,3,0,0,1,0,0,0,0,0,0,0,0,0,0,0,0,0,0,0,0,0,0,0,0,0,0,0,0,0,0,0,0,0,0,0,0,0,0,0,0,0,0,0,0,0,0,0,0,0,0,0,0,0,0,0,0,0,0,0,0,0,0,0,0,0,0,0,0,0,0,0,0,0,0,0,0,0,0,0,0,0,0,0,0,0,0,0,0,0,0,0,0,0,0,0,1,0,0,0,0,0,0,0,0,0,7,0,0,0,0,0,0,1,0
Gene2S_004,52,3,0,0,0,5,0,0,0,0,7,0,0,0,0,0,7,0,65,0,0,0,6,0,4,0,0,0,0,0,2,0,28,0,10,0,64,0,0,2,28,28,0,1,0,0,0,0,0,5,3,0,0,0,5,26,0,54,0,0,0,1,20,15,1,0,2,14,0,10,1,0,0,38,0,68,0,15,0,0,0,18,126,18,0,2,0,54,0,0,0,0,0,6,1,4,0,0,0,0,0,0,3,0,0,0,0,0,26,4,0,0,0,12,0,13,0,79,0,0,1,0,0,65,0,37,0,0,0,12,0,0,2,0,15,19,0,0,14,0,34,0,0,0,99,14,0,0,0,0,0,0,0,9,3,0,0,0,10,0,12,26,3,0,2,9,0,0,0,1,0,0,2,0,0,1,6,0,0,0,37,0,0,0,0,0,0,0,0,0,0,0,0,0,2,0,2,0,0,0,18,0,0,51,25,102,0,36,0,0,0,0,0,0,8,21,0,2,0,0,23,0,0,0,3,1,2,0,0,0,7,0,16,32,0,45,0,1,0,0,1,0,0,9,0,0,0,0,1,37,0,0,0,0,60,0,0,0,19,0,0,14,0,0,0,6,0,2,0,0,0,0,1,0,13,14,0,0,0,1,32,5,1,27,0,0,0,0,0,0,0,0,11,24,0,0,3,0,32,26,61,16,0,0,38,0,0,0,7,5,7,101,0,5,0,54,35,28,118,18,28,0,12,11,10,0,0,1,0,15,7,45,0,15,0,46,0,8,4,0,0,35,0,0,1,0,0,1,0,12,19,23,1,44,5,6,21,0,0,0,56,92,0,0,47,0,0,1,0,4,0,18,0,0,2,7,41,0,1,0,63,0,19,0,25,102,0,4,26,0,0,4,0,2,0,0,0,0,0,30,0,0,18,25,0,0,0,1,0,0,0,0,41,69,1,1,0,0,5,0,7,10,10,0,9,0,0,0,5,51,0,7,0,96,9,1,0,75,0,0,7,0,0,0,0,0,9,1,0,0,17,11,0,0,17,14,0,0,11,2,0,17,0,5,0,0,0,0,22,62,0,16,0,0,23,3,1,1,7,74,0,0,0,40,0,0,0,107,2,0,0,12,20,35,65,0,0,0,0,15
Gene2S_005,0,0,0,0,0,0,0,0,8,4,0,0,0,3,0,6,0,0,1,0,0,0,0,0,4,0,1,6,0,0,0,0,0,17,0,0,1,4,0,0,0,0,0,3,0,9,0,0,0,11,0,2,0,0,2,0,0,0,0,0,5,1,0,0,0,0,0,0,0,0,0,0,0,0,0,3,9,0,6,0,0,0,0,5,4,0,15,7,0,0,0,0,6,0,0,4,0,0,1,11,0,0,0,0,0,0,0,0,10,0,0,0,0,0,4,0,0,0,4,0,3,0,3,0,2,0,0,1,6,0,0,0,0,0,0,0,6,0,0,0,8,0,1,0,0,6,1,3,1,0,0,0,1,0,2,0,5,0,0,0,0,0,0,2,0,0,0,0,0,0,1,0,16,7,0,0,0,0,0,0,0,0,0,0,5,0,0,0,0,1,0,0,1,0,0,17,0,4,0,0,2,0,0,0,3,0,0,0,0,0,0,5,0,0,3,1,0,0,0,0,0,0,0,0,0,0,0,0,0,0,5,0,0,0,0,1,0,0,3,0,0,3,0,0,4,0,0,0,0,0,4,0,0,0,0,0,0,0,0,2,0,0,4,0,0,1,0,0,0,1,0,0,0,0,1,0,0,0,0,4,3,0,2,0,0,0,0,0,2,0,0,0,0,0,1,0,1,0,0,0,0,0,0,0,0,0,0,0,0,0,19,1,2,3,0,0,0,0,1,0,1,2,0,0,0,0,0,0,0,0,0,0,1,0,10,0,0,0,0,0,0,0,0,1,0,0,0,0,2,0,0,0,0,0,0,1,3,0,0,0,0,7,0,0,0,0,0,0,3,6,0,0,3,0,14,1,3,0,10,0,0,0,0,0,0,1,13,0,0,0,0,0,0,2,0,0,1,0,0,0,2,0,0,3,3,0,0,0,1,0,0,1,0,0,0,0,17,8,0,0,0,0,4,0,0,3,0,0,12,0,0,0,0,0,0,0,15,0,0,11,0,0,0,0,0,16,1,0,0,0,2,0,0,0,0,0,0,0,1,2,1,3,0,0,3,0,1,0,3,0,0,0,0,0,0,0,0,0,2,0,0,8,2,0,0,0,0,0,0,0,3,0,0,0,1,1,0,5,0,23
Gene2S_006,0,0,2,8,0,0,16,0,12,0,0,0,0,0,0,0,0,0,0,0,7,0,0,1,0,0,0,0,6,0,0,0,0,0,0,0,8,0,0,0,0,0,0,0,0,0,0,0,0,0,0,0,0,0,2,0,0,0,0,0,0,0,20,0,0,0,10,5,3,0,0,0,0,0,0,0,0,0,0,0,1,0,0,1,0,0,0,0,0,0,0,0,9,0,16,0,0,0,0,0,0,0,0,0,0,0,0,3,0,0,0,0,0,0,0,0,0,0,1,0,0,0,0,0,0,0,0,0,0,16,0,0,0,0,0,0,0,0,0,0,0,0,0,0,0,0,0,0,0,0,0,0,9,6,1,0,0,9,0,0,0,0,0,0,0,0,0,0,14,0,1,0,0,0,0,0,0,0,0,0,0,0,0,0,0,0,0,0,0,0,0,0,0,0,0,0,13,9,0,19,0,0,0,0,0,0,0,12,1,0,0,0,0,0,0,6,0,0,0,0,0,0,0,1,0,0,0,0,0,2,0,0,0,28,0,0,0,0,0,0,0,0,0,0,0,0,0,0,0,0,0,0,0,0,0,0,0,0,0,0,7,0,0,0,0,0,0,0,0,0,0,0,0,0,0,0,0,13,0,0,0,0,0,0,0,0,0,0,0,0,0,0,0,0,2,0,0,0,0,0,0,0,0,0,0,0,0,0,0,0,0,0,0,0,0,2,0,0,0,0,0,0,0,0,0,0,0,0,0,0,0,0,0,0,0,0,0,0,0,0,0,0,0,0,0,0,0,0,0,0,0,0,0,0,0,0,4,0,0,0,0,0,0,0,0,0,0,0,0,0,0,0,0,0,0,0,0,0,0,0,0,0,26,0,0,0,0,0,0,0,0,0,0,0,0,0,0,0,0,0,0,0,0,0,7,0,0,0,0,0,0,0,0,0,0,0,0,0,0,0,0,0,0,0,0,0,0,0,0,0,0,0,12,0,0,0,0,0,0,0,0,0,0,26,0,0,0,0,0,0,0,0,0,0,0,0,0,0,0,0,0,12,0,0,0,0,0,11,0,0,0,0,0,10,0,6,0,0,0,7,0,0,0,0,0,0,0,0,5,0,0,2,0,0,0,0,0,0,0,0
Gene2S_007,0,0,0,0,2,0,2,0,0,46,0,0,23,0,0,0,0,0,0,0,0,0,0,0,3,0,8,0,0,0,0,0,0,0,0,0,0,0,0,4,0,0,0,0,0,0,0,0,0,1,0,0,0,0,35,0,5,0,0,0,0,0,0,0,2,0,25,0,0,0,0,0,0,16,5,0,3,0,0,0,0,0,0,0,0,9,0,0,0,0,0,0,0,0,0,2,0,0,0,0,3,0,0,2,0,4,0,0,0,0,0,0,0,0,0,0,0,0,0,0,0,4,6,0,0,0,1,0,0,0,0,0,0,0,0,0,0,0,47,13,0,0,0,0,0,0,0,0,16,32,0,0,0,0,0,0,0,0,35,7,9,0,0,9,0,0,0,0,0,0,0,4,4,0,0,2,8,0,0,0,0,0,0,0,0,1,0,0,0,12,0,0,0,0,1,0,6,0,5,0,0,0,0,1,0,1,1,0,0,0,0,7,0,0,0,31,0,0,0,0,0,0,0,0,0,0,0,0,1,0,0,0,18,12,0,0,0,0,0,0,0,0,0,1,0,0,0,0,0,0,0,0,0,0,0,0,0,0,4,0,0,4,4,0,0,0,14,0,0,17,0,0,0,0,0,0,23,0,0,0,0,0,0,5,0,0,0,0,0,0,36,0,0,18,39,0,0,1,0,15,0,1,29,0,0,0,0,10,0,0,0,1,0,0,0,0,0,2,0,0,0,0,0,0,0,34,0,0,0,0,0,0,3,0,25,10,3,0,1,0,4,0,0,0,0,12,0,0,0,0,0,0,0,0,0,0,4,0,3,0,0,2,0,0,0,0,11,2,20,0,0,0,0,0,0,1,0,13,0,0,0,0,0,0,0,0,0,0,0,32,0,9,0,9,0,0,0,0,0,0,0,0,0,24,4,0,0,1,0,0,0,1,0,0,0,0,4,0,0,0,0,19,0,0,3,56,0,2,0,0,0,26,0,0,7,0,0,0,0,0,0,0,0,0,0,0,33,0,0,0,0,4,0,0,0,1,0,0,0,0,0,1,0,0,0,0,0,0,12,4,6,0,8,0,0,0,0,0,0,0,0,0,0,0,0,0,0,0,0,8,0,0,1,0,0,11,0,0,8,0
Gene2S_008,0,0,0,0,0,0,0,0,0,0,0,0,0,0,0,0,0,0,0,0,0,0,0,0,0,0,0,0,0,0,0,0,0,0,0,0,9,0,12,0,0,0,0,0,0,0,0,0,0,0,0,0,0,0,0,0,0,3,0,0,0,0,0,0,0,0,0,0,0,0,0,0,0,17,0,0,0,0,1,0,0,14,0,0,1,0,0,0,0,0,0,0,0,0,0,0,0,0,0,0,0,0,0,0,8,0,0,0,0,0,0,23,9,0,0,0,0,0,0,0,0,0,0,0,0,0,0,0,0,0,2,0,0,0,0,0,0,0,0,0,0,0,18,0,0,0,0,0,0,0,0,0,0,0,0,13,0,0,0,0,0,0,0,0,0,0,1,0,0,0,0,0,0,0,0,0,0,1,0,0,0,0,0,0,0,0,0,0,0,0,0,0,0,0,9,0,0,0,0,0,0,0,0,0,0,0,0,0,0,0,0,0,0,0,0,0,0,0,9,0,0,4,0,0,0,0,0,0,0,0,0,0,0,0,0,0,0,0,0,0,0,0,0,0,0,0,0,0,0,0,0,0,0,0,0,0,0,0,0,0,0,0,0,0,0,0,0,0,0,0,0,0,0,0,0,0,0,7,0,0,0,0,0,0,0,0,0,0,0,0,0,1,0,0,0,0,0,1,0,0,0,0,0,0,0,0,0,0,0,0,0,0,0,0,0,0,0,0,24,0,0,0,0,0,0,0,0,0,0,0,1,0,0,0,0,0,3,0,0,0,0,2,0,0,0,0,0,0,0,0,0,0,0,0,0,0,0,21,0,0,0,0,0,0,0,0,0,0,0,0,0,0,0,0,0,0,0,0,0,0,0,0,0,0,0,11,0,0,0,0,0,0,0,0,0,0,0,0,0,0,0,1,0,0,0,0,0,0,33,0,0,0,0,0,0,22,1,0,0,0,20,0,0,0,0,0,0,0,4,0,0,0,0,4,14,0,0,0,0,0,0,0,0,0,0,0,0,0,0,0,0,0,0,0,0,0,0,0,0,0,0,1,0,0,0,6,0,0,0,0,0,0,0,0,0,0,0,0,0,0,0,0,0,0,0,0,3,0,0,0,0,21,0,0,0,0,0,0,0,0
Gene2S_009,0,2,0,0,0,0,0,0,0,0,0,0,0,3,0,0,0,0,0,0,0,0,0,0,0,0,0,0,0,0,0,0,0,0,0,0,0,0,0,0,0,10,0,4,0,0,0,0,0,0,0,0,0,0,0,0,0,0,0,0,0,1,0,0,0,0,0,0,4,0,0,0,0,0,0,0,0,0,0,0,0,0,0,0,0,0,12,1,0,0,0,0,0,0,0,0,0,0,0,2,0,3,0,0,0,0,0,3,0,4,0,0,0,0,0,0,0,0,0,0,0,0,0,0,0,0,0,0,0,0,0,0,0,0,0,0,0,0,0,0,0,0,0,0,0,0,0,0,0,0,0,0,0,0,1,0,0,0,0,0,0,0,5,0,0,0,0,0,0,0,0,0,0,0,0,0,0,0,0,0,0,0,0,0,0,0,3,0,0,0,0,0,0,0,0,0,0,0,0,0,0,0,0,0,0,0,0,0,0,1,0,0,0,0,0,0,0,0,0,3,0,0,0,0,0,0,0,0,0,0,0,0,0,0,0,0,0,0,0,0,0,0,0,0,0,0,0,0,0,0,0,0,0,0,1,0,0,0,0,0,0,0,0,0,0,0,0,0,0,1,0,0,0,0,0,0,0,0,0,0,0,0,0,0,0,0,0,0,0,0,0,0,0,0,0,0,0,0,0,0,0,0,0,0,0,0,0,0,0,0,0,0,0,0,0,0,0,0,0,0,0,1,0,0,0,0,3,0,0,0,0,0,1,0,1,0,0,0,0,0,0,0,0,0,0,0,0,0,0,0,0,0,0,0,0,0,0,0,0,0,0,0,0,0,0,0,0,0,0,0,0,0,0,0,0,0,0,0,0,0,0,0,0,0,0,0,0,0,0,0,0,1,0,0,0,0,0,0,0,0,0,0,0,0,0,0,0,0,0,0,0,0,0,0,0,0,0,0,0,0,0,0,0,0,0,0,0,0,0,0,0,0,0,0,0,0,0,0,0,0,0,0,0,0,0,0,0,0,0,3,0,0,0,0,0,0,0,0,0,0,0,0,0,0,0,0,0,0,0,0,0,0,0,0,0,0,0,1,0,0,0,0,0,0,0,0,0,0,0,0,0,0,0,0,0,0,0,0,0,0
Gene2S_010,0,1,0,0,0,0,0,0,0,0,0,0,6,0,0,0,0,0,0,0,0,0,0,0,0,0,0,0,0,0,0,0,0,0,0,0,0,0,0,0,0,0,0,0,0,0,0,0,0,0,1,0,0,0,0,0,0,2,0,0,0,0,0,0,0,0,0,0,0,0,0,0,0,0,0,0,0,0,0,0,0,0,0,0,0,0,0,0,0,0,0,0,0,0,0,0,0,0,0,0,0,0,0,0,0,0,1,0,0,0,0,0,0,0,0,0,0,2,0,0,0,0,0,0,0,0,0,0,0,0,0,0,0,0,0,0,0,0,0,0,0,0,2,0,0,0,0,0,0,0,0,0,0,0,0,1,0,0,0,0,0,0,0,4,0,0,0,0,0,0,1,0,0,0,0,0,0,0,0,1,0,0,0,0,0,0,0,0,3,0,0,0,0,0,0,0,0,0,0,0,0,3,0,4,0,0,0,0,0,0,0,0,0,0,0,0,0,0,0,0,0,0,0,1,0,0,0,0,0,0,0,0,0,0,0,0,0,0,0,0,0,0,0,0,0,0,0,0,0,0,0,0,0,0,0,0,0,0,0,0,0,0,0,0,0,0,0,0,0,0,0,0,0,0,0,0,0,0,0,0,0,0,0,1,0,0,0,0,0,0,0,0,0,0,0,2,0,0,0,0,0,0,0,0,0,4,0,0,0,0,0,0,0,0,0,0,0,0,0,0,0,0,0,0,0,1,0,0,0,0,0,0,0,0,0,0,0,0,0,0,0,1,0,0,1,0,1,0,0,0,1,0,0,0,0,0,0,0,0,0,0,1,0,0,0,0,0,0,0,0,0,0,0,1,0,0,0,0,0,0,0,0,0,0,0,0,0,0,0,0,0,0,1,0,0,0,0,0,0,0,0,0,0,0,0,0,0,0,0,0,0,0,0,0,0,0,0,0,0,0,0,1,0,0,0,0,0,0,0,0,0,0,0,0,0,0,0,0,0,0,0,0,0,0,0,0,1,0,0,0,0,0,0,0,0,0,0,0,0,0,0,0,0,0,0,0,0,3,0,0,0,0,0,0,0,0,0,2,0,0,1,0,0,0,0,0,0,0,1,0,0,0,0,0,0,0,0,0,0,4
Gene2S_011,0,2,0,0,0,0,0,1,0,1,0,0,0,0,3,0,5,0,0,0,0,0,0,0,0,0,0,0,0,0,0,0,3,0,0,0,0,0,0,0,0,0,0,0,0,0,0,0,0,0,0,0,2,0,0,0,0,1,0,0,0,0,0,0,0,0,0,0,0,3,0,0,0,0,0,0,0,0,0,0,0,0,0,0,0,0,0,0,1,0,0,0,0,0,3,1,0,0,0,0,0,0,0,0,0,0,9,0,0,4,0,0,0,0,1,0,0,0,7,1,0,2,0,0,0,4,0,1,0,0,2,0,0,0,0,1,0,0,0,1,0,0,0,0,0,0,0,0,0,1,0,0,0,0,0,0,0,0,0,0,0,0,11,0,0,0,0,0,0,0,0,0,1,0,5,0,0,0,1,0,2,0,0,0,0,0,0,0,0,0,0,0,0,0,0,0,0,1,0,0,0,0,10,0,0,0,0,0,0,1,1,0,0,2,0,0,0,1,0,0,0,1,0,0,8,0,0,0,0,0,6,0,0,0,0,0,0,0,0,0,0,0,0,0,0,0,0,0,0,0,0,0,0,0,0,0,0,0,0,0,0,0,0,0,0,0,1,0,0,5,0,0,0,0,0,3,0,5,0,0,1,0,0,0,0,0,0,0,0,4,0,0,0,0,0,6,0,17,0,0,0,0,12,0,0,0,0,0,0,0,0,0,0,8,0,0,2,0,0,0,0,0,0,0,0,1,0,0,0,0,0,1,0,0,0,0,0,0,11,0,0,0,0,0,0,0,0,0,0,0,0,0,5,0,0,0,0,0,0,0,0,2,0,0,2,0,0,0,1,0,0,0,0,0,0,0,0,0,0,6,0,0,2,0,0,0,2,0,0,0,0,0,0,0,0,0,0,0,0,0,0,0,0,0,0,0,0,0,0,0,0,0,3,0,0,0,0,0,0,0,0,5,0,0,0,0,0,0,0,0,0,0,0,0,0,13,9,0,0,0,0,5,0,0,1,0,0,0,0,0,0,0,0,0,0,5,0,0,3,0,0,0,0,0,0,0,0,0,0,0,0,0,0,0,0,0,0,0,0,0,0,0,0,0,0,0,0,0,3,0,0,7,0,0,0,0,3,2,0,0
Gene2S_012,0,0,0,0,0,0,9,3,7,0,1,0,0,0,8,0,2,2,0,0,4,0,1,6,0,1,0,0,0,0,0,0,0,0,0,0,0,0,0,0,0,0,0,0,23,0,1,0,4,0,0,0,3,0,0,0,0,0,0,0,0,0,30,10,0,0,24,0,0,0,9,0,23,0,1,0,0,0,0,0,0,0,0,0,0,0,4,0,1,5,0,10,0,0,1,18,0,1,0,0,0,0,5,0,4,0,5,0,0,0,1,0,0,0,0,0,3,0,5,0,9,0,2,1,0,0,0,1,0,0,0,0,1,0,0,0,0,0,0,2,0,4,0,0,0,0,0,0,0,0,5,0,19,1,0,0,0,0,0,0,0,0,0,0,6,0,0,0,0,1,10,0,1,1,19,0,31,6,0,19,5,2,1,0,0,0,0,0,0,0,0,0,0,0,0,0,0,3,0,0,0,11,5,0,0,2,0,0,2,0,0,0,14,0,0,20,0,0,0,2,5,0,0,0,21,0,3,0,0,0,0,6,0,5,0,17,0,0,1,2,0,0,4,0,0,0,0,0,1,1,12,0,0,0,16,0,1,1,0,0,9,0,0,0,0,0,1,0,9,0,0,5,0,0,9,2,0,0,0,0,0,4,0,0,2,0,0,0,0,0,0,9,0,3,0,0,0,0,0,0,4,1,0,0,1,2,3,0,0,0,2,0,0,0,1,0,3,2,0,0,0,0,0,0,0,0,1,0,0,0,0,5,8,9,2,0,0,31,0,0,0,0,0,0,1,0,0,0,0,8,0,0,9,0,12,0,1,5,1,2,0,0,1,1,0,28,1,0,0,0,0,0,0,0,0,2,0,0,0,0,0,26,0,0,0,0,0,3,0,0,2,0,0,6,7,12,0,0,0,0,0,0,0,0,2,0,0,0,0,0,0,0,0,0,2,0,0,4,0,11,22,3,3,18,0,0,0,0,0,0,0,0,0,0,15,1,0,0,0,3,27,0,1,0,0,0,4,0,0,0,0,11,0,0,0,0,13,5,10,0,0,2,0,2,0,2,4,0,0,0,0,0,0,0,1,27,0,0,0,0,3,0,0,7,0,1,0,0,2,0,0,0,0,0,2,0,0,9,1,0
Gene2S_013,0,0,0,19,0,55,0,0,0,0,0,0,0,0,0,0,20,9,0,0,4,0,0,34,0,0,0,0,0,0,0,0,0,0,0,23,1,36,0,0,0,0,0,0,0,38,0,0,0,0,0,0,0,0,0,1,0,0,0,19,0,0,0,0,0,0,0,0,0,0,15,20,0,0,0,0,0,0,0,0,0,0,0,0,0,53,0,0,0,0,0,0,0,0,0,0,0,0,0,0,0,0,0,0,0,17,0,0,0,0,0,0,0,0,0,0,0,0,0,0,0,0,0,0,14,0,2,0,0,0,12,32,9,0,0,0,0,0,0,0,0,0,0,0,0,0,4,15,0,0,0,0,0,7,0,0,0,0,0,0,0,0,31,0,1,0,0,0,0,0,0,0,0,0,0,0,27,0,0,83,23,0,0,0,0,0,2,0,0,0,3,0,0,0,0,0,0,0,0,0,0,0,0,0,0,0,0,13,0,5,0,0,0,2,0,0,4,0,0,0,2,0,3,0,0,0,0,0,0,6,0,1,0,0,0,0,0,1,0,0,0,0,0,0,0,0,0,16,3,0,0,0,9,0,0,0,13,0,0,0,0,0,0,0,0,0,0,0,0,6,0,0,0,24,0,0,5,0,0,0,0,1,0,0,0,0,0,0,0,1,0,0,0,38,0,0,0,0,0,0,0,20,0,0,0,0,0,0,1,0,0,0,5,0,0,0,0,27,0,0,0,0,0,0,0,0,0,4,0,0,69,0,0,0,0,0,0,0,0,0,31,0,0,0,0,13,0,0,0,0,0,0,0,0,18,0,14,0,6,0,0,0,0,16,0,0,0,0,0,0,0,0,0,0,1,0,46,0,28,52,32,0,0,2,0,0,0,0,0,0,0,0,0,9,0,0,0,0,6,0,0,2,0,0,0,0,0,0,0,0,0,0,0,29,0,0,0,0,0,0,0,4,0,0,0,0,0,9,1,0,0,0,0,21,0,0,0,0,0,0,1,0,68,0,0,0,0,0,0,1,0,3,0,0,0,0,0,0,0,0,0,0,0,0,0,0,0,0,0,0,0,3,0,0,0,0,28,0,0,0,0,0,0,0,0,0,0,0,0,0,0,0,1,0,0,0,8,0,0,0
Gene2S_014,0,0,0,0,0,0,0,17,4,1,0,0,0,0,2,0,0,0,0,0,0,0,0,0,0,0,13,0,0,0,0,0,1,0,17,2,0,0,0,0,0,0,0,0,0,0,0,0,0,0,0,2,0,18,25,0,0,0,12,0,0,1,0,0,0,0,0,6,0,0,0,0,1,0,0,0,0,0,0,0,11,2,0,3,4,0,0,0,0,0,0,0,0,0,0,0,0,0,3,0,6,0,2,0,0,6,0,0,0,0,0,32,3,0,40,0,0,0,0,2,0,0,0,0,0,0,0,0,0,0,72,0,0,0,0,0,0,0,0,13,0,0,0,0,0,0,4,0,0,0,0,0,0,0,0,0,0,0,16,0,0,0,1,0,11,0,0,0,0,3,3,0,0,0,0,0,0,0,0,0,0,0,0,0,0,13,0,0,10,0,0,0,0,0,0,0,0,1,0,0,6,0,0,0,0,0,0,0,0,4,0,0,1,8,0,9,0,5,0,0,0,0,0,0,0,0,6,0,49,0,0,0,0,4,0,0,0,0,62,7,0,0,0,12,7,0,0,0,11,0,17,0,0,0,0,0,0,22,0,0,11,0,0,0,0,0,18,16,0,0,0,9,0,0,25,0,0,0,0,19,0,2,0,0,0,0,0,0,0,0,5,5,0,0,0,0,21,0,8,0,0,0,0,3,0,0,0,0,1,0,0,4,0,0,0,1,0,0,0,0,0,0,0,0,0,0,0,0,32,10,0,0,0,6,0,0,0,0,0,0,0,0,3,0,0,2,0,0,0,0,0,0,13,0,0,0,0,18,0,0,0,0,0,0,0,0,0,8,66,12,0,1,1,0,0,0,0,0,0,7,1,0,0,0,0,20,18,0,0,0,0,0,0,3,0,0,0,0,4,0,0,0,0,0,0,0,1,0,0,0,0,1,0,0,0,0,10,0,0,18,0,0,0,0,0,0,0,0,25,0,10,0,19,0,0,0,0,4,0,0,0,0,0,1,13,0,0,0,0,0,10,7,0,0,0,0,0,0,0,0,12,0,0,0,0,0,0,0,1,0,0,0,0,18,0,0,0,0,0,0,0,0,0,0,0,0,0,5,0,2,0,0,6,0,0,0,0,0,3,0
Gene2S_015,0,0,0,0,0,0,0,0,0,0,0,0,0,0,0,0,0,0,0,0,0,0,0,0,0,0,0,0,0,0,0,0,0,0,0,0,0,0,0,0,0,0,0,0,0,0,31,0,0,0,0,0,0,0,0,0,0,0,0,0,0,0,0,0,0,0,0,0,0,0,0,0,0,0,0,0,0,0,0,0,0,0,0,0,0,0,0,0,0,0,0,0,0,0,0,0,0,0,0,0,0,0,0,0,0,0,0,0,6,0,0,0,0,0,0,0,0,0,0,0,0,0,0,0,0,0,0,0,0,0,1,0,0,0,0,0,1,0,0,0,0,0,0,0,0,0,0,0,0,0,0,0,0,0,0,0,0,0,0,0,0,0,0,0,0,0,0,0,0,0,0,0,0,0,0,0,0,0,0,0,0,0,0,0,0,0,0,0,0,0,0,0,0,0,0,0,0,0,0,0,0,0,0,0,0,0,0,0,0,0,0,0,0,0,0,0,0,0,0,0,0,1,0,0,0,0,0,0,0,0,0,0,0,0,0,0,0,0,0,0,0,0,0,0,0,0,0,0,0,0,0,0,0,0,0,0,0,0,0,0,0,4,0,0,0,0,0,0,0,0,0,0,0,0,0,0,0,0,0,0,0,0,0,0,0,0,0,0,0,0,0,0,0,0,0,0,0,0,0,0,0,0,0,0,0,0,0,0,0,0,0,0,0,0,0,0,0,0,0,0,0,0,0,0,0,0,0,0,0,0,0,0,0,0,0,0,0,0,0,0,0,0,0,0,0,0,0,0,0,0,0,0,0,0,0,0,0,0,0,0,0,0,0,0,0,0,0,4,0,0,0,0,0,0,0,0,0,0,0,0,0,0,0,0,0,0,0,0,0,0,0,0,0,0,0,0,0,0,0,0,0,0,0,0,0,1,0,0,0,0,0,0,0,0,0,0,0,0,0,0,0,0,0,0,0,0,0,0,0,0,0,0,0,0,0,0,0,0,0,0,0,0,0,0,0,0,0,0,0,0,0,0,0,0,0,0,0,0,0,0,0,1,0,0,0,0,0,0,0,0,0,0,0,0,0,0,0,0,0,0,0,0,0,0,0,0,0,0,0,0,0,0,0,0,0,0,0,0,0,7
Gene2S_016,0,0,0,0,0,0,0,0,11,0,0,1,0,6,0,0,0,2,0,0,0,22,9,0,1,0,5,0,0,0,0,0,0,0,0,0,1,0,0,0,0,0,0,0,2,0,15,0,0,2,0,5,0,0,22,0,0,0,0,0,0,1,3,0,0,0,0,0,0,0,0,1,0,0,3,0,0,6,2,0,0,0,1,0,0,13,3,0,0,0,0,0,4,0,0,0,0,0,0,0,0,3,0,3,0,10,0,63,14,0,0,0,1,0,1,0,11,0,0,1,1,0,0,0,5,1,0,2,0,0,0,0,0,1,0,1,1,0,0,0,0,0,0,1,7,0,12,13,0,0,0,0,1,0,1,0,0,0,0,1,2,0,0,0,0,0,0,11,0,0,14,0,5,0,0,1,2,1,0,0,0,0,0,1,0,0,1,0,39,0,0,1,6,5,0,0,0,0,0,0,4,0,0,0,0,11,1,6,1,0,8,0,0,0,0,0,0,0,0,17,20,0,24,0,0,0,2,10,0,12,14,0,0,0,0,0,0,1,0,0,3,0,0,0,0,0,1,0,0,0,18,0,0,11,0,0,0,0,0,30,1,8,0,0,0,0,0,0,0,3,0,0,2,5,0,0,0,3,8,1,25,0,0,0,0,0,1,0,51,0,0,47,0,0,0,0,0,1,0,0,0,0,0,1,0,0,5,0,0,2,36,0,0,0,1,0,2,0,0,0,0,0,0,0,0,4,7,0,0,0,0,1,0,0,0,0,2,13,0,0,1,0,0,0,0,0,0,3,9,0,4,0,4,0,7,2,0,0,0,0,3,2,0,0,0,0,0,0,0,8,35,0,0,0,0,8,2,0,0,0,7,0,0,0,3,16,2,0,0,0,0,0,0,0,0,0,0,0,0,0,2,0,0,11,4,0,3,0,0,0,4,3,0,2,0,1,0,0,0,0,0,0,20,0,6,4,0,17,0,0,0,0,9,2,0,0,14,31,0,26,0,0,0,0,0,0,0,10,0,0,1,1,0,0,0,0,0,4,0,0,2,0,0,0,2,0,0,0,0,0,0,0,9,0,0,0,0,0,0,6,0,2,0,0,0,2,0,4,0,1,20,6,0,0,8,0,2,0,0,0
Gene2S_017,0,7,0,0,0,0,0,0,4,5,0,5,0,24,6,0,0,0,0,0,0,0,0,0,0,0,0,0,0,0,0,0,0,0,9,0,2,0,0,0,0,0,0,0,0,0,0,0,0,31,0,5,0,7,0,0,0,1,0,0,2,0,0,0,0,0,0,0,18,0,2,0,4,6,0,0,55,0,0,1,0,0,0,1,5,0,0,0,0,0,0,0,16,0,0,0,3,1,0,0,0,18,0,0,0,0,0,0,55,0,0,0,27,7,0,2,0,7,4,20,0,81,3,0,0,0,56,0,0,0,0,4,0,0,0,0,0,0,0,0,17,0,10,0,61,0,0,0,0,0,0,0,26,0,2,0,62,0,0,0,0,0,0,1,0,0,0,13,80,0,10,0,0,5,0,0,12,0,0,25,0,0,0,0,0,0,0,0,0,0,71,3,0,0,102,4,0,0,0,0,0,11,15,0,0,0,0,0,62,0,0,0,0,2,2,0,1,0,0,24,0,2,5,0,7,15,1,0,0,0,25,0,0,0,0,4,0,0,0,0,0,0,11,10,1,0,0,0,0,1,6,0,0,0,0,0,6,10,0,0,0,1,0,1,0,0,0,0,10,24,40,4,0,12,0,35,0,0,0,0,0,0,0,12,0,0,0,0,0,41,0,0,4,0,9,54,66,0,0,0,0,13,0,0,26,5,0,0,3,20,0,0,0,0,0,6,0,0,7,0,0,11,1,0,45,0,0,0,0,10,2,0,0,0,0,4,0,0,0,0,0,0,13,0,2,0,0,28,0,6,0,0,11,3,0,0,0,0,1,11,0,0,10,36,0,0,0,3,0,0,0,0,0,6,0,0,0,0,15,0,0,0,0,0,18,0,1,5,0,0,0,1,0,3,0,0,0,0,0,0,0,3,33,0,11,0,0,0,0,16,0,0,0,0,0,0,1,41,0,0,0,0,0,3,0,0,0,11,0,18,0,0,9,0,6,0,0,0,0,0,3,0,0,1,0,0,2,0,0,0,0,0,1,0,0,0,18,0,0,8,6,0,4,4,0,0,22,0,9,0,0,0,0,0,0,0,0,0,0,0,0,0,0,0,3,0,0,0,1,0,21,6,0,0,41,0,0,26,6,0
Gene2S_018,0,0,0,1,0,0,0,0,0,0,0,0,0,0,0,0,0,0,0,0,0,0,4,0,0,18,0,1,0,0,0,2,0,0,0,0,5,0,11,4,0,0,6,0,0,0,0,0,1,0,0,6,5,0,0,0,4,0,1,3,0,0,0,10,0,1,0,0,0,2,0,17,3,0,0,0,0,0,0,0,0,0,1,0,0,0,0,0,13,17,2,0,0,0,0,0,0,0,0,0,16,8,1,0,0,0,0,0,0,0,0,0,0,0,0,0,2,0,5,0,0,8,0,0,13,0,1,0,0,0,0,0,0,6,0,0,1,0,0,0,0,0,6,0,4,0,1,0,2,0,0,2,0,0,0,0,0,0,0,14,0,0,0,0,2,0,0,0,0,0,13,0,4,0,0,0,11,0,1,0,6,0,2,0,2,0,0,0,0,0,0,2,12,0,0,0,0,3,0,0,0,0,1,0,0,0,0,0,0,0,0,0,0,3,0,0,0,3,4,0,0,0,11,0,0,0,0,0,0,0,0,0,0,4,0,0,0,0,0,0,6,0,0,0,0,0,0,0,0,0,0,9,0,0,0,3,0,6,0,0,0,1,0,0,4,0,0,0,0,0,0,0,0,9,0,0,5,7,0,0,2,0,0,0,0,0,0,0,0,0,0,0,0,1,0,0,0,0,0,0,0,0,0,0,0,0,0,0,0,25,0,0,1,9,4,0,0,0,4,0,0,1,0,0,0,1,0,0,12,0,0,0,1,0,0,0,1,4,0,0,0,4,7,0,0,0,0,6,6,0,0,0,0,0,0,1,0,0,0,0,0,0,18,0,0,15,0,0,0,0,0,5,5,0,4,0,0,0,5,0,0,0,0,0,0,1,19,0,0,2,0,0,0,0,2,0,0,0,0,0,0,0,28,0,0,1,0,0,0,4,0,0,0,0,0,0,1,14,0,2,0,0,0,0,0,0,0,8,0,0,9,0,26,0,0,0,15,3,0,0,0,0,3,0,0,0,0,0,0,0,0,0,0,0,0,0,0,0,18,21,14,0,0,1,0,0,0,0,1,0,0,0,0,0,0,0,0,0,19,0,0,0,0,0,11,0,0,0,14,0,0,0,7,0,0,0,1,0,0,0
Gene2S_019,0,0,0,0,0,0,0,0,0,0,0,0,0,0,0,0,0,0,0,0,2,0,0,0,1,0,0,0,0,0,0,0,0,0,0,0,0,0,0,0,0,0,0,0,0,0,1,0,0,0,0,0,0,0,0,3,0,0,0,0,0,0,0,3,0,0,0,0,0,0,0,0,0,0,1,0,0,0,1,0,1,0,0,0,0,0,0,0,0,0,0,0,0,0,0,0,0,0,0,0,0,0,0,0,0,0,0,3,0,0,0,0,0,0,0,0,0,0,0,0,0,0,0,0,0,0,0,0,0,0,0,0,0,0,2,0,0,0,0,0,0,0,0,0,1,0,0,0,0,0,0,0,0,0,6,0,0,0,0,0,0,0,0,0,0,0,0,0,0,1,0,0,0,0,0,0,0,0,2,0,0,0,0,0,0,3,0,0,0,0,0,0,0,0,0,0,0,0,0,0,0,0,0,0,0,0,0,0,0,0,0,0,0,0,0,1,2,0,0,0,0,0,0,3,0,0,0,0,0,0,0,0,0,0,0,0,0,0,0,0,0,0,0,0,0,0,0,0,0,0,0,0,0,0,0,0,0,0,0,0,0,0,0,0,0,1,0,1,0,0,0,0,0,0,0,0,0,0,0,0,0,0,0,1,0,1,0,0,0,0,0,0,0,0,0,0,0,0,0,0,0,0,0,0,0,0,0,0,0,0,0,0,0,3,0,0,0,0,0,0,0,0,0,0,2,0,0,7,0,0,0,0,0,0,0,0,0,0,0,0,0,2,0,0,0,0,0,0,0,0,0,0,0,0,0,0,0,0,0,0,0,0,0,0,0,0,0,0,0,0,0,0,0,0,0,0,0,0,0,0,0,5,0,1,0,0,0,0,0,10,0,0,0,0,0,0,0,0,0,0,0,1,0,0,0,0,0,0,0,0,0,0,0,0,0,0,0,6,0,0,0,0,0,0,0,0,0,0,0,0,0,0,0,0,0,0,0,2,0,0,0,0,0,0,0,0,0,0,0,0,0,0,0,0,0,0,1,0,0,0,0,0,0,0,0,0,0,0,0,0,0,0,0,0,0,0,0,0,0,0,0,0,2,0,0,0,1,0,0,0,0,0,0,0,0,0,0,0,0,0
Gene2S_020,0,0,0,0,0,0,1,0,9,0,7,0,0,0,0,0,0,0,0,0,0,0,0,0,0,0,0,0,0,0,25,8,0,1,0,0,1,1,0,0,0,0,0,0,0,6,0,0,0,0,0,0,11,0,0,0,0,3,0,0,1,0,0,8,0,0,0,0,0,0,1,0,0,0,0,23,0,1,0,0,0,0,0,0,15,0,0,0,0,0,0,0,0,0,0,0,0,0,0,0,0,7,1,0,0,0,0,0,0,0,0,0,0,0,0,0,0,0,1,0,0,0,0,0,0,0,0,0,0,0,0,0,0,0,0,0,0,0,0,0,0,0,0,0,0,0,0,0,0,0,0,0,0,6,0,0,0,0,0,18,0,0,0,0,0,0,0,0,7,0,0,0,0,0,0,0,0,0,0,0,0,0,0,29,0,0,0,0,0,0,0,0,2,0,0,0,0,0,0,0,0,0,0,0,0,0,0,0,0,0,0,0,0,0,0,0,0,0,0,2,0,0,3,23,0,0,0,0,0,0,0,0,0,11,0,0,0,0,0,13,20,0,0,36,6,0,8,0,3,5,0,0,0,0,0,0,0,0,0,0,0,0,0,0,0,0,0,0,0,0,0,0,0,0,0,0,0,0,0,0,0,0,0,0,0,0,0,0,0,0,0,0,2,0,1,0,10,0,10,0,0,12,0,0,0,0,0,0,0,0,0,0,0,3,0,0,0,0,0,0,0,0,2,0,0,3,0,0,0,0,0,0,0,0,0,0,0,0,0,0,0,11,1,0,0,0,0,0,0,0,0,0,0,1,0,0,0,0,0,0,0,0,0,0,0,0,4,0,0,0,0,0,0,0,0,0,0,0,0,0,0,6,0,0,0,0,2,0,0,0,0,0,3,0,2,0,0,0,12,2,0,0,0,0,0,0,0,0,0,0,13,0,0,0,0,0,0,0,0,0,0,0,0,0,0,0,0,0,0,5,0,0,0,0,0,0,0,0,0,0,0,0,0,0,0,0,0,0,13,13,0,0,0,1,0,0,0,0,0,0,0,24,14,23,0,35,3,0,0,0,0,0,0,1,0,0,0,0,0,0,11,0,0,0,0,0,0,0,3,0,0,0,0,0,0,7,0,19,0,0
Gene2S_021,0,0,1,1,0,3,0,0,0,0,0,0,0,6,0,0,3,0,0,0,0,0,0,0,3,0,0,0,0,1,0,0,0,0,0,0,0,0,5,4,7,2,0,0,0,0,0,8,0,0,0,0,0,2,0,0,0,0,0,0,0,0,0,0,0,0,0,0,0,0,0,0,21,0,0,8,0,3,6,0,0,0,0,30,13,0,0,1,0,0,0,0,0,24,0,0,0,0,0,4,0,3,1,5,0,0,0,1,0,4,0,0,0,0,2,0,0,0,1,0,0,3,0,0,0,0,0,0,0,0,0,0,0,0,0,10,8,26,24,2,0,0,0,29,0,0,0,0,1,0,0,0,0,0,0,0,0,8,2,0,0,17,0,0,0,1,8,0,14,0,0,6,2,0,0,0,0,0,1,0,0,12,0,0,0,0,4,61,0,0,0,0,0,0,0,0,1,0,0,10,0,0,0,0,0,0,0,0,0,16,0,0,0,0,0,0,0,0,0,0,0,0,0,0,0,0,4,0,8,0,52,0,10,0,3,0,0,0,0,0,0,0,0,0,0,0,0,0,0,0,2,0,8,2,0,0,0,0,0,0,3,0,0,0,2,5,0,11,0,0,0,0,0,2,0,13,0,0,0,0,0,0,0,0,0,10,0,4,3,0,0,0,0,0,2,0,0,0,0,6,12,0,0,3,0,6,0,0,0,0,0,0,0,0,0,1,10,3,11,4,0,0,0,0,0,0,0,0,7,0,2,0,0,17,0,0,0,0,0,0,0,0,0,0,0,0,0,0,0,11,0,0,0,0,0,0,6,0,0,1,0,13,0,0,0,15,0,0,0,0,0,0,0,0,0,2,1,0,0,0,0,0,0,0,0,0,0,12,2,0,0,2,0,11,0,1,0,0,0,107,4,0,0,0,0,0,0,0,0,0,0,4,0,0,0,0,0,0,21,0,0,0,1,0,0,10,0,0,8,0,0,0,0,0,0,0,0,0,0,0,0,0,0,0,1,0,0,0,0,0,0,0,0,0,0,0,0,0,14,0,39,4,3,0,4,0,0,0,0,0,0,0,0,0,0,2,0,1,0,0,24,0,0,0,3,0,0,0,0,0,0,0,0,0,0,8,0,0,0,0
Gene2S_022,0,0,0,0,0,12,1,6,0,0,0,0,4,0,0,0,0,1,15,0,0,0,0,0,0,0,0,4,0,15,0,0,0,5,0,0,0,0,0,0,0,0,12,0,0,0,0,0,1,0,0,0,0,0,0,0,5,0,0,1,0,0,0,0,1,5,1,0,0,18,5,0,0,0,0,2,37,0,30,0,0,0,20,0,0,0,1,0,9,0,0,0,0,0,1,0,0,0,0,0,0,0,0,8,9,0,0,0,0,0,0,8,1,0,0,0,4,0,2,0,4,0,1,0,0,5,0,0,0,0,0,0,0,0,0,0,0,0,0,0,0,0,0,0,0,0,0,0,0,0,0,0,0,0,0,16,0,0,0,0,0,0,0,0,0,0,0,0,1,0,0,0,19,0,0,0,0,0,23,0,0,0,0,0,0,0,0,0,1,0,0,0,0,0,0,0,0,0,0,0,0,0,0,0,1,0,10,0,0,22,0,18,0,1,0,0,0,0,0,0,0,0,0,0,1,7,0,0,0,0,0,0,0,0,15,0,0,0,0,0,0,0,0,7,0,0,0,1,0,0,0,0,0,0,0,0,0,0,0,0,8,0,4,0,4,0,0,3,0,0,0,0,0,0,0,0,0,3,0,0,1,0,0,7,0,0,0,0,0,0,0,0,0,0,3,0,0,0,0,0,0,0,0,0,0,0,0,0,0,0,0,0,0,0,0,0,0,0,0,0,0,0,0,27,0,0,0,0,0,0,2,0,0,0,0,0,0,0,0,0,0,0,0,0,0,0,0,0,0,1,1,0,0,0,11,0,0,0,0,0,0,0,0,0,0,0,0,0,0,0,15,0,0,0,0,0,0,0,0,0,1,0,0,0,0,0,0,0,0,0,0,0,2,8,0,0,0,0,0,0,3,0,0,0,0,0,12,0,0,44,0,13,0,0,0,3,2,0,0,0,0,0,0,0,0,0,1,0,0,0,10,6,24,0,0,0,0,0,0,0,0,0,0,0,0,0,0,0,0,0,0,0,0,0,0,35,0,0,0,0,0,0,0,7,0,0,0,0,0,0,0,1,0,0,0,0,0,0,1,0,0,0,0,0,0,0,0,0,0,0,0,0,8,0,0,0,0,0,0,0
Gene2S_023,0,0,0,0,0,0,0,0,0,0,0,0,0,0,0,0,0,0,0,0,0,0,0,0,0,0,0,0,0,0,0,0,0,0,0,0,0,0,0,0,0,0,0,0,0,0,0,0,0,0,0,0,0,0,0,0,0,0,0,0,0,0,0,0,0,0,0,0,0,0,0,0,0,0,0,0,0,0,0,0,0,0,0,0,0,0,0,0,0,0,0,0,0,0,0,0,0,0,0,0,0,0,0,0,0,0,0,0,0,0,0,0,0,0,0,0,0,0,0,0,0,1,0,0,0,0,0,0,0,0,0,0,0,0,0,0,0,0,0,0,0,0,0,0,0,1,0,0,0,0,0,0,0,0,0,0,0,0,0,0,0,0,0,0,0,0,0,0,0,0,0,0,0,0,0,0,0,0,0,0,0,0,0,0,0,0,0,0,0,0,0,0,0,0,0,0,0,0,0,0,0,0,0,0,0,0,0,0,0,0,0,0,0,0,0,0,0,0,0,0,0,0,0,0,0,0,0,0,0,0,0,0,0,0,0,0,0,0,0,0,0,0,0,0,0,0,0,0,0,0,0,0,0,0,0,0,0,0,0,0,0,0,0,0,0,0,0,0,0,0,0,0,2,0,0,0,0,0,0,0,0,0,0,0,0,0,0,0,0,0,0,0,0,0,0,0,0,0,0,0,0,0,0,1,0,0,0,0,0,0,0,0,0,0,0,0,0,0,0,0,0,0,0,1,0,0,0,0,0,0,0,0,0,0,0,0,0,0,0,0,0,0,0,0,0,0,0,0,0,0,0,0,0,0,0,0,0,0,0,0,0,0,0,0,0,0,0,0,0,0,0,0,0,0,0,0,0,0,0,0,0,0,0,0,0,0,0,0,0,0,0,0,0,0,0,0,0,2,0,0,0,0,0,0,0,0,0,0,0,0,0,0,0,0,0,0,0,0,0,0,0,0,0,0,0,0,0,0,0,0,0,0,0,0,0,0,0,0,0,0,0,0,0,0,0,0,0,0,0,0,0,0,0,0,0,0,0,0,0,0,0,0,0,0,0,0,0,0,0,0,0,0,0,0,0,0,0,0,0,0,0,0,0,0,0,0,0,0,0,0,0,0,0,0,0,0,0,0,0,0
Gene2S_024,0,0,0,1,0,0,0,0,0,0,0,0,0,0,0,0,0,0,4,0,0,0,5,0,0,0,0,0,0,2,0,0,0,0,0,0,0,0,0,0,0,1,3,0,0,3,0,0,0,0,0,0,0,0,1,0,1,2,0,0,0,1,0,0,0,0,0,0,0,0,2,0,0,0,0,0,0,0,2,10,4,2,2,0,0,0,0,0,0,0,0,0,0,1,0,1,0,0,2,0,2,0,0,0,0,0,1,0,0,0,0,0,3,2,0,0,0,0,4,0,0,0,0,2,0,0,0,0,0,0,0,0,0,0,0,0,6,0,0,0,0,0,0,0,0,0,0,0,0,0,0,0,0,0,0,0,0,0,1,6,0,0,0,0,0,0,0,1,0,0,2,0,0,3,0,0,0,0,0,0,0,0,0,0,0,0,0,0,0,0,2,0,0,0,0,0,0,0,0,0,0,0,0,7,0,0,0,0,0,0,0,0,0,0,0,0,8,3,0,0,0,0,0,0,0,1,0,0,0,0,0,1,0,0,0,0,0,1,1,1,5,0,1,0,0,0,1,2,0,0,0,4,0,0,0,0,0,0,0,0,0,0,0,0,0,0,0,0,2,0,0,0,0,0,1,0,0,0,3,0,0,1,0,0,0,15,6,2,5,0,0,0,0,0,2,0,0,11,0,7,0,0,1,0,0,2,0,0,2,0,0,0,7,0,0,0,1,0,0,0,0,0,0,0,0,1,0,0,0,0,0,0,9,0,0,0,3,0,0,0,0,8,0,0,0,0,0,0,0,7,0,0,1,0,3,0,0,0,4,0,0,3,0,0,0,0,0,0,0,0,0,0,0,0,0,0,0,0,0,0,0,1,0,0,3,0,0,2,0,0,0,0,2,0,0,0,0,0,0,2,0,3,5,0,1,8,1,0,0,0,2,3,0,0,0,0,0,0,0,0,0,0,3,0,0,2,0,1,0,2,0,0,0,0,1,0,0,0,0,1,0,0,0,0,1,0,1,0,0,0,0,3,0,0,0,0,5,0,0,0,0,0,0,0,0,0,3,0,0,1,12,0,0,5,0,0,0,0,0,0,0,0,0,0,1,0,2,0,0,0,0,0,1,0,0,6,0,10,0,0
Gene2S_025,0,0,0,0,0,0,0,0,0,0,0,0,0,0,0,0,0,0,0,0,0,0,0,0,0,0,0,0,0,0,0,0,0,0,0,0,0,0,0,0,0,0,0,0,0,0,0,0,0,0,0,0,0,0,0,0,0,0,0,0,0,0,0,0,0,0,0,0,0,0,0,0,0,0,0,0,0,0,0,0,0,0,0,0,0,0,0,0,0,0,1,0,0,0,0,0,0,0,0,0,0,0,0,0,0,0,0,0,0,0,0,0,0,0,0,0,0,0,0,0,0,0,0,0,0,0,0,0,0,0,0,0,0,0,0,0,0,0,0,0,0,0,0,0,0,0,7,0,0,0,16,0,0,0,0,0,0,0,0,0,0,0,0,0,0,0,0,0,0,0,0,0,0,0,0,0,0,1,0,0,0,0,0,0,0,0,0,0,0,0,0,0,0,0,0,0,0,0,0,0,0,0,0,0,0,0,0,0,0,0,0,0,0,0,0,0,0,0,0,0,0,0,0,0,0,0,0,0,0,0,0,0,0,0,0,0,0,0,0,1,0,0,0,0,0,0,0,0,0,0,0,0,0,0,0,0,0,0,0,0,0,0,0,0,0,0,0,0,0,0,0,0,0,0,0,0,0,0,0,0,0,0,0,0,0,0,0,0,0,0,0,0,0,0,0,0,0,0,0,0,0,0,0,0,0,0,0,0,0,0,0,0,0,0,0,0,0,0,0,0,0,0,0,0,0,0,0,0,0,0,0,0,0,0,0,0,0,0,0,0,0,0,5,0,0,0,0,0,0,0,0,0,0,0,0,0,0,0,0,0,0,0,0,0,0,0,0,0,0,0,0,0,0,0,0,0,0,0,0,0,0,0,0,0,0,0,0,0,0,0,0,0,1,0,0,0,0,0,0,0,0,0,0,0,0,0,0,0,0,0,0,0,0,0,0,0,0,0,0,0,0,0,0,0,0,0,0,0,0,0,0,0,0,0,0,0,0,0,0,0,0,0,0,0,0,0,0,0,0,0,0,0,0,0,0,0,0,0,0,0,0,0,0,0,0,0,0,0,0,1,0,0,0,0,0,0,0,0,0,0,0,0,0,0,0,0,0,0,0,0,0,0,0,0,0,0,0,0,0,0
Gene2S_026,0,0,0,0,0,0,0,0,0,0,0,5,0,1,0,1,0,0,0,0,0,2,0,0,0,3,0,0,0,0,1,0,1,0,0,0,0,0,0,0,0,0,4,0,0,0,0,0,0,0,0,0,0,0,0,0,0,0,0,0,0,2,0,0,1,0,0,0,0,0,0,0,0,0,0,0,0,0,0,0,0,0,0,0,0,0,0,0,0,0,0,0,0,0,0,0,0,0,0,0,0,0,1,0,0,0,0,0,0,2,0,0,0,0,0,0,0,0,0,0,0,0,0,0,0,0,0,0,0,1,0,0,0,0,0,0,0,0,0,0,0,0,2,0,0,0,0,0,0,0,0,0,0,0,0,0,3,0,0,0,1,0,0,0,0,0,0,0,0,0,0,0,0,0,0,0,0,0,0,0,0,0,0,0,1,0,0,0,0,1,0,0,0,0,1,0,4,0,0,0,0,0,0,0,0,0,0,0,0,0,0,0,0,0,0,0,0,0,0,0,4,6,0,0,0,0,0,0,0,0,0,0,0,0,0,0,0,0,0,1,0,8,3,4,0,0,0,0,0,0,0,0,0,2,0,0,0,0,0,0,8,0,0,0,0,0,4,0,0,0,1,0,0,0,0,0,0,1,0,0,0,0,0,0,3,5,0,0,0,0,0,0,1,0,0,0,0,0,0,0,0,0,0,0,0,0,0,0,1,0,0,0,0,0,0,0,0,0,0,0,0,0,4,0,0,0,0,0,0,0,0,0,0,1,0,1,0,0,0,0,0,0,0,0,0,0,0,0,0,0,0,0,0,0,7,0,0,0,0,3,0,0,0,0,0,0,0,0,0,0,0,2,0,0,0,0,0,0,0,0,0,0,0,0,0,1,0,0,0,0,0,0,0,0,0,4,0,0,0,0,0,0,0,0,1,0,0,0,0,0,0,0,0,0,0,0,0,0,0,0,0,0,0,0,0,0,0,0,1,0,0,0,0,3,0,0,0,0,0,0,0,0,0,0,0,2,0,0,0,0,4,0,0,0,1,0,0,0,0,0,0,0,0,0,0,0,1,0,0,0,0,0,0,0,0,3,0,0,0,0,0,1,0,0,0,0,0,0,0,0,0,0,0,0,0,0,0,0,0,0
Gene2S_027,0,0,22,0,25,0,0,24,1,0,9,0,0,0,0,0,0,0,0,0,0,0,6,21,0,0,0,0,0,0,0,0,0,0,11,1,4,0,0,0,0,0,0,0,0,0,0,0,0,9,0,0,0,0,0,0,14,0,0,0,0,0,0,0,0,0,0,0,39,0,0,0,0,0,0,0,0,0,5,0,0,0,5,0,0,0,0,0,2,0,14,49,0,0,74,2,0,20,0,0,0,0,0,1,0,0,0,0,3,0,0,0,2,8,0,32,0,0,0,0,0,0,2,0,0,0,0,0,0,0,8,0,23,0,13,0,0,0,0,0,0,0,0,0,3,0,3,0,0,0,7,0,20,0,0,0,0,0,10,0,0,0,98,84,0,34,3,0,0,0,0,0,0,0,2,0,3,0,0,0,0,0,0,15,0,0,0,4,5,0,0,1,0,7,13,6,42,0,0,0,0,3,0,0,8,0,0,0,0,0,0,0,0,24,7,0,0,0,20,59,0,0,0,2,21,0,0,0,0,0,0,0,4,0,0,0,12,0,0,0,0,20,0,0,0,0,0,1,10,0,0,0,0,0,22,0,2,0,0,7,0,2,0,0,0,0,0,0,0,0,0,0,72,2,0,0,0,0,0,0,0,27,0,0,0,0,0,0,0,10,0,0,0,0,0,0,0,0,0,0,0,4,1,9,0,0,1,0,0,0,0,0,0,0,0,1,0,0,10,0,19,0,0,0,0,26,6,1,6,0,0,0,5,0,0,0,3,0,0,12,0,0,0,0,0,0,0,3,0,0,0,0,0,0,2,0,0,0,0,0,0,0,2,0,0,1,0,0,0,46,41,0,0,0,0,0,0,0,0,7,0,0,0,0,0,0,0,0,0,0,20,0,0,5,0,0,0,0,0,0,0,0,0,0,0,0,0,0,0,0,0,0,0,0,23,7,11,31,4,0,0,8,0,0,0,15,0,2,3,0,0,53,0,0,0,0,0,0,0,0,4,5,0,0,0,0,0,10,0,0,0,0,0,0,0,0,0,0,0,0,0,0,0,58,0,0,0,0,0,0,0,0,0,0,1,14,0,0,0,0,0,0,0,0,42,0,0,0,0,0,0,0,1,0,0,22,0,0,0,0
Gene2S_028,0,0,0,0,0,0,0,0,0,0,3,0,0,2,0,0,0,0,0,0,0,8,0,3,0,0,0,0,0,0,0,5,2,0,0,0,0,0,0,4,0,1,0,0,0,2,0,0,0,0,5,0,0,0,0,0,0,0,0,1,0,0,1,0,0,0,0,1,0,0,0,0,0,0,0,0,0,0,0,0,0,8,0,0,0,0,0,0,0,0,0,1,0,0,0,0,0,0,0,0,0,0,0,0,0,0,0,6,0,0,0,0,7,0,0,0,0,0,0,1,12,0,0,0,0,0,0,0,1,0,0,0,0,0,0,0,1,0,0,0,0,0,0,0,3,0,0,0,0,0,1,0,0,0,0,0,0,0,0,0,0,0,0,0,0,0,0,0,0,0,0,0,0,0,3,0,0,0,0,0,2,0,3,0,0,0,0,1,0,0,0,0,0,0,1,0,0,0,0,0,0,0,0,0,0,2,0,0,0,0,0,0,0,0,0,0,0,0,0,1,0,0,0,0,0,0,0,1,0,0,0,0,0,0,0,0,0,0,0,0,0,4,0,0,0,0,0,0,0,0,0,0,0,0,0,2,0,0,0,0,0,0,0,0,0,0,0,0,0,0,0,0,0,1,3,0,6,0,0,0,0,5,0,0,0,0,0,0,9,0,0,0,0,1,0,4,0,0,0,0,0,2,0,0,0,0,0,3,0,0,0,0,0,0,0,0,0,0,0,0,0,0,0,0,0,0,0,0,0,0,0,0,0,0,0,0,0,0,0,0,0,0,1,0,0,0,7,0,0,0,0,0,0,0,0,0,2,1,0,0,0,0,3,0,0,0,0,2,1,0,0,0,4,0,0,0,3,0,1,1,3,1,0,7,2,0,0,0,1,0,0,0,0,0,0,0,0,0,0,0,0,0,0,0,0,0,0,0,0,0,0,0,0,2,4,0,1,0,1,2,0,0,0,0,0,0,0,5,0,0,0,0,0,0,0,0,0,0,0,0,0,0,0,0,0,0,0,0,5,0,1,0,0,0,0,0,0,0,0,0,0,0,0,0,0,0,0,0,0,0,1,0,0,0,0,1,2,2,0,0,0,0,1,0,0,0,0,0,0,0,0,0,0,0,0,0,0,3,0,0
Gene2S_029,4,1,0,0,0,0,0,0,0,0,0,0,0,0,0,11,0,0,0,0,0,0,0,0,14,0,0,0,0,0,0,8,0,0,0,0,0,0,7,0,0,3,0,0,0,0,0,0,0,0,0,0,0,0,0,0,18,0,0,0,0,0,8,0,0,0,0,0,0,0,0,0,0,0,0,0,5,0,29,0,0,13,0,0,0,0,0,0,0,0,0,0,2,0,7,0,0,0,0,0,0,0,0,0,0,0,0,0,0,1,0,0,57,2,0,0,0,0,0,0,0,0,0,0,0,0,0,0,0,0,1,0,0,6,0,1,2,0,0,0,0,0,0,6,0,0,0,52,0,24,0,0,0,0,0,4,0,0,0,20,0,0,3,1,0,0,0,0,0,0,0,0,0,0,2,0,0,0,2,0,0,0,0,0,0,27,0,0,0,0,0,1,0,0,0,0,0,0,0,54,0,0,3,0,0,1,0,0,0,14,6,0,0,0,0,0,0,0,0,0,0,37,9,0,0,0,0,0,0,0,0,0,0,0,0,0,0,0,0,9,0,0,2,0,0,0,0,0,2,0,8,0,0,0,0,0,0,0,0,0,0,2,0,19,0,0,0,0,0,0,0,0,0,10,11,0,0,0,0,0,0,2,0,0,0,0,0,3,0,0,0,0,0,7,0,3,0,0,0,0,4,0,0,0,0,27,1,0,0,0,0,6,0,0,0,1,0,0,0,0,0,0,0,0,3,0,0,0,7,0,0,0,0,0,0,0,0,0,0,0,12,0,0,0,0,0,0,0,0,0,0,0,0,2,0,4,0,0,0,0,0,0,0,0,0,9,0,0,0,1,0,15,0,0,6,0,0,0,0,0,0,0,0,0,13,2,0,0,0,0,0,0,0,0,15,0,0,0,0,0,0,0,0,0,0,0,0,0,0,0,1,0,0,0,0,0,0,0,0,0,0,0,0,0,0,0,0,0,0,0,0,0,0,0,0,0,0,0,0,0,0,0,0,0,1,2,0,0,0,0,0,0,0,0,0,0,0,24,11,0,0,0,0,0,9,0,1,0,0,0,0,0,0,0,0,0,2,0,0,0,1,0,0,0,0,0,0,18,0,0,0,0,0,0,0,0,0,3,0,0
Gene2S_030,0,0,0,0,5,0,0,0,0,0,0,0,0,0,0,0,0,8,0,0,0,0,1,0,5,0,0,0,0,2,0,0,0,0,0,0,0,1,0,0,0,0,0,0,0,3,0,0,0,0,0,0,1,0,0,0,0,0,0,0,3,3,0,0,5,0,0,0,0,2,0,10,0,0,3,0,0,11,0,0,0,0,0,0,38,0,0,0,0,0,0,0,2,0,0,0,0,1,6,0,0,0,2,0,0,0,0,0,0,0,0,0,0,0,0,0,0,0,0,0,2,0,0,0,0,0,0,0,0,2,0,0,1,0,9,0,0,0,0,0,2,0,0,9,0,0,0,0,0,1,0,0,0,1,2,4,0,0,1,0,1,7,13,0,0,0,0,2,0,0,0,1,0,8,0,0,0,0,1,0,0,0,0,3,0,0,0,0,0,0,0,0,0,0,1,0,0,0,12,1,3,0,0,1,0,0,1,0,0,0,4,0,0,0,0,0,0,0,0,0,1,0,0,0,0,1,0,0,0,5,0,15,0,0,0,0,6,2,0,0,0,0,0,0,0,0,0,0,0,0,2,0,0,0,0,0,0,0,0,0,11,1,0,0,0,6,0,2,0,0,0,0,0,4,0,1,0,0,0,1,0,1,0,0,4,0,0,0,1,0,0,0,0,0,14,0,0,0,0,0,0,0,0,4,0,0,0,0,0,0,0,0,0,2,0,0,1,1,0,1,9,0,0,3,0,0,0,0,0,0,0,0,0,1,0,0,0,0,0,0,0,1,0,0,0,0,0,0,0,2,6,1,0,0,0,0,0,0,1,0,0,0,0,1,0,0,1,0,6,0,0,0,3,0,0,0,0,0,0,0,0,0,0,5,0,0,2,0,1,0,0,0,0,0,4,0,0,0,0,6,17,0,0,1,0,9,0,0,2,0,0,0,0,0,0,2,22,0,0,1,1,1,0,0,0,0,0,0,0,0,0,6,0,0,0,0,0,0,0,0,0,0,0,0,9,0,0,0,0,0,0,0,10,0,0,0,0,0,0,0,0,0,0,0,0,0,3,0,0,9,0,0,0,0,0,1,0,4,0,0,0,0,0,0,0,0,0,0,20,0,0,0,0,4,0,0,0,0,0,0
Gene2S_031,0,0,0,0,0,0,0,0,0,0,0,0,0,0,0,0,0,0,0,0,0,0,0,0,23,0,0,0,0,0,0,0,0,0,0,19,6,0,11,0,0,0,0,0,0,24,0,0,19,2,0,0,0,0,0,0,0,0,0,0,0,0,0,0,2,0,0,0,0,0,0,0,0,0,0,0,0,0,0,0,0,0,0,0,0,0,2,0,0,0,0,0,0,0,0,0,0,16,0,0,0,0,0,0,2,0,0,0,0,0,0,0,16,0,0,0,0,0,10,0,0,0,0,0,0,0,0,0,0,0,0,0,0,0,0,0,2,0,0,0,0,0,0,0,0,0,0,0,0,0,0,0,0,0,0,0,0,0,0,0,0,0,0,0,0,0,0,0,0,0,0,0,0,0,10,0,0,0,0,0,0,0,0,0,0,0,0,0,0,0,0,0,0,1,0,25,0,0,0,0,0,0,0,0,0,0,0,0,0,0,0,0,0,0,0,0,0,0,0,0,0,0,0,0,6,0,0,0,0,0,0,0,1,0,0,0,0,0,0,0,0,0,0,0,0,0,0,0,1,0,0,0,1,0,0,0,0,0,7,0,0,0,0,0,0,0,0,5,0,0,0,0,0,0,0,0,0,0,0,0,0,0,0,0,0,0,0,0,3,0,0,16,0,0,0,0,0,0,0,0,0,0,0,0,0,0,0,0,0,0,0,0,0,0,0,0,1,0,0,0,0,0,0,0,0,0,0,0,0,0,0,0,3,0,0,0,0,1,0,0,1,0,0,0,0,0,0,0,0,0,0,0,0,0,0,0,0,0,0,2,0,0,0,0,0,0,0,0,0,0,0,0,0,0,0,0,0,0,0,0,0,0,0,0,0,0,0,0,0,0,0,0,0,0,0,0,0,0,0,0,0,0,0,0,0,0,0,0,0,0,0,0,0,0,0,0,0,0,7,0,0,0,0,0,0,0,0,0,0,0,0,0,0,0,0,0,0,0,0,0,0,0,0,0,0,0,0,0,0,0,0,16,0,0,0,0,0,0,0,0,0,0,0,0,0,0,5,0,0,4,0,0,0,0,0,0,0,2,0,0,0,0,0,0,12,0,0,0,0,0,0,0,0,0,0,0,0,0,0,0
Gene2S_032,0,0,0,0,0,0,0,0,0,4,0,0,0,6,0,0,0,5,0,0,0,7,0,0,0,0,0,1,16,0,0,0,0,0,0,0,0,0,0,0,0,0,0,0,0,0,0,0,0,0,0,0,0,2,0,0,0,0,0,0,0,0,0,0,0,0,0,20,0,0,0,0,2,0,0,0,0,5,0,0,12,0,0,0,0,6,1,10,0,0,0,0,0,0,0,0,3,0,0,0,0,0,0,0,3,0,0,0,0,0,0,0,0,0,0,0,0,0,4,0,0,0,0,0,0,0,0,0,0,0,0,0,0,2,0,0,0,0,0,0,0,0,0,0,0,0,0,0,0,0,0,0,0,0,0,0,0,0,0,0,2,0,0,1,0,0,0,0,0,0,0,0,0,0,0,2,0,0,0,0,0,0,0,0,0,3,0,0,0,0,0,9,0,0,0,0,0,0,1,3,0,0,0,0,0,0,0,1,0,0,0,0,0,0,2,0,0,0,0,0,0,0,0,0,1,0,9,0,0,0,0,0,5,0,0,0,0,0,0,0,0,0,0,0,0,0,0,1,9,0,0,0,4,0,0,0,1,0,0,0,0,2,0,5,0,0,0,0,0,7,0,0,0,0,0,32,0,0,1,0,0,0,0,0,1,0,0,0,0,0,0,0,0,0,0,0,0,0,0,0,0,0,0,0,0,0,0,0,0,0,0,0,0,0,6,0,1,0,0,3,0,0,0,0,0,0,0,0,0,0,0,0,0,0,0,0,0,0,4,0,0,0,0,3,0,0,0,0,0,0,0,0,0,2,0,0,0,0,0,0,0,0,0,0,0,0,0,0,50,1,0,1,0,1,0,0,0,0,1,0,0,20,0,0,0,0,0,0,0,2,0,0,8,0,1,0,2,0,0,0,0,1,0,0,0,0,0,2,0,0,5,0,0,0,0,1,0,3,0,0,0,1,0,0,0,3,0,1,0,0,0,0,0,0,0,0,0,0,0,1,0,0,0,0,0,0,0,0,0,3,3,0,0,0,0,0,0,0,1,0,0,5,0,14,0,0,0,0,0,0,1,0,0,0,0,0,0,4,0,1,0,0,0,0,0,0,0,0,0,0,0,0,0,0,3,0,0,0,0,0
Gene2S_033,0,0,0,0,0,0,0,0,0,0,0,0,0,0,2,0,0,0,0,0,0,0,0,0,0,0,0,0,0,0,0,0,0,0,0,0,0,0,0,0,0,1,0,0,0,0,0,1,0,0,0,0,0,0,0,1,0,1,0,0,3,0,0,0,0,0,0,0,0,0,0,0,0,0,0,0,0,0,0,0,0,0,0,0,0,0,0,0,0,0,0,0,0,3,0,0,0,0,1,0,3,0,0,0,0,0,0,1,0,0,0,0,0,0,0,0,0,0,0,0,0,0,0,0,2,0,0,0,0,0,0,0,0,0,0,2,0,0,0,0,0,0,0,0,0,0,0,0,0,0,0,0,0,0,1,0,0,0,0,0,0,0,0,0,0,0,0,0,0,0,0,0,0,0,0,0,0,0,0,0,0,0,0,1,0,0,0,0,0,0,0,0,0,1,0,0,2,0,1,0,0,0,0,0,0,0,0,0,3,0,0,0,0,0,0,0,0,0,0,0,0,1,0,0,0,0,0,0,0,0,0,0,0,0,0,1,0,0,0,0,0,0,0,0,0,0,0,0,0,0,0,0,0,9,0,0,1,0,0,0,0,0,0,0,0,0,0,0,0,0,0,0,0,0,0,0,0,0,0,3,0,0,0,0,0,0,0,0,0,0,0,0,0,0,0,0,3,0,0,0,0,0,0,0,0,0,0,0,0,0,0,0,0,0,0,0,0,0,2,0,0,0,0,0,0,0,0,0,0,0,0,0,0,0,1,0,0,0,2,0,1,0,0,0,0,0,0,0,0,0,0,0,0,0,0,0,0,0,0,0,0,1,0,0,0,0,0,0,0,0,0,0,0,0,0,0,0,0,2,0,0,1,0,1,0,0,0,0,0,0,0,0,0,0,0,0,0,0,0,0,0,0,0,0,0,0,0,0,0,6,0,0,1,0,0,0,0,0,0,1,1,0,0,0,0,0,0,0,0,0,0,0,0,0,0,0,0,0,0,0,0,0,0,0,0,0,0,0,0,0,0,0,0,0,0,0,0,0,0,0,0,0,0,0,0,2,0,1,0,0,0,0,0,0,0,0,0,0,0,0,6,0,0,0,0,0,0,0,0,0,0,0,0,0,0,2,0,0,0,0
Gene2S_034,0,0,0,0,0,0,0,0,0,0,0,0,0,0,0,0,0,0,0,0,0,0,0,0,0,0,0,0,0,0,0,0,0,0,0,0,0,0,0,0,0,0,0,0,0,0,0,0,0,47,0,0,0,0,0,0,0,1,0,0,2,0,0,0,0,0,0,0,0,0,0,0,1,0,0,0,0,0,0,5,0,0,0,0,0,3,0,0,0,0,0,0,0,0,0,0,39,0,0,0,0,0,0,0,0,0,0,0,0,0,0,0,0,0,42,0,0,0,0,0,0,0,0,0,0,0,0,0,0,0,0,0,0,0,0,0,0,0,6,0,12,0,0,0,0,0,0,0,0,0,0,0,0,0,0,0,0,0,0,0,0,0,0,0,0,0,0,0,0,0,0,0,0,0,0,0,0,0,0,0,0,0,0,0,4,0,0,0,0,0,0,0,0,3,0,0,0,0,0,0,0,0,0,0,0,0,0,0,0,0,0,0,0,0,0,0,0,0,0,0,0,0,0,0,0,0,0,0,18,0,9,0,0,1,0,0,0,0,55,0,0,0,2,0,0,49,0,0,0,0,0,36,0,0,0,0,0,0,0,0,0,0,0,0,0,0,0,0,0,0,0,0,0,0,0,0,0,0,0,0,0,0,0,22,0,0,0,0,0,0,0,0,0,0,0,1,0,0,0,78,0,0,0,0,61,0,0,0,0,0,12,0,0,0,19,0,0,0,0,0,0,0,0,30,0,6,0,0,27,0,0,0,0,11,0,0,0,0,0,0,0,0,0,0,0,0,0,0,0,0,0,0,0,0,19,0,0,8,0,0,0,3,0,0,0,0,0,0,0,0,0,0,0,0,0,0,0,6,0,0,0,0,0,0,0,0,0,4,0,4,0,0,0,0,0,0,0,0,0,74,1,1,0,0,0,0,0,0,0,47,0,0,0,0,0,0,0,0,0,0,0,0,0,0,0,0,0,0,0,0,0,0,2,7,0,1,0,0,0,0,1,0,0,0,0,0,0,0,0,0,19,0,0,0,0,0,0,0,0,0,0,0,0,0,0,0,0,0,0,0,0,17,0,0,0,0,0,0,0,0,5,0,0,0,0,0,0,0,0,0,0,0,0,0,0,0,0,0,0,0
Gene2S_035,0,0,0,0,0,0,0,0,0,0,0,0,0,0,0,0,53,0,1,0,12,0,2,0,0,0,0,0,8,0,0,0,0,0,0,0,0,0,0,0,0,0,0,0,0,0,0,0,14,0,0,3,0,1,0,0,0,0,0,0,0,0,0,0,0,10,0,12,7,0,0,0,0,0,0,0,0,0,0,0,0,9,0,0,0,0,0,0,0,0,0,0,0,0,0,0,3,0,0,0,0,0,0,0,0,0,0,0,0,0,0,4,0,0,0,0,0,0,3,0,0,0,0,0,0,6,0,0,2,0,0,0,0,0,0,21,0,0,0,0,0,0,0,0,0,0,0,0,0,0,0,0,0,21,10,0,0,22,0,22,0,0,0,0,0,0,0,0,0,1,0,0,0,3,0,0,0,0,0,0,0,0,0,0,0,4,0,0,0,0,0,25,0,0,0,1,0,0,0,12,0,0,0,0,0,0,0,0,0,0,0,0,0,0,11,0,0,30,0,0,0,11,0,0,0,21,0,1,0,0,0,0,0,0,0,0,5,6,0,0,0,0,0,0,0,0,0,0,0,0,0,0,0,8,0,0,1,0,0,0,5,0,4,4,0,0,0,0,0,0,0,0,0,0,0,0,0,0,0,1,6,0,0,0,0,0,0,0,0,0,0,0,0,0,0,1,0,0,0,0,0,0,0,0,0,0,0,0,0,0,0,0,3,0,0,0,0,0,0,0,0,0,10,0,0,0,5,25,0,0,0,1,0,0,0,0,0,0,0,0,0,0,16,0,0,6,0,0,0,0,0,0,0,3,0,0,0,21,0,0,0,0,2,6,0,0,0,0,0,0,0,0,0,0,0,0,0,0,0,0,0,0,0,0,0,0,0,0,0,0,0,0,0,0,0,0,17,0,0,0,0,3,0,14,0,0,9,0,0,0,0,0,0,0,0,22,0,0,0,0,0,1,0,0,6,2,0,0,0,0,0,0,0,0,0,0,0,0,0,0,0,0,0,0,0,6,0,0,8,0,0,26,0,0,0,0,0,0,0,0,0,0,0,28,0,0,0,0,0,0,0,0,0,0,0,0,0,0,0,0,0,0,0,0,0,0,6,0,0,0,0,0,0,0,0,0,0,0,0,0
Gene2S_036,0,1,0,0,0,0,0,14,12,0,0,0,0,0,2,0,0,0,0,0,0,0,2,0,1,0,0,0,0,0,0,0,0,0,0,0,0,0,19,0,0,2,0,0,0,0,0,0,22,0,0,0,0,0,0,0,0,0,3,0,8,0,0,0,0,0,0,0,0,0,0,0,0,0,0,0,0,0,0,4,0,0,1,2,0,0,0,0,0,0,0,0,0,0,0,0,0,0,0,0,0,0,0,3,0,3,0,0,0,16,0,28,0,0,7,0,12,0,0,0,0,4,0,0,0,0,3,1,0,0,11,0,0,0,0,3,0,0,0,0,24,0,0,0,0,0,0,0,0,0,0,1,0,0,0,0,1,0,0,0,0,0,0,0,3,0,9,0,0,0,0,0,0,0,0,14,0,0,0,0,0,0,0,0,0,0,0,0,0,0,0,2,0,0,0,0,0,0,0,3,0,0,0,0,0,0,0,0,0,0,0,0,0,0,0,0,18,0,0,0,0,5,0,0,0,0,0,0,0,0,0,0,0,0,0,0,0,0,0,0,1,0,0,0,23,0,0,9,0,0,10,0,0,0,0,0,0,1,0,0,0,14,0,0,0,0,0,0,0,0,0,0,0,0,0,0,0,0,0,0,0,0,0,23,0,0,0,0,0,7,3,0,0,0,0,0,0,0,0,1,0,0,0,0,0,0,0,0,0,0,0,0,1,0,0,0,0,0,0,0,0,0,0,0,0,0,0,0,0,0,0,0,30,11,0,0,0,0,0,9,0,0,0,0,0,0,0,0,0,0,0,0,0,10,0,0,0,0,0,0,0,0,0,13,0,0,0,0,0,0,0,0,0,0,0,0,0,0,0,0,0,0,0,0,0,0,0,0,0,0,0,0,0,40,0,0,2,0,0,0,1,0,0,0,0,0,0,0,0,0,2,0,8,17,0,0,0,0,0,0,0,8,0,0,0,0,0,0,0,0,0,0,0,0,0,7,0,0,0,0,0,0,0,0,0,0,0,0,0,0,0,0,0,0,0,0,0,4,0,0,0,0,0,0,0,0,0,0,5,0,0,0,0,0,0,0,26,0,40,0,0,1,0,0,0,0,0,0,0,0,0,0,0,1,0,3,0,0,0,0
Gene2S_037,0,0,0,0,0,0,0,0,0,0,0,0,0,0,0,0,0,0,4,8,5,0,0,0,30,0,0,0,0,0,0,0,0,0,0,0,0,0,0,0,0,4,3,0,0,0,0,26,0,0,0,0,0,0,0,0,0,0,1,0,5,0,0,0,0,0,0,0,3,0,0,1,0,0,0,0,0,0,0,0,0,0,0,0,0,0,0,0,0,0,0,0,0,0,0,0,0,0,0,0,0,0,0,0,0,0,0,0,0,0,0,0,0,0,10,0,0,0,0,0,0,0,0,0,2,0,0,0,0,6,0,0,0,0,0,0,0,0,0,19,0,0,0,1,0,0,0,0,0,0,0,0,0,10,0,0,0,0,0,0,0,0,1,0,0,0,0,0,0,0,0,0,1,0,0,0,0,1,0,0,0,0,0,0,0,0,0,0,0,0,0,0,0,0,0,0,0,2,0,0,0,0,0,0,0,0,0,0,0,0,0,0,0,3,0,0,0,11,0,0,0,0,0,0,0,0,0,0,0,0,0,0,14,0,0,0,0,0,0,0,0,0,0,0,0,0,0,0,0,0,0,2,0,1,0,0,22,0,0,0,0,0,0,0,0,3,0,9,0,3,0,0,0,0,0,0,0,0,0,0,0,0,0,0,0,1,2,0,0,0,0,3,0,0,0,0,0,0,1,1,0,4,0,0,0,0,11,0,0,0,4,0,5,0,0,0,0,0,0,0,0,0,0,0,0,0,0,0,0,0,0,0,0,0,0,0,0,0,0,0,0,0,0,0,0,0,0,0,0,0,0,0,0,0,0,0,0,0,0,0,0,0,0,0,0,0,0,0,0,0,0,0,0,0,0,0,0,0,0,0,0,0,0,0,0,0,0,0,0,0,0,13,0,0,13,0,0,0,25,0,0,0,0,0,0,0,0,0,0,2,0,1,0,0,0,0,0,0,0,0,0,0,0,0,0,0,0,0,0,0,5,0,0,0,0,0,0,0,0,1,0,0,0,3,0,0,23,0,0,0,0,0,0,0,0,0,0,0,0,0,0,0,0,0,0,0,0,0,0,0,0,2,0,3,0,0,0,0,0,0,0,0,0,0,0,9,0,45,0,0,0,0,0,0,0,0,0,0,0,0
Gene2S_038,0,0,0,0,0,0,0,0,0,0,0,0,0,1,0,0,0,3,0,0,0,0,0,0,0,0,0,0,0,0,0,0,0,0,0,0,0,0,0,0,0,0,0,0,0,0,0,0,0,0,0,0,0,0,0,0,0,0,0,0,0,0,0,0,0,0,0,0,0,0,0,0,0,0,0,0,0,0,0,0,0,0,0,0,0,0,0,0,0,0,0,0,0,0,0,0,0,0,0,0,0,0,0,0,0,0,0,0,0,0,0,0,0,0,0,0,0,0,0,0,0,0,0,0,2,0,0,0,0,0,0,0,0,0,0,0,0,0,0,0,0,0,0,0,0,0,6,0,0,0,0,0,0,0,0,0,0,0,0,0,0,0,0,0,0,0,0,0,0,0,5,0,0,0,0,0,0,0,1,0,0,0,0,0,0,0,0,0,0,0,0,0,0,0,0,0,0,0,0,0,0,0,0,0,0,0,0,0,0,0,0,0,0,0,0,0,14,0,0,0,0,0,0,0,0,0,0,0,0,1,0,0,0,0,0,0,0,0,0,0,0,0,0,0,0,0,2,0,0,0,0,0,0,0,0,4,0,0,0,0,0,0,0,0,0,0,0,0,0,12,0,0,0,0,0,0,0,0,0,0,0,0,4,0,0,0,0,0,0,0,0,0,0,0,29,0,0,0,0,0,0,1,0,12,0,0,0,0,0,0,0,0,0,0,0,0,0,0,0,0,0,0,0,0,0,0,0,0,0,0,0,0,0,0,0,0,0,0,0,0,0,0,0,0,0,0,4,7,0,0,0,0,0,0,0,0,0,0,0,0,0,0,0,0,5,0,9,1,0,0,0,0,0,0,0,0,0,0,0,0,0,0,0,0,0,0,0,0,0,0,0,0,0,0,3,0,0,0,0,0,0,0,0,0,0,0,0,0,0,0,0,0,0,0,0,0,0,0,5,0,16,0,0,0,0,0,0,0,0,0,0,0,5,0,0,0,0,0,0,0,0,0,0,0,0,0,0,0,0,0,0,0,0,0,0,0,0,0,0,6,0,0,0,0,0,0,0,0,0,0,0,0,0,0,0,0,0,0,0,0,9,0,11,0,0,0,0,1,0,0,0,0,0,0,0,0,0,0,0,0
Gene2S_039,0,0,0,0,17,0,3,0,0,1,8,0,0,0,0,0,0,0,5,0,5,0,4,0,0,0,0,0,0,3,0,0,0,0,0,0,0,6,0,0,0,0,0,13,2,0,0,0,3,9,0,0,0,0,0,10,0,0,0,0,0,0,4,7,0,0,2,0,0,0,0,0,2,6,0,0,0,0,0,0,0,11,0,0,0,5,0,0,0,0,0,0,5,0,0,1,0,0,0,0,2,0,0,0,1,0,0,0,1,0,0,0,0,0,1,0,0,0,0,0,0,0,0,1,0,3,0,0,0,0,1,0,0,0,0,0,0,0,8,2,3,1,0,0,0,0,0,0,4,0,0,0,0,2,0,0,0,0,0,0,0,0,0,0,0,0,0,0,0,0,0,0,20,2,0,0,2,2,0,0,0,9,8,0,0,0,14,0,3,4,0,0,0,3,0,0,0,0,0,0,8,2,2,0,18,23,5,0,0,0,0,30,0,0,1,0,3,0,0,0,0,0,1,0,1,0,6,0,0,5,0,0,0,2,10,0,0,0,15,0,0,7,0,0,2,0,25,0,0,0,0,0,3,1,0,0,1,0,0,0,0,0,1,0,1,0,0,0,0,2,8,10,0,0,0,0,0,0,1,0,0,0,0,0,0,3,0,0,0,0,0,7,0,0,5,0,0,0,0,0,0,0,16,0,0,2,0,0,0,0,3,0,0,0,1,1,0,0,0,1,0,0,0,12,0,0,1,0,0,0,0,0,0,0,0,0,6,11,1,0,0,9,0,0,6,0,0,0,0,1,0,0,0,0,0,0,0,0,2,0,0,8,0,0,0,1,1,0,0,0,0,0,0,0,0,0,0,0,0,3,0,0,2,0,0,0,0,0,0,0,1,0,6,0,3,0,0,0,0,0,0,0,22,0,0,0,0,2,2,0,0,0,0,0,0,0,0,0,0,0,0,0,0,0,0,16,0,0,0,0,0,0,0,2,1,5,1,0,0,0,0,1,0,0,33,0,0,0,13,0,2,0,0,0,1,0,0,7,0,0,0,1,2,0,6,0,0,0,9,0,0,0,0,0,0,0,0,0,0,0,4,7,0,0,0,0,0,0,9,0,12,0,0,0,1,0,0,0,0,0
Gene2S_040,0,0,0,0,0,0,0,0,0,0,0,0,0,0,0,0,0,0,0,0,0,0,0,0,0,0,0,4,0,0,0,0,0,0,0,0,0,0,0,0,0,0,0,0,4,0,0,0,0,0,0,0,0,0,0,0,0,0,0,0,0,0,0,0,0,0,0,0,0,0,0,0,0,0,0,0,0,0,0,0,3,0,0,0,0,0,0,0,0,0,0,0,0,0,0,0,0,0,0,0,0,0,6,0,0,0,0,0,0,1,0,0,0,0,0,0,0,0,0,0,0,5,0,0,2,0,0,0,0,0,0,0,0,0,0,0,0,0,0,6,0,0,0,0,0,0,0,0,0,0,0,0,0,0,0,0,0,0,0,0,0,0,0,6,0,0,0,0,0,0,0,0,0,0,0,1,0,0,0,0,0,0,0,0,0,0,0,0,0,0,9,0,0,0,3,0,0,0,0,0,0,0,0,0,0,0,0,0,0,0,0,0,0,0,0,0,0,0,0,0,0,0,0,0,1,0,0,0,0,0,0,0,0,0,0,0,0,1,0,0,0,0,0,4,4,0,0,0,0,0,0,0,0,0,0,0,0,0,0,0,0,0,0,0,0,0,0,0,0,0,0,0,0,0,0,16,0,0,3,0,0,0,0,0,0,0,0,0,0,0,0,0,0,0,0,0,0,0,0,0,0,0,0,0,0,0,0,0,0,0,0,0,0,0,0,1,0,0,0,0,0,3,0,1,0,0,0,0,0,0,0,0,0,0,0,0,0,0,0,0,6,0,0,0,2,0,0,0,0,0,0,0,0,0,0,0,0,0,0,14,0,0,0,0,0,0,0,0,0,0,0,0,0,0,0,1,0,0,0,0,0,0,0,0,0,0,0,0,0,0,0,0,0,0,4,0,0,0,0,12,0,0,0,0,0,0,0,0,0,0,0,0,0,0,0,0,0,0,0,0,0,0,0,0,0,0,0,0,0,0,0,0,0,0,0,0,0,0,0,0,0,0,0,2,0,4,0,0,0,0,0,9,3,0,0,0,2,0,0,0,0,0,0,0,0,0,0,0,0,0,0,0,0,0,0,0,0,0,0,0,0,0,0,0,0,5,0,0,0,0,0,0,2,0,0,0,0,0,0,0
Gene2S_041,0,0,0,0,0,1,0,0,0,0,6,0,0,0,0,1,3,0,0,0,1,0,4,0,0,0,0,0,0,2,0,4,0,0,8,0,0,0,0,0,0,0,0,0,0,0,0,0,3,0,0,0,0,1,0,0,0,0,0,0,0,4,0,0,0,0,0,0,0,0,0,2,0,2,0,22,0,0,1,0,1,0,2,0,16,3,0,0,0,0,0,0,0,0,0,0,0,0,1,0,0,0,0,2,0,1,0,0,0,0,0,0,0,0,0,3,0,0,1,0,2,7,0,0,1,1,2,0,0,0,1,1,1,0,0,0,0,0,0,0,0,1,0,0,0,1,0,0,0,1,0,0,0,0,0,0,0,0,0,0,0,3,0,0,0,0,0,0,0,0,0,0,0,0,0,0,0,0,6,0,0,0,0,3,0,0,0,0,0,4,0,0,0,0,0,13,0,0,0,0,0,0,6,0,3,0,0,0,0,0,0,0,0,4,7,0,0,0,0,0,0,0,1,0,5,0,6,0,0,0,4,0,3,0,0,2,0,0,0,2,0,3,1,0,0,0,0,12,0,0,0,0,0,0,0,0,0,0,0,1,1,0,0,0,1,7,0,2,0,0,0,0,0,0,0,0,0,0,0,0,0,0,0,0,0,0,0,0,2,3,0,2,0,0,0,0,0,0,0,0,3,0,0,2,0,1,3,0,0,1,0,0,0,0,0,0,3,0,0,0,0,0,0,0,0,0,0,13,2,0,0,0,0,0,2,0,0,0,0,0,0,0,0,0,0,0,0,0,4,0,1,0,0,0,0,1,0,0,0,0,0,0,0,0,0,0,0,0,0,2,8,0,0,0,0,0,0,0,17,0,0,8,0,0,2,0,0,0,0,0,0,11,0,0,0,1,0,0,9,1,0,0,0,0,0,0,0,0,0,0,0,0,13,3,0,0,0,0,0,6,0,0,0,4,0,0,0,0,0,0,0,0,0,0,0,0,0,0,0,0,0,2,0,0,0,0,0,0,4,0,0,0,1,12,0,0,0,0,0,0,0,0,0,2,0,0,0,0,0,0,0,0,0,0,0,14,0,0,0,2,0,1,0,0,1,0,0,0,0,0,0,0,5,0,1,0,0,7,0,0
Gene2S_042,0,0,0,0,0,0,0,0,18,0,0,0,0,0,0,0,0,0,0,0,0,0,0,2,0,0,0,0,0,0,15,0,0,0,0,0,0,0,0,0,0,0,0,0,0,0,0,0,0,0,0,0,0,0,0,0,0,0,0,0,0,0,0,8,0,0,0,0,0,0,0,0,0,0,0,0,0,0,0,0,0,0,0,0,0,0,0,0,0,0,0,0,0,0,0,0,0,0,0,0,0,0,0,0,0,0,0,0,0,0,0,0,0,0,0,0,0,0,0,0,0,0,1,0,0,0,0,0,0,0,0,0,0,0,0,0,0,0,0,0,0,0,0,0,0,0,0,0,0,0,0,0,0,0,0,0,0,0,0,0,0,0,0,0,0,0,0,0,0,0,0,0,0,0,12,0,0,0,0,0,0,22,0,0,0,0,2,0,0,0,0,0,0,0,0,0,35,0,0,0,0,0,0,0,0,0,0,0,0,0,0,0,0,0,0,0,0,0,0,0,0,0,0,0,0,0,0,0,0,2,9,3,0,0,0,0,3,0,0,0,0,0,0,0,0,0,0,0,0,0,0,0,0,0,0,0,0,0,0,0,0,12,0,0,0,0,0,0,0,0,0,2,0,0,0,0,0,0,0,0,0,0,1,0,0,0,0,3,0,0,0,0,0,0,0,0,0,0,0,0,0,0,0,0,0,0,0,1,0,0,0,0,0,0,0,0,0,0,0,0,0,0,18,0,0,0,0,0,0,0,0,0,0,0,0,0,0,0,0,0,0,0,0,0,0,0,0,0,1,0,0,0,0,5,0,0,0,0,0,0,0,1,0,0,7,0,0,0,0,0,0,0,0,0,0,0,0,0,0,0,0,0,0,0,0,0,0,0,0,0,0,0,0,0,0,0,0,0,0,0,0,0,0,5,0,0,0,2,0,0,0,0,1,7,0,0,0,0,0,0,0,0,0,0,0,0,0,0,0,0,0,0,0,0,0,0,0,0,0,0,0,0,0,0,0,0,0,0,0,0,0,0,1,0,0,0,0,0,0,0,0,0,0,0,0,0,1,2,0,0,0,0,0,0,0,0,11,0,0,0,0,0,0,0,0,0,0,0,0,0,0,0,0,2,0,0,0,0,0,0
Gene2S_043,0,1,0,0,0,0,0,0,0,0,0,0,0,0,0,0,0,0,0,0,0,0,0,0,0,0,0,0,0,0,0,0,0,0,0,0,0,0,0,0,0,0,0,0,0,0,0,0,0,0,0,0,0,2,0,1,0,0,0,0,0,0,0,0,0,0,0,1,0,0,2,0,0,0,0,0,0,0,0,0,0,0,0,0,0,0,0,0,0,0,0,0,0,0,0,0,0,0,0,0,0,0,0,0,0,0,0,0,0,0,0,0,0,0,0,0,2,0,0,0,0,0,4,0,0,0,0,0,0,0,0,0,0,0,0,0,0,0,0,1,0,0,0,0,0,0,0,0,0,0,0,0,0,0,0,0,0,0,0,0,2,0,0,0,0,0,0,0,0,0,0,0,0,0,0,0,0,0,0,0,0,1,1,0,0,0,0,0,0,0,0,0,0,0,0,0,0,0,0,0,2,0,0,0,0,0,0,0,0,0,0,1,0,0,0,0,0,0,0,0,0,0,0,0,0,0,0,0,0,0,0,0,0,0,0,0,0,0,0,0,0,0,0,0,0,1,0,0,0,0,0,0,0,0,0,0,0,0,0,0,0,0,0,0,0,0,0,0,0,0,0,0,0,0,0,0,0,0,0,0,0,0,1,0,0,0,4,0,0,0,0,0,0,0,0,0,0,0,0,0,0,0,0,1,0,0,0,0,0,0,0,0,0,0,0,0,0,1,0,0,0,0,0,0,0,0,0,0,0,0,0,0,0,1,0,0,0,0,0,0,0,0,0,0,0,0,0,0,0,0,0,0,0,0,0,0,0,0,0,0,0,0,0,1,0,0,0,2,0,0,0,0,1,0,0,0,0,0,0,0,0,0,0,0,0,0,0,0,0,1,0,0,0,1,0,0,0,0,0,0,0,0,0,0,0,2,0,0,0,0,0,0,0,2,0,2,0,0,0,0,0,0,2,0,0,0,0,0,0,1,0,0,0,0,0,0,0,0,0,0,0,1,0,0,0,0,0,0,0,0,0,0,0,0,0,0,0,0,0,0,1,0,0,1,0,1,1,0,0,0,0,0,0,0,0,0,0,0,0,0,0,0,0,0,0,0,0,0,0,0,0,0,0,0,0,0,1,0,0,0
Gene2S_044,0,0,0,0,2,1,0,5,0,0,0,0,0,0,0,0,0,0,0,0,0,0,0,0,0,0,0,0,0,0,0,0,0,0,0,3,0,0,0,2,0,0,0,0,0,4,0,0,0,0,1,0,0,14,0,0,0,0,0,0,0,0,0,0,0,0,0,0,22,0,0,0,0,0,2,0,0,0,0,0,0,0,0,0,0,0,0,0,0,0,3,0,0,0,0,0,0,0,0,0,1,0,1,0,0,0,0,3,0,2,0,0,0,0,0,0,0,0,0,0,3,0,0,0,0,0,5,0,0,0,0,0,0,0,0,0,0,0,0,0,0,5,0,0,2,1,0,0,0,0,0,0,0,7,0,0,0,0,0,0,0,0,6,0,0,5,0,0,0,0,0,0,0,0,0,0,0,0,0,0,0,0,0,0,0,0,0,0,1,0,0,0,0,1,0,0,0,0,0,2,0,0,0,0,0,0,0,0,0,0,0,0,0,0,0,0,0,0,0,2,0,15,0,0,0,0,0,6,11,0,0,0,1,0,0,0,0,0,8,1,0,0,0,1,1,0,30,0,0,0,0,0,0,0,0,0,0,0,4,0,0,0,2,0,0,0,0,0,0,0,0,0,0,2,9,0,0,0,0,0,0,0,0,0,0,0,0,0,9,0,0,21,0,12,0,0,0,0,0,0,3,0,0,0,0,0,0,0,0,0,0,0,0,0,0,0,0,10,0,0,0,0,0,12,0,0,4,0,0,0,0,0,9,8,0,0,0,0,0,3,0,0,0,0,0,11,0,1,0,0,0,0,0,0,0,0,0,0,0,0,0,0,0,0,0,0,0,0,0,0,0,0,0,4,0,6,0,0,0,0,1,0,0,32,0,0,0,0,0,3,0,0,0,0,0,0,0,0,0,0,6,0,0,3,0,0,0,2,0,0,0,0,0,0,0,0,0,0,0,19,0,7,0,0,0,0,0,0,0,0,4,0,0,0,0,1,1,0,0,0,3,0,0,0,0,0,0,0,0,0,1,0,0,0,0,0,0,3,0,0,0,0,0,0,0,0,0,0,0,1,0,0,0,0,0,0,0,2,0,0,0,0,0,21,0,0,0,0,0,0,0,0,0,0,0,12,0,0,0,0
Gene2S_045,0,0,0,0,4,0,0,0,0,0,0,0,0,0,0,0,0,42,0,0,35,0,0,0,0,0,0,0,0,0,0,0,0,0,0,0,0,0,0,0,0,1,0,0,0,0,0,0,0,0,0,0,0,0,0,0,0,23,0,0,0,0,0,0,0,0,0,0,0,0,0,0,0,39,0,1,0,0,0,0,0,0,0,0,0,0,0,0,0,0,0,0,0,0,0,0,0,0,0,10,1,0,0,0,0,0,2,0,0,0,0,0,0,0,0,0,0,12,0,0,0,0,0,0,0,0,0,15,0,1,0,0,0,0,0,0,0,0,0,0,0,0,0,0,0,0,0,0,0,0,0,0,0,0,0,0,0,0,0,0,0,0,0,0,0,0,0,0,0,0,0,0,0,0,0,0,0,0,0,0,0,0,0,0,0,0,0,0,0,0,0,0,0,0,0,0,0,0,0,0,0,0,0,0,6,0,0,0,0,0,0,0,4,9,0,1,0,0,0,0,0,0,0,0,0,0,0,0,0,0,0,8,0,0,0,0,1,0,0,0,0,0,0,0,11,0,0,0,0,4,0,0,0,0,0,0,0,0,0,0,0,0,0,0,0,0,0,0,0,0,4,0,0,0,0,0,1,5,0,0,0,0,0,0,0,0,0,0,0,0,0,0,0,0,0,0,0,0,0,0,9,26,0,0,0,0,0,0,0,0,0,0,0,0,0,0,0,12,0,0,0,0,0,0,0,0,0,0,0,0,0,0,0,0,0,0,0,0,0,0,0,0,0,0,0,6,0,0,1,0,0,0,0,0,0,0,0,0,0,0,0,0,1,0,0,0,0,0,0,0,0,0,0,51,0,0,3,0,0,0,0,1,0,0,0,0,0,0,0,0,0,0,0,0,0,0,1,0,0,0,0,0,0,0,0,0,0,0,0,0,0,0,0,0,0,0,0,0,0,0,0,0,0,0,7,2,0,0,0,0,9,0,0,0,0,0,0,0,0,0,0,0,0,2,0,0,0,0,0,0,0,0,0,0,0,0,0,0,0,0,0,0,0,0,0,0,0,0,0,0,0,0,0,0,0,0,0,0,4,0,0,0,0,0,0,5,0,0,0,0,0,3,0,0,0,13,0,0,0,0
Gene2S_046,9,0,0,0,0,0,0,0,0,0,0,0,0,0,0,0,0,0,0,0,0,0,0,0,22,0,0,0,0,0,2,0,0,0,0,0,4,0,0,0,12,0,0,0,0,0,6,0,0,0,0,0,0,17,0,0,0,0,0,0,0,0,0,5,0,0,15,1,0,0,0,0,0,25,0,0,0,0,0,0,0,0,0,0,0,0,0,0,0,0,0,0,0,0,0,48,31,0,0,0,0,6,0,0,0,0,0,0,0,1,0,0,0,0,2,0,0,0,0,0,0,1,3,0,0,0,0,4,0,6,0,0,0,0,0,0,0,0,20,0,0,0,0,0,0,0,0,0,23,0,0,0,0,1,0,0,0,0,0,0,0,0,0,0,0,0,3,0,0,7,1,0,3,0,0,0,0,0,1,0,0,0,0,13,0,0,0,8,6,0,8,0,0,0,0,0,0,0,0,0,0,0,0,0,0,0,0,0,0,0,0,0,0,0,3,0,0,0,16,0,0,0,0,0,0,0,0,13,0,0,1,0,0,0,0,9,8,4,0,0,0,0,2,0,0,10,0,0,0,0,0,0,0,0,0,0,1,0,0,0,11,0,0,0,0,0,0,0,0,0,0,0,0,0,0,18,0,0,0,0,0,0,0,0,0,0,0,0,0,0,0,0,0,0,0,0,0,0,0,0,0,0,0,0,0,0,0,12,0,0,0,0,0,0,0,0,5,0,0,0,0,0,0,0,0,24,0,0,0,0,0,0,0,0,1,0,0,0,0,0,0,0,0,1,0,0,0,0,1,0,0,0,0,0,0,0,0,0,0,0,1,0,1,0,0,0,0,0,0,7,0,7,0,0,0,0,0,0,0,0,0,0,19,0,0,0,0,0,0,0,0,0,0,43,0,0,0,0,0,0,0,0,2,28,0,0,0,0,0,0,0,0,0,0,4,0,0,0,0,0,0,0,0,0,0,0,0,0,0,1,0,1,12,0,0,0,31,0,0,0,0,0,0,0,0,0,0,5,0,0,0,0,0,0,0,0,0,0,0,3,0,0,0,0,19,0,0,0,1,0,0,0,0,0,0,0,0,1,0,0,0,0,0,7,10,0,0,0,0,0,1,0,0,0,0,0,0,0,0,0
Gene2S_047,0,0,0,0,0,0,0,0,0,0,0,0,0,0,0,0,11,5,4,0,0,0,0,0,0,0,0,2,0,4,0,0,0,0,0,0,3,24,0,1,0,0,0,0,0,0,0,0,0,0,0,0,0,0,0,0,14,0,0,0,0,0,0,0,0,2,0,0,0,0,0,0,2,0,0,0,0,0,6,6,0,0,0,0,0,0,0,0,0,4,0,0,0,0,0,0,0,0,0,0,3,0,0,0,0,0,0,0,0,0,0,0,0,37,0,0,0,0,0,1,21,0,0,0,0,0,0,0,0,0,0,0,0,0,0,0,0,0,0,0,0,0,0,0,0,1,0,0,0,0,0,0,0,19,0,0,0,0,0,0,0,0,0,0,0,0,0,15,0,0,0,0,0,11,0,0,0,0,0,0,0,0,2,0,0,0,0,0,0,0,0,0,0,0,2,4,0,11,0,0,1,0,0,0,0,0,0,0,0,0,0,0,0,0,0,0,0,0,0,0,0,0,0,0,0,0,0,0,1,0,0,3,0,0,3,0,0,0,0,0,0,8,0,0,0,0,0,0,0,0,0,7,2,0,0,0,0,0,1,0,1,0,0,0,0,0,0,0,0,0,0,0,0,0,0,1,0,0,0,0,0,0,0,6,29,0,0,0,0,0,0,0,0,1,0,0,12,0,0,0,0,0,8,10,15,0,0,0,0,0,0,0,0,0,0,0,0,0,0,0,0,0,0,0,0,0,0,0,0,0,0,0,0,0,0,0,0,0,0,0,0,0,0,0,0,0,1,0,6,9,6,0,0,0,0,0,0,0,0,0,1,0,0,0,0,0,0,0,0,0,0,0,0,0,0,0,0,0,0,0,0,0,0,0,0,0,0,0,9,0,0,0,0,0,0,1,0,0,0,0,0,0,0,0,0,0,0,0,0,2,0,0,0,0,0,0,0,0,0,0,0,0,4,0,0,0,0,0,38,4,0,0,0,0,0,0,0,0,0,0,0,0,0,0,0,0,0,0,0,0,0,0,0,0,0,0,0,0,0,0,0,0,2,0,1,0,0,0,0,0,5,0,0,0,0,0,0,0,0,0,0,0,0,0,0,0,0,0,0,0,1,0,1,0,0,0,1,1,0,0
Gene2S_048,0,0,0,0,0,0,0,0,0,0,3,6,0,0,1,0,0,0,0,0,0,0,0,0,0,0,1,0,0,0,0,0,1,0,0,0,0,2,0,0,0,0,0,0,0,0,4,0,0,2,0,5,0,0,0,0,0,0,0,0,0,0,0,0,0,0,0,0,0,0,0,0,0,0,0,0,0,1,0,0,0,0,0,0,0,0,0,0,0,0,0,0,0,0,0,0,0,0,0,0,0,0,0,0,0,0,0,0,3,0,0,0,0,0,0,5,0,0,0,0,0,0,0,0,0,0,0,3,0,0,0,0,0,0,0,0,0,0,0,0,0,0,0,0,0,0,0,0,0,0,0,0,0,0,0,0,0,4,0,1,1,0,0,0,0,0,0,0,38,0,0,0,0,0,0,0,0,0,0,0,7,0,0,0,6,0,0,0,0,0,0,0,0,0,0,0,0,0,0,0,0,0,0,0,0,0,0,0,0,0,0,3,0,0,0,0,0,0,0,0,0,0,0,0,0,0,0,0,0,0,0,2,0,0,0,0,0,0,0,0,0,0,0,0,0,0,0,0,0,0,0,0,0,0,0,2,0,0,0,0,0,4,0,0,0,0,0,0,3,0,0,0,0,0,0,0,0,0,0,0,0,0,3,0,0,0,0,0,0,2,0,0,0,0,0,0,0,0,0,0,0,0,0,0,0,0,0,0,0,0,0,0,9,0,0,0,0,0,0,0,0,0,0,0,0,0,0,0,0,0,0,0,0,0,0,0,0,0,0,0,2,0,0,0,0,0,0,0,0,0,0,0,1,0,0,2,0,0,0,0,0,0,0,0,7,0,0,0,0,0,0,0,0,0,5,0,0,0,0,0,0,0,0,0,0,0,0,0,0,2,0,0,0,0,0,0,0,0,0,1,0,0,0,0,0,0,0,0,0,0,0,0,0,0,0,0,0,0,0,0,0,0,0,0,0,0,0,3,2,14,0,0,0,0,0,1,0,0,0,0,0,0,0,1,0,0,0,0,0,0,0,0,0,0,0,0,0,0,0,7,12,0,0,0,0,0,0,0,0,0,0,0,0,0,0,0,0,0,0,0,0,0,0,0,0,0,0,0,0,0,0,0,0,0,0,0,0,0,0,0
Gene2S_049,0,0,0,16,0,0,10,0,0,31,11,0,2,0,0,0,0,0,0,0,0,0,1,0,0,0,0,0,0,0,0,0,0,0,0,0,0,0,0,0,0,0,29,0,0,0,0,0,0,0,0,0,0,0,0,0,0,0,0,0,0,0,0,8,38,0,2,0,0,0,0,0,0,0,0,0,0,0,0,0,0,0,0,0,7,0,26,0,0,0,0,0,24,0,0,0,0,1,0,0,4,0,0,3,0,0,0,13,0,15,0,0,1,0,0,40,0,0,0,0,5,0,33,0,0,0,0,0,0,0,0,0,0,0,0,81,0,0,0,0,48,0,0,0,0,1,0,2,0,0,0,0,0,0,0,0,0,0,0,0,29,2,0,1,0,0,0,0,0,4,12,0,0,0,0,0,0,0,0,0,0,0,0,0,0,0,0,0,0,0,12,0,0,2,48,0,0,0,0,1,0,0,38,0,0,0,0,0,0,0,0,0,0,1,0,6,0,0,0,0,4,0,5,0,1,0,0,0,0,0,0,0,0,0,1,38,0,9,0,0,0,27,0,12,0,0,0,12,0,0,0,0,0,0,0,2,0,0,0,0,0,0,0,0,1,0,0,0,0,0,0,0,0,85,0,0,0,0,0,0,0,0,0,0,0,2,15,0,0,0,0,0,0,0,0,0,0,0,0,0,32,14,0,0,0,0,0,0,5,0,0,0,0,0,0,0,0,0,0,0,0,0,0,0,0,0,10,0,0,0,0,0,0,0,0,29,1,1,0,0,0,34,0,0,0,0,0,23,0,0,0,0,0,0,0,0,0,0,0,19,0,0,0,0,0,0,0,34,0,0,16,0,0,0,0,0,0,34,0,4,0,0,17,0,41,0,3,0,2,48,0,0,0,0,1,5,6,51,0,0,0,0,0,0,0,0,0,0,0,0,0,0,17,16,2,0,0,0,12,12,0,0,0,0,31,0,0,0,0,11,0,0,0,63,0,1,0,0,0,10,0,9,0,0,16,0,0,0,0,0,0,0,0,0,0,0,0,0,0,0,0,0,0,0,0,1,0,0,0,0,0,0,0,0,24,0,0,0,0,0,0,0,1,0,0,0,0,0,6,0,0,3,0,0,0,0,0,0,9,0
Gene2S_050,0,0,0,0,0,0,0,0,0,13,0,0,0,9,2,0,0,0,0,0,0,0,0,4,0,8,0,4,0,22,0,0,0,0,0,1,5,0,0,0,0,0,0,0,0,0,0,0,0,0,0,17,0,2,1,0,0,0,4,0,0,0,0,0,0,10,0,8,7,0,0,0,0,11,2,0,2,3,0,0,0,0,0,5,0,0,0,0,0,0,1,0,0,0,0,0,0,10,29,0,0,0,11,4,0,0,0,0,2,0,0,0,0,0,0,0,0,0,0,5,0,40,0,0,3,0,0,0,0,0,0,0,0,0,0,0,0,0,0,0,2,0,6,0,0,0,0,0,0,0,0,0,0,0,0,13,0,25,0,0,0,0,8,4,0,0,0,0,0,0,0,0,0,0,5,0,3,0,0,2,0,0,0,0,2,0,0,0,1,0,0,14,0,0,0,0,0,0,14,0,9,0,0,5,16,0,0,7,5,0,0,0,2,0,0,0,0,2,0,2,0,0,0,0,1,0,0,0,3,2,0,9,0,0,0,0,0,0,0,0,0,0,10,0,0,0,0,0,0,0,0,0,0,0,0,0,0,1,0,0,0,19,0,1,0,0,2,2,13,12,2,2,18,9,15,0,0,0,0,28,0,0,0,0,0,0,0,0,0,1,0,0,3,6,1,0,0,0,0,0,0,0,0,0,0,0,0,0,0,4,0,0,17,0,4,3,0,0,0,0,0,2,0,0,0,0,0,0,0,2,0,0,3,0,0,0,15,1,0,0,0,1,0,34,9,1,0,0,0,0,0,0,0,0,16,0,2,0,0,0,0,0,0,0,0,0,0,0,0,0,0,4,0,0,0,5,30,0,0,0,0,0,0,0,8,0,0,0,0,0,0,0,0,0,0,0,0,0,1,0,0,0,0,0,0,0,0,0,0,13,1,0,0,0,0,0,0,0,10,1,0,0,0,0,0,0,6,0,0,0,0,0,0,0,3,2,0,0,0,4,7,0,6,0,2,0,0,0,0,6,0,0,12,0,0,0,0,0,0,0,0,0,16,25,0,0,6,0,0,0,0,4,0,0,0,0,0,0,0,0,1,0,0,0,0,0,1,0,3,0,0,2,5,0,8,0,6,0,0,1
Gene2S_051,25,22,16,23,9,3,28,27,15,13,14,17,21,18,16,9,3,16,24,30,1,6,15,17,24,11,18,21,1,23,16,24,15,5,36,0,19,14,17,28,23,17,23,12,11,26,28,17,7,4,22,22,23,27,15,17,3,8,0,14,22,24,20,16,20,1,17,7,4,11,1,5,4,16,4,11,4,34,13,25,22,23,1,28,29,26,3,12,2,18,12,21,31,33,2,0,0,33,8,7,22,17,15,9,19,4,23,0,7,20,21,24,20,4,19,16,11,6,22,37,12,7,22,19,13,4,2,5,23,2,22,23,16,16,7,5,12,6,35,10,15,1,0,2,13,9,7,21,16,35,29,8,19,6,12,8,19,28,3,8,42,19,8,9,29,19,30,0,28,21,0,36,24,14,5,16,18,13,0,23,13,19,6,23,31,21,4,13,13,31,11,0,5,6,3,18,24,7,16,11,1,33,19,1,17,21,18,17,10,19,31,28,32,24,23,8,20,0,0,28,14,22,11,10,4,6,2,16,15,23,4,0,23,7,14,3,11,1,33,5,5,7,12,9,30,34,37,7,17,7,26,15,23,11,22,7,39,21,22,15,20,7,38,28,28,14,6,31,26,10,17,35,29,4,25,15,30,18,27,21,13,30,26,17,43,10,25,22,28,17,12,15,15,27,11,12,18,17,32,9,10,27,35,8,19,8,17,18,23,21,11,3,5,10,16,4,1,25,2,6,17,16,1,32,16,29,3,29,29,6,0,1,0,23,16,8,7,8,0,34,20,3,2,8,32,22,12,32,8,4,4,11,0,10,19,1,28,1,14,10,15,15,13,19,21,14,40,4,18,17,35,8,1,28,3,18,3,11,28,23,25,10,7,24,15,15,22,22,18,26,3,27,16,2,13,6,7,16,14,30,26,25,29,23,5,0,6,1,21,15,0,15,20,4,12,0,23,10,32,0,28,24,14,28,5,22,1,19,1,37,15,8,11,14,0,10,21,9,4,17,2,20,25,13,12,4,26,5,4,13,8,10,10,21,16,3,13,8,0,24,10,0,17,2,24,28,32,0,0,17,25,7,17,17,6,4,6,17,28,20,5,22,10,30,1,10,25,9,19,12,0,29,30,2,39,29,14,9,20,29
Gene2S_052,1,28,1,1,0,0,4,0,1,1,3,3,7,3,32,2,3,0,23,0,1,18,0,0,12,7,26,3,1,3,25,18,2,24,24,30,0,0,2,6,5,4,14,2,6,7,0,12,8,3,5,2,5,10,0,6,4,23,18,5,8,6,14,30,14,5,15,5,12,0,1,4,1,1,6,6,0,5,0,0,3,27,8,0,0,4,20,5,4,2,7,0,4,15,32,3,4,0,29,19,14,16,26,27,1,1,10,29,0,13,24,14,1,15,5,5,21,2,5,12,2,5,20,0,7,6,6,0,2,9,0,3,0,1,36,6,0,38,0,0,2,1,47,8,0,7,6,0,1,21,2,11,18,1,0,1,21,7,12,4,0,0,1,0,1,0,17,5,2,1,0,0,6,20,5,22,6,12,27,5,0,2,15,1,0,8,29,16,7,12,0,20,7,26,11,6,17,15,8,6,8,28,11,8,3,1,16,6,17,0,2,0,1,14,13,0,1,2,5,0,0,31,0,0,6,3,8,8,20,1,1,17,10,7,36,0,5,28,0,1,0,4,0,0,3,5,3,15,1,21,0,0,2,0,40,13,8,6,22,10,6,0,4,2,0,29,5,2,14,37,0,0,15,10,40,4,17,2,0,7,30,0,0,35,0,30,26,0,14,18,8,5,11,14,23,1,2,9,8,15,0,0,1,16,0,1,0,11,10,1,0,36,0,5,1,1,21,3,0,0,0,14,12,0,10,18,12,16,1,0,2,1,23,16,41,8,12,10,14,13,18,4,10,0,18,9,29,0,0,4,8,4,0,0,7,27,8,6,15,22,4,20,2,0,5,16,6,0,2,2,3,8,3,25,34,0,0,8,0,0,16,11,0,10,1,23,2,7,0,0,0,8,3,21,10,2,3,9,1,0,5,11,4,4,14,2,2,1,45,0,13,10,2,0,33,3,28,22,1,29,0,0,9,31,18,1,8,1,3,1,0,18,41,15,0,0,1,1,5,6,0,1,0,19,4,3,0,20,2,9,18,12,0,2,3,0,30,0,0,22,24,7,6,6,1,8,12,3,9,3,8,13,14,16,0,4,0,14,9,2,5,5,1,26,25,8,7,14,0,2,4,16,31,7,14,0,1,17,0,9
Gene2S_053,7,3,27,35,40,1,7,3,8,36,30,5,18,11,0,0,15,2,0,10,0,14,8,4,6,0,32,0,3,3,21,21,24,0,14,24,16,20,16,1,31,0,10,6,5,14,17,3,1,0,33,20,24,0,3,1,1,6,4,8,40,0,0,22,6,14,16,34,6,2,21,32,2,0,7,7,3,42,10,12,33,21,8,26,3,5,9,14,25,0,31,4,23,15,3,21,5,32,4,1,26,13,1,18,12,22,9,37,31,2,2,0,34,22,13,35,44,1,11,23,37,12,27,5,1,0,0,10,29,2,16,2,2,16,24,8,1,8,8,1,0,1,24,9,11,16,1,27,0,8,9,34,11,33,0,1,14,0,0,20,25,23,5,43,27,11,0,10,0,11,15,23,10,18,31,3,5,18,3,0,7,0,10,30,1,1,22,20,18,2,34,0,25,5,4,31,24,21,0,16,16,0,4,3,0,1,5,15,35,4,0,24,5,4,5,16,2,11,22,31,13,0,13,11,21,21,9,0,5,14,14,0,21,0,10,3,0,1,22,7,16,3,10,2,22,10,41,0,13,11,31,2,24,0,30,26,2,3,40,1,9,13,30,5,1,16,7,1,8,29,7,0,22,7,12,0,14,1,42,3,3,13,8,5,32,48,11,24,0,43,0,35,48,4,0,11,21,19,0,25,9,14,9,28,11,40,6,16,21,26,1,10,36,25,34,4,17,4,7,1,15,14,19,0,4,8,1,23,14,0,19,11,1,10,16,13,0,44,5,16,1,4,37,34,7,5,8,0,0,2,4,11,0,3,15,35,0,12,3,4,18,4,25,45,0,22,31,2,8,0,1,1,0,1,0,0,24,29,2,0,39,18,30,4,0,23,28,18,26,7,0,0,14,16,32,27,8,19,5,3,26,13,3,9,1,17,0,2,0,6,14,0,8,2,38,0,2,3,35,4,10,30,32,0,12,2,47,0,33,12,19,21,5,0,6,1,6,0,7,19,0,4,0,13,29,25,2,15,0,40,19,2,4,11,34,20,9,2,1,19,19,7,1,21,0,0,16,24,11,11,26,5,38,6,1,1,25,20,0,10,34,12,4,7,1,11,15,0,16,11,15,9,0,20,34,42,25,27,0,2
Gene2S_054,48,26,52,88,17,57,25,11,84,114,0,19,80,0,13,20,50,82,64,40,89,74,4,26,23,65,52,36,34,0,27,49,65,103,98,0,19,72,15,79,15,41,73,35,10,17,16,85,108,19,59,0,6,5,8,104,95,37,3,11,6,19,59,87,83,33,33,18,66,11,61,37,2,3,79,1,22,22,55,101,43,88,56,18,61,0,12,59,92,104,59,6,10,14,8,4,29,55,31,30,53,19,65,19,36,34,24,49,84,99,1,12,38,95,41,71,16,0,17,55,13,97,31,77,95,94,21,36,26,64,14,5,36,32,23,79,20,46,40,46,60,46,48,58,114,11,18,0,54,29,65,32,72,14,34,40,93,62,4,66,27,3,12,102,63,49,29,1,7,81,2,56,10,20,18,16,79,96,11,6,37,18,36,31,6,10,20,75,52,9,79,91,30,3,91,67,1,70,22,9,57,14,19,1,13,14,5,43,7,34,90,29,69,33,65,87,29,67,22,58,57,32,1,53,16,0,12,79,1,72,60,2,5,102,8,27,55,27,21,70,73,31,11,61,87,0,10,39,31,3,28,15,2,12,50,27,10,56,30,99,40,58,5,64,19,58,87,48,7,67,44,20,24,12,102,78,68,3,23,62,65,28,30,5,25,15,2,32,35,16,47,14,75,60,54,0,21,41,59,97,75,0,88,32,82,21,38,36,53,85,44,74,27,78,58,96,35,47,45,79,68,15,51,34,87,37,0,44,69,58,13,13,67,4,9,74,10,49,8,37,0,15,5,14,44,11,12,29,64,6,2,89,46,80,14,71,83,56,10,23,48,6,10,0,52,33,29,52,78,43,77,78,8,0,48,39,3,68,14,11,29,49,99,79,42,83,12,54,33,5,31,22,8,57,8,19,24,18,34,6,34,5,58,93,42,77,81,52,4,80,3,39,36,26,6,22,74,30,22,44,41,46,18,41,20,41,80,5,23,92,74,42,98,78,3,0,54,58,46,55,71,74,11,33,47,56,13,31,63,97,3,37,4,78,50,63,87,22,13,59,64,55,61,99,1,105,66,73,87,76,60,20,8,36,95,71,24,49,4,45,75,18,5,34,9,26,22,29,54,104,37,65,32,1,28,17,14,55,88,102
Gene2S_055,24,7,0,0,0,0,28,8,27,3,9,3,1,2,6,10,2,10,1,8,0,17,3,12,4,14,20,6,12,13,15,4,10,1,7,0,0,10,20,3,5,17,1,8,16,12,0,0,1,4,8,8,20,0,9,10,2,1,18,2,6,7,17,10,4,16,7,4,22,2,14,0,1,11,7,8,1,6,1,1,0,0,5,3,2,2,20,11,2,16,0,0,1,12,3,3,23,1,7,4,4,16,7,10,3,12,0,10,0,11,0,4,5,1,1,11,12,21,8,18,0,7,2,13,23,9,15,0,2,6,0,23,2,4,19,6,20,4,7,0,9,11,20,3,0,1,2,6,9,9,11,4,6,17,6,6,3,0,13,23,5,4,20,29,3,5,8,5,15,11,9,1,14,0,11,7,24,0,17,28,0,0,4,11,8,24,6,15,4,8,9,0,3,3,0,14,10,10,11,0,6,8,12,13,22,12,5,0,9,2,24,14,0,5,1,12,8,9,14,0,3,16,0,0,17,0,0,5,0,0,1,3,12,0,1,8,16,8,0,10,20,0,6,11,17,7,6,1,0,17,19,9,6,8,0,0,10,13,9,7,16,14,0,0,4,8,5,11,16,0,14,2,16,3,19,0,0,7,0,3,0,13,4,7,8,22,9,0,14,14,16,13,17,0,2,2,4,0,20,10,0,7,5,4,5,6,11,1,1,12,9,4,12,3,11,7,7,15,11,7,12,17,0,0,0,0,15,16,4,17,4,11,3,12,11,13,8,10,1,23,1,8,0,5,5,0,7,14,0,6,2,4,4,0,2,5,16,2,4,1,0,0,3,11,4,20,0,4,24,3,14,1,16,22,7,5,15,11,14,6,26,8,16,7,4,4,0,2,2,2,12,3,0,15,0,10,22,2,3,24,1,5,0,5,1,0,21,0,15,14,9,4,13,7,0,0,18,5,8,2,8,10,3,1,14,0,23,24,1,22,4,16,18,16,25,3,1,3,15,6,0,7,25,5,12,7,10,5,10,2,2,13,0,1,24,17,4,4,1,0,3,13,1,0,6,16,11,17,4,10,6,4,0,0,11,7,8,0,3,7,2,0,0,7,12,4,3,0,11,3,1,23,0,1,22,20,1,16,1,1
Gene2S_056,23,0,14,33,23,20,2,20,18,37,17,25,9,13,9,7,22,31,5,26,11,8,10,17,19,8,19,16,1,31,19,28,17,17,28,7,26,19,19,5,36,34,2,4,1,13,29,3,3,48,0,35,3,32,12,2,27,12,16,2,4,27,0,34,19,2,20,1,29,27,15,36,28,10,49,6,20,25,22,14,10,22,20,25,0,0,32,23,32,11,8,37,7,13,0,6,0,7,27,22,47,3,17,12,0,11,21,9,6,7,9,16,33,7,6,3,13,25,31,17,19,23,26,6,26,4,26,7,10,7,23,29,34,33,3,1,14,10,0,22,4,21,25,10,3,28,0,36,26,11,20,17,33,0,17,21,30,19,24,31,2,15,11,32,6,0,31,17,28,1,27,17,0,41,13,3,34,1,0,15,4,3,21,31,9,4,0,18,23,7,14,37,11,4,29,35,4,10,0,4,23,14,21,8,25,3,9,0,46,0,2,15,2,18,26,16,29,0,7,19,27,26,33,25,29,18,18,0,24,20,10,21,36,11,28,8,12,8,1,2,11,28,21,21,24,3,3,19,31,17,15,11,1,22,0,38,30,20,6,3,11,3,31,21,17,2,23,7,12,31,35,7,29,14,23,7,16,5,25,38,20,2,27,16,16,16,15,28,9,36,25,29,25,39,17,33,3,14,21,9,17,7,20,0,26,11,14,17,7,32,9,23,53,21,0,4,20,2,34,0,11,18,19,26,30,24,17,35,28,1,9,26,46,11,34,41,12,38,1,2,0,22,27,1,19,8,15,28,0,38,33,32,15,23,5,0,17,29,3,2,27,37,25,11,14,10,0,29,24,8,17,31,11,6,19,6,23,10,9,2,10,31,0,2,28,26,23,8,20,19,42,19,14,5,32,4,27,8,22,13,11,16,20,22,23,31,1,2,0,11,15,25,33,40,7,20,26,8,40,32,16,10,15,15,16,15,4,37,17,1,2,33,19,41,9,5,34,26,23,14,19,21,2,2,34,0,35,7,13,4,1,7,19,9,21,10,14,3,21,37,18,3,7,29,19,25,19,1,15,24,3,7,32,17,29,18,6,10,2,10,25,35,31,2,0,6,24,0,1,6,10,7,20,22,29,23,4,28,19,0
Gene2S_057,1,49,67,0,1,0,0,12,0,0,0,0,0,0,37,0,17,0,2,0,0,11,5,18,0,3,0,27,0,0,0,5,0,0,0,0,39,0,0,0,0,0,0,28,0,0,8,0,0,0,0,3,0,0,0,34,0,0,4,0,0,19,1,6,0,36,0,0,0,0,2,0,0,33,0,16,4,0,0,0,0,0,0,0,0,7,4,5,0,0,0,1,31,0,0,57,0,0,0,15,74,0,76,0,23,1,3,0,31,6,0,51,2,0,42,0,0,3,0,16,0,34,0,19,0,52,0,3,0,0,0,25,0,65,0,1,0,0,0,0,8,0,0,6,15,0,0,0,35,0,0,4,0,0,1,16,0,13,15,0,0,0,73,50,50,8,6,0,0,0,47,66,5,0,0,0,1,0,49,6,3,0,0,17,1,0,0,0,0,0,0,15,42,13,0,0,39,0,0,102,0,62,0,0,0,2,0,1,0,26,0,0,0,39,2,0,0,0,18,19,0,0,0,0,0,3,0,80,0,0,0,0,0,0,88,3,1,55,0,0,22,0,36,31,9,2,0,0,0,5,28,0,64,34,14,0,88,7,1,0,0,0,21,0,0,0,0,0,0,21,0,0,0,0,38,0,4,8,0,0,10,0,18,0,0,46,81,0,0,0,66,23,0,0,0,0,0,2,0,2,1,14,0,0,4,0,0,0,0,0,0,0,3,0,15,0,75,0,1,0,0,0,0,2,0,60,0,12,0,0,7,10,0,0,0,0,0,0,0,16,3,19,0,2,42,20,12,0,0,0,0,63,30,0,41,59,0,0,0,21,0,0,0,0,7,16,0,0,0,0,0,3,3,0,1,27,0,0,0,2,1,0,0,0,0,0,15,0,1,80,82,34,75,4,0,0,18,4,0,0,0,0,1,2,0,0,0,0,0,49,0,11,54,8,0,0,0,8,43,0,33,7,0,1,0,0,0,0,0,0,0,0,0,0,0,12,0,0,38,0,0,2,41,5,21,0,3,0,3,0,0,0,28,0,23,0,11,0,12,0,9,7,0,0,11,0,0,30,0,0,0,0,26,20,0,4,0,10,1,0,4,73,0,0,0,0,19,0,0,4,0,0,19,46,0,0,25,0,1,8
Gene2S_058,2,0,0,0,0,0,0,2,0,4,9,0,0,38,1,0,0,0,4,0,17,7,0,1,0,0,0,11,20,0,0,0,0,0,0,0,0,7,0,0,0,0,0,0,0,0,0,0,0,0,9,0,10,3,6,16,1,0,0,0,0,0,0,0,0,0,0,0,0,5,0,0,0,11,6,0,13,0,0,17,1,0,4,0,0,0,0,16,0,0,0,22,0,0,0,9,38,0,0,10,0,0,0,9,0,0,0,0,0,0,0,0,9,0,0,0,0,0,0,2,0,0,0,0,0,3,0,10,36,0,15,2,0,0,0,1,0,3,4,0,0,0,0,0,0,12,1,0,0,0,0,0,0,0,0,0,1,0,0,0,0,0,13,0,0,16,0,0,0,0,4,2,24,0,1,0,0,0,0,28,15,0,0,0,0,0,0,0,0,32,0,22,0,0,28,0,0,0,0,0,13,0,0,0,0,0,0,0,0,0,0,0,0,28,0,0,0,0,0,0,0,0,0,0,0,0,10,0,0,0,10,0,6,25,0,0,0,0,3,0,0,0,0,0,0,1,31,0,3,0,0,0,0,0,14,6,0,0,0,24,0,1,19,0,0,23,0,0,0,0,0,0,0,0,0,0,10,0,30,0,19,5,0,0,0,0,3,0,0,0,0,32,16,4,0,4,0,11,1,1,0,0,0,14,4,0,47,0,0,0,0,18,0,0,0,0,26,0,8,1,0,3,0,0,21,0,0,0,0,0,0,0,0,0,25,1,6,0,0,0,0,0,0,3,0,0,0,1,2,0,6,1,0,1,0,0,3,0,0,0,0,21,0,0,0,0,9,13,0,0,3,0,21,0,0,0,39,0,0,5,0,7,5,0,0,0,0,0,0,0,14,0,0,0,15,0,0,0,0,0,11,0,0,0,0,0,0,0,0,9,0,0,0,0,0,20,0,0,0,0,0,26,0,6,4,0,0,2,22,0,0,2,0,0,0,0,0,0,0,0,0,20,3,0,0,2,1,0,0,0,0,0,0,0,0,22,0,1,0,4,0,11,2,0,0,0,0,0,0,3,0,0,0,0,0,0,0,0,2,13,0,4,0,15,0,1,2,1,4,0,0,0,3,0,16,13,0,0,2,14
Gene2S_059,81,28,40,65,81,26,54,91,3,56,60,50,20,0,3,85,37,7,110,107,0,64,98,55,12,44,30,14,58,33,103,69,14,5,36,7,96,100,89,13,78,101,95,25,37,11,3,62,3,24,20,32,44,81,43,6,18,105,5,70,6,73,102,26,0,13,13,3,54,83,113,98,101,86,25,9,20,8,0,95,26,120,90,38,69,2,22,92,53,55,48,0,21,18,29,1,89,42,7,7,38,1,53,35,51,3,116,113,0,29,6,45,92,96,82,45,59,81,18,103,111,81,95,13,73,64,55,71,51,81,19,4,39,89,72,94,52,84,2,31,113,0,13,79,15,5,63,4,29,1,66,92,19,28,10,59,1,92,110,0,87,37,11,100,11,20,13,49,2,13,57,46,17,0,55,41,33,58,81,92,33,6,46,25,1,39,85,88,23,75,0,37,51,84,0,19,7,13,40,29,16,8,97,25,73,4,89,72,45,3,76,31,79,5,98,3,51,102,85,13,31,76,93,6,6,0,85,57,19,22,21,97,1,80,49,72,1,19,0,50,59,22,9,96,91,49,6,86,6,46,101,69,63,51,94,46,87,107,11,3,67,91,20,26,115,0,4,55,119,25,82,71,53,58,77,8,52,16,83,44,108,33,36,106,22,28,67,41,50,0,67,3,83,65,21,70,116,49,109,104,29,90,77,25,80,11,43,75,41,84,39,68,85,53,44,15,76,11,22,66,97,83,34,44,104,11,91,14,3,62,12,87,1,54,88,69,73,41,89,84,57,103,38,113,55,101,73,78,22,14,96,90,2,17,79,66,110,74,80,79,50,120,20,34,47,26,27,1,65,43,0,42,39,66,0,99,50,95,99,0,37,88,75,14,59,97,88,69,21,1,86,46,58,11,121,70,29,37,94,3,21,10,64,127,96,40,1,93,26,91,14,20,37,0,86,81,88,53,40,30,91,79,82,1,119,0,2,44,7,49,59,6,110,60,0,98,89,85,63,88,37,7,2,111,101,90,89,30,15,64,50,14,74,58,0,75,105,32,91,23,17,102,19,9,21,74,1,24,111,17,105,36,36,18,115,101,1,13,56,60,32,0,63,72,31,7,68,16,20,108,41,89,22,17,54,81,16,0,101,37
Gene2S_060,29,0,0,2,4,2,21,0,0,0,3,1,9,1,9,6,1,6,8,3,5,23,2,7,32,4,3,1,18,1,1,3,0,3,10,7,9,6,7,0,3,6,2,3,15,18,0,0,4,4,9,0,0,0,0,0,0,8,0,21,14,4,1,6,0,5,30,7,0,2,0,10,14,0,0,1,7,3,0,7,0,3,3,21,0,0,1,22,23,13,0,2,0,0,21,5,1,2,20,0,0,27,5,0,0,7,0,2,0,5,0,0,4,0,0,13,11,4,0,6,0,1,7,0,16,23,0,1,13,1,3,2,8,1,2,2,16,10,4,4,2,0,0,2,0,0,0,8,0,15,18,4,0,0,1,0,25,4,0,0,0,1,0,3,3,5,17,0,2,14,15,1,25,9,0,6,6,3,26,0,16,4,5,11,0,2,24,11,1,0,0,27,1,14,0,13,0,0,34,5,0,4,5,2,1,8,2,1,8,0,0,2,13,4,1,4,0,2,0,0,9,9,4,1,0,0,4,6,15,4,0,4,0,0,1,0,5,0,4,0,7,0,0,0,2,4,0,5,1,1,6,0,11,1,1,19,7,10,8,0,1,3,20,0,10,29,0,10,0,0,12,3,0,0,26,0,13,2,21,1,1,3,13,4,0,6,2,2,0,1,0,1,8,0,5,0,2,0,0,0,4,9,0,28,26,2,1,3,0,7,0,0,0,15,3,5,0,0,1,0,0,2,0,0,2,2,4,0,14,6,18,0,0,1,3,2,0,3,9,3,0,3,2,7,0,0,17,25,11,20,0,8,1,10,26,1,0,0,15,7,1,0,9,0,1,5,1,0,3,18,0,6,12,0,17,7,0,0,0,1,5,0,3,2,0,0,16,0,2,5,7,18,0,13,11,3,22,2,0,18,0,2,4,20,0,0,1,2,0,7,0,4,0,10,0,0,6,1,19,0,21,1,2,0,0,11,0,19,0,1,11,8,0,9,7,1,0,0,0,0,13,2,5,0,5,12,1,2,8,2,4,0,7,16,0,0,2,0,0,12,0,0,0,9,7,2,3,0,2,4,5,7,3,0,2,0,8,15,11,2,16,13,0,0,17,3,0,0,1,16,6,2,2,3,1,8,0,5,13,18
Gene2S_061,78,127,34,118,44,0,0,3,103,80,74,12,2,45,69,20,45,9,38,68,0,17,5,26,53,0,50,20,1,5,129,21,4,100,0,139,3,5,57,78,43,142,2,111,99,6,8,88,27,65,0,118,7,0,64,125,117,73,120,90,42,28,32,29,62,19,22,49,1,22,115,0,0,126,112,25,58,0,20,98,53,2,52,37,0,16,0,18,42,32,35,47,20,7,19,74,114,101,69,66,68,43,106,114,53,17,87,58,97,9,40,31,104,123,15,17,58,0,17,97,120,14,138,2,86,0,62,37,14,0,53,30,1,104,7,143,0,23,78,26,75,99,110,0,1,6,0,118,115,4,76,0,2,1,17,102,48,153,57,115,18,17,22,148,146,16,41,9,102,163,100,0,3,75,16,129,1,0,8,29,16,96,87,72,40,16,123,9,67,57,76,0,6,0,49,124,59,52,9,96,0,1,0,130,3,42,2,66,95,0,4,0,51,36,6,6,29,72,97,10,70,120,59,11,91,44,134,135,82,97,17,53,0,1,0,19,0,27,5,35,71,87,36,41,78,128,50,41,2,146,4,0,35,99,1,0,19,46,134,92,81,37,136,5,31,1,0,51,99,52,9,58,87,8,56,21,53,21,0,96,153,54,60,0,74,21,36,35,120,151,75,1,37,53,68,88,137,124,24,123,23,57,55,74,28,124,44,156,8,34,60,33,21,6,3,55,0,44,55,110,30,101,0,2,88,39,146,30,34,97,0,126,24,0,0,133,28,3,124,67,59,61,86,8,68,0,1,0,94,15,33,14,0,7,4,9,8,7,82,114,68,101,0,15,14,41,91,30,0,93,0,54,86,0,0,8,0,79,116,112,0,27,142,0,15,0,45,0,52,104,111,143,3,27,105,121,42,31,94,56,0,0,37,86,115,57,123,5,106,5,0,128,1,8,48,14,114,95,140,25,18,72,54,55,106,123,12,2,50,2,73,142,59,149,14,1,1,78,82,57,155,0,0,7,21,160,86,71,63,67,0,0,37,47,71,89,122,119,129,139,3,98,39,5,31,122,0,76,43,107,25,23,89,106,118,0,123,10,135,37,3,1,25,2,84,7,122,16,106,25,42,111,97,136,137,12,63,4,84,9
Gene2S_062,37,103,2,76,40,68,82,88,90,70,28,16,35,5,0,38,30,21,33,86,5,39,45,43,109,15,83,22,6,103,87,35,39,63,34,77,14,7,109,58,23,95,2,40,31,83,50,11,66,70,61,28,75,95,93,40,90,36,78,115,17,43,55,92,44,10,66,50,47,103,3,27,75,89,98,94,6,72,2,82,96,51,76,93,51,25,60,65,17,41,81,22,55,2,24,101,35,18,18,85,57,66,109,1,61,3,25,74,68,80,45,66,83,29,73,67,113,96,52,56,2,94,49,53,57,44,100,78,9,107,36,38,100,71,41,81,22,98,24,70,25,77,23,55,29,33,7,21,111,92,92,0,88,23,78,74,41,66,68,43,51,25,29,0,72,62,26,43,82,54,0,65,17,90,24,53,2,28,65,23,64,44,19,51,48,81,78,85,105,63,1,56,21,98,37,51,106,3,5,30,24,85,45,61,33,17,68,18,29,50,33,68,5,90,7,8,80,0,40,26,87,79,66,63,103,20,65,76,7,80,38,0,75,63,73,76,75,54,2,48,78,97,63,93,1,22,91,70,72,16,1,47,79,42,48,71,113,10,46,33,16,115,85,77,41,45,21,70,11,77,39,85,31,33,26,55,21,66,15,26,65,52,75,62,69,89,84,41,13,69,51,3,96,100,42,50,23,70,10,96,66,76,86,63,20,100,0,5,42,73,8,30,81,81,3,5,55,16,3,86,102,102,16,71,99,14,1,66,0,62,72,67,22,19,19,73,50,76,95,22,20,78,86,39,4,93,6,76,84,90,24,41,17,58,83,11,0,57,86,91,64,120,63,6,68,3,106,35,37,12,57,58,45,51,25,107,118,52,51,99,61,67,21,70,8,26,54,42,87,82,67,4,36,111,81,112,35,26,81,86,65,16,91,48,64,24,32,22,98,55,69,29,74,3,98,7,76,9,61,5,12,47,26,82,45,13,97,46,12,64,85,9,66,96,51,4,63,39,44,89,36,68,43,41,63,79,73,43,3,15,25,7,36,0,62,74,25,12,15,69,61,25,20,16,9,74,46,74,30,108,67,29,34,97,91,67,73,95,25,5,61,93,76,89,49,63,74,51,77,28,81,71,57,19,50,48,99,14,82,101
Gene2S_063,61,58,15,38,44,59,6,71,3,51,20,5,13,10,68,4,3,5,12,6,27,1,62,36,16,49,2,37,70,1,36,0,0,2,76,75,39,49,58,1,29,20,39,85,55,29,13,6,68,37,31,33,48,19,24,29,22,19,64,43,9,28,65,20,23,97,25,0,12,26,1,68,35,28,41,15,10,20,25,87,66,48,67,51,28,0,27,27,46,4,9,10,9,24,38,43,19,4,57,67,36,67,5,56,0,78,20,7,22,68,30,11,8,15,10,48,15,21,16,66,57,22,1,23,28,75,88,20,8,34,35,32,11,2,61,0,6,3,1,25,2,60,94,22,28,2,81,54,65,78,46,29,31,26,61,15,1,24,83,23,109,48,19,76,45,49,25,3,45,66,57,35,19,0,43,1,7,12,7,29,0,44,61,0,0,20,18,71,17,12,39,5,56,38,52,28,53,22,0,16,5,36,15,39,48,4,15,13,28,56,43,93,47,68,53,38,42,77,22,5,11,18,27,50,35,33,3,19,0,21,0,22,26,10,64,27,52,25,14,70,53,35,23,45,0,64,40,73,24,74,2,18,8,25,26,65,23,6,3,75,60,1,71,22,1,60,44,37,40,20,62,65,39,49,3,56,15,58,1,34,0,12,26,33,61,17,53,43,2,62,68,68,9,15,2,61,13,16,34,48,23,0,20,0,2,24,20,42,22,75,73,2,29,30,9,0,56,0,19,31,2,74,7,22,17,99,6,84,1,63,19,14,15,4,13,20,5,37,24,24,12,0,46,5,7,59,35,4,30,70,74,47,4,10,39,34,13,17,23,20,54,10,37,1,21,35,26,53,13,0,44,16,15,36,78,69,55,79,37,5,10,4,0,22,0,48,36,25,14,18,16,11,40,34,70,14,78,58,41,12,1,0,0,22,22,67,22,24,10,10,32,11,11,47,37,51,17,27,24,30,45,18,49,74,32,4,10,2,1,34,5,41,55,41,37,15,0,32,31,68,0,68,51,3,30,8,40,44,1,78,58,81,30,9,15,22,17,9,4,17,34,72,29,79,77,52,13,4,61,48,3,36,32,0,1,47,27,14,51,6,10,47,32,3,70,59,16,26,75,14,33,47,45,85,59,11,36,11,8,0
Gene2S_064,34,33,0,83,44,113,1,0,38,2,0,81,6,4,113,0,0,64,147,114,0,55,131,40,16,84,13,3,0,113,142,19,18,28,150,68,0,110,116,0,1,1,44,126,0,0,48,43,2,111,22,135,11,68,124,0,141,0,2,83,1,115,118,51,0,90,111,0,130,99,5,33,6,0,0,4,17,0,9,52,45,0,31,130,51,1,48,70,88,83,0,158,9,0,0,8,73,1,0,17,1,67,1,0,112,0,0,60,123,11,107,1,0,0,3,0,3,131,8,0,37,11,61,107,36,21,0,65,13,23,29,84,107,100,0,0,0,13,10,121,88,0,15,2,93,8,81,47,0,114,39,8,44,17,3,121,35,112,42,20,1,4,23,7,110,6,125,131,126,112,122,110,0,3,31,125,1,56,149,56,23,0,49,17,39,26,1,18,32,0,0,73,116,0,57,148,11,60,132,15,68,96,129,108,0,133,0,97,70,80,0,15,30,2,3,28,48,15,120,3,88,11,130,100,92,99,7,1,3,70,123,0,44,2,107,132,22,86,15,64,0,0,0,122,125,7,14,0,44,6,26,146,94,24,111,4,3,26,49,68,150,1,0,115,1,132,22,78,70,13,11,32,14,70,10,85,37,39,94,7,47,19,0,0,51,5,12,62,39,27,0,0,30,5,25,0,1,145,81,86,0,124,58,40,15,11,17,1,22,67,72,3,8,136,35,15,59,122,10,88,62,0,28,46,84,42,73,5,73,0,50,34,55,0,112,9,21,1,0,0,60,6,96,1,0,0,94,19,97,139,0,75,95,24,2,42,1,133,5,4,65,1,51,12,0,136,60,0,46,0,91,0,142,85,133,87,129,26,107,99,2,0,123,0,0,0,66,114,70,28,113,0,117,6,77,0,61,37,92,106,15,72,0,48,36,6,42,0,0,5,0,0,31,17,0,55,7,18,122,48,102,114,54,92,36,26,20,138,16,14,81,16,47,20,72,9,123,99,33,78,1,72,0,84,9,9,0,0,0,9,94,50,108,88,1,62,13,39,0,4,0,5,83,11,1,26,109,92,111,99,17,5,29,0,42,41,0,64,20,123,8,23,13,2,0,111,111,0,126,114,19,0,105,0,0,47,0,0,74,0
Gene2S_065,0,15,22,25,7,9,4,14,18,19,12,0,5,25,27,4,16,15,0,12,1,16,5,24,2,15,8,2,19,11,6,23,38,10,15,66,18,16,28,48,52,15,19,35,32,12,19,17,34,58,14,33,9,6,1,28,9,5,55,27,23,33,23,24,37,1,34,57,32,30,33,52,44,39,22,0,2,24,16,18,2,20,49,37,24,16,13,7,7,53,43,42,35,0,0,3,5,41,56,30,4,39,14,44,16,21,21,49,15,6,9,13,1,33,23,1,35,6,25,26,11,7,22,20,3,7,5,41,6,16,40,23,30,13,61,13,49,18,33,36,10,41,19,57,9,1,1,16,16,51,37,30,16,25,3,6,58,3,15,31,14,41,1,1,0,26,26,42,4,4,6,27,22,10,23,5,3,32,18,15,3,13,16,29,3,4,5,2,7,18,11,46,16,18,28,46,9,11,45,35,52,3,2,49,11,49,13,13,0,8,1,2,39,13,64,0,42,55,21,40,33,41,4,20,61,2,15,29,24,1,19,12,14,24,5,5,17,19,49,12,13,18,22,5,5,19,17,1,8,24,1,11,24,29,35,39,19,13,34,30,20,15,28,19,48,7,28,8,30,7,37,14,1,0,6,47,12,28,36,33,2,47,15,31,15,43,14,19,47,10,41,44,9,17,46,24,33,2,43,0,0,6,14,35,5,37,15,30,7,25,63,24,20,40,1,44,45,14,14,30,33,0,27,21,14,21,19,2,55,19,10,39,13,45,7,10,50,3,47,37,42,3,27,10,28,43,45,44,22,31,35,13,5,30,16,1,1,38,1,34,24,46,18,24,0,12,42,56,9,39,3,30,30,22,62,0,38,31,17,25,0,23,59,8,26,35,4,22,10,51,13,27,10,7,29,26,27,49,18,8,4,16,38,24,7,18,4,40,8,44,1,35,7,29,13,42,5,39,41,9,51,19,32,0,0,32,37,4,25,37,38,0,32,26,21,64,26,15,19,25,1,3,24,6,38,18,36,7,30,1,1,10,22,9,5,18,19,10,43,0,27,10,30,15,4,12,44,10,45,1,0,25,0,0,8,10,16,4,6,4,6,31,23,12,50,8,8,8,11,19,29,13,53,10,7,38,9,0,63,2
Gene2S_066,8,39,0,0,1,0,0,15,0,119,52,37,12,102,9,1,7,78,41,20,2,87,25,0,0,18,35,3,19,0,0,9,102,2,46,5,0,0,12,66,58,64,13,123,16,0,62,5,9,85,32,49,2,1,0,32,0,91,7,5,0,0,15,84,0,27,8,41,52,2,27,93,0,57,3,6,23,0,107,80,71,21,111,9,90,81,1,0,4,103,0,48,0,32,86,3,44,12,14,48,13,18,30,7,98,19,11,71,65,1,16,0,0,1,0,0,63,36,2,0,26,0,0,24,1,3,0,39,46,0,14,22,65,0,0,81,53,79,19,12,69,84,15,32,0,20,4,28,112,15,3,19,1,5,26,13,0,16,0,31,9,27,3,0,63,31,33,1,0,3,75,104,1,0,78,25,0,26,15,1,6,89,12,4,2,16,29,106,96,7,59,0,7,69,31,66,32,93,44,38,6,29,69,0,80,0,20,4,0,26,25,61,0,80,46,9,25,11,38,37,45,50,8,55,65,0,3,12,2,6,12,0,0,0,5,11,0,7,10,0,1,55,90,8,6,7,0,0,1,1,62,100,17,0,113,0,24,38,6,0,36,1,45,8,101,61,29,25,12,5,0,11,70,16,14,28,1,0,6,60,38,19,0,1,57,1,18,0,58,87,47,34,5,17,3,10,85,0,43,4,28,0,0,38,27,35,100,24,0,9,10,34,3,0,6,68,10,62,81,15,18,51,13,25,0,73,0,22,84,9,10,8,71,80,53,28,14,50,40,0,3,11,13,1,7,0,4,0,48,0,2,40,112,6,25,77,12,3,88,5,0,43,1,44,16,10,0,21,3,1,69,14,85,41,58,3,1,0,53,111,0,22,4,39,17,0,4,1,46,24,38,0,58,41,27,15,47,100,127,21,0,1,0,5,7,0,24,8,16,8,1,69,26,23,47,0,0,43,34,0,44,0,44,3,38,34,16,29,33,0,3,7,9,2,90,28,6,114,1,7,61,87,20,10,74,71,7,0,7,35,22,67,23,9,41,2,11,68,35,100,0,3,28,12,0,40,50,30,94,1,16,11,27,3,117,0,0,70,69,9,0,5,68,17,13,24,0,14,35,1,16,72,4,0,93,4,44,0,1,0
Gene2S_067,71,48,77,30,18,19,70,21,6,25,19,2,43,82,22,7,87,22,35,14,12,45,88,64,6,30,26,14,50,20,20,36,27,10,20,57,2,18,23,15,22,21,8,95,78,26,4,28,52,2,11,1,15,59,53,46,28,30,2,46,0,4,38,46,44,53,84,66,60,28,9,35,76,16,11,10,61,74,51,4,73,71,8,77,15,7,53,55,40,66,20,64,6,19,4,10,38,24,51,35,51,37,85,95,10,69,9,2,18,51,6,100,45,41,50,15,48,5,82,6,16,44,23,31,10,42,27,49,92,13,37,14,45,22,59,24,117,19,5,41,89,9,47,36,77,95,1,70,35,49,14,87,18,48,15,10,10,99,51,47,55,26,64,39,93,20,56,13,33,17,63,8,18,12,0,2,35,1,12,20,36,14,17,61,63,36,11,17,3,18,29,32,57,64,11,51,67,69,14,72,10,5,41,0,60,16,6,22,0,11,45,62,22,2,7,74,0,33,56,38,27,26,11,27,26,46,64,65,12,15,73,86,66,68,60,38,40,14,0,35,23,0,5,49,52,62,31,56,6,28,15,26,87,25,27,40,20,27,9,29,4,76,4,34,30,78,9,29,95,9,13,37,23,62,33,43,40,9,82,7,9,82,23,28,51,25,36,52,13,85,6,14,53,15,0,8,45,29,20,53,33,37,25,67,48,32,0,54,59,24,87,33,12,42,14,26,22,105,64,18,56,41,23,21,2,35,47,42,51,101,30,52,1,9,25,4,51,5,104,36,89,70,74,49,89,43,67,32,36,86,84,68,15,53,64,23,26,8,16,20,16,19,18,52,39,41,62,41,11,36,15,4,28,51,74,100,67,8,0,106,27,31,45,23,13,14,43,38,9,5,9,8,55,81,14,62,54,7,13,11,49,1,80,13,54,6,26,56,50,41,46,7,40,57,32,49,50,87,4,8,63,18,9,30,68,53,19,14,0,11,34,18,45,11,69,35,36,62,22,30,31,62,25,35,0,2,35,21,19,29,1,0,0,75,80,61,29,73,5,49,0,69,4,10,55,72,44,31,10,66,53,34,14,57,95,71,74,32,20,36,23,49,0,13,37,1,31,27,25,31,25,3,60,32,71,27,26,62,35,46
Gene2S_068,20,59,0,0,105,114,40,0,0,0,0,22,35,6,0,8,0,75,0,0,0,3,1,0,1,3,125,0,5,98,0,3,130,0,1,0,4,2,22,0,94,114,56,0,0,47,0,0,0,25,70,16,3,38,158,63,19,112,0,52,0,30,91,6,1,0,1,116,22,49,19,4,130,0,0,0,47,21,7,69,64,0,0,98,3,6,114,26,0,14,0,3,44,0,5,2,121,0,5,90,7,0,7,8,34,0,98,41,72,1,0,0,0,41,0,0,0,129,0,0,0,0,5,42,0,0,21,27,11,10,106,38,67,0,60,0,0,27,110,0,0,0,19,5,116,0,105,0,0,9,0,0,0,0,37,16,131,79,24,0,0,9,28,51,94,1,0,0,124,1,0,0,5,0,11,57,103,114,0,0,0,0,72,0,11,16,0,1,0,74,1,0,14,0,0,102,1,2,1,0,0,0,49,3,55,101,13,23,0,12,8,41,0,44,0,3,5,0,103,21,0,114,0,130,9,1,0,5,0,107,0,0,27,0,72,0,42,1,0,1,0,16,0,66,0,4,0,51,9,77,1,83,0,0,25,0,0,108,141,10,119,0,8,5,6,48,0,135,26,0,0,0,5,125,3,3,76,0,2,115,0,20,0,2,0,5,0,0,0,0,0,102,20,0,78,2,0,67,0,89,30,26,22,0,35,0,62,0,15,0,5,0,5,27,55,59,0,0,5,0,2,0,5,0,0,19,106,116,0,0,0,25,0,0,0,0,1,2,141,113,0,1,123,0,5,0,16,0,0,89,0,0,1,0,0,0,0,0,40,8,21,7,0,123,0,0,134,6,41,28,0,101,0,0,0,23,51,0,0,38,89,0,28,0,6,103,9,0,39,17,13,0,0,21,10,15,47,0,97,96,12,0,0,113,0,59,35,35,67,13,79,124,0,144,10,1,0,0,1,0,0,75,1,125,0,5,0,0,0,0,9,128,36,124,96,39,0,0,54,26,0,0,90,134,44,51,0,54,15,89,36,90,4,0,5,77,134,0,107,42,139,9,0,82,0,0,0,0,0,22,0,132,85,3,0,0,99,0,16,30,122,0,0,88,0,0,115,19,0,47,39,1,0,0,0,38,111,74,16,136
Gene2S_069,23,10,24,2,22,14,17,15,9,17,0,1,3,10,0,14,0,9,13,7,1,5,6,2,1,14,1,23,21,22,21,7,10,2,15,14,0,15,20,17,15,23,12,21,3,3,17,17,8,19,5,8,8,1,5,19,32,20,2,0,9,4,22,0,29,17,18,1,19,30,6,2,21,17,2,16,0,0,6,6,34,10,19,13,4,17,29,11,17,20,3,11,16,1,28,0,0,18,27,20,13,17,15,27,17,20,1,0,17,20,1,1,28,7,9,5,25,9,9,25,9,19,28,19,31,21,18,22,4,0,26,3,0,27,21,1,1,22,16,21,20,15,20,4,0,2,17,20,4,14,30,18,17,23,0,2,20,0,19,0,11,21,14,15,1,21,32,9,24,0,21,24,8,27,14,2,8,27,27,25,17,31,19,8,5,15,10,7,38,24,0,24,31,22,6,0,10,18,3,2,15,25,11,16,23,13,3,25,7,5,26,2,27,21,20,11,32,2,28,11,0,0,26,15,30,14,25,15,18,18,24,1,17,22,28,0,20,25,4,16,22,17,33,20,3,3,19,4,16,22,17,5,9,17,18,10,11,0,3,20,26,4,8,13,23,12,24,3,13,0,14,2,8,4,23,10,22,26,5,6,4,0,16,8,4,14,7,0,5,1,10,14,16,6,26,3,11,20,1,26,18,20,1,14,20,0,20,0,2,15,0,21,21,30,13,3,8,0,3,6,12,5,12,15,14,0,9,0,9,14,21,25,5,19,4,24,9,15,22,27,0,6,15,13,9,19,3,12,3,20,9,0,19,16,0,7,20,9,11,10,22,0,19,29,5,12,4,20,28,11,17,8,13,6,10,8,19,14,24,0,11,17,20,25,12,19,12,18,25,10,25,10,12,21,6,6,0,1,5,13,16,6,24,11,13,24,20,10,23,2,21,28,9,25,5,22,15,1,11,28,21,0,0,15,22,13,21,5,27,19,18,28,18,18,0,12,2,1,1,19,0,29,16,22,22,5,22,6,25,0,19,27,3,24,0,17,24,17,24,18,21,22,0,14,24,12,16,21,18,10,15,21,14,24,13,12,12,20,0,21,23,0,0,0,1,20,15,15,18,27,26,23,11,18,4,20,21,24,25,23
Gene2S_070,6,0,4,0,0,3,7,35,5,4,0,19,1,7,2,19,32,26,29,4,6,37,27,22,9,31,3,29,16,35,1,29,20,25,35,16,37,7,38,8,11,26,22,22,0,22,16,25,1,8,34,14,13,27,1,3,37,3,26,28,35,2,43,12,30,21,31,29,34,0,0,1,1,1,21,10,21,33,26,9,0,11,11,5,35,19,22,2,27,16,27,5,5,24,18,6,18,29,3,4,45,40,31,30,1,5,28,22,13,27,33,15,14,9,24,2,23,31,12,0,7,16,20,32,7,12,32,0,42,9,7,25,14,13,25,31,28,0,30,11,23,0,35,33,2,20,0,15,17,22,27,11,28,12,29,18,7,26,1,17,29,24,14,38,22,31,15,16,37,3,17,36,35,32,29,39,15,16,18,30,21,14,5,16,10,23,14,21,29,24,30,20,30,16,5,28,22,31,27,16,2,28,31,38,5,17,26,11,0,30,5,6,3,25,10,21,32,1,19,13,22,13,3,30,8,25,29,28,0,29,29,38,18,10,26,26,0,30,27,30,29,34,2,31,19,0,29,5,3,29,33,43,6,8,20,4,18,21,8,15,25,3,9,20,15,10,14,8,5,13,36,0,28,11,35,3,26,1,28,37,20,19,25,1,19,14,7,19,39,29,21,44,18,10,18,24,2,38,1,32,33,25,26,29,5,17,1,39,7,30,13,37,28,40,32,9,14,29,21,15,2,26,16,30,14,18,33,19,27,29,20,32,31,22,20,16,1,22,9,18,2,17,26,5,24,33,26,34,4,0,12,27,11,27,11,23,13,31,30,0,8,31,0,36,14,0,24,17,34,12,26,25,32,29,17,19,23,35,7,27,3,15,45,16,30,1,22,13,10,11,0,27,5,33,7,19,30,12,0,25,5,4,33,31,30,1,5,26,0,2,27,24,5,0,10,1,29,16,34,6,19,24,5,7,23,18,25,18,3,6,0,1,26,25,6,8,31,27,7,8,40,1,11,37,13,27,28,26,26,39,35,30,7,31,14,4,1,9,15,17,24,5,6,30,31,26,43,6,28,20,14,16,8,22,30,20,15,43,26,8,7,27,0,4,25,34,4,29,25,0,31,29,21,40,29,0,6,3,38,24
Gene2S_071,18,0,5,32,4,10,2,79,59,8,1,15,48,13,54,19,27,21,78,13,10,0,55,88,2,2,54,21,29,7,12,8,2,22,2,52,53,10,0,29,70,1,26,71,9,38,2,51,6,17,12,1,1,70,49,5,33,0,19,74,28,25,51,2,57,28,55,80,84,5,29,2,6,88,0,25,13,56,0,4,32,90,7,25,66,8,4,21,71,15,5,20,33,36,6,21,63,50,36,0,2,3,10,57,10,23,22,56,35,42,6,2,15,2,26,0,17,13,8,3,6,23,17,23,15,93,0,3,50,1,62,19,37,4,32,40,35,32,6,5,34,72,78,4,26,65,63,17,70,7,74,37,11,73,85,0,45,65,8,25,27,93,5,20,5,0,0,10,10,23,19,92,2,0,61,0,37,16,37,0,37,12,6,22,14,37,15,56,0,4,37,80,35,4,83,0,101,24,21,0,42,38,0,58,98,63,63,54,2,1,0,27,54,34,21,21,29,0,80,18,44,21,14,5,57,1,29,15,61,48,71,1,30,92,8,0,6,0,4,14,31,6,0,3,24,70,29,7,3,29,0,6,38,31,28,45,1,1,3,11,2,6,38,87,2,16,0,41,6,0,72,58,1,9,4,1,2,40,33,23,31,17,46,16,77,0,12,8,26,15,10,42,0,0,0,43,44,1,43,24,27,18,0,29,2,71,0,66,14,35,0,3,0,11,35,31,71,4,11,70,10,25,69,67,26,54,0,49,63,34,30,54,0,99,55,35,36,85,5,0,25,0,47,8,4,29,69,54,9,54,53,32,63,23,48,17,56,19,9,1,0,1,52,8,0,8,50,21,92,6,3,65,21,46,0,7,57,0,1,0,56,58,31,43,8,79,46,10,83,20,9,0,29,48,30,32,3,18,0,70,37,0,5,32,29,24,44,39,72,45,0,5,0,11,50,2,24,67,0,0,13,1,36,18,0,41,46,6,92,5,46,3,15,16,103,17,41,16,8,3,18,75,98,49,37,12,21,5,29,44,88,84,1,50,29,36,21,39,43,22,75,48,16,34,28,65,0,72,8,1,7,49,1,49,0,12,14,55,3,0,68,64,18,17,17,6,88,0,5,19,17,51,6,48,4,97,12,57,34,7
Gene2S_072,0,13,0,0,0,5,15,0,0,0,0,9,5,9,0,18,18,5,21,0,8,6,22,0,0,0,0,0,10,0,16,14,4,13,0,21,0,8,25,0,7,0,10,0,10,30,0,20,21,0,0,33,0,0,5,0,30,0,0,0,8,28,6,0,0,1,5,0,4,0,0,1,8,9,7,8,3,16,0,17,1,36,2,17,1,13,0,1,0,1,0,0,0,36,0,0,1,33,2,0,6,0,0,2,1,13,0,4,0,0,15,0,23,12,6,19,0,31,0,22,0,2,8,18,15,0,0,23,2,14,0,15,0,0,0,1,2,10,0,1,12,0,0,0,0,19,14,0,1,6,13,11,0,4,3,0,3,0,0,10,0,0,0,0,0,0,13,2,12,9,28,23,0,2,0,26,16,1,0,0,10,2,0,4,13,0,7,42,0,0,14,10,0,2,0,11,1,2,0,2,1,3,0,0,13,9,5,0,26,34,0,2,1,11,29,16,9,0,10,2,2,29,3,2,0,20,25,0,7,0,0,0,5,0,0,7,0,10,0,0,0,0,0,1,30,8,16,1,0,0,0,2,11,0,4,12,21,0,7,24,3,0,2,0,10,0,0,0,2,0,0,16,0,20,6,0,3,51,30,12,12,34,0,0,0,10,1,12,0,0,0,0,0,2,7,0,0,1,1,0,22,3,0,22,3,0,0,2,0,14,8,1,7,5,0,14,0,16,23,1,0,0,2,1,0,3,3,13,42,20,2,0,0,16,0,18,37,1,4,0,0,10,6,1,13,0,0,5,1,30,12,5,7,0,0,0,0,4,0,1,5,0,15,0,0,22,25,0,0,0,10,0,1,0,0,24,0,5,14,8,0,0,5,18,0,21,5,5,0,0,17,0,0,16,0,0,9,0,0,8,32,6,6,15,0,8,16,0,0,25,14,1,6,1,0,0,0,3,0,12,0,3,0,0,0,2,0,5,4,0,0,18,0,0,1,0,0,0,12,5,3,0,1,10,0,4,0,25,5,2,14,20,0,0,3,0,0,0,0,4,0,0,0,11,0,4,0,35,3,21,12,0,11,0,0,1,2,7,4,0,9,0,0,7,18,12,0,0,27,1,1,8,0,0,10,0,3,0,1,3
Gene2S_073,40,0,47,6,14,59,9,2,2,22,82,3,4,7,4,19,3,0,27,83,38,7,5,3,70,5,16,0,26,2,59,8,2,29,32,7,0,5,0,10,0,0,25,0,0,9,27,28,0,7,24,12,13,10,21,8,47,54,83,50,12,42,29,27,0,0,81,22,0,35,6,18,89,29,2,0,10,17,37,5,0,0,16,14,4,56,16,0,1,20,24,0,55,9,22,7,0,30,0,3,2,29,0,7,0,14,40,24,0,30,0,71,28,0,0,0,28,10,6,44,0,13,0,47,58,55,6,75,2,0,23,43,82,15,3,34,0,6,38,0,1,16,18,32,4,0,0,29,1,5,11,37,9,20,70,29,52,73,17,0,1,7,0,0,6,9,9,0,3,0,0,0,0,0,0,52,59,27,0,53,13,4,0,2,0,24,1,61,1,7,2,0,17,72,0,56,0,0,11,0,10,81,7,5,0,0,9,8,10,0,6,9,27,10,14,1,0,58,37,3,8,13,31,25,0,42,41,5,1,10,0,54,2,5,29,0,27,0,0,51,46,0,21,27,9,44,11,0,28,7,4,26,7,4,0,31,43,15,35,0,63,1,28,0,52,0,1,69,0,16,0,0,24,0,56,4,0,94,40,74,60,15,0,6,0,77,0,0,25,0,0,0,22,10,6,11,1,3,15,14,90,14,1,11,18,56,13,0,18,1,1,7,0,2,84,4,68,0,45,29,60,50,10,0,25,76,76,12,0,2,41,5,1,26,68,28,9,51,31,0,1,0,79,1,1,27,1,0,55,58,63,9,8,5,2,8,2,12,0,8,48,7,0,16,32,12,0,0,20,64,6,12,2,3,2,3,1,0,17,55,29,0,22,2,44,23,0,54,14,38,46,48,3,67,6,7,0,0,0,42,15,8,62,25,34,0,0,46,0,0,0,33,1,91,14,2,3,84,58,3,69,0,9,3,0,0,18,64,13,46,42,7,3,0,30,4,82,22,1,29,38,5,3,65,35,46,23,1,28,1,11,6,0,18,10,0,41,21,1,0,3,0,38,7,1,9,1,0,80,35,69,7,41,7,32,0,18,0,0,2,0,0,5,9,6,1,11,36,33,66,49,0,7,49,23,7,41,43,1,24
Gene2S_074,38,71,92,20,64,23,3,8,20,18,30,51,16,38,5,53,64,17,66,28,40,56,34,10,14,15,54,17,37,15,30,33,63,43,16,22,47,53,74,14,20,42,31,26,7,11,36,16,11,15,11,45,61,1,37,59,29,75,3,40,23,72,65,57,60,27,21,4,7,41,44,62,34,9,40,0,35,36,100,48,3,76,3,12,65,40,10,37,53,23,16,36,80,46,70,19,27,7,39,50,22,1,31,1,35,21,48,19,4,2,73,51,50,52,76,3,5,8,30,22,41,10,14,21,81,10,87,18,9,16,56,48,53,21,17,56,1,26,9,21,3,12,48,0,25,76,66,46,21,58,4,10,30,22,28,2,87,8,55,55,1,65,2,14,32,48,92,43,14,42,44,25,3,0,75,0,62,58,29,2,0,61,30,16,84,25,33,14,20,14,79,1,25,36,20,56,21,77,85,3,48,54,40,1,63,31,20,37,7,40,67,16,51,20,0,65,2,15,3,83,3,51,17,45,13,12,25,77,33,64,45,15,75,34,71,71,33,35,84,39,23,7,33,64,20,38,75,48,68,23,25,74,54,44,46,26,2,4,1,32,9,91,11,36,17,34,50,18,38,10,4,21,8,67,68,79,18,38,14,2,24,80,49,2,37,66,20,32,21,4,25,51,80,40,15,25,22,25,19,53,56,49,45,71,54,9,8,40,49,8,32,19,43,50,67,8,61,59,17,37,3,37,4,16,14,41,25,47,84,7,56,40,0,52,57,47,32,32,8,66,7,45,49,13,3,12,90,38,62,13,26,47,27,55,57,40,52,0,30,0,29,4,28,23,36,43,32,18,42,45,1,47,67,73,2,33,69,2,3,4,21,6,36,26,8,40,31,57,74,14,2,53,7,60,3,1,54,67,49,30,52,72,8,15,27,46,19,26,65,49,93,82,17,8,79,32,36,19,40,35,8,81,81,2,50,66,20,75,14,39,0,6,9,50,70,49,43,51,27,81,4,26,60,39,6,49,21,9,0,18,2,3,51,32,0,66,0,37,56,46,61,32,67,42,77,26,53,97,39,5,19,80,60,36,40,4,16,72,77,56,16,37,40,43,68,5,59,0,10,12,35,2,4,63,47,5,39,36,51,7
Gene2S_075,15,0,4,0,8,4,4,2,11,0,0,12,17,13,0,35,0,0,0,0,0,0,0,0,0,6,0,1,12,4,18,3,0,5,3,0,0,5,0,3,10,0,0,2,0,0,0,14,0,28,31,2,1,0,25,0,32,0,21,0,11,0,3,0,0,2,11,25,20,0,30,1,0,2,27,0,6,7,0,0,23,0,0,0,0,16,23,0,17,0,3,3,12,23,0,9,5,0,0,0,9,5,48,0,0,28,1,0,12,1,3,0,34,1,2,0,0,1,0,9,0,38,0,1,10,1,16,5,1,0,20,20,0,0,35,0,12,47,31,5,12,0,0,6,0,1,0,0,23,14,6,13,41,3,0,23,24,0,0,1,0,0,0,28,0,0,0,0,0,15,25,0,0,0,0,2,6,42,0,1,32,12,0,0,0,0,25,2,31,4,0,0,4,0,0,10,1,5,13,31,8,0,3,0,23,0,3,0,7,8,3,1,24,0,0,14,0,0,3,2,0,0,5,6,27,0,2,0,2,4,10,0,24,0,0,10,0,0,46,0,8,0,0,20,0,18,0,17,4,0,4,4,4,0,2,1,2,0,24,1,27,0,4,1,34,49,8,22,0,0,0,24,1,49,20,0,0,11,0,0,0,0,30,0,7,10,0,16,47,0,0,40,22,0,0,0,0,16,0,0,0,3,0,6,0,1,0,3,0,45,1,11,0,0,0,0,0,0,0,0,0,0,0,30,33,0,2,13,10,41,8,1,3,0,10,0,0,0,0,36,0,33,18,23,10,0,0,0,25,1,22,5,0,0,1,0,0,13,0,0,0,11,12,0,10,0,0,0,32,0,0,0,37,0,0,0,0,0,1,12,37,23,0,0,13,48,0,0,0,4,37,8,18,10,0,0,0,0,0,13,0,37,0,0,0,9,1,0,35,2,0,19,0,0,0,0,5,0,0,0,6,0,0,1,4,39,2,0,0,0,0,0,2,0,6,4,1,18,0,0,1,45,0,16,42,0,1,0,1,0,12,14,6,1,16,0,42,0,0,1,5,0,0,1,0,0,3,0,26,0,15,0,0,0,3,4,0,0,0,0,37,1,49,0,7,36,13,1,0,4,0,45,2,0,3,0,0,16,0,0
Gene2S_076,1,2,9,0,7,1,33,30,0,0,0,0,0,11,0,1,0,0,0,2,0,7,49,2,3,8,0,17,11,4,2,29,0,6,34,0,30,0,1,15,0,13,5,0,0,22,3,11,7,31,4,5,0,2,64,20,25,1,28,25,12,2,26,43,0,13,3,10,0,0,12,25,25,11,0,0,1,13,3,1,1,0,1,0,3,1,3,18,7,6,10,6,13,0,6,0,9,2,0,0,0,22,0,0,1,3,11,0,4,0,0,0,0,15,3,0,22,2,15,0,31,0,2,3,17,29,0,0,7,2,0,33,29,0,28,33,5,8,0,0,24,24,6,5,39,33,1,0,0,0,0,0,2,0,0,21,1,0,20,58,0,2,1,0,0,20,6,11,3,0,50,11,1,0,15,4,13,19,1,0,0,0,5,11,29,11,0,1,5,0,1,35,48,8,0,42,3,0,6,7,3,7,5,0,2,2,7,5,2,0,1,12,1,2,3,1,12,0,0,0,0,32,9,39,10,0,19,16,0,20,0,1,2,0,0,13,11,24,3,1,7,3,0,4,5,10,11,0,0,0,2,2,10,5,1,27,4,1,11,0,23,0,18,16,2,1,17,0,0,0,0,34,28,0,6,2,0,1,5,3,1,10,1,2,0,2,1,29,2,3,0,0,10,18,19,22,3,0,8,0,3,3,10,15,40,48,0,27,0,4,0,16,2,43,33,0,3,0,0,8,0,24,3,0,0,0,36,0,0,0,18,5,7,0,1,7,34,0,35,34,6,0,10,24,50,0,0,0,16,31,0,35,4,15,0,22,5,24,51,0,0,0,36,2,0,6,7,0,23,58,35,0,13,61,43,2,3,1,0,5,1,18,17,1,33,0,0,4,33,0,0,1,2,0,0,25,0,67,6,3,18,0,0,0,33,14,10,0,0,0,10,0,0,11,0,1,0,0,0,5,3,0,53,0,18,23,7,0,0,1,0,15,7,0,0,0,0,2,12,29,36,9,1,2,0,0,0,12,8,0,43,7,0,0,0,4,41,1,1,19,35,0,5,4,31,18,4,0,9,1,5,0,1,0,0,11,0,66,5,31,1,6,0,0,4,1,29,0,0,0,13,0,9,0,12,4,0,28,2,3
Gene2S_077,109,16,65,27,22,2,82,94,64,60,40,4,63,2,65,38,70,73,6,43,74,100,17,35,14,27,53,6,22,33,55,69,72,10,24,103,4,81,99,99,109,81,0,80,9,68,19,58,45,30,23,72,3,8,25,26,53,49,40,61,75,6,62,11,92,26,73,107,8,52,1,28,41,101,103,80,52,86,36,49,79,128,23,7,42,49,7,44,80,10,36,47,7,73,35,73,72,60,72,51,48,3,45,67,10,24,109,63,56,43,56,38,11,57,15,56,6,32,87,7,40,44,58,119,67,133,37,31,53,15,26,86,11,64,26,77,6,8,2,70,129,23,45,43,110,3,63,6,64,49,30,93,84,105,100,33,44,13,95,19,13,100,96,5,41,26,89,97,16,5,48,8,2,40,24,7,4,87,0,17,25,87,8,8,6,56,8,41,3,0,62,4,53,104,1,64,121,111,65,14,10,59,103,44,46,3,90,4,2,12,0,56,14,113,125,22,5,41,53,51,96,74,96,6,16,82,59,93,20,4,37,17,40,81,68,71,69,24,44,22,47,2,19,53,111,11,16,50,91,0,70,10,46,60,24,96,12,36,58,27,9,108,20,7,73,4,46,60,34,55,2,108,0,57,63,115,39,41,43,36,12,0,96,64,14,49,33,15,98,13,61,19,19,3,92,19,70,72,62,12,64,56,71,79,15,106,38,2,109,0,58,46,75,62,27,36,31,15,24,36,13,0,87,28,28,6,40,35,27,47,36,8,67,104,16,73,5,22,43,6,21,62,64,39,70,116,14,57,44,45,80,32,103,113,40,48,58,15,128,76,90,26,74,59,88,66,22,11,69,20,17,15,8,101,13,32,9,50,54,78,50,5,115,78,9,119,49,15,51,28,17,85,53,42,25,36,32,88,110,18,51,98,2,48,30,32,93,7,40,28,24,55,54,52,5,66,90,18,30,43,50,9,50,18,101,1,31,53,0,11,17,93,13,97,6,40,50,0,42,97,61,9,56,57,88,24,72,48,10,22,19,32,2,46,90,62,54,13,110,1,111,3,59,16,109,21,30,39,18,116,44,24,73,20,18,85,49,46,65,67,15,11,50,119,9,79,17,29,87,39,47,67,67,87,9,65,31,50,53,7
Gene2S_078,49,2,2,2,8,45,61,16,0,7,33,18,7,11,19,26,39,42,0,12,27,2,46,1,25,77,1,23,13,0,24,0,28,16,7,15,33,0,13,9,37,8,0,1,0,0,1,7,29,78,50,48,4,29,4,11,2,2,4,68,67,13,12,9,37,30,3,53,7,53,45,24,22,78,23,2,16,0,29,36,0,68,0,0,0,7,85,5,13,0,7,37,0,6,24,11,1,58,37,44,40,38,27,39,6,0,7,5,17,0,2,0,0,0,5,14,3,64,26,1,1,5,43,67,1,61,39,65,18,20,5,45,2,6,0,3,0,48,6,26,2,0,25,3,1,31,10,3,26,38,77,5,0,1,6,0,21,24,0,0,42,4,3,32,17,0,0,2,58,8,41,4,50,18,8,19,16,3,0,0,0,2,90,4,27,74,66,2,18,18,74,16,0,9,24,21,14,54,0,25,5,46,20,48,31,23,1,29,46,5,0,0,4,3,22,45,9,32,39,4,6,7,8,17,26,53,71,49,9,1,41,0,40,6,19,0,30,14,53,20,16,8,12,33,0,3,3,13,27,70,8,0,21,12,2,42,23,88,1,55,0,54,5,22,0,39,76,7,4,35,7,44,34,14,23,43,14,17,66,26,34,2,31,2,4,0,30,2,23,52,1,12,2,0,13,23,7,38,5,0,34,5,17,16,1,61,5,16,49,38,7,2,20,3,6,5,65,1,16,58,14,46,54,2,19,55,28,0,1,13,12,14,9,9,0,12,0,27,13,11,1,63,31,3,51,0,4,64,11,0,0,35,5,37,43,18,0,5,6,25,8,13,44,0,50,0,0,16,20,48,15,49,0,13,7,22,9,65,0,0,6,39,3,76,10,13,41,70,36,28,70,17,2,11,1,38,0,45,39,21,0,38,45,36,36,28,31,0,44,16,26,39,62,17,80,25,51,3,24,18,24,0,26,10,40,5,19,20,9,13,68,5,0,15,60,24,20,11,74,8,10,61,56,36,21,20,30,9,39,0,33,5,0,14,49,0,0,0,78,17,15,4,31,34,56,0,64,55,52,7,16,13,47,8,2,0,14,56,33,37,47,6,29,17,44,5,32,4,22,14,1,0,27,75,46,8,69,12,39,4
Gene2S_079,44,1,0,0,0,0,4,0,0,0,21,5,0,29,0,19,4,0,0,44,1,4,51,0,27,41,6,3,0,6,0,37,0,22,0,0,0,17,1,0,0,1,19,0,0,0,0,0,30,0,0,4,0,0,0,31,5,3,13,1,9,48,0,2,1,20,0,0,2,44,0,13,0,6,0,26,2,11,4,20,29,37,0,40,0,3,5,0,0,0,18,12,5,29,1,2,0,0,2,0,39,0,27,28,2,20,15,27,7,1,15,5,0,0,0,12,19,1,3,0,9,0,0,0,0,2,0,0,0,1,0,0,0,18,9,0,23,7,42,0,3,0,1,0,6,24,10,43,0,0,47,0,3,11,1,0,0,1,0,9,0,0,0,0,0,0,0,24,12,0,2,15,24,30,0,51,13,37,17,0,3,0,9,0,30,0,0,36,7,0,13,3,0,3,6,2,0,12,11,0,5,0,1,0,0,7,0,24,0,0,32,5,0,1,0,33,18,22,0,0,2,0,0,13,0,8,20,18,2,10,0,0,10,1,0,1,0,1,0,0,13,20,23,0,0,10,13,0,23,3,1,25,5,4,18,2,2,0,0,8,0,27,0,0,0,0,0,0,0,0,0,11,12,17,0,0,1,16,1,0,21,31,0,14,1,0,2,30,0,10,0,2,3,0,24,0,2,0,14,24,20,0,9,7,1,34,10,0,6,0,1,0,16,0,0,0,27,0,0,2,0,9,0,0,0,7,0,14,0,24,0,0,0,0,4,4,0,7,3,31,6,0,0,0,5,0,31,0,23,0,14,12,0,0,0,7,0,28,6,25,0,0,11,0,1,9,22,6,6,0,0,20,0,0,32,0,34,0,3,0,1,0,0,26,0,16,22,5,10,7,25,3,3,1,23,22,13,6,0,0,32,22,0,16,0,2,15,2,4,0,0,5,0,5,1,1,0,0,3,6,0,1,26,24,0,19,7,0,1,10,1,1,8,0,1,30,5,0,2,0,14,0,0,36,0,0,1,18,11,0,31,4,5,0,0,42,0,0,0,0,2,0,8,2,8,0,37,22,6,0,14,5,40,0,20,0,10,0,23,23,6,0,16,0,0,0,14,0,1,42,15,5,28,5,3,30,1,1,0,1
Gene2S_080,0,0,0,0,0,0,0,1,0,0,0,0,0,7,16,0,0,0,13,0,0,0,0,0,0,0,0,0,0,0,0,0,0,0,13,0,0,4,0,4,0,0,0,0,0,0,0,0,7,1,19,0,0,0,6,10,0,0,1,0,0,0,0,0,0,0,0,0,0,0,4,16,2,0,32,0,3,0,1,1,0,0,0,7,0,0,0,0,0,0,0,0,0,0,0,13,0,0,0,33,0,0,0,0,0,0,0,3,0,1,0,1,0,0,0,0,2,3,6,1,1,0,0,0,3,17,0,0,0,0,4,0,0,0,0,0,1,4,0,0,0,3,8,0,0,0,0,5,0,0,12,0,1,5,0,0,1,12,0,0,0,0,0,2,9,0,0,0,0,0,0,0,0,0,0,1,0,8,0,2,0,16,1,0,0,9,0,1,0,0,4,0,1,0,0,28,0,0,4,0,0,0,0,19,29,0,0,2,0,0,0,14,0,0,16,7,0,0,5,0,0,0,0,0,6,0,0,0,0,5,0,0,3,2,0,0,0,2,0,1,0,0,0,37,6,7,5,0,0,1,0,0,0,0,0,0,0,0,0,1,0,0,5,0,1,1,0,0,8,0,0,0,0,0,0,0,1,32,0,0,0,0,2,34,0,0,0,0,0,0,0,0,0,23,0,33,0,0,0,1,0,0,5,0,0,0,0,5,16,8,2,0,7,1,0,0,10,2,0,0,2,0,0,0,0,13,0,20,0,4,0,0,1,1,0,9,10,1,0,6,0,1,0,4,0,31,0,0,1,0,0,4,11,0,0,0,2,0,9,0,0,0,8,0,4,0,0,0,0,0,0,0,0,0,0,3,0,5,7,9,1,7,0,0,0,0,7,6,0,0,10,0,0,9,13,8,0,0,4,29,0,0,0,0,0,1,15,0,0,2,2,2,33,0,0,18,0,0,3,0,2,0,0,0,11,0,0,21,0,0,25,9,0,0,1,0,23,0,0,0,0,1,0,0,0,8,13,0,6,0,3,0,0,0,0,1,0,0,10,0,9,0,25,0,0,16,0,0,0,4,11,0,0,0,0,0,0,1,0,0,0,0,0,0,0,0,0,0,0,0,0,3,1,0,0,0,14,0,0,0
Gene2S_081,37,131,71,2,4,96,75,54,80,1,47,15,3,18,15,54,35,6,58,30,63,81,10,7,7,26,97,74,46,11,15,2,54,28,88,63,109,116,96,71,82,56,8,81,76,13,29,37,104,66,18,64,28,13,70,51,110,131,35,46,9,24,120,70,90,20,26,0,46,27,1,76,38,5,33,110,15,37,118,52,106,1,60,7,62,102,53,44,0,24,115,138,106,37,4,45,3,24,48,25,37,39,31,18,1,109,71,22,52,95,15,27,13,114,0,35,10,8,50,102,50,73,59,0,109,13,34,3,125,8,63,77,44,44,3,6,90,69,1,33,91,5,11,2,51,2,108,90,63,37,59,77,0,64,60,38,60,23,118,65,5,85,45,21,69,8,1,20,54,7,50,73,81,25,41,106,42,29,36,74,38,38,40,85,94,27,19,45,89,117,8,25,69,19,44,79,50,55,25,16,114,21,57,42,45,16,85,75,6,109,74,5,21,88,76,10,1,38,95,51,53,110,6,17,2,69,20,16,75,50,56,28,74,13,7,6,103,17,38,90,8,58,50,79,64,65,25,43,50,95,48,55,35,11,25,79,53,6,70,16,25,81,77,36,18,21,58,20,69,35,29,15,74,30,66,59,0,21,32,87,42,16,82,62,72,44,25,61,30,28,0,66,9,6,60,100,14,80,57,66,2,90,0,7,7,26,21,73,38,95,7,19,7,46,35,32,67,110,68,122,17,2,29,16,85,38,53,74,19,22,10,60,2,69,115,24,34,27,61,108,4,56,29,53,15,77,4,27,63,55,114,25,23,21,20,27,73,25,26,109,137,48,106,26,18,5,36,98,80,1,23,88,0,22,26,75,29,7,0,89,88,95,5,12,113,1,66,71,14,32,22,15,28,3,28,87,47,74,19,16,36,30,60,76,28,20,84,11,14,146,47,1,54,12,129,136,12,0,28,93,52,60,16,37,24,24,6,42,70,28,32,39,134,17,104,5,36,36,56,60,61,64,48,51,18,48,14,71,81,67,0,62,64,34,35,63,19,4,28,11,73,26,37,15,3,27,24,48,72,8,35,117,38,40,87,135,70,89,121,44,91,58,41,40,21,22,37,2,8,40,37,6,82,6,3,29,64,1,23,105
Gene2S_082,54,114,137,20,57,62,153,6,7,87,136,3,30,70,151,28,74,47,2,135,17,148,108,117,100,21,130,12,23,6,143,120,66,0,31,142,118,33,19,0,146,149,111,143,106,137,65,22,97,147,65,25,45,95,50,133,125,52,72,15,125,119,106,17,13,130,49,132,0,82,6,40,66,72,87,101,40,129,142,7,3,0,7,0,2,6,95,57,126,25,65,136,0,0,73,115,125,28,45,113,11,124,87,45,1,53,111,48,62,59,83,121,0,156,0,41,142,66,51,68,0,17,14,155,67,0,71,16,52,107,68,3,0,55,135,119,0,157,8,140,123,21,77,140,134,51,8,27,123,24,0,152,5,100,88,84,13,100,26,159,101,112,118,133,86,53,125,47,19,143,92,9,2,26,5,52,108,26,129,146,106,22,11,135,3,146,34,143,108,113,12,2,34,0,117,22,18,21,98,110,34,2,142,0,48,4,136,106,75,45,24,5,0,33,142,50,119,123,118,75,3,55,3,83,33,19,19,21,1,52,145,1,23,141,70,78,7,134,16,0,45,56,47,116,108,39,19,7,123,2,57,63,136,60,2,47,119,95,16,74,141,121,143,57,0,51,113,94,126,130,122,116,131,34,20,85,99,120,132,105,103,15,51,0,137,26,27,40,129,120,0,67,160,115,133,30,117,0,13,22,107,130,53,43,143,113,124,105,0,0,70,52,105,1,7,62,12,3,144,137,123,87,5,62,31,102,26,137,80,29,2,67,124,19,125,72,51,21,0,93,112,130,28,100,115,0,27,6,0,0,0,156,55,18,48,0,127,40,27,56,10,98,51,144,0,0,29,5,103,111,2,30,0,135,26,45,0,15,0,122,49,103,13,6,44,77,132,17,128,8,121,56,95,40,13,8,67,110,64,92,7,117,0,114,98,65,154,154,7,29,0,0,119,146,3,118,0,19,85,59,4,103,41,0,3,0,122,7,0,64,114,146,78,46,115,0,68,78,122,1,11,82,127,128,131,0,75,43,0,18,152,77,117,35,97,72,26,9,102,26,13,47,39,57,24,8,0,72,125,0,23,143,0,92,58,153,13,129,44,82,153,83,1,0,115,63,82,31,47,137,4,4,65,33,114,32,136,70,121,59
Gene2S_083,0,28,45,41,73,36,42,78,13,92,51,55,0,44,36,5,0,30,40,0,18,13,40,3,0,49,6,54,29,27,20,29,65,100,12,47,21,99,0,45,19,9,4,1,112,4,71,1,21,7,15,15,14,17,0,0,0,9,2,25,24,1,4,0,69,39,36,0,4,71,10,7,35,0,129,1,58,24,48,16,3,3,7,2,14,4,29,0,23,64,10,96,85,0,2,81,10,53,10,4,2,13,2,100,1,38,1,32,39,71,96,101,77,6,12,34,9,0,0,37,16,50,45,22,9,5,76,32,57,1,65,27,138,18,0,73,2,0,1,2,5,1,35,51,11,10,12,0,8,14,3,4,1,0,37,35,27,12,4,20,0,3,10,17,24,5,6,4,9,11,50,20,0,49,33,29,16,1,56,129,30,1,1,102,13,1,43,49,78,111,0,0,67,65,15,41,97,0,12,6,41,61,23,80,3,107,66,0,108,32,6,2,2,59,0,5,44,66,4,128,103,0,0,2,8,90,69,23,34,34,5,70,74,21,28,72,34,10,32,4,67,75,61,14,22,44,10,52,6,109,47,3,16,26,36,26,32,0,0,84,28,34,15,22,5,159,0,25,35,82,27,4,45,46,0,75,49,4,43,85,0,11,41,70,43,32,0,140,2,32,17,10,1,37,5,19,110,20,2,36,106,0,4,42,25,106,13,0,2,44,124,4,0,88,3,11,18,17,26,35,106,43,40,64,6,45,42,1,10,13,24,13,39,100,16,0,1,0,26,4,56,32,10,31,87,7,6,7,88,7,24,3,1,4,25,46,112,7,2,73,46,17,3,9,2,0,3,4,0,1,32,8,50,41,43,1,2,21,10,14,108,54,32,1,28,0,143,0,57,22,0,0,39,1,45,37,27,0,6,37,111,0,37,69,5,4,24,50,71,0,1,16,21,15,46,19,6,105,3,40,25,62,23,69,115,51,0,24,65,54,25,72,13,39,138,21,0,31,1,1,65,46,0,0,27,2,19,27,4,0,0,0,0,6,1,40,6,142,63,0,14,70,29,0,30,1,0,71,62,16,86,92,4,41,44,85,126,56,43,1,0,0,0,1,37,44,17,81,53,52,4,5,152,53,11,2,2,5,28,47
Gene2S_084,25,20,50,27,52,9,30,12,19,0,0,34,13,69,24,40,20,40,9,51,24,43,17,57,0,27,42,57,13,37,45,58,65,8,5,15,39,72,17,39,44,13,14,47,59,45,48,52,60,36,40,0,16,44,31,46,55,37,48,47,3,21,6,50,16,19,64,68,30,67,1,0,71,18,1,25,48,63,43,0,4,2,46,50,26,1,10,50,45,21,0,33,70,61,15,34,36,0,13,20,45,43,47,49,48,24,20,24,13,31,29,18,7,53,2,8,10,18,12,34,18,60,55,6,20,54,23,29,0,20,67,13,12,15,7,59,18,1,8,13,36,31,30,26,18,47,30,33,32,43,42,21,55,37,49,7,62,10,43,64,31,49,57,54,56,0,32,2,48,27,59,59,27,54,35,45,1,37,26,40,51,2,20,1,17,32,0,72,80,41,59,20,40,52,1,47,9,8,25,34,3,15,0,11,61,0,21,25,26,4,3,0,37,16,0,66,7,24,23,27,11,67,58,28,36,8,19,26,45,0,32,57,19,59,6,66,24,18,24,36,27,42,0,14,18,7,54,14,34,38,50,36,50,15,0,6,6,1,48,12,8,19,7,40,6,37,29,44,58,30,0,28,64,17,23,42,16,58,32,0,13,45,6,7,27,45,11,10,11,50,26,1,1,7,2,14,2,49,31,0,52,4,29,37,4,6,60,31,60,54,48,24,22,2,2,26,43,0,38,7,34,21,34,8,48,9,15,20,9,51,4,5,34,40,10,45,10,20,50,16,52,28,67,48,19,34,31,41,4,42,2,0,14,57,16,39,15,11,39,35,39,52,19,25,47,12,15,0,45,4,12,1,16,21,33,60,27,43,22,42,34,39,33,54,9,40,56,20,27,29,51,16,0,25,7,5,29,15,1,60,11,36,41,21,41,54,44,42,55,38,8,45,40,4,0,1,19,70,2,7,4,20,15,24,41,29,58,2,32,52,13,29,10,10,58,39,15,0,53,61,48,59,16,65,6,15,55,62,29,10,7,22,34,39,2,27,52,55,54,51,12,27,52,20,9,27,42,57,42,3,72,27,66,0,0,50,38,13,31,1,64,44,40,26,12,19,0,39,19,38,68,19,69,12,36,0,55,30,67,3
Gene2S_085,12,3,8,26,37,2,32,6,13,24,14,15,9,29,36,4,16,15,33,9,28,3,11,7,0,20,6,15,27,33,15,5,15,24,26,24,34,21,1,12,17,28,25,25,4,0,10,29,0,0,11,34,1,37,30,11,1,16,5,20,11,22,10,23,24,19,2,35,4,0,24,6,14,2,15,10,3,9,25,0,11,3,33,9,17,29,23,9,19,24,1,18,21,29,37,21,23,9,33,12,6,15,17,20,0,4,19,15,8,9,18,22,22,31,5,30,17,4,32,2,21,18,22,7,1,18,27,17,23,31,4,0,6,13,12,6,4,3,1,0,12,12,14,10,21,0,5,21,17,7,31,21,25,5,12,20,22,10,10,0,15,28,2,16,16,1,18,4,26,6,20,7,28,47,18,29,19,14,15,23,20,15,3,31,6,1,15,2,22,16,4,10,20,29,17,1,0,7,1,14,8,35,8,21,27,15,4,36,4,12,1,22,4,12,32,2,13,26,10,28,9,11,18,30,10,16,19,1,13,2,33,21,17,1,2,24,11,34,35,0,35,0,29,23,36,16,30,9,8,20,28,0,10,16,17,13,0,25,2,17,27,16,6,9,8,6,5,16,14,4,8,4,31,13,26,35,5,26,7,5,1,16,44,0,21,25,12,12,24,37,29,27,19,5,35,28,5,17,15,16,17,15,8,19,20,0,7,29,22,5,8,0,28,1,5,2,23,10,10,5,1,28,30,1,13,18,15,5,2,20,4,17,12,8,18,17,3,31,34,13,1,42,23,1,23,35,24,31,9,19,11,30,0,33,26,36,9,28,0,8,6,15,13,21,10,27,17,1,14,1,25,9,10,26,40,15,17,8,29,17,22,6,6,0,3,36,16,8,16,22,5,25,25,0,0,8,27,14,0,28,18,8,2,11,12,2,8,13,20,7,1,21,10,20,33,2,0,19,13,18,9,11,12,1,22,0,15,18,20,24,5,2,14,10,10,6,31,5,8,21,4,15,4,11,33,3,13,18,24,5,16,25,20,0,3,20,9,9,28,25,14,10,20,6,23,12,35,24,25,6,15,0,34,10,8,13,13,1,21,15,6,32,8,0,0,11,7,11,6,14,8,16,23,37,22,36,13,9,28,1
Gene2S_086,12,5,29,44,37,34,1,23,97,33,13,77,56,6,51,11,65,22,47,0,29,1,0,43,13,0,52,7,48,4,15,0,3,11,2,34,1,0,10,37,20,5,18,33,3,25,7,33,0,4,2,37,13,49,100,49,43,66,60,34,45,9,20,0,0,1,7,13,27,65,7,53,64,69,59,3,5,11,1,1,43,2,18,17,10,45,0,11,26,15,94,10,93,50,0,54,32,44,9,0,45,72,7,55,16,11,32,37,50,1,57,0,2,28,36,36,36,51,19,21,46,7,14,12,68,12,58,0,5,5,59,15,55,7,34,25,41,0,7,70,3,40,16,0,48,54,78,20,22,0,54,42,19,20,65,2,19,86,0,2,42,2,23,0,22,40,10,24,0,7,62,76,31,2,3,4,33,0,0,20,9,47,0,43,42,45,23,25,13,33,72,26,96,33,6,19,40,3,94,7,5,9,34,85,0,12,8,0,1,2,4,20,0,57,67,5,36,4,0,16,72,0,31,0,10,42,7,39,94,19,0,61,15,25,0,4,32,34,41,10,8,22,6,14,96,0,38,1,5,0,0,4,35,13,44,0,12,1,12,3,0,37,1,48,0,50,5,2,0,7,29,63,0,21,38,0,52,32,40,25,45,36,21,0,3,58,11,7,0,4,26,9,36,73,38,1,8,7,38,0,3,11,0,16,68,12,65,7,1,6,4,27,68,0,18,46,44,6,40,17,2,101,12,35,0,0,1,63,53,85,50,76,13,19,0,25,2,3,32,28,95,15,2,1,62,1,70,4,2,1,29,0,21,22,74,0,2,14,0,1,0,29,10,1,9,1,38,70,17,32,13,81,3,42,47,56,7,84,6,1,109,21,5,29,87,46,30,11,2,4,14,2,0,41,94,15,38,0,5,0,1,66,48,21,46,59,20,7,15,15,41,1,13,68,0,67,32,2,15,100,27,9,41,10,73,12,5,40,24,64,34,79,52,10,36,58,13,2,11,10,37,35,22,19,11,41,3,62,50,47,15,25,69,2,11,1,56,7,12,64,11,28,74,2,76,10,3,5,46,25,1,60,7,35,6,11,17,25,29,35,91,34,93,41,69,3,37,2,1,33,39,1,3,0,62,4,6,44,25,9
Gene2S_087,94,60,88,8,2,22,88,43,45,17,58,2,16,36,3,68,76,35,36,70,2,13,88,22,74,37,48,58,79,17,64,0,36,0,38,65,0,1,42,89,16,25,81,99,83,10,79,1,29,67,0,46,0,75,68,0,87,96,20,2,56,7,1,11,91,45,1,2,17,33,77,61,39,72,95,21,73,7,79,2,14,8,68,75,14,76,83,42,69,103,44,71,57,0,82,19,13,8,4,52,69,66,56,76,74,35,83,11,47,91,9,0,95,24,95,74,20,49,60,14,49,49,12,84,55,67,78,25,2,2,76,28,23,71,12,0,9,78,59,34,65,33,0,63,15,68,48,55,22,0,28,81,8,0,83,14,34,86,85,87,44,0,87,90,37,89,79,55,49,11,64,53,3,36,88,33,87,35,1,50,86,49,9,58,47,86,85,55,28,82,84,61,54,51,30,34,59,108,4,90,54,23,59,47,55,17,27,93,0,93,64,68,58,74,85,85,61,40,2,58,12,5,0,49,74,54,2,85,74,8,1,109,78,71,81,37,31,8,94,45,20,20,85,59,54,5,88,67,94,31,25,91,73,102,13,4,35,21,24,43,72,27,12,46,69,86,38,33,61,53,18,73,48,66,5,59,1,59,55,0,70,80,35,94,0,0,15,82,91,37,77,95,17,14,45,79,28,59,75,14,98,28,72,49,96,9,90,54,9,72,98,38,16,64,13,76,30,18,5,0,22,75,62,48,28,15,15,68,16,6,77,5,94,24,26,77,75,80,99,69,100,80,64,94,42,49,64,58,23,11,39,60,39,32,103,30,17,0,56,99,103,39,79,16,25,51,88,47,23,10,53,8,78,105,92,0,80,9,53,67,56,64,24,95,1,32,17,42,6,4,77,21,3,91,78,92,94,37,52,36,24,89,64,9,76,3,79,74,46,8,64,75,25,2,0,88,82,17,48,33,73,101,32,3,0,70,30,99,90,114,2,45,30,66,116,6,82,17,11,45,1,53,39,7,43,46,11,5,96,50,3,86,86,1,34,102,84,54,99,1,23,3,45,73,68,64,61,53,107,42,61,28,65,99,11,2,45,99,0,37,72,0,56,0,15,75,81,27,13,30,57,5,49,52,71,10,16,27,90,0
Gene2S_088,56,28,14,56,69,60,7,89,91,68,22,8,30,27,32,89,52,51,21,67,6,27,84,8,11,48,24,52,40,70,45,56,51,8,67,44,29,13,27,72,59,32,36,54,45,20,4,52,76,32,21,47,8,59,31,56,53,48,58,81,63,56,79,52,71,81,20,77,68,73,49,32,71,56,80,31,33,73,69,72,58,13,67,30,23,83,58,53,35,25,15,52,54,10,28,7,37,31,68,48,49,67,29,97,16,63,22,85,62,43,53,35,49,5,73,0,65,22,65,21,69,19,64,51,54,57,64,75,61,80,27,13,33,91,69,31,41,67,31,10,81,65,59,55,9,19,75,21,69,28,11,3,87,61,64,64,34,76,14,46,59,21,42,35,80,68,32,11,63,30,8,67,19,31,70,47,80,87,35,69,59,35,65,19,85,49,2,73,26,28,49,49,61,86,7,63,103,85,32,48,26,9,5,73,60,19,53,70,90,45,5,84,53,34,72,60,49,52,26,21,25,72,45,76,44,73,66,40,83,54,58,47,25,60,40,14,7,9,79,45,56,88,55,56,27,14,84,12,87,44,25,52,43,22,27,70,57,69,6,44,21,50,60,54,30,19,68,54,18,51,73,73,84,56,23,0,5,65,65,25,79,48,54,24,78,57,74,9,70,73,23,44,45,5,63,42,67,8,51,28,72,68,8,47,7,25,14,6,47,11,6,12,61,16,2,23,63,83,36,73,54,89,48,22,66,63,38,76,25,89,4,32,67,64,0,71,61,52,85,54,24,75,2,16,10,69,81,65,27,5,32,46,64,33,47,74,19,68,48,54,21,59,49,25,4,29,10,5,60,37,78,40,0,67,77,67,54,56,37,13,62,46,74,18,22,45,65,69,0,48,57,89,76,68,23,67,69,54,35,35,61,45,57,32,15,46,56,73,26,31,12,87,57,63,15,77,2,99,87,71,16,62,44,79,57,67,53,8,37,75,33,9,50,16,23,44,65,8,21,56,73,13,82,79,32,38,53,59,47,57,65,29,57,32,62,56,34,65,30,78,16,62,15,10,65,24,20,77,53,29,74,1,41,23,69,13,49,14,88,94,66,8,65,65,13,80,65,48,62,25,16,1,46,57,15,97,32,24,68,2
Gene2S_089,20,38,10,2,29,51,28,55,40,8,0,39,22,4,3,14,11,52,11,63,80,14,34,30,26,2,49,15,50,15,26,95,58,18,15,51,66,2,30,47,29,25,49,82,4,93,42,4,34,80,104,3,58,36,77,84,85,77,75,63,8,34,10,11,30,49,36,65,86,40,81,68,41,14,4,16,0,106,59,77,22,57,35,50,26,19,59,0,0,56,26,47,23,35,7,70,49,64,1,56,67,25,28,33,75,25,1,24,66,57,1,45,29,32,29,2,1,11,32,0,85,0,19,10,39,64,75,0,11,56,27,57,38,51,41,116,47,43,40,36,34,50,66,25,16,7,82,83,16,0,77,22,14,85,32,14,66,18,37,18,1,24,7,72,13,2,83,67,19,85,9,61,37,52,36,41,2,23,46,34,51,20,5,71,15,39,31,14,30,9,39,17,37,26,4,11,25,36,33,7,11,7,22,77,18,68,36,101,23,1,7,20,50,18,4,68,69,35,2,80,9,65,47,50,35,0,28,14,19,0,79,17,70,5,43,53,61,5,3,20,0,13,48,51,14,15,73,11,34,28,18,8,35,77,22,14,72,53,95,23,17,44,50,100,72,42,55,69,39,58,66,16,40,77,32,92,10,1,9,35,61,28,2,25,60,2,17,39,6,87,51,15,2,92,32,76,62,36,36,23,65,91,3,20,62,104,97,16,4,54,7,14,68,4,50,38,0,29,53,1,8,14,66,0,40,28,19,24,91,32,13,2,24,49,29,20,18,25,23,23,35,14,81,9,94,54,28,14,13,34,58,0,34,74,44,38,19,0,41,4,0,18,45,33,20,32,33,3,10,51,61,41,6,15,29,33,38,13,76,107,34,9,10,21,44,58,54,20,12,25,24,82,79,34,11,96,69,57,59,4,70,26,48,48,4,75,57,68,38,20,58,33,22,80,53,20,52,90,47,55,57,18,23,43,89,40,39,50,24,64,10,0,69,30,12,36,11,98,22,5,71,69,70,28,0,6,90,28,49,8,2,1,19,21,58,67,11,73,32,35,0,43,57,24,1,6,25,105,71,47,25,28,63,38,52,3,88,74,68,12,10,54,87,4,52,62,23,63,2,24,3,92,7,25,58,0,6,4,114,17
Gene2S_090,4,37,43,5,15,17,2,13,5,5,22,3,1,2,21,25,48,54,27,3,39,16,40,22,8,13,27,14,20,0,0,23,5,5,0,7,36,8,53,0,7,46,29,10,24,0,31,31,11,15,42,39,26,3,7,0,2,13,19,32,30,40,29,1,37,14,45,44,35,16,4,13,16,64,30,51,36,30,7,50,4,25,26,37,18,7,1,11,33,0,28,3,32,19,0,14,1,14,40,38,16,2,13,34,9,12,45,16,10,48,5,14,22,34,35,7,25,11,22,13,35,22,19,10,2,32,13,38,10,8,26,49,20,32,13,37,15,3,35,0,35,4,52,15,26,0,42,1,1,13,4,36,47,33,16,53,15,0,49,51,29,15,41,52,3,3,1,57,10,37,32,9,19,4,18,42,0,3,3,6,0,31,4,0,9,35,30,0,17,30,1,57,33,17,23,0,1,29,30,41,12,6,0,21,46,22,32,22,32,1,27,6,35,23,22,14,20,41,28,28,50,0,43,0,57,51,40,17,18,44,1,27,37,46,12,45,20,5,30,0,3,18,27,39,31,5,26,28,43,0,0,5,20,8,13,48,22,34,15,17,5,20,19,8,28,11,31,0,39,38,0,38,2,0,22,4,20,4,20,31,40,6,3,26,0,32,2,46,4,31,1,17,21,1,7,13,52,50,1,34,25,0,7,9,7,1,12,34,11,51,29,23,6,11,26,9,42,30,0,2,8,4,37,41,19,48,61,26,52,20,2,31,1,40,13,54,35,6,1,43,9,26,41,16,53,8,42,0,3,21,0,4,21,45,23,44,17,19,6,19,12,39,21,45,5,5,45,18,16,26,18,23,4,30,47,11,25,20,11,16,49,47,0,2,42,27,10,25,6,8,20,2,41,26,23,21,35,42,2,24,1,2,0,8,5,0,1,8,8,0,34,45,0,17,1,31,23,51,10,7,42,26,31,8,49,31,0,6,2,27,21,19,0,37,27,25,5,11,47,52,17,26,3,33,10,34,5,5,58,36,15,31,1,25,3,22,2,42,49,28,0,18,6,11,8,44,4,33,2,56,46,0,7,2,24,0,23,12,23,1,9,24,1,38,7,24,11,1,6,28,7,24,35,3,18,52,0,19,0,16
Gene2S_091,98,97,30,0,35,10,3,97,18,46,64,31,11,8,6,11,12,11,20,43,9,70,40,3,37,6,8,1,94,18,53,98,22,48,42,17,103,7,32,22,18,6,2,14,29,32,5,43,67,5,78,93,78,108,135,99,16,60,99,13,34,25,58,93,114,37,36,38,110,59,56,86,88,14,42,54,14,16,50,57,39,41,85,10,21,9,0,2,11,5,75,5,41,92,60,4,10,71,25,28,29,38,20,3,5,40,62,32,59,31,21,114,22,59,25,74,0,1,78,37,40,17,33,44,3,24,5,37,34,18,108,4,28,18,20,46,30,43,87,37,3,0,136,1,1,37,12,60,12,19,61,41,104,51,17,0,34,52,25,20,43,43,4,13,6,41,53,5,88,73,5,88,62,74,77,38,23,1,5,87,33,18,13,45,11,22,20,16,116,60,36,34,2,84,32,125,72,7,13,66,78,94,34,117,62,25,6,52,5,104,118,47,3,119,68,93,34,19,69,1,89,2,39,6,37,80,24,68,3,40,74,5,91,19,58,75,21,67,78,0,3,22,110,24,72,0,32,75,68,28,12,3,27,2,52,30,95,37,15,57,101,55,17,40,60,89,24,64,70,25,34,75,0,36,20,38,7,9,2,11,111,0,96,93,17,3,7,3,19,72,64,56,44,33,13,94,38,32,6,47,57,122,66,101,32,38,71,89,119,19,2,0,5,28,114,2,43,67,102,86,21,15,79,40,0,1,6,60,3,2,16,27,92,4,1,48,33,96,25,34,9,25,15,52,31,2,81,28,43,15,0,87,37,92,28,80,55,3,9,36,16,20,1,3,28,30,87,17,91,0,17,24,49,0,5,63,142,8,46,114,38,18,19,27,6,5,92,30,9,51,4,85,104,19,2,13,56,7,73,6,19,118,16,20,89,48,44,83,56,41,48,116,42,30,49,49,84,87,94,39,5,42,0,21,43,11,102,2,47,13,119,1,30,28,13,61,0,124,117,37,21,42,30,129,37,94,113,94,61,55,2,10,10,26,58,1,25,33,24,30,2,76,33,44,5,20,13,110,15,2,27,0,80,65,91,1,1,95,29,21,42,31,75,20,50,0,39,85,60,52,1,53,0,129,13,101,74,21,41,85
Gene2S_092,13,19,32,32,13,75,23,9,36,24,71,57,75,4,33,10,4,10,28,15,40,58,43,77,3,3,0,73,75,53,46,55,55,33,4,67,62,66,45,0,50,17,87,37,52,26,27,31,11,44,66,28,12,13,61,5,31,21,30,63,7,8,23,8,9,12,0,36,24,22,1,45,46,0,45,40,16,53,1,2,0,51,1,66,6,52,59,53,63,65,54,39,15,22,8,18,18,78,49,35,35,37,40,52,56,40,3,56,32,5,56,42,14,43,34,57,8,38,64,2,32,63,5,35,60,33,56,0,13,43,55,20,28,32,40,9,29,46,44,25,16,59,27,68,57,44,3,35,72,49,33,24,53,21,39,19,60,16,28,27,52,15,42,17,59,54,75,0,41,51,15,0,2,44,62,80,81,29,64,2,10,11,24,27,41,73,21,36,61,59,55,24,8,56,1,62,72,3,54,54,43,14,53,49,24,71,69,46,93,25,41,59,15,61,82,81,64,19,3,1,6,66,5,9,15,34,82,41,52,41,71,69,3,17,42,20,2,73,20,33,93,20,14,8,29,47,40,63,34,50,35,36,22,56,8,36,42,18,37,3,41,13,1,46,26,70,51,43,29,11,70,18,25,38,19,1,83,3,5,1,61,23,33,9,27,0,30,13,24,47,38,13,15,46,15,24,54,29,3,57,61,60,87,9,11,20,4,58,50,24,51,6,2,8,10,25,23,0,71,58,27,81,15,73,3,19,81,24,45,8,35,72,15,43,68,48,78,17,40,17,76,36,34,69,45,16,63,33,55,4,80,6,41,8,29,9,22,81,36,17,42,8,13,8,38,15,31,41,25,10,18,32,31,66,42,7,28,36,2,57,54,70,62,24,42,43,17,41,3,1,19,22,47,9,9,69,60,0,12,55,20,41,35,61,11,34,58,42,56,42,4,16,53,47,23,54,70,45,41,30,41,69,85,87,74,16,19,33,69,2,33,59,41,38,60,53,37,25,3,69,17,9,32,21,46,37,36,2,6,56,45,13,48,17,24,55,33,40,31,3,47,53,27,32,45,3,61,47,30,16,34,70,54,34,67,5,8,34,42,6,58,14,12,28,2,14,68,9,48,33,82,9,21,13,67,40,98,67,6,59
Gene2S_093,15,7,76,55,49,19,9,33,11,15,58,89,42,16,95,48,76,90,0,81,33,56,5,50,50,5,18,1,10,17,4,15,27,19,4,46,11,27,92,5,56,6,14,34,20,102,21,10,4,57,45,46,10,27,2,73,27,19,12,2,4,49,60,27,52,53,92,36,45,20,76,45,0,5,2,77,52,7,70,45,10,35,64,49,4,14,19,0,33,32,66,48,52,21,31,59,16,0,60,39,43,72,100,5,22,30,36,27,88,64,55,121,22,9,58,55,32,65,57,55,83,17,48,85,6,13,16,0,64,26,29,111,18,96,48,14,35,41,10,32,35,2,40,39,22,14,34,3,14,39,18,13,57,26,53,3,0,7,28,36,24,12,9,2,31,80,7,71,40,24,40,8,77,4,20,54,21,15,51,24,17,20,58,48,27,0,60,84,8,68,43,0,31,17,78,2,33,27,2,49,88,35,2,4,32,85,51,66,20,6,2,2,98,91,79,15,31,0,32,13,51,73,83,43,66,26,0,24,18,2,0,16,3,44,12,18,32,56,42,95,29,13,18,49,26,7,90,86,54,23,6,19,83,4,0,100,74,75,0,57,34,73,0,70,27,92,29,10,72,80,1,1,46,37,40,11,58,24,35,57,48,96,59,39,24,51,27,48,29,4,49,106,32,81,6,101,75,13,64,26,0,111,10,18,82,61,17,17,9,68,15,43,12,44,1,68,65,88,14,30,2,34,7,84,90,64,22,105,99,43,8,38,1,4,51,12,75,42,58,49,83,79,8,5,63,91,28,5,11,28,1,17,29,23,30,51,44,87,20,38,32,0,56,11,7,31,29,102,22,22,34,4,20,35,27,12,12,2,82,0,34,36,24,13,35,20,27,56,39,8,65,0,66,23,16,0,37,0,14,12,9,18,41,2,2,37,3,6,89,20,62,78,22,10,35,61,0,77,92,83,20,7,29,63,0,48,101,113,35,68,108,4,37,29,71,57,0,27,72,3,9,38,10,98,2,19,0,55,40,39,90,92,0,39,7,15,27,59,3,36,98,18,2,40,11,32,12,20,2,86,12,49,25,28,21,59,12,41,59,40,0,40,57,32,94,46,7,78,83,20,48,10,9,37,42,3,16,77,85,76
Gene2S_094,33,15,13,30,1,1,34,24,5,13,12,28,1,4,6,9,54,11,2,21,13,31,48,49,44,9,2,5,16,5,19,52,33,46,1,19,6,8,38,53,13,13,0,22,19,22,9,29,20,0,8,10,23,18,14,0,26,21,18,1,36,2,30,24,5,13,23,2,39,1,34,0,11,30,6,0,34,28,8,17,41,28,1,28,30,4,3,3,14,29,48,8,37,39,17,18,11,45,9,21,50,15,12,2,13,0,53,37,1,5,8,50,45,5,34,7,1,15,11,38,21,5,11,11,13,30,19,22,1,2,15,4,50,6,32,4,13,2,8,0,51,1,12,7,36,7,16,15,2,0,26,36,0,8,4,19,25,9,6,1,20,1,40,38,43,0,33,11,21,21,41,7,25,23,15,8,5,4,0,48,2,13,30,35,3,16,52,22,6,5,13,2,44,19,7,36,27,16,18,3,1,22,22,23,12,1,25,51,9,25,8,6,0,0,11,27,0,40,2,18,18,32,7,7,0,19,20,4,26,4,1,43,18,15,35,7,55,24,48,4,2,5,2,0,20,62,5,1,38,11,32,32,48,26,40,35,13,1,6,6,3,1,12,0,45,13,37,17,51,56,7,19,10,22,18,23,47,21,7,29,12,32,21,23,11,30,41,0,22,14,5,28,1,5,4,12,3,16,15,0,19,46,11,7,35,0,16,30,18,0,3,32,18,28,16,19,26,51,19,14,1,6,12,2,0,17,0,27,12,0,29,12,16,23,25,42,50,40,0,17,30,38,10,1,0,5,30,14,19,33,40,1,1,27,40,7,2,39,0,3,26,26,18,19,24,7,0,40,23,23,7,14,0,32,0,15,15,6,2,4,18,0,20,20,21,23,2,14,2,24,44,2,27,3,9,8,11,18,7,16,28,3,0,0,11,19,0,33,2,1,10,0,18,8,0,28,1,34,5,1,8,3,19,33,38,34,37,11,2,6,5,17,47,34,40,38,51,32,7,0,1,1,33,23,5,2,6,9,16,10,49,41,10,3,4,4,49,21,23,8,24,20,7,33,58,5,2,5,14,15,5,16,32,4,19,41,10,14,30,64,38,0,13,0,33,35,5,19,41,27,10,1,1,22,38,29,16,14,15,49
Gene2S_095,5,64,59,17,36,10,40,93,7,7,85,25,65,59,52,72,95,2,66,24,14,0,51,4,29,14,89,47,92,13,11,53,71,1,24,4,15,64,23,70,33,66,54,86,1,58,71,91,71,69,15,5,0,78,2,4,22,83,54,13,2,78,21,7,92,62,49,26,9,2,87,0,5,0,27,24,52,14,0,39,1,0,53,0,0,50,0,100,91,0,17,1,60,11,65,39,57,0,96,74,48,86,42,83,73,42,104,53,10,16,37,12,80,59,10,76,80,18,0,96,4,0,11,1,84,35,22,16,81,18,50,64,33,2,1,33,94,36,29,85,96,80,82,0,50,49,9,76,44,34,74,27,21,9,11,11,72,0,57,1,43,88,105,0,2,19,83,40,0,0,30,16,87,21,68,25,20,67,92,55,25,21,17,23,58,35,6,51,76,63,69,60,79,2,20,13,0,45,58,76,11,71,0,66,0,5,82,54,72,10,66,39,46,99,7,3,6,84,7,34,0,60,27,31,50,63,50,90,3,3,74,68,0,8,66,66,22,95,81,25,27,61,46,48,69,30,93,0,64,54,22,1,2,0,42,45,0,22,39,35,72,70,0,18,0,0,89,21,51,12,67,19,31,79,27,87,74,66,20,10,0,0,0,0,1,10,74,5,58,33,23,42,1,3,0,1,36,0,25,19,0,26,79,5,88,90,37,6,69,65,81,58,69,5,66,1,2,9,58,20,85,4,55,12,75,79,92,76,1,56,6,2,32,58,23,11,15,81,57,1,42,7,46,6,73,96,94,75,6,51,0,83,23,0,75,82,21,0,2,74,98,1,5,13,12,39,101,1,2,69,25,65,41,29,0,13,0,58,65,0,85,39,14,53,104,27,0,13,10,3,0,0,32,4,32,82,70,11,0,9,76,95,14,0,63,7,103,1,11,21,0,92,57,38,21,0,71,20,35,85,49,16,67,14,11,47,85,7,28,2,13,9,34,29,82,71,16,4,53,17,0,20,56,93,49,2,95,52,89,32,7,13,57,80,18,0,14,104,4,23,12,87,10,37,0,65,0,92,10,78,27,29,28,22,3,4,67,59,36,11,0,38,17,32,91,2,73,72,42,60,73,89,39,8,58,0,81,1,12,66
Gene2S_096,1,20,24,0,0,0,16,0,0,1,0,16,8,24,1,0,0,23,43,2,0,0,0,0,60,0,0,0,0,0,0,10,0,2,0,0,2,0,0,0,8,0,0,0,0,0,31,13,0,3,22,0,0,27,0,0,0,0,0,0,39,8,0,0,3,0,47,0,0,9,1,0,0,0,20,0,9,5,0,0,0,0,0,0,0,0,0,14,19,9,3,0,0,0,0,31,0,0,2,8,0,0,0,34,0,17,7,0,0,0,2,2,0,34,0,0,0,11,5,0,4,0,0,0,60,0,3,0,0,0,29,63,45,0,0,0,3,0,0,0,0,6,19,72,74,0,0,0,1,0,0,7,0,5,11,0,0,64,0,3,0,0,0,0,6,0,7,5,2,0,39,0,73,0,1,4,0,0,0,0,0,9,0,0,0,2,0,0,0,39,6,0,0,1,0,3,0,0,6,0,15,33,74,0,0,0,11,0,0,0,0,0,0,1,0,0,0,0,0,1,0,0,0,0,5,0,9,13,0,0,36,27,28,11,0,34,77,4,2,0,0,5,0,0,0,0,8,0,1,0,0,0,12,0,0,35,2,0,0,0,19,0,0,0,10,0,31,3,0,36,0,0,0,0,0,1,0,0,0,1,0,0,12,0,13,71,47,0,3,0,0,0,0,0,29,0,0,12,0,13,0,60,0,0,18,0,0,13,6,0,51,85,28,7,0,1,0,0,38,0,28,0,48,0,0,2,0,0,1,2,4,0,0,0,0,0,0,0,0,0,0,0,0,1,0,7,0,23,0,19,0,6,0,0,0,0,0,0,0,0,44,0,0,0,0,0,0,0,10,0,0,26,0,0,0,0,24,9,0,0,0,1,83,9,51,5,5,47,0,1,1,0,27,0,1,7,75,0,0,0,8,23,0,10,0,0,0,26,0,0,0,0,0,0,0,0,50,56,0,3,30,1,6,63,0,0,0,0,0,0,0,0,0,0,15,0,0,0,10,0,26,59,2,23,0,0,0,36,0,73,0,0,17,0,23,0,0,16,0,0,0,0,0,14,0,52,0,1,10,0,0,0,0,1,0,4,0,0,25,0,0,0,0,10,0,0,0,0,0,13,0,0,0,0,0,40,9,7,38,28
Gene2S_097,4,0,0,9,1,2,0,1,0,0,2,2,0,6,1,8,0,1,2,5,5,9,6,0,0,0,0,0,6,1,12,0,0,0,0,6,0,0,3,0,3,5,0,0,6,0,0,0,0,0,14,0,0,7,16,2,0,9,0,8,9,9,2,0,0,0,2,0,2,0,1,0,0,0,2,1,0,10,1,0,0,0,0,0,6,0,1,0,10,11,0,2,1,3,11,0,0,0,0,0,7,2,2,5,7,0,0,0,0,16,0,0,2,0,12,0,4,1,9,3,0,0,2,4,0,0,8,5,0,4,0,2,11,4,3,2,7,12,0,8,2,5,4,0,6,0,4,0,0,6,1,0,10,0,0,0,3,3,0,6,5,0,0,1,9,2,12,0,0,3,2,0,0,0,1,1,2,0,0,0,0,6,5,0,0,0,0,2,1,1,0,17,0,1,0,0,0,1,2,0,0,3,0,2,7,7,7,0,0,0,1,0,0,0,0,0,3,5,0,0,0,1,11,0,10,0,3,0,7,5,0,0,2,0,0,0,7,1,5,3,5,4,3,7,6,6,4,0,8,0,13,12,3,6,0,0,1,2,0,0,12,6,6,0,11,10,24,5,1,0,0,0,1,2,0,0,3,1,0,8,16,0,0,0,1,0,1,2,2,1,7,10,0,2,0,2,0,4,10,3,0,0,2,0,0,1,7,2,1,0,0,0,8,0,0,0,0,3,0,1,0,14,4,8,0,0,0,0,0,3,0,0,11,8,0,0,0,0,7,0,11,2,10,1,1,2,4,0,0,0,4,0,0,11,0,0,5,11,0,3,2,0,0,3,0,4,1,0,4,0,14,0,1,10,0,0,0,0,8,0,0,3,0,6,0,0,11,1,0,4,1,0,2,0,1,3,0,14,0,0,5,7,0,3,6,0,0,0,2,0,0,2,1,8,0,0,0,1,0,1,0,1,0,10,9,0,0,3,0,1,0,0,0,0,2,0,0,0,0,2,16,0,0,6,12,0,0,10,2,0,0,0,1,0,2,0,0,6,2,8,4,3,0,0,0,1,5,0,1,0,1,0,0,0,0,0,0,0,8,0,5,0,0,1,14,0,11,0,1,3,0,0,0,5,0,6,1,0,2,4
Gene2S_098,0,18,0,0,0,0,0,0,0,0,0,0,0,0,0,0,1,4,7,0,0,29,0,0,0,11,2,0,1,8,7,22,0,0,0,27,0,0,0,0,0,0,2,0,7,8,0,0,0,0,0,6,0,7,2,0,0,0,0,22,0,18,0,0,0,0,0,7,19,0,0,0,43,0,1,0,2,0,46,0,0,0,13,0,14,20,0,0,0,44,0,0,0,0,0,0,0,0,0,0,8,0,0,0,0,17,0,0,0,0,5,11,0,0,0,1,0,0,9,0,0,0,3,27,0,0,0,2,32,0,0,0,0,0,2,0,0,0,35,0,4,0,0,8,0,0,0,0,0,0,0,0,0,0,0,2,11,0,0,22,4,0,12,0,0,7,0,0,0,0,0,0,0,7,0,17,17,6,0,0,6,0,0,0,38,0,0,26,17,5,0,4,0,0,2,13,1,0,0,0,12,4,0,0,0,32,0,0,0,10,4,0,33,0,0,0,0,0,63,34,0,0,0,0,0,1,0,13,17,4,0,0,2,0,6,23,0,1,2,7,0,15,12,17,0,0,0,0,8,0,0,0,0,1,0,3,0,3,0,0,4,30,0,1,0,0,0,36,0,0,0,2,0,0,0,1,52,33,0,0,0,0,0,0,0,0,0,5,0,0,3,0,0,0,0,6,0,1,18,0,23,0,0,1,18,0,0,0,12,0,3,0,0,1,14,0,0,0,0,0,0,7,0,0,0,3,6,0,0,0,0,0,4,0,0,12,0,0,0,3,2,0,0,9,0,10,0,0,0,49,0,0,0,0,0,0,3,0,0,0,0,0,0,0,0,0,1,22,0,0,0,0,0,0,0,0,0,6,0,0,0,0,0,1,0,0,12,10,0,0,0,5,0,9,0,0,0,12,0,0,12,0,0,4,55,0,0,2,27,0,3,0,0,0,0,0,0,0,0,0,16,0,0,0,0,0,0,0,0,0,0,7,0,0,5,4,0,0,0,22,0,0,55,1,7,0,0,0,0,0,18,0,0,13,1,0,0,0,0,0,0,0,11,0,0,0,0,14,0,0,0,21,0,0,0,0,2,2,0,3,1,0,8,0,0,0,0,16,8,0,0,0,5,0,1,0,0,0,27,0
Gene2S_099,1,0,0,14,0,64,41,3,4,14,0,2,0,0,90,3,5,0,0,14,58,62,83,20,0,0,1,0,0,0,13,1,59,1,24,119,0,66,0,0,0,0,0,44,29,0,0,0,12,4,0,9,52,66,0,1,4,36,0,0,34,12,0,68,65,3,6,10,0,9,0,17,1,6,0,85,0,0,45,0,10,16,63,27,0,19,0,0,0,128,92,31,100,0,7,0,4,9,49,35,122,0,0,55,7,76,114,0,35,66,0,82,8,2,0,0,18,3,0,0,1,0,5,6,3,0,14,0,8,6,5,5,105,32,120,77,9,0,6,0,18,0,1,1,43,0,31,3,4,50,0,58,0,0,0,0,26,0,0,59,0,1,0,0,0,0,27,0,0,6,15,72,34,0,0,0,9,4,0,9,0,50,17,33,46,8,0,18,74,0,45,8,4,1,5,39,6,50,0,14,0,15,1,14,0,2,0,3,19,3,58,2,0,0,1,0,60,4,0,11,71,4,0,0,70,16,7,91,0,0,11,28,20,99,27,58,23,53,7,0,2,0,17,69,20,6,5,16,0,1,0,0,71,0,32,5,13,0,0,34,64,46,0,4,0,0,9,23,10,37,0,6,0,0,0,0,6,0,1,32,64,0,0,0,10,2,0,0,0,22,1,0,0,95,6,51,13,22,4,0,0,78,1,77,11,104,0,14,0,112,34,0,6,8,8,44,0,0,12,17,70,30,0,0,25,5,40,18,0,53,0,8,0,88,0,0,0,0,0,6,43,10,0,0,3,0,0,6,0,0,6,40,68,0,0,66,13,23,3,0,0,8,0,0,46,0,74,3,0,54,91,0,10,0,5,0,104,0,9,88,59,36,86,0,2,0,1,1,43,0,0,2,23,0,0,32,0,53,54,3,3,13,0,0,0,6,0,0,66,2,0,54,21,4,13,0,0,30,10,0,47,27,0,74,7,30,0,0,25,0,39,0,4,99,0,5,97,0,1,0,27,2,0,1,6,63,8,0,0,0,0,0,14,75,1,0,0,60,34,98,12,0,45,0,40,0,0,93,0,0,0,77,0,2,75,3,8,21,2,78,0,18,0,0,3,0,0,33,48,38,0,0,35,0,15,9,33,38,4,0
Gene2S_100,0,0,6,0,0,0,0,3,0,0,11,0,5,25,6,0,1,0,3,0,0,0,8,0,0,0,0,0,1,17,0,19,0,0,0,2,5,7,0,1,0,9,16,0,0,2,5,0,18,0,9,0,3,17,6,8,9,18,4,0,2,3,14,22,0,8,0,0,0,0,0,9,0,0,4,6,0,4,0,10,0,0,1,0,3,0,0,9,11,4,0,0,0,0,7,0,2,0,4,0,1,0,0,0,0,0,0,0,1,0,0,0,5,0,0,3,0,5,1,0,0,0,3,16,12,3,0,1,3,0,5,0,0,0,7,0,0,2,0,9,0,0,2,0,4,1,4,0,0,0,0,9,1,9,10,0,0,0,4,0,3,9,0,0,0,21,0,9,0,0,16,11,2,0,5,0,0,0,0,1,4,0,11,12,15,0,0,6,2,12,8,0,0,3,0,0,2,2,0,0,3,3,6,1,0,5,0,0,0,0,7,0,17,0,3,1,5,0,0,3,2,0,0,0,0,0,5,0,0,0,0,0,2,7,0,1,22,1,0,0,1,1,6,3,1,0,0,1,0,1,0,2,0,1,0,11,16,0,0,3,0,0,6,2,8,1,0,7,10,1,3,5,6,0,4,0,7,5,9,0,5,4,0,0,10,0,7,0,3,16,0,0,1,0,1,2,1,0,2,6,0,2,9,0,0,0,0,17,2,0,1,0,13,0,0,7,5,2,9,9,14,1,2,8,6,12,0,0,0,0,4,0,0,0,1,1,21,7,1,6,2,0,3,0,0,0,0,3,25,0,0,0,0,12,0,8,0,4,1,0,0,2,6,22,6,15,2,0,0,0,0,1,0,1,22,0,0,0,0,6,7,3,2,0,2,0,6,0,1,0,0,12,5,0,3,12,4,0,0,3,9,2,6,0,0,1,0,1,1,0,0,0,4,11,12,2,0,0,1,0,3,0,4,0,10,2,0,0,0,0,3,0,1,16,3,10,0,4,1,7,5,2,0,5,0,0,0,0,0,0,0,11,7,0,1,0,4,0,0,0,0,0,2,0,0,0,0,0,0,0,1,16,0,3,0,0,7,1,0,8,0,2,1,2,12,1,11,0,0,0,0,0,0,0,0,9,6,7,0,0
Gene2S_101,28,3,78,83,57,43,54,61,13,48,73,48,72,88,77,54,52,56,83,77,81,64,102,19,88,77,66,88,75,84,41,67,86,41,94,78,33,45,29,58,66,75,79,85,88,51,42,77,99,80,86,91,23,68,83,20,53,50,80,73,50,31,82,41,81,32,71,24,58,93,17,80,32,78,24,73,44,82,83,19,11,70,68,92,71,78,88,47,74,83,54,75,103,60,88,30,23,82,77,56,3,72,19,44,70,96,57,81,44,69,69,72,79,78,74,54,71,80,69,53,63,38,14,46,42,64,67,84,83,21,82,65,41,88,49,35,31,70,67,84,45,75,35,70,60,83,67,32,71,50,90,92,85,13,45,43,51,4,65,75,2,82,69,74,71,54,40,48,82,7,74,104,45,23,93,38,90,86,78,85,29,53,98,88,53,14,22,78,24,65,59,95,65,67,91,19,77,54,34,86,76,83,77,72,31,1,74,77,73,90,10,80,72,52,80,26,76,58,38,68,69,72,75,71,55,96,75,31,69,7,86,72,61,96,66,81,81,73,63,40,12,60,71,42,66,25,57,8,44,76,73,87,72,25,80,25,62,77,18,50,23,73,81,86,52,64,97,68,99,10,93,4,64,64,35,114,47,57,90,59,80,91,88,93,9,94,83,30,59,49,58,7,91,78,21,75,88,66,26,60,62,48,45,78,77,37,51,67,34,31,85,71,89,18,83,78,71,66,14,25,66,82,89,47,61,68,63,76,69,28,65,86,67,69,61,86,56,73,91,67,87,61,63,79,75,96,42,55,70,49,59,48,65,78,75,65,85,4,50,17,28,42,66,79,51,63,1,73,72,74,77,25,64,58,47,89,84,84,11,68,80,81,57,69,74,70,24,31,76,54,20,78,66,76,99,17,32,74,70,39,31,45,85,68,58,73,32,75,70,20,55,41,78,79,43,14,54,20,67,20,88,49,61,86,30,80,91,68,78,52,93,49,58,63,66,53,69,76,81,62,44,55,70,31,13,3,85,67,96,52,37,24,77,78,61,85,95,60,42,73,36,79,38,103,74,9,11,76,21,80,72,32,54,62,104,80,56,42,46,76,56,44,83,94,71,76,1,33,64,54,70,26,105,24,78,40,14,22,83,61
Gene2S_102,121,129,123,160,114,140,131,96,125,136,136,144,92,117,129,148,124,119,161,109,130,161,134,113,154,146,63,99,131,133,123,140,120,118,169,145,142,127,138,148,141,110,134,107,104,153,133,147,121,122,154,180,132,124,140,145,149,132,107,133,120,110,149,116,120,138,144,148,153,128,147,137,120,144,149,152,157,132,131,143,79,127,136,120,136,73,120,124,136,145,156,144,112,138,129,113,138,135,86,164,144,134,117,146,157,114,142,174,163,139,108,159,124,144,140,167,121,111,164,149,112,125,111,127,158,140,129,158,119,138,131,111,114,153,83,161,109,116,149,136,103,135,135,123,140,76,137,150,155,139,115,71,115,134,123,110,147,154,111,137,149,152,86,159,149,108,162,113,126,158,121,123,127,149,119,136,144,132,157,128,145,127,161,147,148,138,106,143,145,145,135,88,132,113,109,150,118,133,168,112,121,101,140,76,154,116,138,135,132,151,114,135,101,160,105,151,138,109,132,144,136,135,128,148,111,112,141,143,136,151,146,139,115,107,146,137,151,162,131,123,102,123,130,124,119,154,131,166,116,143,168,150,145,124,127,144,130,127,142,133,142,138,161,128,157,137,151,138,103,125,151,170,122,111,108,135,128,134,121,134,110,85,167,149,148,108,157,148,142,148,142,143,121,143,105,148,150,114,137,155,136,156,164,150,112,98,152,138,149,138,117,103,131,150,155,137,139,141,148,121,139,161,113,76,161,109,154,133,137,124,121,123,133,90,113,109,160,159,127,113,137,134,101,131,106,126,102,105,161,121,154,153,157,119,113,132,148,155,142,53,109,155,137,102,109,138,183,150,142,142,140,131,132,108,119,162,79,118,102,140,120,123,134,136,133,102,120,125,126,113,162,141,111,134,140,141,80,120,135,133,122,132,126,162,165,142,135,106,123,154,147,154,122,157,146,143,143,142,130,129,154,128,136,141,142,135,130,118,152,120,126,133,118,130,106,145,151,156,124,72,125,131,119,146,129,131,107,147,132,133,125,126,134,110,131,122,147,155,97,152,153,138,140,125,139,156,129,109,148,154,111,145,140,175,168,113,142,137,112,143,142,90,147,131,143,141,142,135,140,127,150,128,125,114,126,146,141,145,126,121
Gene2S_103,112,105,77,115,121,97,135,97,130,101,136,117,114,99,105,131,112,111,133,117,113,123,147,111,125,116,115,131,96,134,89,110,128,113,118,131,113,113,109,103,100,119,129,129,107,107,127,113,98,125,113,141,124,121,97,123,133,110,119,109,123,120,129,127,94,106,104,126,125,149,118,144,82,117,137,110,138,108,100,129,100,108,102,110,114,113,120,78,99,88,123,127,93,96,106,95,111,109,153,110,112,102,117,132,120,123,105,133,118,87,131,82,103,133,122,113,124,114,95,125,110,100,95,113,125,113,107,119,113,131,119,104,109,111,117,132,102,125,111,133,113,137,119,134,101,125,133,127,134,136,107,105,118,113,122,120,131,115,99,113,111,98,108,125,128,135,128,115,102,111,139,117,137,117,72,107,120,127,115,119,128,119,113,110,126,108,103,102,122,113,103,101,120,123,114,105,105,106,109,116,101,119,135,121,107,123,110,128,126,68,116,143,121,106,91,103,103,93,120,120,102,125,105,107,127,132,116,94,35,112,80,118,144,134,144,111,127,105,115,116,77,106,124,108,128,113,126,119,138,118,131,128,118,100,110,133,117,129,119,84,100,122,114,103,109,126,122,99,115,122,116,120,124,125,116,134,147,109,119,103,107,147,124,122,110,105,136,94,105,133,117,122,125,107,68,108,122,119,114,107,110,107,114,132,107,107,123,122,130,125,113,121,120,107,124,115,106,123,91,123,124,112,133,104,125,107,110,114,103,152,123,104,103,90,144,98,102,107,117,114,109,87,89,135,104,90,119,100,121,128,125,122,121,110,119,126,124,128,114,99,120,106,123,126,120,116,79,120,110,105,98,137,97,111,125,125,117,133,117,96,92,117,130,76,51,116,120,89,112,106,65,119,101,108,120,144,93,123,138,121,129,117,73,115,131,122,132,109,45,121,125,128,97,126,113,102,98,137,116,98,107,99,88,121,120,128,107,83,117,121,133,119,129,103,125,117,119,116,109,121,75,82,119,123,133,126,109,143,120,136,122,111,108,105,110,94,104,81,92,140,113,87,115,116,109,97,111,129,112,141,128,109,143,137,96,120,108,103,126,123,134,119,140,118,121,84,130,129,123,109,135,129,123,99,67,108,130,118,110,131
Gene2S_104,19,14,29,16,20,12,9,18,19,23,20,21,12,25,22,24,17,12,12,6,18,7,19,17,14,19,13,21,23,18,23,15,18,18,13,20,18,6,21,16,28,12,18,9,29,21,11,20,19,24,13,22,21,17,27,25,19,23,24,28,14,6,18,19,28,20,30,15,26,26,21,32,26,23,17,18,30,11,21,16,26,15,18,26,31,19,19,13,12,19,17,21,18,20,14,18,24,12,24,20,23,13,15,19,24,26,17,24,15,21,27,16,31,16,18,32,21,23,20,20,13,26,22,10,17,20,25,20,27,19,25,18,15,24,21,20,16,8,14,17,7,14,16,23,17,19,18,14,18,16,8,26,19,18,38,16,17,14,23,13,17,19,13,16,18,24,12,22,18,15,15,17,16,13,28,8,23,26,20,11,14,13,20,14,25,23,18,16,21,16,13,13,10,27,16,13,19,29,10,12,14,15,20,16,24,19,18,20,11,16,11,17,21,25,21,23,21,16,20,10,16,19,15,19,19,11,22,24,24,17,10,22,21,17,21,26,11,19,18,26,10,24,25,16,20,21,18,17,23,23,11,22,13,25,21,11,24,22,20,22,18,15,15,16,24,20,14,21,28,11,19,17,16,26,5,16,24,17,15,17,9,8,8,23,19,20,26,13,23,18,19,23,10,14,36,34,24,16,18,14,14,16,20,29,25,4,9,12,16,14,23,18,23,20,12,20,16,16,25,20,24,28,11,16,19,5,18,12,23,19,17,13,25,16,11,14,21,14,19,17,18,21,22,16,16,24,13,22,14,24,25,13,22,19,16,25,20,29,14,14,13,23,15,29,20,13,18,21,22,18,22,14,20,20,17,22,25,18,30,20,28,13,20,18,21,27,15,14,22,18,16,9,17,25,16,27,8,23,14,15,25,25,17,26,25,10,20,28,26,19,20,21,12,18,14,18,24,29,10,18,11,25,24,12,14,4,17,16,13,17,19,10,16,17,19,21,21,17,25,14,28,19,18,21,18,10,21,16,8,20,2,17,15,19,27,23,19,25,17,19,15,22,11,15,27,19,19,23,19,23,18,10,27,13,16,23,16,16,18,26,17,17,19,17,16,20,15,8,9,27,20,18,10,15,13,23,24,14,19,14
Gene2S_105,8,141,64,17,92,66,87,61,74,101,66,124,117,61,70,45,37,52,44,72,39,45,96,94,15,4,114,25,15,125,94,85,26,123,72,30,120,116,80,38,101,97,107,83,133,27,56,48,83,110,73,17,52,60,94,109,83,134,67,124,121,66,26,19,101,29,6,108,80,43,47,108,120,78,42,107,113,51,70,95,56,18,16,11,111,102,65,16,59,103,68,75,112,97,98,89,125,55,102,85,37,16,93,132,100,87,67,1,115,78,92,135,123,75,81,11,107,64,88,14,54,73,112,77,2,89,119,121,47,71,117,96,63,53,81,29,59,128,64,64,25,32,86,47,87,105,59,110,91,11,79,68,141,60,119,29,108,83,50,104,1,83,131,104,129,31,24,49,30,75,5,118,49,87,53,25,16,54,43,31,98,102,84,76,81,73,15,58,64,117,70,13,134,96,83,33,109,55,88,74,4,79,87,7,71,24,35,17,125,58,56,118,133,106,82,54,97,96,13,74,120,102,57,94,120,58,12,42,31,31,96,137,74,70,55,122,100,112,19,3,107,111,46,99,1,50,16,52,123,60,91,131,60,78,105,110,79,57,131,71,83,76,4,67,36,6,51,111,87,52,68,89,77,29,106,71,17,34,78,87,57,47,42,64,109,122,110,51,31,102,70,91,11,120,87,41,93,56,88,21,77,89,109,18,139,71,103,47,102,71,97,42,129,52,139,49,123,99,108,50,81,53,19,43,2,90,31,98,107,24,44,64,78,71,40,51,53,5,130,99,93,50,50,42,87,35,58,19,54,30,90,12,43,18,42,98,86,53,129,108,91,11,42,135,118,96,3,48,36,83,60,94,64,28,97,85,139,106,78,88,61,115,16,37,72,123,122,12,99,37,57,134,48,81,90,103,52,32,107,112,65,57,12,21,40,40,116,103,76,91,84,131,34,133,74,64,52,5,85,20,69,83,60,97,42,79,78,91,116,88,56,111,27,124,8,92,68,39,62,112,82,17,123,12,104,92,58,57,73,110,78,91,102,126,29,81,75,100,89,82,38,107,75,19,100,28,119,84,119,80,10,91,67,49,41,44,71,105,114,122,94,112,138,12,71,83,107,2,105,36,127,120,26,98,113,88,31,116,114,13
Gene2S_106,39,30,30,32,39,33,25,35,33,40,29,39,25,27,36,39,23,23,29,25,43,37,37,28,27,22,37,34,23,22,48,23,34,31,38,25,21,34,30,29,42,35,40,36,27,24,25,37,37,36,24,38,30,29,37,30,29,35,28,36,32,34,36,32,32,33,30,41,39,41,23,27,40,25,46,23,27,38,25,44,32,25,33,32,27,25,25,39,42,47,40,29,34,38,35,48,34,26,25,22,32,30,26,20,38,41,25,45,38,31,42,32,32,45,27,33,24,41,41,41,27,34,37,39,34,37,37,30,35,32,35,27,34,27,39,29,34,38,27,35,33,32,28,39,29,36,34,31,33,36,24,41,20,38,43,31,32,24,37,38,38,29,32,38,42,38,29,44,36,26,25,19,28,28,39,25,34,31,23,35,31,37,31,40,33,27,35,29,31,33,22,32,22,31,27,41,29,27,22,28,27,30,36,36,30,31,28,45,38,31,33,32,26,22,37,36,29,35,33,31,28,41,35,35,37,60,33,35,43,24,19,28,35,38,38,27,29,36,34,44,31,28,19,39,28,45,45,42,33,21,35,34,35,29,31,25,28,30,37,32,39,31,35,37,35,23,39,32,30,34,23,23,24,27,29,31,41,47,31,24,33,30,39,41,30,35,34,33,31,36,21,42,28,32,35,35,34,30,40,40,38,33,25,47,39,34,34,34,29,39,33,36,37,34,22,46,31,35,32,36,36,34,38,30,31,41,36,34,37,27,24,41,37,26,39,33,23,28,28,30,39,28,30,38,29,32,30,20,37,29,29,36,40,34,20,50,29,36,25,32,31,31,26,34,19,36,34,40,17,26,36,33,21,21,41,33,32,29,32,42,33,25,41,26,39,35,23,29,27,30,30,33,25,36,27,26,26,26,34,32,31,23,39,26,33,31,46,40,23,28,32,32,30,27,26,28,32,39,39,29,47,37,44,32,38,38,26,31,39,26,30,26,22,33,27,20,38,25,25,23,39,21,35,23,36,38,27,34,32,38,18,29,20,35,24,30,32,32,37,26,31,38,21,28,34,36,22,36,36,31,24,31,25,33,34,29,47,37,28,24,32,40,24,35,28,38,32,32,43,32,26,32,26,23,34,23,33,32,25,30
Gene2S_107,93,93,60,83,78,82,51,45,85,75,52,99,85,80,70,73,79,72,88,62,91,87,70,75,91,89,89,56,104,72,105,84,92,83,82,85,75,80,87,82,58,93,94,59,15,66,57,79,78,74,79,97,80,80,70,83,78,92,57,86,87,90,50,76,75,83,60,89,44,84,57,69,77,49,83,93,82,90,105,78,65,36,92,78,86,79,79,84,51,36,74,87,87,88,70,68,51,90,95,102,65,100,79,73,52,87,106,56,103,86,66,67,63,95,94,67,95,61,21,76,79,91,77,97,105,45,86,83,81,92,72,81,89,79,94,46,75,31,61,77,68,102,92,87,89,80,77,93,70,64,84,81,83,93,96,71,81,77,64,75,63,74,72,49,83,95,104,84,75,63,47,80,78,96,93,26,80,75,41,92,80,73,83,84,78,70,85,76,53,84,99,61,77,55,95,62,76,105,79,87,73,82,48,35,86,54,69,63,73,85,92,90,65,80,81,44,61,57,88,94,53,85,81,50,75,89,82,88,76,87,54,75,51,92,68,96,102,75,46,73,77,72,94,81,92,95,89,59,58,76,67,61,98,84,58,75,19,104,90,79,38,82,50,81,49,80,84,81,60,88,76,68,89,92,56,79,22,92,73,88,85,66,69,65,84,81,42,66,98,86,102,98,90,73,91,79,94,87,87,96,44,52,68,67,96,93,67,96,91,26,78,76,51,84,73,90,86,90,53,80,82,54,90,45,81,100,89,27,82,89,85,62,86,81,85,100,16,71,90,87,87,50,57,56,93,88,93,67,77,65,70,112,108,75,73,69,45,82,87,84,74,79,87,72,97,32,78,87,73,51,75,85,84,102,77,52,77,89,85,81,98,85,78,80,95,75,69,95,83,93,91,83,71,72,73,82,89,79,36,65,78,55,86,64,39,84,79,89,77,72,56,43,80,76,27,83,64,54,58,76,92,89,60,63,66,92,78,82,68,94,66,22,98,81,84,97,78,68,89,89,42,72,70,84,62,92,21,24,87,80,47,100,96,98,52,55,84,33,84,94,85,60,92,75,21,78,82,65,78,49,102,72,87,87,88,86,73,75,81,68,94,83,86,84,26,49,71,88,82,78,94,101,23,71,80,82,72,111,79,88
Gene2S_108,42,48,36,47,37,36,39,45,54,41,47,48,36,49,34,47,50,32,48,51,46,44,50,51,68,57,50,51,53,46,51,44,51,46,37,43,51,49,32,36,65,39,29,44,37,37,33,65,42,47,47,38,42,39,56,43,47,52,22,45,54,47,43,35,50,58,35,47,44,55,45,38,41,57,43,46,39,56,53,53,42,44,42,43,34,46,39,42,40,47,60,59,40,46,40,33,41,41,30,49,41,47,57,48,34,35,33,36,53,48,46,47,40,44,42,38,51,36,57,48,36,59,29,43,56,45,37,21,54,43,48,46,58,35,51,23,53,45,46,45,52,42,59,57,51,41,58,47,44,44,41,49,54,41,47,45,47,46,38,55,44,49,47,47,51,53,47,37,38,34,39,44,44,58,33,53,31,47,51,62,40,43,51,66,43,51,43,53,47,55,41,49,55,43,58,47,41,49,54,37,33,59,39,34,56,43,56,43,38,64,31,50,54,55,59,29,33,50,30,48,43,43,42,41,52,43,49,49,52,60,44,42,54,41,50,40,43,51,52,34,34,54,53,51,51,53,36,23,49,47,52,54,46,30,49,32,54,49,44,34,37,38,46,57,43,47,29,53,48,44,28,40,44,33,49,42,43,57,39,45,46,59,35,38,34,33,44,35,34,46,47,57,50,44,37,47,37,59,45,56,52,46,47,53,52,63,56,48,39,56,34,50,62,52,19,56,28,35,50,39,57,49,30,29,46,46,54,42,47,47,48,48,61,49,56,51,47,55,43,39,41,58,46,39,47,65,49,36,49,40,46,47,38,38,41,55,55,42,37,22,51,40,60,41,37,42,42,52,36,47,47,45,51,45,42,41,40,58,37,48,50,45,33,32,40,59,49,35,40,45,35,46,37,47,49,41,40,37,41,40,45,51,37,49,41,55,42,49,40,48,54,21,36,51,49,49,60,44,39,40,50,45,46,37,55,48,18,57,32,37,43,45,46,46,54,48,43,48,36,41,44,52,41,43,47,62,44,38,61,43,60,35,46,42,54,53,42,49,34,31,50,41,47,48,45,44,41,41,53,39,41,47,43,38,50,41,38,59,42,45,48,47,39,47,39,51,40,46,48,54,38,56,50,52,43,51,39,40,53,49
Gene2S_109,62,85,74,98,91,92,61,61,78,86,77,75,81,74,59,90,87,78,84,80,81,73,70,77,71,75,93,69,83,76,78,76,80,64,87,84,80,95,89,92,79,90,89,80,88,90,72,59,77,78,79,76,84,88,92,88,85,72,75,82,87,86,96,96,87,97,87,51,76,81,84,96,87,72,83,94,96,78,85,82,86,71,69,77,79,96,79,83,95,77,84,79,79,100,74,78,92,75,91,71,82,85,83,98,78,70,76,83,95,83,89,85,60,76,86,64,83,103,86,87,92,93,88,92,92,96,73,85,95,103,96,81,85,79,91,90,90,75,99,78,92,104,69,85,54,64,47,50,86,86,70,84,84,81,75,84,60,84,92,75,70,64,97,78,80,65,90,101,77,81,91,73,87,97,82,56,60,72,79,55,107,83,92,82,81,93,98,81,80,96,86,84,69,90,73,103,92,80,104,68,84,89,79,72,85,77,78,88,72,64,56,94,70,110,98,80,78,84,64,76,79,95,86,85,72,92,97,79,55,81,70,97,74,90,78,55,84,78,44,85,88,89,85,81,90,93,53,83,85,73,80,84,79,79,75,92,74,102,85,78,99,75,79,98,83,101,88,78,67,76,83,91,81,113,85,81,81,82,87,80,65,83,84,105,63,65,77,84,87,62,93,79,80,77,80,75,81,58,72,95,82,80,58,97,78,80,75,89,67,87,83,79,76,92,72,84,100,75,62,75,73,62,79,82,84,62,94,83,75,105,86,96,83,74,74,76,78,72,55,81,78,102,73,70,87,76,87,86,73,84,77,92,100,94,89,89,76,97,58,80,100,79,86,88,73,95,67,85,90,84,86,82,81,81,100,62,73,93,79,74,68,64,86,94,83,66,90,71,88,78,89,91,93,73,86,71,57,64,89,86,105,85,76,89,92,103,85,92,90,75,95,72,75,74,72,91,82,96,81,66,86,85,74,68,82,82,99,104,82,58,106,72,65,73,83,64,55,98,92,71,95,94,59,87,88,90,81,83,95,65,84,113,91,84,73,90,105,53,88,75,71,74,75,80,97,116,64,86,92,85,97,82,62,68,67,88,78,79,78,81,71,65,89,70,65,85,92,52,95,68,93,89,71,77,78,83,77,108,67,78
Gene2S_110,65,37,38,42,25,39,51,46,49,42,29,31,50,46,34,42,36,48,38,39,41,51,32,42,42,48,41,54,40,37,34,50,48,39,42,47,49,28,44,33,36,30,45,47,53,46,32,37,41,42,32,35,40,38,45,46,44,45,38,59,36,42,42,51,36,48,32,46,31,39,32,40,39,43,44,35,44,50,45,47,43,47,33,38,36,44,48,45,43,36,45,40,39,52,51,40,27,41,36,44,48,38,31,50,35,42,46,33,43,31,45,50,57,44,61,49,54,46,38,44,41,45,52,45,43,42,49,34,36,46,40,36,44,58,23,30,31,44,44,50,31,48,39,55,31,47,53,40,35,35,51,41,34,30,44,43,48,58,58,46,36,43,41,45,47,41,42,44,57,38,38,37,39,50,45,43,43,46,48,53,45,37,37,30,51,47,49,44,51,33,38,34,40,32,39,40,37,42,26,41,52,49,33,27,57,45,40,35,46,40,45,55,39,46,43,43,43,46,47,33,43,27,43,32,38,51,34,39,42,42,29,44,49,46,42,60,47,32,43,49,45,45,46,45,50,42,52,45,33,40,47,35,39,43,34,33,53,36,47,45,26,55,42,37,41,42,35,27,39,36,26,49,46,53,38,49,42,37,34,32,41,40,35,50,42,42,47,48,30,49,48,45,36,32,46,40,46,35,46,35,38,45,33,42,45,51,30,47,48,45,41,40,27,33,41,40,29,52,41,42,60,34,40,34,31,41,41,40,42,41,31,35,39,45,38,48,41,35,44,54,35,39,37,43,38,41,38,40,51,47,48,47,32,48,39,42,41,45,38,44,23,50,36,48,46,40,33,34,39,38,42,38,49,50,44,40,43,39,38,38,41,43,49,44,50,43,46,33,48,33,45,47,41,37,28,48,34,52,55,47,36,35,45,43,37,46,27,30,47,45,67,40,39,44,29,38,44,37,42,37,36,33,42,43,43,26,49,50,44,47,50,37,34,37,34,41,39,56,47,20,60,37,47,27,35,54,47,44,38,52,38,43,42,38,47,41,45,45,35,46,42,41,41,47,44,33,38,43,38,36,28,47,41,35,45,42,43,37,33,40,44,37,33,28,39,37,49,42,35,38,40,45,36,43,31,40,52,39,50,43
Gene2S_111,11,11,9,13,11,16,4,7,9,3,11,11,19,18,14,3,9,16,27,15,14,11,9,7,5,10,11,8,5,6,7,14,12,12,4,10,11,10,5,25,6,11,12,10,8,13,14,7,14,8,8,4,10,16,7,13,2,13,13,9,8,11,11,11,10,5,1,14,14,5,15,14,7,12,16,11,17,3,12,5,11,14,13,13,9,10,9,11,15,9,6,14,15,10,15,7,15,10,12,13,11,5,11,14,11,9,8,9,6,10,10,11,14,13,8,13,5,20,8,13,13,4,11,14,8,6,8,8,8,12,9,8,10,7,3,10,9,7,20,11,3,7,11,8,15,15,13,11,7,15,6,12,12,12,13,10,6,17,13,7,14,12,9,8,11,13,9,9,10,9,10,16,16,12,12,16,12,11,13,10,10,11,9,6,3,12,9,13,11,2,10,6,14,3,12,10,12,8,13,13,4,9,9,13,19,11,6,6,9,10,9,8,6,16,17,3,0,8,7,12,14,8,9,14,8,15,7,15,12,10,15,11,12,15,8,5,13,5,9,12,7,9,13,3,9,14,7,12,8,11,13,9,8,7,7,15,6,10,10,10,8,11,12,5,11,10,7,6,7,9,14,8,9,8,4,12,8,11,9,9,12,13,9,9,12,7,8,6,6,7,10,12,11,7,9,5,11,9,12,11,13,10,19,13,13,16,7,14,10,6,8,9,15,5,10,6,16,4,6,7,16,13,5,12,9,10,9,15,7,5,5,9,14,8,8,10,12,13,10,12,4,17,11,5,14,13,9,21,13,7,6,9,11,6,11,9,8,12,8,15,8,11,12,9,6,5,7,9,11,10,9,12,11,20,8,8,11,6,10,7,10,4,11,16,13,8,14,19,4,4,10,9,17,10,14,9,4,19,10,11,12,9,7,10,10,13,6,7,7,12,9,12,11,9,14,15,10,8,10,12,11,13,16,12,3,11,14,7,10,5,14,14,9,10,11,9,7,11,10,14,8,12,20,18,12,10,9,17,14,12,6,13,10,12,6,15,11,6,15,8,16,12,13,10,9,5,8,13,10,12,15,13,8,6,11,8,7,8,13,14,13,3,13,8,5,7,7,8,8,7,7,7,8,8,8,8,10,7,17,6
Gene2S_112,15,16,22,21,11,9,21,1,13,15,19,14,15,14,12,15,8,9,20,14,13,13,9,9,12,11,19,10,17,12,5,13,11,15,13,15,18,15,11,11,15,12,13,16,8,8,8,18,22,25,13,17,9,18,17,17,16,8,12,14,27,23,15,8,16,17,11,13,16,18,22,13,19,9,11,9,5,11,15,18,15,19,16,18,16,13,18,18,13,13,14,16,8,16,11,17,11,14,18,14,15,12,14,18,11,9,16,16,6,12,15,19,19,16,12,17,15,14,15,6,14,20,19,14,13,4,14,11,14,16,16,16,16,14,12,16,19,16,8,17,21,14,24,18,13,8,19,20,17,14,21,16,18,10,14,17,13,11,12,15,13,17,16,18,17,14,15,12,9,14,14,7,21,15,18,14,21,17,10,11,15,4,17,13,10,19,21,11,23,20,24,18,10,21,15,19,18,11,18,12,6,15,22,6,14,20,17,17,11,20,20,18,13,14,14,11,13,16,19,17,10,13,18,16,16,16,17,15,19,15,22,20,21,14,12,11,13,9,12,19,17,24,11,13,19,9,9,18,11,23,12,12,22,11,14,17,10,11,9,16,14,14,12,22,19,11,14,13,10,15,14,19,11,12,7,11,8,5,13,15,17,27,14,13,14,11,10,14,11,15,13,15,18,11,15,16,12,18,20,15,16,5,17,12,18,13,11,9,11,16,21,8,16,14,6,11,13,10,11,18,15,12,24,14,17,21,19,23,16,12,7,13,20,13,19,10,16,13,13,7,13,22,18,15,11,15,10,12,14,20,21,11,5,11,18,17,14,18,13,19,12,17,15,10,13,14,15,11,17,23,11,5,14,16,15,10,9,29,16,18,7,15,10,15,23,14,10,20,13,10,15,11,15,12,18,21,12,17,16,26,13,7,14,13,8,13,15,16,16,14,23,12,26,18,14,11,12,11,13,15,11,11,8,21,14,20,9,11,16,19,14,22,11,8,18,14,8,19,17,15,12,7,8,18,17,18,15,20,19,7,14,18,18,10,1,11,19,13,14,20,21,10,24,13,23,17,11,15,16,16,13,18,12,6,15,15,23,12,19,11,19,5,12,21,19,15,15,18,15,16,13,22,11,13,22,14,14,14,18,17
Gene2S_113,75,81,57,69,85,64,73,69,72,74,73,76,75,64,72,68,60,80,73,74,56,67,68,61,62,61,59,65,92,73,66,73,76,66,70,105,70,84,73,66,38,66,57,80,70,68,79,73,71,84,88,63,44,74,59,51,73,71,78,64,84,76,90,81,78,79,79,81,69,51,44,71,80,82,66,54,77,73,54,77,100,71,75,81,75,75,74,76,70,80,71,55,71,71,66,97,79,95,75,62,74,90,70,78,59,87,78,47,72,63,75,70,64,68,69,78,76,73,47,59,61,68,73,67,75,59,81,67,72,77,82,73,74,61,67,76,69,68,78,54,81,50,69,52,92,71,63,74,83,73,73,71,75,75,68,67,56,69,67,67,71,87,68,78,69,69,79,74,88,58,65,77,87,69,57,78,67,57,83,73,66,83,85,82,50,71,60,75,84,62,57,84,60,63,83,50,80,86,88,79,87,80,58,63,74,62,78,61,81,71,77,56,87,71,57,93,65,65,62,62,68,68,55,65,72,63,64,70,59,66,85,66,75,55,88,72,79,62,72,75,80,75,58,64,95,50,71,80,45,75,83,70,85,72,61,54,78,84,60,73,70,58,73,95,75,86,51,78,74,77,54,87,58,70,65,73,61,92,80,45,67,65,73,88,87,68,69,65,55,69,78,85,83,61,72,65,69,81,78,69,63,61,74,55,67,84,83,101,67,61,60,67,71,71,80,65,73,67,62,72,64,55,88,72,63,75,69,70,63,84,65,76,65,75,69,53,71,67,76,53,77,67,75,71,94,80,56,64,74,65,92,77,76,85,73,78,75,76,52,72,66,55,66,72,75,64,68,62,71,62,85,69,63,69,87,58,59,68,56,60,74,74,61,59,87,68,96,70,75,53,69,80,78,70,67,68,67,72,73,93,84,65,74,64,80,71,67,71,59,70,58,71,68,79,71,93,66,56,84,64,82,55,58,73,72,77,82,59,65,50,73,77,78,69,62,74,47,66,63,85,73,57,88,68,70,64,64,58,61,80,71,82,88,64,70,93,52,59,60,76,77,74,86,81,80,64,62,75,62,75,76,88,79,63,67,67,75,54,80,58,78,58,68,66,76,59,67,65,71,64,48,75,78,65,85,45,72,81,81,58
Gene2S_114,83,52,4,84,76,75,66,76,68,67,69,67,80,70,62,66,87,89,66,39,60,34,55,76,85,46,25,48,57,41,39,61,71,44,65,67,67,67,48,75,63,28,45,37,62,29,55,39,57,80,29,68,30,52,73,66,64,46,51,58,66,54,36,49,74,65,62,89,78,55,53,75,74,34,62,68,60,74,15,82,81,62,82,48,48,29,28,32,52,37,50,61,12,66,59,65,46,80,76,40,51,16,70,65,57,24,26,16,70,73,69,73,59,35,67,5,24,58,53,77,56,76,58,73,7,63,29,59,61,8,19,65,41,22,6,52,72,58,73,76,42,61,71,56,61,54,57,43,47,31,82,35,54,18,2,58,65,63,72,30,73,53,62,60,68,71,34,28,47,75,66,76,77,69,78,64,76,67,37,8,76,54,54,64,25,44,33,49,71,74,66,61,61,72,27,56,46,68,43,76,50,55,79,74,78,76,25,59,55,87,77,80,35,61,54,98,40,68,38,35,59,79,69,60,73,73,70,58,42,37,64,73,60,11,51,71,59,65,52,48,77,55,64,33,67,51,42,71,52,17,26,74,68,10,91,72,64,46,63,37,61,92,36,75,83,53,29,39,15,25,71,67,61,79,74,67,14,84,17,36,31,63,74,40,76,68,33,65,66,80,63,70,85,48,33,54,59,36,69,78,46,74,58,72,74,66,52,37,75,48,76,16,19,89,61,54,85,49,76,52,74,79,96,66,68,85,11,36,81,75,77,42,35,26,50,15,74,98,46,72,72,70,40,74,70,79,37,35,59,61,51,50,70,68,59,15,29,73,66,89,57,81,53,23,74,74,24,45,64,53,36,69,69,34,72,70,70,80,77,71,60,37,77,73,70,68,35,56,37,46,32,81,79,48,79,50,29,66,36,67,30,45,67,18,46,68,33,54,76,73,69,64,45,69,74,62,76,53,23,42,66,29,87,76,67,63,31,74,7,67,68,66,76,18,65,46,38,41,54,18,77,81,70,50,53,60,73,16,39,33,66,59,35,50,38,79,57,45,55,85,72,56,34,38,56,56,60,72,59,67,64,23,30,55,42,81,68,24,38,50,1,75,44,58,66,74,60,58,79,57,51,59,63,66,71,72,71,81,61,67
Gene2S_115,16,61,42,65,22,72,62,74,57,52,57,57,51,60,69,50,57,50,64,46,57,53,50,77,60,39,12,55,64,55,46,64,83,64,15,26,54,45,53,50,65,49,19,79,61,39,58,69,65,52,62,11,49,77,51,67,47,77,61,22,61,28,42,33,73,32,63,52,36,25,66,52,57,59,41,65,69,66,72,62,67,71,58,46,51,37,48,64,63,66,52,59,62,11,58,66,67,60,62,67,38,39,19,68,52,43,43,52,53,63,63,69,39,72,44,45,51,72,56,43,31,51,44,49,45,63,65,63,55,47,48,53,63,75,57,50,68,71,62,40,59,71,56,40,62,41,23,62,62,43,66,56,55,31,68,49,67,64,54,49,37,57,39,51,64,54,35,66,58,58,57,70,70,73,56,65,62,71,47,58,63,59,59,69,48,78,72,81,33,51,37,49,46,62,55,59,51,43,48,51,54,47,65,50,61,52,54,61,37,33,59,60,63,54,53,58,60,51,50,36,67,58,41,41,62,29,48,65,70,72,58,58,47,66,34,67,42,39,66,31,45,54,59,59,78,56,63,73,55,63,61,44,35,45,67,68,63,69,83,49,63,64,56,39,61,74,70,64,36,51,42,63,58,63,47,56,51,71,44,60,49,55,47,58,49,55,73,61,52,73,70,49,47,42,10,59,63,34,35,50,87,65,61,73,69,41,66,41,58,75,35,68,74,53,57,58,62,69,39,15,15,42,29,53,57,42,72,66,46,50,57,58,57,36,55,84,82,62,63,65,60,69,64,61,71,62,59,53,73,34,42,60,62,55,73,57,32,54,58,55,63,56,49,48,43,60,60,62,57,33,51,52,61,66,62,21,57,59,56,66,61,46,78,44,58,31,46,57,59,76,73,63,43,69,31,63,50,62,65,27,49,51,74,36,44,40,55,39,67,16,37,31,69,45,69,58,59,64,57,63,56,71,40,26,67,36,58,73,37,67,62,68,69,57,60,37,65,75,50,56,57,77,69,61,33,34,66,60,61,79,69,64,40,82,45,39,65,50,50,35,65,62,51,73,63,56,56,56,70,62,63,49,52,16,45,40,63,54,59,53,59,73,47,60,26,48,64,46,68,60,48,63,79,71,34,47,54,55,66,64
Gene2S_116,9,16,5,12,22,11,16,13,20,19,15,22,6,19,9,18,12,8,10,8,14,18,15,18,18,11,16,25,15,11,12,21,12,12,13,19,13,13,14,16,15,19,11,8,18,23,9,18,9,11,9,14,14,19,13,13,17,14,12,15,16,8,17,15,11,12,10,13,18,12,19,14,20,12,26,13,12,7,12,13,20,20,14,20,13,25,16,13,25,9,12,10,10,11,15,15,24,12,14,11,19,6,14,7,14,16,14,16,22,15,19,24,15,13,18,14,11,14,10,16,17,16,23,14,14,10,15,16,12,17,16,16,12,9,15,8,17,15,9,18,13,10,13,18,15,14,14,13,14,15,10,19,16,12,18,14,17,14,18,20,17,17,21,16,18,12,14,19,12,18,8,15,17,16,16,19,20,15,19,18,19,15,15,17,11,15,16,11,11,13,6,22,14,19,8,9,14,17,11,12,10,19,19,22,20,9,25,20,13,24,14,20,13,21,15,8,15,20,18,21,20,19,9,20,11,21,20,10,10,18,15,14,17,14,13,15,13,19,17,15,9,9,11,17,20,21,14,16,11,22,22,9,19,14,9,12,17,10,8,16,17,15,15,13,12,6,15,12,15,19,11,14,14,11,19,16,17,10,11,12,13,17,17,13,12,25,20,8,20,9,17,18,16,16,13,19,15,21,9,15,17,12,15,16,14,19,13,13,18,15,14,14,10,16,16,14,19,12,16,12,25,20,16,10,8,23,11,12,14,9,28,16,15,20,15,10,12,14,13,9,9,17,18,10,16,13,15,12,15,18,9,12,16,19,17,15,21,14,19,11,14,14,15,15,19,14,13,17,15,12,24,15,17,10,11,21,8,23,21,12,26,19,12,13,19,9,18,17,13,23,12,9,11,17,15,15,13,12,12,14,14,14,20,9,19,13,5,17,21,17,12,17,25,8,14,16,15,13,18,13,17,18,13,9,13,16,11,18,19,14,12,8,11,18,18,16,7,10,14,19,15,17,13,11,12,19,12,14,7,20,9,15,11,13,20,11,22,19,12,19,13,11,17,10,13,13,19,12,8,17,4,17,22,15,16,6,5,11,10,19,17,16,16,11,17,15,12,18,12,10,15,13,16,17,7,14,13,17,20,21
Gene2S_117,54,83,72,62,70,88,69,42,77,85,77,73,71,81,48,69,51,98,49,63,67,69,81,38,100,73,51,59,52,76,45,65,68,70,71,73,68,67,54,76,81,72,79,78,81,90,67,76,69,69,56,78,40,78,57,69,73,72,65,56,85,43,69,74,79,58,91,47,101,64,89,69,44,94,68,69,59,86,64,70,77,87,71,77,83,39,74,38,87,83,79,39,65,80,68,55,61,76,68,83,81,78,42,70,89,79,85,83,66,55,70,73,77,70,66,75,75,76,38,64,67,67,63,58,54,63,60,59,60,73,77,67,68,43,50,74,84,63,77,58,73,98,65,31,89,71,61,54,71,68,76,74,45,78,70,49,105,85,32,91,83,49,94,81,77,82,75,59,62,78,66,52,67,93,71,86,50,68,69,64,80,78,62,69,96,82,91,88,83,23,89,66,47,75,65,81,67,74,24,70,67,54,50,42,77,26,62,79,81,68,66,69,81,65,75,73,71,81,76,47,60,91,89,71,61,64,64,86,82,76,78,72,75,83,67,72,60,80,95,79,89,53,85,86,65,62,80,56,98,68,66,87,73,73,56,83,74,80,86,51,67,74,84,65,49,69,50,65,86,73,79,35,82,66,84,51,40,68,64,64,68,72,64,70,56,95,73,49,71,82,80,74,69,83,88,90,72,85,62,56,57,63,77,74,57,62,58,98,81,55,56,71,25,55,65,71,49,75,80,77,73,69,79,42,88,71,61,72,79,68,77,59,55,56,70,87,68,72,53,88,87,84,60,73,65,74,70,30,52,71,74,74,75,80,64,69,39,76,88,78,78,63,81,69,68,76,82,65,78,82,73,48,86,87,82,67,83,62,77,83,94,69,93,80,78,47,45,51,74,70,84,71,81,83,66,73,62,79,51,75,83,71,60,62,59,84,64,53,75,59,79,81,69,89,68,73,84,74,64,97,53,85,67,53,62,86,50,77,90,87,79,64,47,87,69,75,62,91,65,75,81,66,52,70,68,61,63,84,88,47,56,82,60,70,85,59,53,64,66,41,112,82,27,65,78,80,61,59,79,82,75,71,89,43,75,76,50,47,62,74,72,64,71,81,76,76,78,81,87,62,74,62,72,66,54,84,70,60,73,71
Gene2S_118,14,31,47,32,29,34,32,28,34,24,32,29,32,28,27,32,30,33,32,27,25,31,25,23,23,34,36,33,26,38,31,34,29,28,22,27,36,36,27,26,16,28,30,29,29,27,34,28,32,29,32,37,39,41,23,32,23,38,39,23,26,31,34,35,30,20,25,35,34,34,34,38,25,30,24,30,32,32,29,29,38,24,29,30,27,27,25,25,30,34,27,36,33,22,24,30,31,26,24,19,30,18,25,33,29,34,25,30,22,31,35,30,37,22,26,49,34,33,27,41,29,32,20,37,18,21,29,31,34,39,31,30,33,29,31,33,22,23,17,36,28,21,26,24,30,37,31,35,42,34,26,35,27,36,28,29,24,29,23,35,28,34,34,29,26,33,35,23,30,35,35,25,30,32,37,36,33,31,34,32,21,34,35,32,43,25,21,30,28,34,32,31,14,29,39,33,19,33,32,24,26,31,24,33,31,31,43,23,30,35,25,23,37,21,34,25,36,30,34,29,32,27,25,33,29,34,36,37,28,36,27,42,36,30,15,41,38,22,28,23,25,33,28,28,33,35,30,32,36,31,28,41,35,36,31,16,31,33,28,34,34,37,28,29,36,37,31,37,42,35,26,25,33,36,32,30,21,32,30,26,17,28,31,36,31,25,27,29,27,25,29,34,38,30,32,35,39,27,25,34,26,38,35,21,31,28,35,27,23,38,31,34,34,31,31,24,27,41,30,21,37,23,38,22,36,33,26,27,29,33,27,26,30,30,30,33,30,29,31,35,28,26,40,29,37,44,27,21,34,27,39,29,34,37,21,19,22,37,37,40,22,27,32,16,23,27,20,34,33,41,25,24,24,41,44,42,30,36,31,25,20,39,25,38,20,26,36,23,30,26,31,30,26,14,32,24,32,31,22,34,30,31,30,23,27,32,37,28,20,30,25,32,38,36,38,23,18,21,30,29,41,24,33,37,35,36,25,38,23,22,29,38,24,31,35,38,42,30,28,24,33,28,38,36,32,34,34,41,38,42,28,24,40,31,32,19,26,30,46,23,31,36,25,28,39,25,37,26,29,27,28,29,32,35,38,21,39,27,31,27,43,42,20,17,19,23,37,40,36,29,37,22,23,40,42,29,40,26,29,25
Gene2S_119,10,17,13,16,1,13,1,15,15,16,8,6,10,8,14,16,9,4,10,7,13,10,5,7,7,11,2,10,10,8,14,9,14,11,13,13,14,18,5,4,6,13,8,12,15,13,8,17,7,9,4,7,5,7,13,11,11,7,3,6,8,7,4,13,4,1,10,7,7,10,13,5,10,6,12,10,12,15,11,10,11,13,9,11,9,6,12,9,11,7,14,6,8,7,8,12,3,14,8,6,6,10,10,11,8,13,14,4,18,15,1,7,12,22,1,5,9,11,11,4,11,13,10,12,8,1,6,22,12,8,5,10,11,3,3,3,16,10,2,10,3,13,7,13,8,10,5,16,14,11,9,7,6,8,12,6,6,9,16,4,3,12,12,3,2,10,9,10,14,10,7,12,6,7,12,12,17,12,4,16,4,10,14,14,9,0,3,6,8,9,10,1,13,7,14,11,5,11,15,6,6,11,7,6,5,11,10,8,12,5,13,2,12,9,13,0,3,14,7,7,13,5,14,15,8,1,18,6,18,12,13,8,4,2,13,11,5,4,3,14,8,4,4,16,14,19,12,2,15,6,12,8,6,8,11,13,10,12,2,11,7,12,6,0,3,12,7,11,10,3,8,14,5,6,9,4,12,15,15,14,7,12,9,9,10,11,7,1,7,8,4,15,13,2,9,8,2,10,16,12,10,17,8,7,4,7,13,0,9,4,9,5,3,3,11,11,8,10,17,14,7,13,13,8,18,1,14,7,22,5,17,15,3,12,15,6,12,2,8,16,6,6,12,14,3,11,17,12,11,4,3,5,7,11,14,14,12,12,6,10,6,9,7,3,3,14,15,10,12,10,10,23,7,12,17,12,5,3,19,3,5,24,8,9,14,9,16,7,1,13,17,9,6,5,11,8,11,11,9,22,15,8,9,4,16,16,11,10,14,9,12,11,17,1,14,4,12,9,5,5,1,12,6,11,12,6,12,8,12,10,7,2,1,10,8,4,5,9,13,6,11,14,15,16,10,9,5,4,12,14,8,9,12,4,3,4,4,11,16,8,12,10,12,11,11,16,1,9,15,0,10,3,9,6,11,12,7,11,9,8,4,14,9,12,9,8,10,0,15,10,12,13,6,10,10,13,6,5,16,12
Gene2S_120,83,78,72,89,61,82,46,63,69,82,77,72,85,63,98,83,36,91,68,77,87,80,73,70,64,91,74,78,78,59,82,73,72,78,73,95,79,75,70,73,81,94,75,68,63,82,92,72,79,76,87,77,69,57,63,76,100,89,61,80,76,53,85,48,85,80,92,74,49,86,101,84,80,95,70,88,69,83,72,73,69,80,72,64,78,83,87,79,94,54,90,82,87,86,76,94,68,93,98,63,91,92,77,33,95,37,105,88,97,72,67,85,93,61,97,60,97,92,72,66,86,71,57,68,83,66,56,93,82,94,74,68,75,83,87,74,59,56,81,62,81,61,74,72,82,96,56,68,74,87,72,84,66,69,91,83,71,58,76,67,93,64,87,81,70,64,71,67,100,33,89,89,89,77,101,104,83,66,78,46,64,79,76,82,78,67,90,78,43,76,88,75,86,76,84,68,67,81,81,88,79,70,96,80,48,86,74,72,69,41,76,71,105,91,46,72,53,79,82,101,84,81,58,86,74,78,52,91,80,81,58,78,87,76,84,70,92,93,87,66,89,99,51,93,82,80,107,66,91,81,90,89,106,87,61,43,54,45,85,77,98,47,58,79,95,104,80,79,83,90,95,88,64,77,97,65,75,73,102,74,84,70,84,86,81,67,74,76,80,85,74,82,80,91,90,80,71,71,86,58,65,85,42,92,61,91,82,75,78,89,51,81,76,93,88,80,54,97,78,82,56,63,87,82,82,96,71,101,65,62,74,111,75,86,69,89,49,98,73,81,80,93,82,56,79,81,75,92,70,90,72,57,63,64,80,76,81,71,83,73,89,75,81,54,85,55,94,85,83,77,89,68,83,51,79,52,81,88,73,77,92,73,74,80,79,59,84,93,89,37,70,71,80,66,73,76,89,59,84,81,68,77,82,83,86,78,104,88,101,86,73,103,99,82,87,84,75,52,83,96,83,92,80,93,79,68,84,92,96,65,83,80,79,37,72,73,58,87,77,85,92,94,74,79,73,78,59,101,88,59,87,84,95,71,62,60,96,94,115,53,60,92,99,94,83,81,47,55,84,72,67,93,92,68,75,53,64,61,54,99,96,82,74,88,85,80,87,76,52,82,63,94,78,87,89,73,62,86,78,85
Gene2S_121,70,67,77,59,70,66,68,83,59,60,56,75,57,68,68,75,45,69,71,66,60,78,44,55,69,49,58,61,35,62,71,67,62,69,56,38,73,81,34,69,82,55,52,88,77,48,79,62,64,61,48,72,73,67,72,55,67,85,60,51,72,71,60,36,64,59,58,78,65,42,75,63,62,81,76,81,49,62,66,58,75,88,33,71,29,74,55,60,69,73,66,45,57,57,53,66,67,61,63,74,40,63,81,75,64,60,67,76,42,69,76,92,88,48,51,48,66,50,57,80,57,69,71,68,72,89,58,62,57,68,84,59,59,51,78,65,50,50,71,75,50,64,16,70,66,62,52,53,44,48,62,72,25,70,81,80,81,74,71,65,45,64,71,67,58,61,76,54,58,68,64,66,81,90,71,75,57,54,64,58,64,64,64,77,81,67,66,76,80,62,68,61,64,59,47,84,43,81,43,73,59,67,72,74,79,44,65,32,55,78,63,46,58,88,33,76,88,64,51,63,63,86,64,71,18,81,55,52,84,74,74,57,68,60,56,59,51,48,71,59,72,54,88,61,60,73,67,78,73,62,71,47,93,81,58,57,51,41,70,33,48,60,7,75,72,64,74,62,85,43,50,71,65,74,47,58,37,70,59,67,31,61,73,19,67,62,73,74,58,59,36,74,56,80,67,46,77,55,46,70,65,51,38,60,43,70,52,72,74,63,38,51,48,59,61,87,66,85,78,65,80,66,42,54,76,66,42,69,83,77,63,63,59,57,63,64,68,62,62,55,69,78,70,54,63,55,60,73,66,73,66,61,68,61,55,48,66,60,69,61,73,68,68,80,74,73,30,85,93,54,78,66,67,55,56,69,66,65,26,78,50,59,72,77,54,59,63,73,57,60,74,68,61,69,75,59,68,83,79,53,64,80,63,82,86,66,77,70,78,49,26,60,67,65,53,73,52,88,50,64,76,49,81,56,70,52,81,76,66,56,67,74,69,64,62,71,68,45,53,61,73,84,57,83,73,70,65,74,75,70,70,75,68,83,52,81,67,48,67,66,60,57,61,72,57,72,72,67,69,74,51,72,73,44,67,63,68,78,80,72,29,53,68,51,46,57,75,69,43,65,65,51,74,88,63,70,66,73,76,68
Gene2S_122,53,59,49,45,41,39,55,57,66,61,65,44,59,49,70,64,59,39,47,61,58,52,59,47,82,66,52,68,55,65,54,69,72,67,60,58,57,43,53,71,57,66,48,56,44,51,65,47,60,64,65,42,38,62,49,44,61,63,63,54,65,48,71,60,67,48,68,55,51,68,77,43,61,49,50,62,59,80,59,58,54,70,62,45,55,48,48,65,54,43,54,64,66,48,54,56,48,46,49,59,63,62,75,71,55,60,60,60,48,70,43,49,54,43,78,51,50,53,49,31,69,55,51,51,53,71,53,64,54,58,53,23,63,70,66,56,53,67,69,63,56,68,50,65,46,65,31,67,57,43,59,47,45,50,58,47,46,70,64,46,59,52,42,52,53,51,66,48,58,57,52,74,43,52,76,49,49,57,53,62,44,12,62,60,60,68,33,74,50,62,59,55,50,51,42,41,44,73,66,54,62,72,45,60,52,58,56,56,68,59,53,34,54,39,58,69,69,61,45,50,64,63,48,39,63,53,51,46,63,42,68,53,52,72,65,58,43,56,23,50,65,54,30,31,56,57,44,49,66,75,44,44,53,48,67,55,48,50,60,68,59,26,52,83,54,68,66,78,42,56,57,72,48,45,57,22,56,39,52,43,47,52,48,65,68,60,26,30,67,56,74,56,77,67,54,57,64,52,42,64,61,33,53,47,59,34,28,49,56,67,34,69,63,77,46,66,36,55,57,59,49,52,51,67,59,65,51,39,74,52,37,56,64,44,65,46,65,59,51,62,45,76,57,59,59,48,48,40,67,51,53,63,22,62,45,61,65,31,69,55,71,76,47,44,67,64,76,42,33,37,61,63,66,45,33,44,58,60,59,66,40,49,30,65,68,50,53,56,55,52,58,60,59,67,64,49,53,59,65,71,29,63,52,66,66,73,51,66,62,68,40,60,46,50,48,48,76,67,77,57,46,60,58,48,74,36,74,49,73,53,50,54,48,54,57,65,52,63,70,66,52,55,46,48,57,50,55,41,63,47,61,54,57,74,62,54,72,53,52,53,73,57,56,48,58,54,55,45,45,58,55,46,52,60,60,65,63,59,71,64,76,45,58,55,60,50,63,62,63,59,41,61,53,58,54,65,49,46,60,67
Gene2S_123,33,36,41,34,38,37,28,37,28,36,41,31,32,29,28,40,40,34,32,29,40,31,33,28,44,32,38,29,29,46,43,52,30,36,31,34,30,34,35,38,33,42,33,37,27,43,31,36,23,39,26,30,30,39,24,47,46,43,26,32,52,35,38,41,43,40,38,44,43,24,29,44,37,35,33,31,36,29,32,29,26,26,37,34,34,34,25,38,36,31,41,29,32,30,32,41,39,34,29,32,38,35,29,29,46,43,31,37,39,23,47,31,38,30,36,42,28,30,39,29,35,46,47,30,34,30,40,42,33,32,37,28,35,36,39,39,43,28,47,41,29,38,41,40,37,41,30,36,49,40,37,31,38,33,49,32,41,25,33,31,37,27,35,36,40,32,28,26,33,25,32,29,55,30,35,34,38,28,23,42,39,43,38,46,35,44,32,36,26,37,45,32,40,32,33,38,43,22,39,25,38,36,38,36,33,40,30,29,29,28,26,42,47,35,46,39,29,33,31,36,34,41,23,35,35,36,30,44,23,28,33,35,17,37,37,42,28,34,48,33,31,33,37,30,38,34,36,38,39,40,40,30,27,37,36,28,37,29,29,33,33,24,37,38,34,33,31,23,28,33,29,39,38,33,30,51,31,50,29,31,27,35,36,39,35,27,35,24,38,45,36,35,35,29,27,27,32,38,38,33,36,37,41,26,40,27,31,32,28,20,32,46,28,28,43,30,27,44,35,45,24,30,44,30,38,29,35,30,33,43,31,41,46,23,32,37,38,35,38,24,39,38,38,36,43,35,29,30,32,28,37,36,33,39,44,41,40,35,36,36,42,34,29,28,27,40,30,33,29,31,27,41,38,30,35,30,43,34,29,41,42,35,31,41,42,23,26,30,51,30,26,32,41,24,38,35,23,33,32,25,46,26,32,30,27,32,37,28,33,33,39,36,24,30,20,29,42,40,27,27,45,35,41,36,33,39,26,15,34,26,35,27,41,33,39,38,34,27,35,24,39,25,30,32,38,36,34,34,36,40,37,27,31,30,32,27,36,36,45,33,32,41,42,28,37,39,33,34,31,39,35,24,28,35,24,31,40,36,35,35,33,38,25,27,30,26,44,34,31,35,34,38,41,32,35,38,38,20,25,31
Gene2S_124,20,13,8,14,8,21,14,23,15,17,7,12,9,12,7,11,14,12,6,10,8,11,14,17,12,16,6,8,11,16,11,14,6,0,7,12,12,8,8,12,9,17,11,17,15,12,10,17,6,14,5,12,16,12,14,7,6,12,16,8,17,13,14,15,16,18,12,13,12,12,16,9,14,2,11,12,19,10,7,13,9,16,12,17,10,18,14,17,6,11,14,15,8,6,14,10,13,7,9,17,10,12,8,14,11,5,13,17,12,16,11,12,11,1,13,14,11,13,8,12,11,13,10,14,11,7,13,15,5,11,15,24,10,14,15,14,24,19,11,11,16,11,9,11,11,9,12,11,14,11,7,11,14,11,5,4,8,16,9,3,5,13,6,14,8,10,9,15,5,10,6,13,15,3,15,18,4,11,12,11,14,15,11,19,6,14,17,8,16,10,11,12,10,9,19,11,14,13,13,15,6,23,6,5,14,9,3,16,8,5,18,16,10,12,17,13,11,8,10,10,14,14,13,18,8,12,13,12,17,12,14,17,15,8,11,8,9,10,10,13,18,6,10,10,11,6,10,12,13,14,10,8,8,8,15,13,7,8,12,18,10,8,11,18,13,10,6,12,10,6,7,14,5,13,10,10,21,5,15,12,9,5,11,12,11,8,9,12,9,4,16,13,4,17,13,12,8,14,10,11,15,12,20,18,5,15,12,16,6,4,13,10,9,11,17,14,17,10,10,7,12,9,7,10,14,9,10,13,12,14,11,13,8,5,15,12,10,8,15,13,6,17,11,5,10,10,11,16,11,5,11,7,7,12,3,10,14,12,10,6,11,8,11,12,10,6,12,13,22,9,9,10,16,14,16,7,15,8,15,10,11,8,9,10,14,2,6,14,7,10,17,14,13,5,8,7,12,10,10,16,8,12,16,15,13,13,13,10,6,14,4,14,5,2,9,6,3,9,6,8,13,9,15,16,10,11,12,11,12,0,12,9,3,11,12,13,11,9,12,16,5,11,10,9,6,6,15,9,13,6,8,7,12,12,8,18,0,11,9,13,13,15,11,5,8,14,11,8,7,13,12,13,16,13,13,14,5,4,14,14,10,7,11,13,9,16,7,11,8,15,11,11,7,5,18,12,4,14,14,14
Gene2S_125,20,16,23,17,10,17,17,19,1,14,7,12,7,16,18,6,17,11,16,16,6,15,1,6,7,10,14,20,18,19,19,18,9,24,15,8,20,9,19,17,14,22,19,1,11,14,22,21,22,6,19,17,15,14,13,19,16,4,7,11,19,5,9,10,8,3,3,9,12,17,12,12,14,6,18,11,23,1,14,9,23,2,4,17,18,15,6,12,14,12,17,18,23,6,10,15,6,10,15,15,12,15,11,8,9,7,12,14,14,25,2,4,10,29,11,11,14,8,17,11,12,10,16,24,0,8,10,19,13,7,11,23,19,19,9,18,20,7,19,13,8,6,22,34,22,15,17,19,14,9,8,22,3,25,7,12,23,12,8,14,14,19,13,14,4,25,6,24,20,18,14,5,8,9,15,10,9,12,17,14,9,11,22,14,16,18,12,17,19,14,10,21,14,10,20,1,9,4,21,16,18,16,15,17,10,21,8,25,2,21,17,12,16,15,21,22,15,16,5,23,22,20,22,9,12,12,4,11,9,19,15,19,17,11,14,19,22,6,19,14,14,20,20,17,18,8,20,14,10,10,11,10,19,17,21,12,3,7,21,14,21,10,2,9,18,14,18,16,8,8,5,16,15,3,10,13,19,20,19,10,9,16,12,11,22,19,12,16,20,17,17,11,10,16,14,13,10,3,2,20,14,17,15,19,21,11,15,10,21,14,19,14,10,17,16,13,20,6,18,17,10,20,31,18,25,18,15,7,14,10,13,10,14,14,15,13,4,6,16,22,13,13,8,8,19,15,15,7,10,22,10,8,13,7,15,15,21,10,0,23,6,20,0,4,10,24,10,8,3,18,17,22,7,27,21,24,17,22,21,10,21,13,17,7,17,16,13,18,24,16,21,15,19,12,9,6,16,15,21,23,15,20,4,11,2,11,8,17,21,12,11,18,21,5,8,11,3,12,19,3,17,8,17,10,16,14,2,18,17,6,2,16,13,15,19,20,14,14,17,18,0,25,15,13,1,9,21,7,21,9,19,11,15,19,16,11,11,13,3,9,10,0,22,21,1,19,20,14,21,18,16,17,14,15,15,2,16,11,6,11,14,17,16,10,13,25,9,10,11,7,11,10,22,10,18,13,21,23,18,18
Gene2S_126,6,17,6,12,8,10,5,10,7,14,13,12,14,6,19,17,16,9,10,13,8,8,19,13,12,14,21,11,10,17,14,13,16,14,11,12,7,13,13,12,9,5,4,1,8,14,9,6,18,17,12,12,17,5,10,7,7,13,19,9,11,7,10,19,16,7,9,16,7,9,7,15,13,7,8,12,15,9,5,22,10,12,13,10,9,14,10,10,8,9,14,18,15,12,6,8,9,14,2,20,14,7,11,14,8,5,14,3,16,10,16,7,18,11,11,12,10,10,7,10,15,13,16,8,10,15,11,11,16,7,16,4,8,12,10,6,7,7,9,12,11,8,8,5,15,14,15,11,18,10,11,8,3,12,21,11,17,7,9,14,9,18,5,9,12,9,9,11,8,8,13,12,6,16,13,8,10,4,14,4,4,17,13,15,7,7,7,13,21,14,10,11,14,7,13,9,8,6,11,13,14,19,14,12,5,10,10,8,15,14,15,12,5,11,11,20,11,11,10,7,14,12,19,7,14,8,5,13,10,11,13,11,22,8,12,7,13,13,6,10,10,8,13,10,7,14,7,8,12,9,12,15,9,8,5,9,8,10,3,9,5,11,9,5,11,9,8,17,10,11,14,6,11,12,13,7,10,8,15,16,6,13,7,7,16,7,10,10,15,7,10,16,16,11,15,4,10,14,13,11,6,9,11,16,8,5,8,5,7,6,9,16,6,4,11,11,8,12,10,14,10,14,4,10,3,12,10,13,13,18,5,16,16,9,19,6,7,4,14,15,12,12,17,18,9,15,13,7,18,7,11,12,10,8,15,9,15,12,9,9,15,10,7,9,14,7,8,16,11,6,12,13,9,6,9,7,11,12,11,12,20,8,12,14,12,10,11,18,11,13,5,5,10,10,9,7,17,17,10,16,10,7,9,14,10,15,4,15,21,11,11,4,15,18,10,3,7,14,10,11,7,10,13,13,8,9,9,13,14,17,7,11,12,4,14,13,10,5,14,9,10,8,8,7,13,12,9,2,14,8,14,17,9,11,9,13,5,8,16,11,9,14,16,5,13,13,10,17,15,11,6,6,9,12,13,5,9,9,10,8,6,13,9,18,11,5,7,18,14,5,9,5,12,11,6,8,9,15,2,6
Gene2S_127,24,29,15,20,24,30,27,22,29,27,28,28,23,34,26,27,31,37,26,22,25,15,30,25,33,24,33,23,26,27,24,31,26,29,23,38,28,23,32,28,26,23,21,31,26,30,22,29,32,20,17,27,23,21,22,30,27,23,25,29,27,26,23,28,21,30,24,26,24,31,24,17,27,13,24,24,33,20,30,28,28,18,22,15,21,24,35,23,27,17,20,26,28,24,21,19,35,17,25,26,25,15,33,18,24,25,19,26,27,33,12,24,25,18,21,27,23,22,38,18,26,18,29,22,28,33,21,26,32,24,27,32,26,24,24,26,21,28,31,23,22,19,27,36,22,18,24,35,20,24,32,36,27,23,28,14,29,27,27,19,19,29,18,32,25,20,28,19,27,29,28,29,19,19,25,27,31,21,24,27,24,26,21,23,27,24,22,24,22,18,24,22,28,27,31,40,33,26,28,22,22,29,21,32,30,22,32,20,35,17,21,26,30,35,18,18,23,24,26,20,31,27,24,28,30,24,32,22,29,22,21,32,35,22,27,21,28,31,21,27,29,30,32,29,32,15,26,27,19,24,32,26,17,31,38,25,27,26,27,23,23,22,20,33,28,26,22,14,20,26,28,22,28,28,27,23,28,26,31,30,29,34,19,42,32,21,19,22,23,18,32,28,20,37,35,21,22,22,22,19,30,23,30,25,24,23,32,26,25,21,28,29,20,28,27,25,24,27,32,29,23,18,21,29,26,27,24,29,20,15,25,19,16,34,30,25,28,11,17,24,24,28,41,26,23,25,25,25,29,26,17,23,34,27,34,21,27,21,25,20,21,21,27,29,31,24,29,15,21,21,23,39,22,25,19,25,30,30,31,18,17,22,31,34,30,28,23,18,23,28,29,29,28,19,36,20,23,25,18,26,23,28,26,32,23,19,23,17,25,23,29,24,38,22,17,14,22,18,25,28,31,21,21,30,20,29,27,20,28,24,26,36,22,26,28,29,23,19,22,29,36,21,31,25,28,29,19,22,35,21,30,26,22,22,19,29,25,24,26,37,14,33,31,24,24,17,24,28,20,25,25,30,29,30,38,20,31,20,21,28,27,23,18,29,26,22,28,29,26,26,31,25,34,23,36,32,16,28,27,17
Gene2S_128,143,140,119,92,106,115,131,134,120,113,127,116,114,83,114,130,137,100,130,134,130,141,110,123,131,116,146,135,106,142,126,129,133,124,108,124,124,103,109,83,139,121,106,112,114,123,136,144,137,130,95,136,132,145,115,106,129,140,108,132,117,117,122,132,112,134,113,98,134,122,117,91,135,130,130,104,115,130,93,131,116,110,102,116,135,135,120,124,94,106,138,140,157,106,125,112,126,134,145,120,136,114,126,108,126,138,133,94,144,112,116,105,129,102,129,79,127,123,135,143,104,113,128,133,108,144,133,103,75,148,126,137,99,136,127,132,115,144,139,142,129,132,114,112,127,127,140,116,119,110,124,55,101,128,151,99,117,115,133,115,118,146,119,153,118,130,102,151,125,141,125,121,114,119,135,133,136,121,113,114,93,156,97,134,122,128,135,133,113,115,120,130,102,167,136,123,105,126,142,118,131,129,132,124,125,123,126,123,166,106,112,116,141,134,129,103,129,123,125,119,92,113,144,115,148,124,96,130,119,117,100,141,109,145,136,144,110,113,117,132,124,123,106,120,131,148,128,112,108,108,139,141,125,123,114,129,131,124,107,131,118,130,130,119,131,130,138,123,117,136,113,131,142,116,129,141,108,104,122,138,129,120,101,89,111,134,126,120,133,109,107,96,128,147,101,114,139,76,115,91,107,116,122,119,121,122,117,133,135,123,132,115,136,147,140,132,124,125,100,122,139,130,125,115,133,136,142,130,103,114,148,120,121,125,141,131,103,117,75,101,135,119,88,124,134,95,122,131,122,127,136,124,115,109,141,120,135,115,124,125,133,141,148,141,122,107,92,129,120,118,105,99,130,140,92,135,97,134,118,143,118,109,121,145,133,155,95,128,134,138,153,128,123,125,117,143,86,108,104,105,126,108,113,124,109,71,114,115,121,148,116,144,118,118,125,152,80,147,142,125,122,120,110,120,128,115,115,108,96,134,140,127,133,117,136,130,128,124,123,122,147,141,117,146,103,121,101,123,127,110,131,109,133,112,144,118,118,99,120,132,111,127,103,123,116,92,96,134,125,124,117,101,131,130,122,139,109,132,121,141,113,108,129,128,70,130,111,113,119,129,131,119,122,81,127,118,128,105,139,127
Gene2S_129,35,52,61,37,56,51,50,50,38,48,34,45,52,47,48,23,43,63,37,55,60,40,42,36,50,54,34,53,38,53,46,34,38,41,47,49,43,41,41,40,49,53,44,47,48,46,42,49,53,43,48,60,30,44,53,55,38,51,45,46,54,42,39,62,48,38,38,38,36,48,41,53,60,40,50,33,44,63,48,45,56,52,35,56,35,34,48,48,57,32,44,44,44,55,47,59,36,30,40,50,41,56,51,37,48,46,37,50,54,44,49,39,41,52,51,43,55,51,50,37,52,46,40,46,41,45,42,43,60,39,49,36,53,47,48,44,38,58,40,39,49,49,44,39,39,45,51,50,43,36,54,66,45,49,55,42,50,46,47,53,61,45,40,51,42,24,39,46,56,43,49,55,51,48,44,40,49,39,22,36,25,56,52,46,45,48,44,55,44,46,44,36,35,34,30,48,43,58,52,57,36,25,50,40,50,54,25,40,46,40,53,46,29,46,43,29,43,46,63,50,46,32,58,20,37,36,44,45,38,28,37,32,56,48,43,51,51,40,42,56,43,43,38,41,48,60,52,44,46,59,36,35,54,51,40,40,49,42,53,47,46,43,56,36,43,48,45,44,51,36,46,36,38,44,61,37,28,34,65,46,22,39,48,40,42,42,51,62,47,52,56,44,53,51,49,59,36,49,48,51,45,44,38,49,53,42,42,41,45,32,41,38,46,51,49,43,41,40,40,41,49,43,21,60,53,47,43,60,44,43,42,51,54,39,44,65,35,38,53,62,38,45,57,47,51,45,50,43,50,50,46,42,43,48,41,34,53,40,50,29,45,47,43,44,38,46,50,47,46,55,36,57,52,44,47,52,54,46,50,46,57,41,47,44,41,44,67,36,53,65,47,58,37,35,47,59,52,45,48,39,55,34,53,54,40,44,46,54,49,43,44,38,30,35,38,51,54,34,23,33,41,57,52,44,52,47,40,52,47,41,47,43,52,40,42,53,57,42,41,44,30,51,40,56,44,35,44,53,50,42,66,46,49,28,26,41,36,44,44,33,43,36,52,52,55,41,41,48,37,41,51,37,49,39,46,40,44,45,50,45,52,53,51,40,47,39,51,37,37,39,55,51,48,46,41,65,64,43,50,50
Gene2S_130,52,127,108,54,64,95,39,86,76,62,74,45,104,94,137,95,48,72,89,125,96,123,99,112,128,108,112,108,61,91,70,35,126,54,134,121,109,93,86,43,25,81,132,98,27,78,79,130,109,104,115,113,158,117,68,83,53,84,129,114,103,128,90,124,73,102,115,67,74,108,137,130,110,105,107,97,116,67,39,116,106,71,71,62,122,84,74,107,78,123,62,104,92,117,116,37,93,114,22,93,124,105,104,137,94,81,77,127,106,44,108,84,42,102,130,128,65,120,123,102,102,51,96,124,55,124,111,98,98,84,97,136,101,43,105,115,65,103,102,97,84,117,87,115,91,76,81,116,62,118,91,104,110,118,116,102,131,109,99,121,107,103,127,106,115,78,103,118,105,90,114,100,96,98,122,98,128,57,107,75,122,112,92,92,89,123,120,110,103,123,77,58,136,55,108,112,54,112,39,106,91,91,101,114,83,110,120,116,92,85,113,99,116,94,117,100,43,119,125,102,92,120,85,107,87,124,82,49,88,104,58,96,79,103,101,113,51,119,69,118,94,89,48,128,113,115,52,91,48,66,87,53,99,127,77,127,52,118,105,28,101,38,105,47,142,113,99,125,82,128,107,94,106,104,108,134,107,74,102,92,109,108,118,89,83,114,115,120,130,50,106,84,52,107,106,116,56,99,102,117,91,125,125,102,97,110,103,55,63,86,15,135,75,67,42,55,133,117,61,100,121,132,115,124,67,86,8,114,42,122,113,59,102,92,25,102,97,87,48,116,64,85,129,52,132,79,90,43,130,89,67,46,105,67,135,116,81,82,114,110,80,117,101,123,57,95,44,122,109,100,37,102,67,102,80,81,98,99,108,91,80,52,121,83,54,74,121,50,100,140,85,113,87,46,66,110,50,109,92,84,107,108,101,43,108,89,123,54,90,84,133,112,86,85,69,38,108,54,80,75,70,87,113,143,114,132,121,91,94,113,105,109,90,115,89,122,113,90,30,60,146,124,103,118,81,101,81,135,80,83,111,112,98,116,132,97,88,82,101,114,109,82,126,105,105,78,110,88,98,98,110,24,111,104,112,121,56,108,118,102,98,102,96,124,130,131,59,119,114,108,111,78,75,132,80,95,57,102,97,104
Gene2S_131,61,71,71,56,59,73,62,61,57,56,61,59,73,51,56,66,65,62,67,73,50,65,60,60,61,61,72,69,62,68,53,66,39,55,54,67,56,53,72,41,47,75,61,68,54,56,65,58,66,54,78,52,55,59,58,60,59,67,54,60,54,63,70,65,57,62,63,54,70,62,66,59,56,47,55,58,52,52,78,61,46,63,46,62,51,45,66,61,52,68,53,54,59,62,73,47,58,69,68,47,49,64,57,62,64,64,54,61,63,62,57,71,56,53,63,64,53,68,49,67,68,50,60,57,71,63,65,57,54,46,66,62,58,58,61,68,70,43,53,70,68,64,56,60,66,65,60,46,40,57,79,50,54,47,48,52,64,69,53,64,54,52,48,69,54,58,59,56,49,56,71,46,58,70,56,55,70,54,55,51,59,42,61,50,51,50,51,44,62,47,61,70,49,54,72,53,57,65,63,53,51,36,61,82,85,56,71,65,37,48,58,52,61,54,53,50,74,73,68,51,54,47,50,55,65,55,59,62,66,65,52,75,72,41,38,57,43,66,66,59,62,57,66,58,66,78,49,54,58,71,57,56,54,64,61,37,55,64,63,42,47,58,58,60,52,50,56,56,64,63,61,62,37,57,72,55,71,78,45,52,60,63,50,49,68,56,57,74,40,65,65,75,53,70,48,73,62,71,55,63,62,64,51,70,50,67,55,67,42,53,59,65,55,70,59,74,56,55,49,65,63,62,71,48,60,64,47,53,71,60,59,76,58,63,40,46,60,71,54,60,63,52,47,79,68,56,48,49,61,67,60,46,63,62,65,63,54,57,60,48,61,63,58,43,71,52,53,71,57,62,64,52,57,60,51,35,62,66,58,50,63,59,56,74,47,53,56,69,66,54,69,44,58,61,65,63,58,62,56,56,48,60,66,47,61,52,65,62,67,65,73,60,57,58,56,68,64,48,67,69,60,56,69,56,53,68,53,50,50,52,58,63,66,53,65,51,64,62,61,59,52,61,61,66,51,72,63,56,71,61,59,60,54,66,65,52,65,54,54,59,61,61,65,50,46,58,62,54,54,61,54,70,65,70,55,47,72,62,58,68,62,49,56,63,53,63,59,61,51,75,63,53,56,64,61,61,56,58,58,57
Gene2S_132,162,129,160,152,124,139,148,143,125,145,147,140,117,123,127,141,142,139,131,95,135,139,104,143,122,128,143,93,133,99,123,153,130,171,136,137,144,125,141,149,107,146,135,134,106,161,135,117,128,121,124,117,165,124,140,134,126,111,133,129,138,98,124,134,143,151,139,122,142,140,117,142,124,123,145,126,151,135,116,159,129,125,126,120,126,154,117,144,153,130,116,137,138,139,123,142,134,130,125,127,129,133,146,152,122,82,127,147,134,110,151,115,85,147,117,157,125,147,123,141,128,151,116,127,121,94,136,137,138,131,141,140,130,146,161,152,125,116,122,103,156,131,141,161,129,145,146,141,119,140,131,115,129,144,142,139,111,129,136,139,143,147,125,142,124,149,148,130,100,129,137,128,123,98,133,144,149,138,145,127,141,144,147,153,126,137,127,160,143,146,132,134,131,126,117,140,127,144,135,127,120,144,123,122,125,141,149,152,135,143,150,136,139,134,136,141,148,126,149,131,149,129,132,157,138,99,128,115,140,116,118,143,112,145,138,153,153,132,139,157,127,114,89,138,116,111,129,144,157,140,159,136,110,135,145,144,139,120,106,135,159,151,139,130,154,147,129,108,136,142,106,128,138,141,128,137,137,143,132,140,115,144,118,121,145,119,116,114,154,153,146,145,141,133,132,117,138,141,103,145,101,133,129,130,142,147,117,119,109,148,142,127,115,159,127,104,127,156,143,134,126,129,156,168,138,138,119,156,92,140,134,124,140,143,140,137,141,149,133,127,127,158,141,155,141,120,132,143,167,137,155,127,124,117,131,147,144,117,175,80,130,114,133,130,132,155,125,136,117,142,135,118,137,131,111,139,131,89,145,142,146,132,160,144,139,133,129,137,136,120,119,131,141,94,144,137,117,130,135,139,140,129,148,165,121,128,133,134,129,146,148,138,150,120,145,134,140,163,144,142,142,149,140,128,144,126,123,152,146,131,150,153,131,153,135,149,137,109,129,100,139,131,143,150,118,130,155,148,110,144,141,145,163,136,142,146,109,132,127,146,139,160,118,139,124,125,131,148,129,131,154,122,123,120,152,146,149,145,122,148,121,137,123,125,156,133,136,136,135,141,151,134,162,136,124,143,141,119,144,153
Gene2S_133,115,112,110,111,107,82,109,119,112,117,109,113,101,116,108,120,104,110,116,102,100,121,121,128,92,108,92,139,114,115,129,107,109,73,110,105,100,112,130,99,116,106,100,107,131,94,99,116,117,111,125,107,105,101,111,108,123,113,105,106,109,111,93,112,116,107,124,120,121,121,113,99,119,110,102,100,100,83,103,114,104,104,101,97,113,117,105,103,120,126,119,123,112,111,116,117,124,132,119,110,119,110,90,87,97,118,114,106,77,107,103,122,104,119,126,121,113,107,127,123,111,126,123,112,128,100,97,89,112,104,132,129,130,107,92,123,106,136,110,117,117,96,110,115,119,114,125,111,92,100,111,105,108,116,102,98,102,122,109,99,102,126,98,111,114,112,114,109,116,57,106,51,98,121,120,145,104,114,80,108,116,106,112,88,106,96,99,102,96,108,121,110,131,118,127,119,127,92,99,110,106,111,105,109,97,98,111,109,134,98,126,114,107,124,121,123,95,111,89,69,72,124,119,96,101,120,122,118,88,113,97,106,115,81,114,114,125,69,126,94,104,102,111,104,105,106,113,112,130,113,84,94,107,117,94,90,110,89,105,66,106,99,103,89,92,101,125,97,124,126,120,122,92,86,118,103,116,116,102,103,109,114,105,128,105,109,85,111,115,117,132,98,118,107,121,114,85,126,76,96,128,120,122,118,113,109,112,117,122,96,102,122,118,116,101,122,111,90,105,101,104,92,122,92,95,93,111,77,114,114,80,101,115,92,125,99,99,114,114,121,88,111,136,119,140,114,122,116,114,107,104,123,103,90,129,111,104,132,122,105,115,100,108,108,97,110,110,128,89,122,104,113,92,135,122,86,106,132,105,104,112,115,104,108,108,120,124,144,114,138,123,108,93,114,107,115,96,118,115,86,114,107,104,93,122,110,119,94,73,82,112,105,106,107,97,97,116,111,97,86,127,120,127,121,92,103,113,97,115,119,103,112,112,114,136,105,120,88,117,89,101,95,73,109,96,89,111,125,103,105,113,83,102,138,107,120,113,91,101,116,95,111,117,123,93,75,76,122,121,91,109,127,72,106,90,104,95,115,117,106,102,100,120,96,78,103,105,116,107,119,123,102,126,114,102,90,112,107,110,133
Gene2S_134,139,146,155,130,161,148,128,109,135,157,126,130,134,138,116,127,153,135,156,115,132,137,150,144,141,142,134,141,133,132,122,151,119,110,121,123,141,113,130,123,139,123,131,137,137,136,133,125,96,142,117,132,138,120,118,118,126,135,130,125,143,139,138,139,150,116,134,129,158,145,127,132,126,172,153,145,136,148,136,131,139,135,131,162,141,151,70,131,127,146,145,152,135,151,146,134,163,136,142,141,134,130,121,156,149,114,146,110,132,150,134,133,102,132,136,136,124,130,144,150,139,126,143,131,141,134,119,134,134,129,115,133,126,133,121,140,144,139,135,118,136,156,148,138,127,130,130,137,106,124,128,145,151,137,144,134,132,135,141,126,123,119,130,162,121,136,129,122,151,113,119,124,141,149,113,112,165,161,138,157,149,106,128,157,175,152,129,150,131,123,129,124,140,121,125,112,133,125,132,150,131,128,139,128,130,132,138,140,143,144,120,132,150,129,138,139,131,139,131,120,120,125,125,142,134,130,136,119,146,164,110,95,122,128,143,98,137,126,132,156,127,129,99,135,124,116,143,142,126,148,148,128,149,125,120,146,135,148,142,122,156,123,143,149,135,119,114,124,118,134,134,127,134,129,154,139,151,137,132,128,119,142,134,125,136,122,145,134,89,132,153,151,140,137,127,129,129,127,130,140,140,125,126,117,151,138,156,134,129,129,132,151,145,119,154,140,125,128,84,120,130,142,126,130,128,139,131,128,135,120,133,142,152,168,136,136,120,142,135,140,122,137,130,156,139,120,96,109,108,140,127,122,135,140,113,112,133,123,127,126,132,140,133,132,124,141,144,118,130,121,157,124,130,142,123,157,133,103,131,126,141,135,126,124,139,135,119,123,150,126,140,123,112,104,145,121,137,109,109,124,132,120,123,137,143,143,132,136,142,141,124,142,126,130,122,127,149,128,135,131,141,161,150,120,130,132,140,136,142,157,138,126,144,113,141,139,124,120,138,133,112,108,138,136,143,166,128,119,142,130,146,144,139,127,135,142,136,126,126,145,136,136,120,134,131,131,135,123,161,142,132,131,124,132,152,149,130,149,126,129,143,119,128,142,123,141,111,128,119,132,155,134,147,138,134,132,119,131,141,159
Gene2S_135,38,58,34,44,34,44,57,51,49,56,35,49,48,47,46,44,49,53,14,62,52,38,61,48,38,48,49,65,56,70,56,50,39,44,47,52,57,53,53,35,54,56,59,50,57,62,63,45,50,33,52,45,49,44,54,67,60,33,63,52,49,51,48,49,27,56,35,46,53,47,42,61,55,63,20,54,40,49,59,45,30,37,52,54,46,54,61,52,19,43,42,50,43,46,30,46,55,63,48,65,46,67,35,46,62,54,41,34,55,44,31,67,41,45,49,44,61,34,54,58,60,58,56,63,49,53,43,58,55,45,44,43,49,52,48,59,42,48,48,54,50,38,57,44,53,35,57,56,48,33,40,40,45,38,44,56,38,24,47,54,52,35,39,47,22,52,48,59,46,61,29,43,47,34,64,57,55,40,35,42,54,43,45,54,51,47,39,58,42,48,33,22,60,47,42,52,57,49,47,46,53,46,53,51,54,50,57,40,50,53,76,55,46,34,46,44,45,54,55,51,51,43,54,57,50,46,52,38,49,31,60,43,43,54,51,60,55,43,60,51,52,43,47,28,32,49,44,45,66,49,35,46,55,31,65,62,33,50,55,60,64,53,44,45,57,47,45,34,43,28,46,53,50,51,57,34,55,46,41,56,49,54,61,38,40,74,55,45,43,45,58,44,46,42,39,53,39,50,51,60,66,36,43,64,58,47,40,58,42,54,44,43,56,57,63,60,58,44,31,41,57,41,46,52,46,58,61,32,45,46,43,49,30,37,41,42,44,45,38,46,45,55,48,37,53,59,46,43,55,56,53,48,59,53,46,53,59,50,54,53,56,46,58,40,46,50,22,52,54,52,50,46,43,47,51,43,49,45,40,52,45,50,47,52,33,51,44,37,35,63,65,61,69,24,40,61,50,44,49,54,64,53,50,30,44,48,54,46,46,37,51,45,38,58,45,41,44,56,53,37,52,60,48,45,42,42,61,54,52,68,45,51,52,57,38,39,50,55,49,47,52,31,50,39,59,48,49,46,54,56,38,52,60,42,12,32,34,50,51,34,42,47,35,61,30,55,56,41,54,34,52,45,53,48,37,36,55,35,49,31,47,41,55,70,40,52,48,64,48,45,51,42,31,63,53,51,37,54,48,56
Gene2S_136,9,12,12,13,15,10,8,11,12,7,15,7,9,13,7,8,11,11,7,9,12,8,9,10,12,9,10,18,11,12,13,13,11,5,10,9,14,17,12,9,11,13,14,9,10,11,16,11,14,9,11,8,10,10,10,7,10,11,15,8,15,17,17,11,13,12,9,12,11,8,15,11,16,6,9,6,9,6,12,17,10,16,10,20,9,14,5,8,12,13,9,8,10,12,11,12,9,6,6,13,13,10,13,6,18,14,10,13,10,15,15,6,9,15,12,7,11,12,14,7,11,10,15,12,13,16,8,10,9,11,10,14,12,11,9,13,5,8,6,11,8,8,14,14,9,11,11,16,10,9,9,13,11,15,10,10,13,10,9,14,14,16,14,12,7,13,12,9,12,12,12,6,9,16,11,7,12,11,9,7,14,9,11,11,13,9,14,10,8,13,10,11,8,9,13,9,8,10,11,9,10,14,14,10,10,9,14,12,12,12,7,10,12,11,11,11,12,11,9,12,10,10,9,11,13,6,11,17,16,14,13,14,11,6,10,9,5,12,13,12,12,15,8,14,11,8,17,11,17,16,10,9,12,8,7,8,11,17,11,11,11,11,13,14,17,12,8,12,14,14,5,12,15,9,15,8,7,12,15,10,10,8,12,6,8,11,12,14,5,12,16,7,9,10,7,12,9,15,8,11,9,14,9,6,10,13,14,12,14,10,6,7,15,11,8,17,12,10,16,7,17,11,14,11,12,7,11,12,9,6,5,11,15,18,13,10,5,6,11,13,9,14,10,10,11,6,8,9,11,12,14,10,8,19,12,17,10,15,13,12,14,14,7,15,6,10,10,12,22,11,13,14,10,8,10,18,19,10,12,6,6,16,11,10,6,9,12,14,6,9,11,13,8,12,11,17,13,10,8,8,4,12,9,6,7,14,11,10,11,17,11,11,10,9,10,10,14,6,11,11,6,8,17,9,11,7,8,15,10,16,7,19,9,10,11,11,15,12,16,15,2,9,11,13,9,11,10,7,12,10,11,11,17,13,14,9,12,15,12,13,16,7,7,10,11,9,11,5,13,14,11,14,10,12,15,12,11,8,9,5,3,16,8,12,8,8,6,10,7,14,9,10,8,12,9,13,12,10,15,14
Gene2S_137,48,53,57,51,41,53,43,43,47,51,68,50,56,48,65,64,58,45,47,51,37,51,53,66,41,62,59,61,49,64,59,56,47,57,45,54,50,53,64,45,46,68,56,44,60,52,54,75,51,59,59,52,36,51,46,51,44,53,59,43,51,66,41,61,67,47,53,51,56,51,57,59,54,50,48,63,46,65,58,64,52,41,44,54,57,49,51,49,57,44,55,61,43,47,50,50,67,50,50,46,46,52,67,59,52,63,57,61,58,52,63,50,62,56,61,53,58,66,55,58,51,57,44,55,61,56,58,52,56,60,50,67,55,56,51,48,54,42,66,62,50,51,55,54,54,46,64,46,44,46,60,54,43,58,47,61,53,50,73,53,39,56,57,63,51,57,55,63,59,52,57,68,59,49,50,41,61,55,49,49,47,53,57,61,46,51,62,59,50,53,56,51,56,66,58,62,56,58,51,38,48,57,50,57,46,54,58,44,56,51,48,40,49,48,71,60,44,61,64,42,57,42,51,50,50,45,57,45,75,58,60,49,67,49,58,46,53,56,45,55,57,64,47,68,64,60,52,67,54,44,61,59,55,54,47,52,56,58,56,62,55,52,56,67,50,52,64,50,46,45,55,57,42,51,60,56,52,54,59,62,50,48,41,47,59,48,55,43,53,52,71,56,61,60,38,42,64,52,54,55,57,56,55,51,47,42,52,60,68,55,48,45,59,56,51,70,44,36,49,48,52,63,47,53,52,56,56,48,56,57,54,50,51,47,45,64,61,46,55,66,48,52,65,48,52,42,55,52,52,53,47,58,36,51,57,54,49,57,59,61,44,63,47,60,44,39,56,65,45,63,60,55,67,50,42,38,54,41,45,48,59,61,51,63,58,62,49,55,56,52,55,44,59,56,38,54,48,52,46,65,38,66,49,63,55,57,66,61,48,49,53,64,47,58,54,56,49,46,49,38,64,48,53,73,67,51,46,60,44,54,53,45,36,52,40,65,58,58,49,52,63,54,62,41,43,60,53,65,55,67,38,73,67,55,60,58,62,39,55,51,51,48,55,59,61,65,44,48,46,65,51,57,56,52,49,58,71,39,73,44,55,55,47,62,56,50,55,45,54,37,43,64,45,51,56,49,52,58,52,50
Gene2S_138,87,69,80,95,82,85,90,50,99,91,83,95,77,92,78,91,82,72,81,91,75,84,96,92,107,64,82,92,79,78,55,92,69,83,96,75,90,96,77,63,94,88,83,72,78,64,75,99,77,84,81,82,92,92,69,88,76,78,92,58,91,107,79,100,88,104,75,85,91,104,92,78,80,58,75,106,79,86,83,77,84,58,79,100,99,87,83,81,86,100,108,88,72,85,67,47,85,89,79,48,70,88,82,62,84,74,84,109,72,69,65,81,78,108,84,69,97,79,106,95,89,77,66,96,63,63,98,88,84,84,76,85,90,72,75,108,93,97,73,97,97,55,83,76,101,80,101,91,81,103,60,79,95,91,87,70,78,89,91,72,76,100,74,92,93,79,93,50,79,86,78,83,98,73,65,104,87,74,83,78,82,80,82,106,84,98,81,95,107,52,41,83,96,78,90,83,79,83,49,65,73,90,81,80,87,89,82,74,95,86,77,102,82,85,77,75,96,93,81,90,59,82,86,81,85,88,107,88,89,95,77,83,85,85,84,86,79,102,88,90,86,68,84,77,100,73,84,81,84,87,64,76,88,84,91,86,90,85,95,104,87,72,98,70,54,79,73,74,79,74,102,75,83,70,79,77,60,67,75,102,88,86,80,89,77,53,83,63,90,85,73,78,79,87,84,92,70,77,63,55,87,87,87,67,80,79,65,69,90,68,81,74,72,74,84,88,78,78,83,76,95,48,90,90,88,91,72,91,75,58,87,64,86,91,88,92,67,74,55,88,83,101,67,75,56,85,87,97,63,85,81,62,80,71,67,48,82,69,81,83,88,101,72,47,74,80,103,90,72,48,87,88,76,79,84,72,111,87,85,64,76,74,88,88,95,64,71,103,84,91,101,75,64,71,88,76,90,74,73,70,90,89,69,88,80,73,79,83,77,79,87,84,74,93,85,88,70,84,83,74,77,84,79,101,84,85,77,66,104,77,72,78,79,81,90,48,74,74,67,76,79,85,80,79,86,94,99,76,76,80,88,81,67,78,79,81,87,89,67,74,85,76,92,91,75,93,68,92,58,62,78,46,81,86,82,78,92,79,69,99,76,85,90,87,71,58,80,77,76,95,80,73,106,82,78,104,70,78,86,85
Gene2S_139,48,23,56,55,55,51,46,37,63,34,39,45,49,39,48,34,41,58,44,49,50,39,40,73,54,51,48,49,43,54,36,36,56,38,56,46,51,34,50,45,48,49,46,47,47,52,51,55,60,34,61,44,50,50,45,44,36,36,41,38,51,47,38,47,49,36,37,56,36,47,52,48,45,53,45,37,55,56,51,49,78,54,49,39,45,48,39,38,54,42,38,51,53,41,50,54,44,60,36,53,44,46,51,38,42,40,49,43,43,33,43,51,37,49,53,33,52,49,47,42,46,50,62,52,49,53,35,52,48,52,34,41,24,42,65,51,54,45,46,54,55,51,48,55,26,73,47,51,49,54,60,45,39,50,54,45,38,48,52,47,46,47,47,55,52,46,55,38,42,49,62,46,42,39,49,46,52,57,46,37,39,34,47,52,47,45,45,45,59,60,40,41,45,64,49,67,40,51,49,60,58,51,57,58,55,43,54,37,56,43,57,37,55,57,62,48,42,45,42,49,45,43,57,50,36,54,39,48,40,41,39,53,51,41,46,52,49,29,49,39,50,50,49,48,58,38,43,44,54,53,46,46,53,55,47,50,35,47,53,36,29,38,50,42,63,52,64,37,55,50,43,39,51,51,37,70,45,42,52,49,49,59,39,50,53,51,59,53,42,52,31,52,52,46,30,46,36,47,47,48,45,50,51,58,45,57,50,56,49,41,35,58,49,51,41,47,48,56,50,47,47,44,50,51,37,45,50,45,46,39,55,33,43,59,42,52,54,44,46,51,47,47,61,43,49,51,50,40,43,48,40,39,35,69,43,61,41,52,42,51,54,51,50,52,43,54,40,45,44,55,41,46,60,45,49,53,56,48,41,50,53,56,59,46,35,46,53,64,43,46,45,51,32,45,40,47,48,56,43,55,22,52,44,56,40,55,58,34,43,42,30,42,37,60,55,55,51,46,40,41,54,47,38,50,37,47,27,59,59,52,45,34,43,63,48,48,38,52,46,46,43,57,57,54,59,44,38,59,42,53,45,52,38,30,52,49,53,58,53,38,48,54,41,51,28,41,52,42,51,57,48,58,57,44,42,40,48,50,43,56,54,43,56,45,31,38,52,49,72,40,45,52,48,49,47,53,44,41,44,40
Gene2S_140,118,68,93,102,66,107,108,117,141,91,93,58,116,99,102,99,93,125,107,97,88,103,66,113,100,135,98,86,109,101,102,59,105,100,99,83,76,106,97,115,117,75,116,126,91,113,74,75,138,50,84,62,119,118,109,111,115,139,103,110,102,46,119,85,103,97,106,113,102,102,65,100,88,98,111,85,74,95,112,107,115,80,95,110,58,92,99,98,106,123,104,103,101,141,101,78,122,109,135,25,104,96,95,86,106,98,105,109,63,65,93,109,71,115,119,111,123,112,123,112,109,111,97,96,132,113,117,93,128,119,105,80,54,98,66,83,112,76,87,98,102,83,104,112,103,31,81,90,69,93,109,107,96,99,102,56,93,88,118,100,100,107,87,110,109,113,95,105,97,89,93,91,74,71,98,96,108,101,107,100,108,116,89,107,88,117,68,116,121,93,103,97,109,112,131,89,69,40,121,100,49,108,82,86,105,123,71,112,102,108,118,92,100,80,80,116,123,73,109,40,106,107,91,124,114,111,116,100,112,109,115,123,117,100,111,44,103,105,95,123,73,120,112,102,84,41,108,107,131,100,43,114,86,92,83,96,68,101,108,107,107,98,93,100,58,98,47,47,111,102,72,79,106,89,80,109,74,126,75,95,107,115,101,80,114,119,67,64,118,118,105,94,106,112,97,104,83,108,102,98,95,81,134,55,90,106,71,82,104,99,98,98,90,111,81,116,87,105,113,119,67,106,122,106,81,113,107,104,76,84,62,91,110,106,124,81,102,113,111,105,80,102,88,113,100,73,112,128,101,125,106,58,108,75,111,96,107,114,127,97,106,112,96,90,103,97,83,68,104,130,86,120,96,83,99,108,119,87,98,101,114,106,67,114,88,128,82,86,110,69,98,111,111,70,55,110,105,63,111,89,102,101,113,85,85,75,110,79,65,110,101,103,101,68,57,111,121,103,92,127,139,117,106,103,92,91,105,67,86,109,85,110,48,125,87,133,65,119,72,71,89,73,110,94,105,124,124,66,97,70,102,45,108,112,100,114,91,102,68,58,122,112,107,99,102,94,105,68,114,98,108,74,127,102,104,88,108,107,75,124,88,103,92,75,109,87,110,85,106,102,115,116,96,103,117,129,89,73,105,113
Gene2S_141,23,21,20,29,13,19,10,14,23,22,23,31,16,13,18,21,24,23,22,19,22,11,21,19,21,29,25,17,21,19,14,22,21,13,22,16,21,19,29,24,20,26,18,18,18,22,14,25,16,15,22,10,19,28,22,25,18,18,20,31,28,27,22,10,22,22,31,17,20,20,17,18,22,21,15,21,15,17,31,17,23,31,36,22,21,22,16,23,16,34,20,16,25,21,30,12,19,17,24,25,16,27,23,31,27,25,19,19,18,18,19,26,17,12,17,20,12,22,27,23,29,17,13,19,22,17,29,17,26,16,23,21,23,19,18,17,16,18,22,22,22,24,29,20,28,21,24,22,25,21,20,29,25,14,20,20,24,19,16,25,22,28,10,25,17,24,18,9,28,21,20,21,22,17,18,24,18,23,18,23,14,17,21,22,24,24,28,23,20,30,22,15,29,19,25,13,24,26,23,20,19,27,23,19,14,26,19,22,25,14,16,24,23,22,27,9,28,23,16,12,23,25,27,25,18,19,27,14,26,25,22,23,23,18,20,21,22,16,26,19,14,29,26,19,18,21,23,24,22,20,19,24,19,26,16,23,27,27,19,30,28,23,22,29,23,21,23,14,25,16,25,19,19,12,24,32,18,20,25,19,22,30,9,18,22,19,11,25,21,30,26,29,23,11,28,17,19,17,20,24,27,18,20,18,17,22,19,15,29,25,21,19,25,13,17,21,11,18,21,24,19,21,22,24,12,23,24,19,21,18,15,24,20,22,16,27,25,20,17,28,26,32,10,24,19,27,17,20,15,23,10,21,25,24,21,23,27,27,20,21,22,24,17,20,19,25,16,27,24,14,22,15,31,21,27,17,26,15,18,23,26,21,22,19,23,20,13,21,14,16,22,19,18,15,22,21,27,19,26,30,22,19,17,21,20,21,27,18,18,18,20,23,35,21,20,16,16,21,28,20,20,20,23,6,14,28,23,27,25,15,19,17,31,22,21,27,19,19,17,27,17,25,26,18,20,20,19,16,15,13,26,15,18,28,13,11,28,25,10,24,34,24,22,16,16,29,18,29,12,24,15,13,27,15,22,23,24,19,26,21,28,20,20,25,14,16,24,19,16,22,17,20,22,13,13,28,26,28,22,24
Gene2S_142,82,56,87,93,78,95,56,76,101,92,81,80,87,82,98,68,84,108,66,89,91,79,84,78,82,89,94,78,84,95,96,86,91,101,92,82,79,71,93,82,74,105,102,94,73,83,100,98,67,84,78,80,100,75,86,78,75,102,85,75,81,93,64,79,75,91,86,89,83,83,91,83,99,84,96,91,78,83,93,84,109,97,73,85,73,90,84,88,69,80,94,86,63,87,91,86,99,90,93,71,96,93,104,111,86,96,85,88,43,105,99,79,61,70,91,73,90,89,90,82,97,92,98,84,87,77,77,87,85,94,62,101,90,103,92,87,63,84,49,85,104,88,86,107,77,97,54,89,106,93,75,89,93,87,77,76,90,92,69,73,87,82,73,99,90,75,76,93,82,93,79,83,92,121,88,92,67,78,61,97,80,92,87,85,81,92,90,91,90,79,85,83,85,84,96,75,96,76,61,85,43,80,80,91,55,80,82,80,77,86,81,98,98,76,82,69,111,116,89,84,74,81,98,95,71,84,86,86,73,87,85,90,78,101,98,94,89,88,92,79,100,95,81,91,62,70,87,72,107,83,85,109,78,83,82,85,86,83,83,77,80,108,81,84,81,79,81,87,84,71,86,87,72,80,87,85,92,80,93,78,98,70,36,60,102,93,100,99,88,72,82,74,84,68,68,87,79,99,79,82,81,93,93,70,92,83,76,73,82,78,46,88,69,91,94,109,69,90,92,92,88,76,77,78,92,86,92,78,94,93,95,86,92,67,95,84,86,72,79,74,94,85,78,76,94,84,69,76,93,78,67,83,59,78,90,79,99,69,80,92,68,78,80,85,83,82,78,74,77,81,74,85,83,108,82,90,91,85,91,88,82,90,75,72,91,98,83,87,83,92,96,76,83,68,87,93,74,86,89,74,77,93,69,75,98,82,101,100,79,90,94,105,82,66,82,98,97,90,91,82,74,89,89,77,83,96,77,87,84,89,66,82,89,85,84,98,92,85,67,89,86,85,61,59,87,89,98,73,103,90,86,96,86,79,75,82,84,80,102,66,84,72,81,94,103,88,95,62,90,87,98,84,92,86,83,75,79,88,78,99,81,85,95,82,88,68,98,93,97,83,68,82,73,91,30,101,71,44,80,90
Gene2S_143,74,39,52,50,59,54,74,59,45,56,67,48,58,50,64,48,63,55,55,45,46,60,29,49,54,72,63,50,39,57,33,50,38,79,39,41,70,27,56,52,62,55,31,49,60,51,27,61,45,51,58,51,57,46,57,60,51,57,47,49,60,46,58,52,50,50,50,61,46,44,46,63,48,52,49,66,45,58,53,48,53,60,50,53,56,63,51,54,28,64,49,52,49,40,60,51,44,34,85,68,51,34,46,45,43,45,48,43,56,72,39,49,57,34,37,56,57,64,57,34,60,44,49,63,50,58,58,54,42,55,67,50,23,67,37,62,48,74,59,47,28,51,57,49,46,36,40,45,51,29,58,61,58,47,36,40,70,59,47,43,47,48,68,38,53,52,60,64,45,59,54,54,56,45,44,51,44,53,47,54,46,56,41,70,53,61,53,63,70,64,63,58,52,52,59,52,36,57,49,58,60,41,46,47,43,49,42,53,46,57,61,33,52,61,73,47,47,37,27,62,52,52,55,54,69,35,60,50,53,32,28,62,61,62,54,54,67,59,45,29,51,47,48,41,62,22,36,32,63,52,47,46,30,46,47,60,50,34,48,49,34,49,35,57,33,58,32,48,55,58,46,55,54,55,32,46,56,55,64,53,46,64,74,26,60,52,31,68,45,39,70,47,58,39,58,52,51,81,48,53,59,58,48,66,52,66,56,52,56,38,39,43,59,55,57,41,56,65,42,46,41,39,31,55,61,46,59,72,58,44,45,65,50,44,41,53,58,49,58,36,61,45,63,65,47,55,49,52,54,62,54,46,51,55,50,36,37,32,45,45,41,40,54,55,44,43,48,58,44,58,22,58,46,51,56,65,34,48,39,40,49,55,63,57,48,49,28,40,33,47,63,60,29,34,42,56,56,48,32,44,52,31,42,38,62,55,50,49,58,55,49,57,48,44,67,43,60,72,27,53,42,42,14,59,47,45,38,51,48,58,60,45,63,46,27,52,57,56,68,35,48,60,46,62,42,33,57,56,37,44,41,48,45,52,54,52,49,55,64,26,53,49,44,59,39,53,46,57,48,30,56,42,59,50,42,27,60,46,58,59,65,61,47,53,36,44,60,52,42,46,48,44,48,65,53,56,61,54,55,61
Gene2S_144,111,80,118,126,138,93,118,104,124,116,124,103,112,124,108,100,117,99,137,108,109,119,109,111,95,60,116,46,116,73,126,106,114,115,104,8,121,93,112,125,98,113,33,27,136,127,120,96,101,99,111,115,98,26,131,67,123,115,128,106,103,85,68,111,66,93,108,138,116,105,123,88,115,106,105,102,117,109,102,107,133,116,119,100,137,113,115,39,106,116,136,110,145,112,65,110,92,106,72,94,99,108,115,119,106,133,107,112,144,122,9,72,101,103,108,111,114,111,123,118,115,97,108,60,103,111,89,119,13,93,100,114,121,112,113,97,100,106,119,110,97,137,95,107,106,115,125,102,101,110,59,127,112,93,72,120,116,142,109,116,110,69,118,101,96,114,123,120,113,55,135,116,112,119,118,104,126,110,109,120,89,109,125,108,130,113,111,18,104,100,107,141,116,99,66,123,133,142,121,118,117,94,104,104,127,109,89,104,58,96,79,111,109,111,132,108,103,66,118,36,85,97,78,101,98,98,86,112,125,68,113,117,133,105,81,91,125,122,121,123,101,108,116,98,61,122,101,112,94,93,114,121,90,110,108,106,83,110,115,125,129,99,103,108,14,82,118,133,111,112,77,98,85,109,102,99,71,97,97,128,104,118,129,121,118,112,114,136,109,115,118,112,61,92,109,120,119,97,128,107,113,112,107,111,95,108,101,92,104,135,84,56,45,107,106,110,96,87,77,102,100,96,67,95,101,84,104,107,127,106,94,116,117,125,119,108,123,105,117,120,83,126,101,109,82,81,118,123,115,119,116,107,110,107,108,130,110,118,110,142,106,126,109,123,116,122,97,141,115,124,118,117,109,79,107,118,109,94,140,41,114,112,112,95,105,100,100,106,101,132,135,115,122,119,124,133,77,85,101,70,133,139,117,107,115,113,124,126,102,111,116,118,139,120,116,112,104,110,102,111,118,59,119,100,106,72,106,30,122,121,117,119,96,73,109,131,121,78,130,110,111,97,51,85,117,107,120,98,103,96,95,132,64,119,112,88,125,44,108,111,108,117,135,92,117,114,123,124,118,110,111,145,107,119,126,113,126,115,100,78,156,125,123,122,126,93,111,120,111,90,67,91,110,126,95,122,118,116,118,66
Gene2S_145,23,22,23,29,25,26,20,21,26,28,22,21,24,34,14,20,24,19,18,12,26,25,16,27,18,14,22,22,25,30,18,19,12,21,14,16,20,11,25,20,25,24,25,25,18,23,17,18,20,22,20,17,18,14,23,17,14,28,16,23,19,25,18,18,24,23,26,19,21,21,29,24,17,17,21,35,17,25,20,13,18,25,17,19,18,19,18,20,19,20,19,23,12,22,20,16,21,27,21,20,22,20,23,26,12,21,20,25,24,28,7,16,21,30,16,21,18,21,16,18,21,19,26,20,24,24,28,16,19,24,15,17,23,13,22,28,23,14,20,27,13,21,16,28,31,21,23,14,17,18,19,26,10,20,24,26,24,17,15,16,21,31,19,20,15,24,23,28,21,19,18,23,24,26,19,28,25,17,21,25,18,20,18,17,29,20,15,21,24,25,23,20,21,30,24,17,23,22,20,21,29,19,28,23,24,18,25,18,23,18,34,18,28,25,10,15,25,21,23,25,17,25,20,13,15,27,9,19,23,30,18,30,22,24,30,18,22,17,23,19,23,23,23,21,16,17,17,25,18,19,14,23,19,26,20,19,23,19,27,27,31,27,15,31,33,19,15,20,19,28,22,19,27,17,21,23,20,27,21,14,25,27,22,25,20,22,23,25,22,20,20,34,15,17,24,15,21,23,13,22,12,14,10,15,21,16,15,25,17,17,19,27,14,14,24,26,21,17,18,26,22,25,20,23,29,23,32,18,15,22,19,25,13,21,15,22,19,25,15,14,21,27,27,35,25,7,17,21,18,18,20,27,23,24,28,24,21,11,28,20,12,15,26,18,23,17,18,18,20,23,18,20,29,16,23,15,18,26,15,19,21,23,23,25,24,20,21,20,30,12,13,19,16,21,20,27,24,24,17,20,15,23,29,27,18,22,13,20,25,28,26,20,23,15,27,24,15,16,15,12,28,25,19,23,21,22,22,20,11,16,25,20,22,30,27,16,22,25,23,25,25,17,19,7,26,17,28,23,16,21,18,23,16,20,20,21,25,26,15,27,27,24,24,18,23,22,19,28,27,21,21,17,21,21,17,21,18,21,19,29,16,22,20,21,26,17,21,20,23,23,17,27,13,23,28,16,22,25,14,35
Gene2S_146,138,122,103,97,117,139,116,112,116,127,123,145,120,131,111,128,99,120,108,123,127,131,118,117,128,123,130,106,118,119,118,97,140,100,134,127,121,122,152,148,138,138,141,131,115,149,106,115,104,145,110,143,122,150,102,107,121,149,122,134,122,108,125,151,117,111,132,112,108,132,128,129,122,123,103,122,128,113,114,128,113,139,113,107,101,123,130,134,110,111,134,116,115,122,113,131,120,127,116,117,134,122,122,151,105,125,125,113,85,120,125,137,130,100,138,137,127,107,107,106,103,135,118,131,124,144,126,119,138,115,137,104,114,124,110,120,113,139,131,133,138,118,140,117,116,109,143,127,113,129,102,142,115,105,127,123,114,146,129,109,108,91,136,116,101,133,113,122,128,115,123,122,129,132,121,111,138,139,133,134,110,112,110,120,111,130,111,122,132,118,122,125,137,122,126,126,119,119,130,129,134,100,132,131,119,87,117,121,123,127,110,110,115,108,104,122,117,121,129,148,142,120,129,122,133,107,141,117,137,138,121,107,123,105,117,127,129,118,142,130,128,116,127,123,136,130,78,131,123,132,113,124,103,126,121,130,112,125,115,120,124,119,116,132,141,131,122,150,127,125,115,95,123,136,141,123,106,130,131,124,128,135,139,122,103,142,143,116,137,122,122,122,103,117,122,137,116,130,104,124,98,128,146,95,134,124,139,135,118,114,133,121,117,102,100,119,132,104,115,117,143,130,119,111,121,97,117,103,130,130,114,107,134,119,117,135,122,98,126,113,110,111,136,114,117,128,133,121,121,110,120,146,139,136,132,117,115,121,131,110,112,126,124,125,94,128,116,128,111,133,124,110,109,140,136,125,134,136,123,138,130,136,104,148,118,131,126,103,116,143,124,94,113,95,107,125,109,128,112,122,135,124,129,104,97,105,120,124,123,117,107,104,126,122,115,112,115,128,140,100,135,114,137,123,140,136,117,121,123,133,110,124,123,113,134,108,135,114,128,120,122,148,103,108,119,115,108,128,101,114,121,134,122,118,129,119,122,131,116,142,117,122,84,95,103,112,116,126,104,109,132,112,133,120,117,133,108,137,138,122,133,147,119,126,125,125,131,126,126,124,122,112,114,127,102,132,91,128,106,127
Gene2S_147,27,16,19,19,20,24,12,29,21,23,19,19,23,24,29,23,13,27,20,19,21,27,26,19,17,27,25,30,24,28,20,17,17,21,17,17,15,21,16,23,27,21,20,20,24,16,21,22,11,22,16,27,20,13,27,22,27,23,17,23,23,24,22,24,17,17,26,28,18,28,22,21,28,14,34,23,27,21,31,9,21,18,21,22,20,19,24,26,26,20,22,22,22,24,20,23,17,24,17,14,27,26,12,20,24,17,17,23,22,10,25,27,25,15,22,24,31,21,20,23,25,29,21,14,30,21,23,18,30,29,30,18,23,16,23,24,15,22,25,21,20,32,21,27,30,17,30,19,25,30,19,20,17,24,22,20,21,32,22,15,15,21,24,27,19,20,23,15,25,24,28,22,24,22,23,23,19,17,22,23,26,16,25,19,23,24,20,23,22,23,22,17,22,17,27,30,23,27,20,14,12,24,17,19,23,19,20,25,21,23,18,22,20,25,23,23,23,22,21,20,23,23,25,36,14,24,20,19,11,26,18,18,19,24,21,25,30,16,16,20,18,25,20,18,22,20,21,23,24,20,24,23,19,26,16,20,30,22,19,23,13,17,21,16,26,25,15,25,22,21,33,25,15,37,13,15,19,26,20,21,20,23,24,24,18,22,21,20,21,27,21,16,23,19,28,15,28,25,26,20,23,26,32,19,23,17,14,19,24,17,22,17,18,25,29,25,25,27,30,20,22,30,18,26,22,25,15,32,27,14,25,22,22,25,20,15,29,19,26,33,25,22,23,23,23,16,19,29,19,21,13,21,23,35,20,17,22,12,28,22,19,24,25,13,14,26,22,20,23,20,16,16,17,18,19,24,26,13,13,18,22,24,15,18,20,23,19,24,22,14,30,20,23,26,22,19,32,16,10,21,20,19,23,28,21,25,19,22,20,23,12,18,19,20,23,27,22,23,21,16,15,20,21,28,18,19,24,21,22,25,24,19,24,23,24,24,23,13,25,17,22,26,20,16,21,19,24,22,22,18,25,25,13,24,22,17,22,19,22,29,19,18,22,23,16,18,26,20,20,21,23,26,27,27,15,15,17,22,22,20,24,15,20,18,22,17,23,21,18,22,18,26,25,27,23,19,28,16,28,27
Gene2S_148,66,59,80,44,68,52,67,46,61,50,61,60,70,51,59,70,53,60,73,56,59,45,56,68,59,60,52,58,60,75,61,58,67,73,58,53,63,68,58,69,51,53,62,60,51,73,60,62,66,71,50,67,49,75,51,67,55,68,54,54,63,64,64,57,72,52,71,55,54,59,70,61,62,52,64,57,52,68,67,62,50,63,71,61,43,51,61,65,65,56,64,76,42,65,57,48,52,58,50,47,47,63,64,57,66,66,44,67,62,67,60,71,62,62,77,69,65,62,52,53,52,60,52,45,57,77,32,69,61,59,73,58,70,53,60,66,52,52,59,51,64,68,66,70,62,72,62,53,63,66,58,66,56,53,77,73,57,74,50,54,61,44,60,53,61,66,56,52,54,54,58,61,53,47,54,65,42,67,61,57,54,43,64,70,58,54,63,42,52,62,46,60,63,61,74,41,57,70,52,70,48,48,63,39,53,70,46,68,55,46,59,53,66,64,59,66,64,61,67,59,64,57,51,59,60,57,60,60,63,45,57,58,56,42,59,66,70,73,35,45,69,59,63,72,67,75,48,68,48,55,70,59,62,52,56,56,59,60,48,74,67,80,58,54,63,42,56,69,54,55,60,57,68,66,59,80,56,55,56,47,55,65,66,70,50,40,54,66,52,63,57,45,66,65,60,55,53,52,59,51,69,70,67,51,54,59,57,57,61,54,58,66,62,37,63,55,49,53,83,34,64,61,68,63,61,75,59,71,53,54,68,64,72,59,56,52,67,73,48,66,51,70,63,63,58,54,49,78,56,48,59,62,60,66,53,73,75,58,59,47,50,49,56,61,53,57,51,73,54,65,75,64,63,61,72,58,49,65,53,68,59,62,67,64,57,65,62,59,77,55,51,63,62,64,59,64,68,55,57,60,72,75,65,59,58,54,54,60,64,80,59,66,51,52,50,56,67,56,46,64,59,68,62,80,55,58,71,57,56,48,64,64,61,64,63,58,58,67,64,57,69,53,60,70,49,49,63,43,54,53,60,66,53,39,47,59,53,53,57,64,66,68,72,59,63,70,56,70,56,47,48,54,45,52,67,52,67,62,62,57,71,68,66,50,50,66,61,56,47,55,63,52,48,56,71,60,61,50,63,69
Gene2S_149,145,148,129,132,144,112,156,157,128,128,150,166,145,149,138,160,126,148,112,151,146,116,129,135,100,135,141,140,127,120,150,127,143,156,110,159,113,155,143,140,112,132,144,156,119,128,132,128,135,135,145,117,134,133,127,140,154,157,159,124,161,129,132,120,139,116,154,140,139,145,143,93,134,152,136,123,155,131,150,139,152,164,111,147,120,141,131,129,124,141,113,134,149,122,156,145,109,133,152,143,163,156,122,123,141,136,117,129,131,163,128,133,153,98,163,139,102,113,149,134,117,99,118,111,128,138,124,123,115,144,156,127,136,126,134,135,93,132,140,142,85,133,136,168,141,116,112,154,105,145,105,145,121,132,149,152,161,114,126,119,157,143,127,81,123,101,94,117,155,124,68,146,135,133,127,137,136,122,159,120,129,130,128,139,152,77,153,132,159,145,117,141,145,105,144,136,146,136,115,156,156,113,152,86,126,152,137,98,98,123,131,143,116,133,157,114,154,132,113,146,136,141,141,101,152,121,150,133,104,144,69,128,147,149,115,146,152,175,151,158,155,119,87,135,121,134,92,142,137,132,141,147,123,135,140,158,130,111,129,142,106,115,150,134,144,156,141,130,135,118,156,122,70,139,139,115,86,155,146,120,160,110,145,143,135,94,155,165,104,147,147,153,125,131,152,127,128,122,137,147,139,123,145,85,146,143,121,142,118,113,154,141,140,134,140,143,94,148,144,115,119,170,142,115,135,146,150,139,146,133,139,147,163,136,150,138,127,144,135,119,105,151,84,109,120,143,136,155,124,137,107,127,118,145,108,145,158,134,123,150,137,109,139,104,155,149,136,94,136,120,153,148,133,110,153,154,163,90,153,136,97,77,156,114,123,135,157,131,148,127,147,120,154,143,118,142,138,132,136,147,135,124,150,104,160,138,122,138,129,127,104,98,144,157,81,108,176,129,133,163,133,137,106,141,150,131,118,156,110,109,114,138,131,135,140,145,142,116,137,131,165,147,155,111,129,123,151,150,156,122,146,142,132,103,130,101,120,119,148,142,131,99,146,97,88,126,129,128,120,123,147,109,142,130,148,130,138,132,142,122,119,134,128,121,152,72,143,133,157,146,155,125,133,164,151,137,127,152,162,144
Gene2S_150,22,19,18,16,13,18,16,29,29,21,24,19,17,18,28,15,21,31,11,22,29,17,23,18,15,20,18,18,28,17,22,11,17,22,19,21,16,16,20,13,25,14,19,18,19,23,19,17,16,18,24,17,22,27,17,16,15,22,21,28,14,22,15,27,25,16,12,14,22,17,15,21,16,20,19,20,18,17,24,18,13,24,21,20,20,19,15,27,24,11,22,23,18,25,12,35,16,16,22,21,14,21,15,23,16,21,14,13,23,23,12,13,19,24,19,21,21,19,21,23,24,18,22,21,18,21,20,22,21,25,25,16,21,20,28,29,20,20,19,20,14,21,27,23,19,14,17,17,27,21,25,23,24,25,21,20,16,21,16,21,27,16,20,25,21,21,26,25,16,23,28,15,23,18,25,21,25,18,17,18,19,20,17,23,23,20,20,28,24,16,20,22,18,17,28,24,22,22,22,13,16,16,28,15,30,21,15,23,29,19,20,19,22,17,19,15,20,9,25,13,7,27,13,23,15,14,18,29,18,22,19,26,8,12,23,16,21,18,22,17,28,23,24,12,15,18,25,22,13,30,25,29,23,13,20,19,18,19,13,16,18,19,20,29,20,20,19,14,25,25,17,23,22,24,24,13,19,18,19,16,10,29,25,18,28,27,24,23,20,29,13,19,19,18,21,20,13,27,24,15,28,17,24,18,17,24,13,19,18,22,16,20,19,22,16,28,19,23,22,20,16,21,9,18,24,18,15,19,16,27,19,24,13,11,27,19,19,26,18,16,19,8,19,20,23,16,19,20,21,20,25,26,22,12,24,24,12,17,18,26,20,16,22,20,16,17,28,20,15,22,20,20,22,12,15,13,19,19,18,14,18,25,26,23,21,29,15,11,16,18,11,23,28,16,22,27,17,23,20,23,21,22,25,16,21,21,14,18,31,18,20,19,20,15,12,15,20,19,23,19,14,25,14,12,25,18,25,19,12,28,31,19,18,23,25,21,28,19,27,17,20,18,22,24,25,16,16,23,17,23,18,31,18,20,26,13,31,19,15,19,21,18,20,24,30,20,20,20,29,17,19,26,23,23,31,28,19,21,21,18,17,23,19,11,24,27,33,21,15,18,28,17,15,17,21,30,18,18,14,17
Gene2S_151,45,54,34,24,38,40,50,46,62,37,45,39,34,37,45,47,58,42,58,40,31,48,27,41,57,16,18,54,19,41,30,23,39,19,30,53,57,29,65,59,37,17,28,50,46,53,41,32,41,26,23,25,26,36,37,18,43,51,16,71,34,11,42,43,42,28,48,41,40,30,17,23,51,35,29,34,44,51,64,46,53,55,60,43,42,39,49,20,39,33,55,42,38,60,43,34,40,35,66,35,41,37,20,34,49,13,32,50,37,37,49,47,31,21,40,51,74,12,23,44,50,43,21,14,44,33,52,38,35,42,27,44,56,34,21,63,25,53,64,52,42,51,54,29,28,31,43,34,48,51,63,44,34,42,20,32,28,35,66,21,47,13,57,37,66,42,47,35,38,21,18,45,58,33,43,27,47,34,48,35,29,23,63,62,25,29,31,44,46,34,62,36,42,46,42,26,34,11,32,45,46,29,22,8,16,53,36,45,28,43,68,57,54,46,47,29,22,23,51,30,27,43,56,35,54,61,38,56,27,53,49,45,37,47,53,35,48,40,46,11,42,61,14,40,25,60,25,29,62,47,44,64,53,54,53,30,62,34,42,40,15,47,13,45,47,51,48,34,56,29,67,31,62,44,40,26,44,20,71,22,41,47,47,60,51,34,19,20,41,62,37,40,33,27,43,19,51,39,34,26,43,52,23,26,60,53,12,52,53,63,14,27,39,27,56,52,5,46,52,24,44,29,36,63,20,40,27,22,33,56,50,40,74,45,64,44,49,21,40,40,38,55,24,37,10,63,69,47,44,23,56,47,37,43,38,52,40,39,26,59,40,27,32,21,38,19,48,44,39,61,37,51,46,47,47,25,45,58,42,62,34,41,32,33,26,60,37,34,48,33,33,41,38,42,34,63,25,54,43,60,36,27,47,39,55,28,30,28,36,21,30,30,43,32,62,15,41,13,43,47,49,18,33,48,52,58,51,21,26,34,26,72,55,29,40,27,19,26,34,50,40,34,42,24,57,28,26,47,41,30,48,65,18,32,27,88,41,58,32,56,52,23,32,35,33,38,30,30,47,47,11,66,38,11,44,16,19,62,59,53,51,24,32,47,49,58,25,74,55,40,26,26,43,56,37,55,18,16,55,36
Gene2S_152,71,39,52,73,64,61,68,58,33,43,63,60,78,67,52,67,58,78,46,41,77,72,65,53,48,74,64,80,65,83,83,46,63,56,88,60,45,64,49,67,77,68,73,74,84,73,60,68,21,73,82,65,73,79,64,51,69,76,57,78,58,87,87,81,75,81,76,76,66,71,39,59,60,75,92,71,34,68,69,64,52,44,69,59,68,71,88,73,80,46,52,80,44,37,60,69,76,66,51,63,69,63,64,73,88,72,67,71,26,76,21,59,66,51,31,78,62,76,77,84,62,68,49,44,71,78,59,67,72,39,81,77,59,68,67,52,50,74,85,68,55,61,67,88,75,66,45,61,67,73,76,71,52,61,59,76,80,67,45,57,81,72,65,91,66,75,63,75,79,41,41,72,61,86,71,68,79,63,52,72,54,48,59,79,70,95,78,63,46,64,34,58,53,52,54,84,72,71,73,68,83,70,79,77,56,50,94,79,69,77,60,82,78,76,83,71,62,73,69,62,76,58,60,65,79,55,83,45,70,75,89,59,82,55,62,71,57,52,59,31,63,80,50,66,58,58,16,33,82,45,51,52,53,72,84,96,80,70,32,75,50,49,74,71,44,48,64,58,79,79,77,45,59,67,56,49,68,83,43,68,68,85,44,78,61,88,67,62,63,61,68,71,95,35,45,86,67,64,66,43,55,68,75,63,77,55,39,50,78,64,73,52,78,79,81,74,69,70,49,62,77,64,78,52,83,77,56,61,75,74,68,81,67,52,59,43,58,61,41,63,61,39,78,41,71,51,41,74,56,46,49,72,40,77,71,69,50,59,75,77,61,54,84,78,73,64,77,73,64,88,54,63,55,50,48,76,45,47,69,74,61,60,45,41,86,62,88,52,32,58,71,63,36,74,75,53,74,71,51,86,61,58,64,74,89,50,89,53,47,58,79,88,38,70,49,71,59,78,61,84,71,44,67,46,63,58,59,40,66,45,78,64,57,38,70,46,80,62,26,51,86,65,47,89,26,69,48,63,44,77,70,63,63,57,80,79,56,70,74,76,48,75,89,74,50,28,57,88,70,59,81,77,41,51,72,48,73,79,65,67,64,65,66,87,86,72,79,72,55,50,75,38,66,65,89,56,70,71,54,42
Gene2S_153,5,6,0,10,18,3,0,0,1,0,2,0,1,12,1,2,0,14,11,1,0,10,3,0,3,7,8,0,3,0,1,0,3,1,11,0,4,1,1,0,1,5,6,0,0,0,2,0,0,0,2,0,3,0,4,4,0,6,1,0,0,0,2,0,5,1,0,6,4,0,2,1,6,8,0,0,0,0,9,0,5,4,2,0,11,0,9,6,0,4,1,0,10,11,1,0,3,6,4,2,2,5,5,0,2,0,5,2,2,0,0,6,1,1,0,0,0,0,2,1,0,2,3,1,1,7,7,1,7,0,0,0,11,6,1,0,1,2,11,1,0,0,4,2,1,1,6,0,0,4,1,4,2,2,13,4,0,3,0,1,0,0,1,0,3,5,0,3,0,4,0,0,10,1,7,1,13,0,8,0,3,0,5,6,0,3,14,13,0,3,3,4,9,4,12,1,0,1,4,2,0,4,1,0,2,0,3,4,1,0,5,6,0,0,7,8,4,1,5,0,0,8,0,0,5,13,2,0,2,0,8,0,3,14,0,0,3,1,5,0,2,6,0,0,3,4,0,4,2,0,8,0,0,0,0,1,0,5,6,0,5,12,9,1,11,3,3,5,3,0,6,0,11,0,3,3,1,1,3,7,0,6,1,2,1,0,1,13,2,0,13,20,5,1,0,1,0,2,3,0,8,0,0,0,5,5,0,2,4,9,4,3,1,0,0,0,8,2,6,14,0,1,0,0,0,3,0,0,8,12,2,12,4,0,3,0,0,0,8,7,11,9,6,0,12,6,0,1,3,8,0,2,0,0,4,1,0,9,2,2,18,1,2,0,0,0,1,0,4,0,0,17,0,0,4,5,6,4,0,0,0,7,3,0,0,3,3,5,1,9,0,0,0,1,0,0,7,6,1,0,0,1,0,1,0,4,4,2,0,0,2,7,0,0,2,1,1,0,10,2,0,0,0,0,1,8,4,6,0,0,0,1,1,3,2,0,6,1,2,1,8,14,8,2,4,0,0,0,5,0,0,3,11,1,3,0,0,3,2,1,0,6,2,1,1,0,7,6,1,14,3,0,0,0,4,0,0,1,0,5,3,0,12,0,7,8,5,3,4,3,3,14,5,0,2,0,0,3,1,0
Gene2S_154,40,72,75,51,69,95,29,22,3,18,73,50,3,79,42,46,16,40,87,48,83,96,12,51,61,63,43,33,19,82,81,34,63,54,12,74,55,97,28,16,85,63,17,95,14,92,118,24,55,85,16,28,62,0,24,75,3,92,30,20,12,6,37,66,14,3,75,41,40,74,8,52,92,10,64,62,40,51,29,77,51,1,94,100,4,44,43,38,71,92,23,90,76,98,27,46,34,71,78,38,11,14,49,65,54,42,57,76,50,77,81,10,42,73,1,5,29,66,23,69,59,108,5,65,23,84,101,83,41,58,67,59,73,49,1,111,87,46,1,0,20,59,104,5,82,42,13,89,33,68,16,74,11,48,18,49,43,9,51,8,73,42,56,102,37,43,77,23,78,39,29,44,76,93,99,86,113,10,46,19,89,15,79,32,47,65,61,6,62,43,2,21,80,49,99,83,69,3,98,10,79,65,76,63,96,85,62,18,87,31,84,80,20,65,52,64,77,74,74,28,2,85,27,43,0,43,22,108,77,72,0,103,36,41,94,86,12,45,7,8,4,50,79,75,11,38,27,83,29,73,69,73,52,43,30,77,3,20,62,82,21,21,20,84,67,46,81,105,37,109,16,58,82,75,12,108,46,12,91,43,30,13,78,102,70,79,42,105,62,17,8,76,65,64,69,16,41,0,95,83,63,74,1,26,14,83,4,72,11,45,87,54,45,7,29,11,95,47,31,10,34,9,40,80,41,47,96,81,79,50,70,40,78,3,4,38,28,46,33,5,32,6,16,3,94,7,4,79,47,0,40,84,62,94,103,76,79,14,6,82,31,78,39,85,43,33,8,0,2,42,26,71,64,60,59,44,71,49,17,83,55,88,102,42,4,29,84,95,54,70,103,65,15,49,72,15,59,17,4,20,101,51,24,60,105,75,79,87,43,75,39,112,90,23,90,71,89,40,38,39,85,87,32,67,59,46,20,80,23,1,68,87,100,98,100,23,56,38,8,68,16,34,31,16,76,84,59,106,52,32,71,25,65,96,45,37,77,6,45,49,20,60,77,73,11,52,13,58,71,79,80,10,67,80,65,9,76,4,96,65,5,63,51,29,15,3,60,84,45,56,111,97,42,54,101,78,38,33,31,77
Gene2S_155,102,98,62,69,85,40,126,105,81,89,61,61,132,77,117,58,32,35,67,89,67,81,81,113,53,97,60,54,51,62,52,60,90,87,58,66,82,98,96,55,18,61,66,35,123,94,67,53,79,77,114,84,58,73,84,93,57,145,111,70,117,95,105,107,98,76,119,65,102,73,110,85,114,44,91,80,67,68,115,82,67,66,73,74,134,97,71,113,76,69,51,103,104,57,31,60,31,82,136,88,63,48,86,104,105,89,103,22,140,53,88,81,106,47,103,93,49,61,80,100,89,51,82,73,79,136,46,120,147,86,74,91,96,110,96,97,65,60,107,30,76,58,39,38,94,105,54,67,117,66,102,66,124,77,156,76,82,67,59,91,105,91,103,38,123,73,70,101,63,56,69,89,74,83,69,47,63,151,114,56,84,91,99,46,81,55,63,27,118,80,53,93,76,11,72,83,58,53,55,102,58,43,93,31,31,51,83,111,94,106,61,113,46,74,93,53,102,86,80,74,75,101,63,54,103,110,115,76,52,52,63,67,69,101,78,74,58,76,97,66,76,115,122,50,43,118,24,103,48,65,71,82,96,54,123,86,122,79,83,54,81,76,56,107,104,105,101,118,83,90,64,67,72,39,80,67,64,131,66,78,136,102,104,86,57,80,107,49,51,32,114,83,82,95,103,108,61,65,84,50,77,58,64,56,92,69,73,59,51,102,48,73,111,66,75,106,123,64,81,95,51,55,160,70,31,49,95,43,61,97,72,105,106,93,118,89,129,82,83,81,71,88,55,121,91,73,82,41,58,137,33,81,107,63,111,58,128,61,114,28,107,60,89,131,126,89,42,66,80,53,117,27,92,127,105,76,67,42,83,117,68,92,97,102,45,48,48,67,79,115,98,56,103,60,90,33,63,97,59,90,114,126,122,108,77,113,63,66,106,78,73,68,121,59,83,74,41,85,42,121,82,41,38,37,106,83,110,108,75,66,70,91,97,78,94,76,73,44,98,89,66,85,63,87,100,65,74,88,60,84,111,69,68,81,40,90,109,75,64,65,99,91,117,68,61,55,84,60,36,52,54,91,101,99,75,119,91,116,113,71,46,91,67,107,48,100,81,41,57,64,120,95,107,74,111,106,33,95,95,48
Gene2S_156,81,25,77,76,56,50,44,29,61,74,96,11,72,143,101,61,46,49,17,118,37,21,39,48,80,81,80,29,57,89,75,35,27,67,8,91,102,52,111,70,34,88,115,63,93,111,92,92,39,110,92,98,106,94,0,38,47,76,70,42,62,69,46,49,135,39,16,136,89,77,45,94,91,107,120,94,102,76,84,94,70,81,88,76,41,53,73,45,59,108,69,107,54,98,115,115,86,134,42,25,48,93,59,83,61,121,30,14,76,92,44,40,65,43,77,77,16,128,78,96,22,48,124,43,73,27,110,81,62,110,87,78,30,112,99,124,51,121,79,96,103,23,40,82,77,24,122,56,58,126,55,34,124,111,95,71,112,97,66,77,53,61,128,114,81,80,87,112,90,57,116,30,54,92,54,123,119,41,20,56,89,74,24,40,87,23,105,35,114,92,86,76,70,99,123,56,65,86,95,50,13,40,55,35,100,87,41,36,94,74,107,81,102,81,29,13,115,49,108,32,94,107,109,19,54,102,74,56,76,92,56,59,61,87,56,51,77,122,79,21,35,87,86,87,76,8,20,54,31,147,109,105,46,117,6,94,81,77,87,105,101,59,90,60,125,106,92,118,57,71,64,59,71,65,87,94,39,59,64,86,114,45,79,122,98,110,22,105,57,42,49,51,15,94,55,62,77,17,104,103,93,101,100,98,83,106,77,139,32,79,78,98,116,36,26,83,47,32,30,120,67,79,43,96,71,117,102,111,65,77,94,120,48,107,64,82,11,43,37,71,61,57,75,128,45,79,55,55,108,110,70,117,98,26,60,33,84,73,76,89,49,72,96,110,55,84,98,20,46,92,100,20,73,122,57,17,69,115,22,82,120,46,89,34,41,108,53,67,95,61,63,86,58,50,101,88,48,94,13,79,58,57,60,4,76,34,107,55,16,106,95,70,60,104,102,47,34,67,91,36,78,89,62,74,20,108,66,76,55,133,59,19,99,50,37,79,91,99,88,65,90,95,89,115,56,108,87,81,16,130,105,36,105,43,93,62,43,84,32,36,54,93,43,115,76,62,122,115,50,76,45,128,130,126,99,53,102,81,101,72,105,62,52,91,50,12,47,97,90,36,93,85,44,118,87,93,120,24,80,72
Gene2S_157,0,10,1,2,0,1,0,6,1,0,3,0,3,0,1,2,2,2,0,3,3,5,0,4,0,6,0,5,0,9,0,5,5,8,0,5,1,8,1,1,0,0,1,4,3,4,1,0,0,1,5,2,1,0,1,5,2,4,4,3,0,1,0,1,0,2,0,1,7,2,0,0,1,3,1,2,0,7,8,0,2,2,5,0,3,2,2,1,4,2,5,5,0,0,1,0,0,0,5,1,3,2,0,1,1,4,3,0,1,0,4,0,0,0,1,3,2,0,1,3,3,1,1,3,1,3,1,0,0,0,6,0,2,2,9,1,9,0,4,0,1,1,2,0,5,4,10,0,1,3,2,4,1,1,1,0,6,3,5,1,0,0,0,4,0,6,2,0,4,2,3,3,5,6,1,1,6,2,1,2,1,3,1,0,0,3,3,0,4,0,3,2,3,7,4,0,4,4,10,4,2,0,2,4,1,3,0,2,0,0,4,2,0,1,1,9,3,5,0,1,3,0,1,0,1,0,1,0,2,1,0,6,0,0,1,1,1,1,0,3,6,2,1,3,4,1,4,1,1,0,2,3,1,3,0,3,1,1,5,0,6,2,4,0,3,4,0,1,1,0,2,9,1,2,4,0,7,1,1,3,3,1,11,0,2,1,5,1,0,5,2,5,5,0,0,3,3,0,2,1,4,4,1,3,1,1,6,2,2,0,8,0,4,3,4,3,2,3,0,0,1,2,2,6,2,2,0,8,6,2,7,4,3,1,10,0,2,3,2,0,4,1,4,0,0,2,3,6,0,0,2,4,1,5,2,6,1,2,0,4,3,2,3,6,0,6,2,3,5,3,1,6,0,4,0,0,3,0,1,0,3,3,1,0,0,5,3,5,6,4,8,2,1,4,2,0,2,2,3,1,5,0,7,0,0,1,4,8,7,6,0,4,13,0,0,9,0,1,7,3,5,2,5,0,1,6,4,2,0,4,0,6,0,8,0,1,3,1,1,2,5,0,9,3,0,3,5,3,5,0,6,2,0,0,2,1,0,5,1,0,3,4,0,5,0,2,3,0,2,1,2,6,0,1,3,1,1,6,1,0,1,13,0,4,1,1,5,0,1,2,6,2,1,0,4,2,1,3,0,3
Gene2S_158,125,140,129,101,111,95,105,140,103,108,124,110,127,130,99,95,136,108,118,89,132,103,118,138,121,127,122,107,88,120,135,145,91,111,146,120,65,130,102,111,129,127,121,115,113,35,113,122,142,120,111,94,126,140,136,133,140,92,147,124,120,149,112,124,146,131,129,84,108,164,134,102,137,92,117,135,124,127,139,126,94,141,125,147,101,144,121,138,105,122,136,125,126,115,128,138,102,84,113,100,124,132,118,111,138,105,85,116,118,89,104,87,135,120,120,130,130,124,93,153,127,96,126,102,138,138,109,116,97,97,118,65,96,131,51,115,117,128,57,134,124,112,124,135,134,86,138,126,144,116,134,118,112,144,97,147,128,145,123,113,125,122,128,80,82,97,151,105,93,138,135,101,76,145,107,107,77,120,143,47,145,125,110,110,126,113,124,94,97,121,129,136,149,159,94,108,101,88,33,119,111,133,141,134,100,124,141,123,135,105,114,135,86,110,129,123,125,103,134,151,108,126,86,68,132,152,123,139,104,121,106,132,118,129,93,118,132,125,102,114,99,99,150,110,130,102,122,126,149,118,132,51,126,98,140,106,118,95,138,125,124,110,112,91,140,99,122,104,121,74,123,145,67,98,127,125,119,133,144,123,130,120,104,114,110,128,77,127,99,140,95,94,95,131,101,89,122,128,118,127,71,120,136,145,127,129,133,104,103,150,92,122,124,144,142,121,107,102,133,128,125,139,158,94,120,124,134,146,135,79,127,108,133,129,130,125,94,86,111,109,113,112,104,96,60,136,91,109,127,104,112,121,122,121,159,113,98,113,127,94,102,144,139,139,137,112,128,116,123,136,148,148,134,118,152,94,107,121,138,129,128,132,91,114,103,123,110,135,136,144,117,106,157,121,128,115,125,92,118,74,132,117,148,106,143,87,147,141,122,128,85,124,129,136,125,130,90,123,136,159,146,124,126,85,94,89,126,110,127,126,131,123,98,133,145,82,144,139,142,131,142,128,127,112,131,137,126,144,94,81,124,115,96,136,114,124,121,69,136,108,115,97,130,133,98,112,119,140,114,111,79,113,142,105,103,125,131,134,87,123,107,122,136,77,94,125,132,143,138,119,122,119,121,112,140,123,129,131,115,60
Gene2S_159,3,12,7,7,6,6,3,5,5,13,7,18,3,8,9,9,5,10,4,4,8,7,6,11,5,2,1,12,8,13,18,8,12,3,6,10,7,1,3,1,8,2,13,9,7,9,5,12,10,7,5,8,2,3,11,3,9,11,1,4,2,8,7,11,2,9,3,6,6,4,12,13,9,3,8,5,2,9,13,11,5,4,9,11,10,5,13,5,4,6,13,7,7,8,9,2,9,11,10,1,8,4,1,8,10,10,6,18,2,8,2,19,5,2,12,17,5,4,10,14,5,4,12,11,11,18,18,9,7,4,8,0,9,9,1,9,6,3,3,1,10,9,12,5,10,6,8,6,2,6,2,13,5,9,1,4,7,6,7,5,10,4,6,12,3,4,5,6,2,7,4,5,2,6,15,6,3,3,17,9,1,8,10,1,6,8,2,1,8,6,3,10,2,13,5,2,11,6,4,6,0,3,5,10,2,5,1,3,9,8,12,7,3,2,12,13,1,7,7,3,2,3,6,3,5,10,7,10,4,8,4,8,6,10,4,2,6,9,7,8,8,6,9,2,2,4,6,9,6,8,12,7,9,11,12,5,10,2,13,12,13,11,9,7,8,3,7,2,11,7,7,17,6,6,13,13,4,11,1,9,6,5,7,12,6,1,4,11,7,11,4,9,5,4,3,9,3,8,6,11,10,5,6,5,8,7,11,7,12,6,4,6,1,2,11,1,4,4,5,8,7,11,5,4,4,5,21,3,8,4,12,14,3,6,16,4,2,1,17,8,7,1,6,7,2,11,5,6,6,7,4,4,10,15,15,18,17,2,1,8,6,2,3,10,3,2,9,2,10,10,6,1,8,10,5,19,9,11,3,10,5,5,9,10,3,6,5,14,2,1,10,2,6,1,4,1,12,2,5,5,6,4,3,6,12,11,12,5,7,8,2,13,17,9,9,9,4,5,5,2,12,16,13,14,9,8,9,1,7,9,4,4,8,11,2,9,1,12,6,8,5,15,2,16,10,3,6,4,9,6,18,8,7,22,12,1,13,8,6,4,9,22,5,2,4,1,9,8,0,14,11,15,3,0,11,9,3,15,7,6,1,5,12,2,4,11,7,12,3,8,16,3,4,2,2,13,7,3,8,11
Gene2S_160,13,40,12,40,8,24,36,41,18,15,60,36,7,15,14,61,50,52,31,27,25,47,56,68,41,37,39,50,44,21,31,21,23,44,34,11,25,22,47,54,23,13,46,45,54,53,26,54,29,48,30,54,15,46,28,16,31,31,28,43,70,28,36,18,19,47,24,23,43,12,49,12,36,23,21,12,39,47,21,30,33,54,17,9,30,54,33,28,10,27,28,53,9,49,40,22,60,26,9,22,42,33,28,54,32,68,26,21,61,31,13,22,43,30,27,35,12,29,39,12,41,28,22,22,35,11,62,32,20,38,3,26,52,46,28,29,20,18,29,26,41,27,28,61,39,15,38,19,23,52,33,19,66,57,42,39,23,55,28,23,43,18,26,30,15,21,20,50,36,21,46,27,53,26,22,46,58,76,11,42,46,45,20,30,21,33,12,31,14,11,34,33,39,25,22,20,74,24,19,32,28,28,43,35,15,44,40,16,57,47,27,34,17,29,13,54,6,22,31,16,46,39,19,20,10,19,36,39,23,14,35,33,31,45,37,31,45,26,36,12,35,26,16,27,14,66,29,54,45,33,65,26,35,22,12,43,44,24,21,15,28,25,9,49,17,40,9,45,65,29,33,25,39,12,26,40,11,8,17,40,16,13,36,35,34,21,16,80,52,20,23,38,55,21,12,54,38,35,25,35,30,29,54,58,34,44,41,42,35,47,40,2,19,47,43,37,32,18,26,21,50,24,28,9,37,33,59,25,40,29,38,9,28,13,30,24,66,15,58,41,20,14,31,37,41,3,19,32,41,19,13,29,34,55,54,33,35,25,41,40,39,36,29,28,42,26,20,22,10,33,17,46,48,24,13,49,38,39,35,25,17,21,28,12,60,27,27,10,20,29,15,17,28,47,12,52,39,51,35,26,31,44,46,17,35,11,40,27,41,30,33,10,20,13,13,38,61,36,51,59,13,23,48,17,33,35,35,19,20,16,54,21,25,29,37,54,49,30,42,62,24,56,33,13,43,26,41,31,22,16,17,24,13,10,13,14,21,15,13,46,39,5,60,36,50,49,30,31,30,5,49,44,47,50,40,13,46,18,44,20,21,20,18,33,41,56,62,7,26,65,39,12,31,30,18,39,30,40,33,26
Gene2S_161,23,29,11,41,34,51,44,33,44,43,29,41,51,29,34,34,28,64,13,44,39,69,12,36,24,44,51,23,65,54,34,48,44,58,17,54,17,36,26,59,44,38,33,25,55,37,61,63,57,48,39,3,35,23,27,19,43,24,32,15,47,25,22,48,48,18,40,50,26,58,24,33,36,74,7,36,44,57,67,13,41,48,18,20,21,36,47,29,29,30,34,51,24,46,61,47,33,17,48,22,32,34,73,47,19,35,18,30,12,22,43,33,12,63,32,38,59,13,19,33,15,32,31,7,44,46,22,48,23,20,27,32,29,14,21,28,30,13,27,34,58,62,46,19,33,32,18,31,14,20,37,13,23,42,35,30,10,42,38,68,30,28,18,34,16,33,39,22,32,26,8,13,39,50,27,37,41,39,38,32,10,60,34,33,35,25,46,41,34,30,38,41,19,9,16,49,32,34,42,52,39,43,15,23,38,26,18,22,35,17,71,38,36,25,61,52,38,14,48,41,26,23,56,30,49,15,56,30,39,37,43,31,9,40,18,26,23,28,28,20,47,7,32,36,42,19,17,32,38,37,45,41,49,17,23,23,34,20,50,32,31,25,29,55,46,41,52,47,52,53,44,15,19,35,20,64,34,43,50,18,43,14,26,45,60,34,48,48,23,25,25,49,30,41,56,31,43,55,68,43,39,48,37,37,50,63,25,59,21,13,25,66,25,34,18,44,47,62,24,19,61,48,37,10,34,41,37,40,47,15,34,48,34,39,45,38,54,35,31,42,41,19,49,61,39,21,27,23,24,64,31,28,21,32,21,16,59,29,7,15,41,16,40,18,26,47,19,21,60,67,11,38,58,23,45,42,13,28,57,30,17,34,37,17,18,16,35,2,42,34,41,20,38,39,16,40,30,36,57,42,58,31,44,7,17,17,26,27,25,8,23,43,53,21,49,13,66,27,38,32,46,38,21,47,35,39,2,32,24,25,62,37,40,58,13,36,23,24,13,37,26,57,32,19,24,25,20,41,18,47,39,22,63,8,27,60,30,15,22,60,36,12,24,43,44,13,31,52,51,17,38,39,53,29,25,14,40,30,15,22,10,11,48,37,32,27,42,20,25,35,14,30,7,34,46,45,46,16,20,24
Gene2S_162,114,116,42,17,60,79,94,54,70,21,86,68,63,91,96,65,111,82,71,49,61,42,40,123,44,80,38,97,63,56,47,42,105,42,24,55,92,85,37,42,38,50,106,114,115,82,87,64,115,20,107,54,31,73,78,109,102,82,57,109,51,13,96,66,33,33,86,79,60,26,32,98,87,70,69,64,70,68,85,89,42,70,73,86,76,91,45,93,41,95,55,78,74,69,57,103,97,88,78,107,64,70,83,37,63,74,64,37,98,51,28,73,56,111,105,21,124,81,64,66,76,88,104,25,50,79,46,81,43,60,126,74,109,22,74,69,124,76,79,88,79,53,21,74,112,101,76,108,75,94,82,93,96,34,29,104,56,16,95,48,51,33,69,56,99,25,62,15,80,60,96,40,82,79,61,94,72,79,64,86,118,52,33,76,78,57,84,91,96,83,85,125,39,76,91,95,60,103,94,70,32,93,43,107,90,61,92,58,59,72,103,121,85,82,65,49,69,84,73,70,21,42,104,112,67,59,57,78,115,26,80,72,110,49,107,37,87,74,75,85,70,39,53,123,51,67,96,82,73,90,35,67,80,30,20,82,108,31,87,73,96,115,100,46,92,27,42,69,83,88,88,115,93,95,98,80,32,47,91,56,65,96,79,45,84,66,55,84,48,63,121,82,80,57,53,49,22,119,126,109,48,65,96,36,53,100,122,36,84,118,71,33,58,74,26,133,36,93,130,50,65,19,118,54,60,70,54,103,63,77,82,52,83,89,75,90,62,112,104,102,60,81,88,130,92,111,52,99,74,67,56,56,37,60,68,102,101,98,98,70,31,43,81,64,17,37,82,68,110,71,76,44,45,79,55,42,33,67,89,66,101,78,119,39,66,70,26,28,53,111,84,57,59,52,26,63,45,18,128,44,58,84,20,62,77,80,113,28,68,72,28,92,76,51,65,55,64,53,94,94,43,50,86,80,120,66,38,44,40,34,38,20,32,82,85,94,59,58,65,74,38,59,90,67,94,101,94,125,74,85,55,45,135,79,66,68,108,79,69,28,52,47,40,70,70,44,42,14,42,53,82,82,60,23,82,129,73,97,37,43,91,85,42,39,103,113,55,100,46,78,116,21,38,93,67,41,72,83,50,71
Gene2S_163,50,53,77,89,2,0,75,5,59,38,29,39,145,41,9,17,19,1,38,114,14,4,0,45,34,43,0,54,4,12,25,35,105,5,0,93,35,8,29,17,133,11,29,52,9,68,0,65,18,0,18,67,38,76,66,16,30,54,16,73,19,54,5,66,62,9,1,27,3,81,40,104,73,64,37,0,45,151,108,0,1,8,35,57,3,97,4,99,39,4,34,17,54,60,0,63,36,27,1,25,39,44,76,8,46,29,2,16,59,1,87,108,28,18,5,4,71,23,2,25,32,37,62,10,88,5,10,60,42,65,60,96,53,0,3,99,28,13,54,5,47,16,100,0,7,14,32,14,9,4,42,72,119,142,0,55,85,97,1,98,26,6,25,48,20,32,33,86,119,6,9,47,81,2,14,127,38,25,34,58,3,38,44,2,29,65,90,27,0,0,43,3,78,6,99,55,72,85,99,7,73,26,52,71,18,95,20,51,5,65,20,0,134,29,103,3,26,50,28,58,5,48,0,0,59,42,10,20,98,37,5,76,134,1,0,124,2,133,29,29,34,39,50,29,127,55,78,77,62,9,23,48,83,18,9,0,54,13,8,30,14,13,67,8,58,123,7,113,0,41,17,27,6,2,1,64,53,17,94,28,11,86,0,56,16,0,0,7,96,3,7,81,1,75,0,74,28,0,28,16,52,123,106,54,53,30,61,11,85,16,0,25,9,40,31,8,129,1,58,120,2,4,22,43,73,22,9,13,71,7,0,26,19,77,64,2,4,31,16,119,49,10,50,0,22,26,8,20,68,120,5,21,55,30,120,52,80,11,10,0,71,53,35,35,0,49,2,87,110,61,43,95,29,30,60,87,0,3,0,109,124,74,97,4,1,51,105,3,139,15,87,73,53,20,3,22,10,57,106,0,0,0,64,16,91,0,7,34,93,119,4,13,46,3,29,11,99,34,44,95,1,69,137,10,29,40,73,111,18,113,2,28,19,70,80,43,16,9,21,20,4,59,64,39,33,2,26,29,10,20,52,40,10,140,65,7,4,87,31,36,48,13,29,0,28,10,5,60,78,19,11,4,60,26,91,5,13,102,0,125,32,89,45,52,3,41,38,19,3,58,114,10,40,1,57,84,70,65,119,62
Gene2S_164,51,70,77,55,78,57,80,77,51,48,78,51,56,45,38,57,55,38,76,51,34,67,72,62,28,74,83,77,49,59,91,49,66,95,75,76,77,59,33,71,50,71,96,36,67,47,104,59,45,62,65,51,33,42,75,96,41,67,55,46,74,38,83,46,62,101,92,43,40,96,48,71,64,33,71,23,72,52,56,51,60,55,64,96,66,32,60,51,77,63,68,53,64,69,71,79,78,84,63,55,78,74,47,70,84,84,82,37,92,33,29,76,59,31,50,55,65,60,77,59,61,58,73,68,83,93,79,85,33,92,68,70,76,67,67,28,77,73,82,48,73,89,54,55,57,31,92,42,39,54,77,61,41,63,32,64,54,28,49,56,84,52,91,71,54,69,75,61,71,44,49,71,80,99,68,57,54,80,53,32,45,61,24,23,93,70,52,31,74,77,50,70,53,56,69,54,73,51,40,64,46,69,51,102,68,95,35,43,81,68,46,85,92,41,51,75,60,81,29,66,70,64,56,33,35,83,52,42,37,52,74,52,74,43,38,62,54,58,48,40,60,73,79,59,79,96,74,24,36,92,71,68,69,67,74,48,62,64,36,85,48,56,34,14,57,86,52,79,51,54,43,60,70,58,60,75,80,69,65,66,17,49,61,44,83,78,80,76,58,55,65,19,69,31,38,58,63,74,80,65,87,16,71,71,85,47,54,52,78,44,87,76,66,65,31,21,85,84,59,82,89,73,83,41,69,32,27,75,62,57,44,76,46,63,83,61,21,88,79,84,57,43,67,26,39,73,36,43,64,64,51,53,60,79,80,67,63,43,78,62,56,41,40,47,63,84,33,78,85,54,58,91,62,51,78,55,49,50,60,76,72,90,47,78,84,86,67,63,95,50,67,42,74,69,56,75,93,61,68,81,49,43,31,97,73,45,59,40,84,30,63,36,42,81,68,86,87,56,53,27,74,44,41,27,42,38,62,78,118,68,32,37,71,68,75,52,52,81,18,59,53,74,71,58,44,86,72,69,56,82,70,69,70,69,82,43,46,81,54,57,75,45,70,92,79,54,75,43,24,82,75,55,52,62,81,49,40,58,25,40,58,64,67,82,55,95,40,68,70,72,47,63,34,78,30,58,76,67,53,73
Gene2S_165,61,7,61,57,70,57,53,29,48,34,28,32,45,40,51,41,57,14,37,28,65,37,65,52,36,49,33,31,52,34,31,50,60,3,73,32,31,39,30,13,27,84,38,64,59,53,0,34,33,45,48,68,43,62,42,23,42,68,50,59,45,9,69,41,43,81,27,61,70,71,57,12,66,10,56,11,15,47,68,37,20,39,24,55,62,42,26,58,60,65,7,3,32,59,42,62,61,9,15,61,50,36,76,58,68,30,30,69,69,8,45,21,49,56,20,59,19,41,46,54,10,43,9,38,28,21,39,19,51,29,39,11,31,54,53,76,51,85,14,38,32,29,33,20,49,55,11,37,57,51,69,45,0,24,27,16,19,49,20,39,74,22,74,53,64,45,28,25,41,41,71,45,68,49,57,49,39,40,52,48,69,67,20,21,53,67,44,35,32,63,67,80,44,17,57,68,34,18,22,21,9,41,29,5,29,9,16,52,54,23,70,57,19,32,21,62,28,51,25,83,30,8,17,47,76,23,64,6,62,17,19,55,26,25,34,25,52,6,22,33,43,38,57,63,26,54,40,35,38,55,24,66,73,20,77,54,77,14,20,62,42,9,2,60,33,24,50,61,32,19,6,5,75,29,4,44,64,44,70,31,8,30,36,25,38,47,41,15,44,6,44,55,23,11,43,42,27,9,48,51,65,74,50,36,50,54,11,35,42,67,39,18,78,58,40,67,27,43,35,51,30,45,36,70,51,68,79,75,63,22,57,76,56,12,55,57,64,69,59,10,70,71,69,57,29,13,47,29,16,32,16,49,38,34,36,46,27,7,60,25,35,13,39,59,11,37,9,6,48,9,20,23,65,68,35,50,54,8,44,47,53,23,26,44,68,54,20,37,19,17,70,21,50,64,44,35,55,57,53,60,21,14,5,14,63,11,6,50,23,55,51,38,39,27,41,54,42,12,30,81,42,48,10,36,20,40,32,36,26,34,15,17,44,55,48,62,35,71,47,53,12,18,28,39,15,64,32,35,67,58,42,17,69,53,6,73,31,47,44,19,10,41,7,67,61,45,39,0,84,52,58,72,26,51,14,34,47,69,64,53,72,11,29,9,23,29,57,41,53,45,27,65,63,79,46,43,49,56,65,66
Gene2S_166,3,9,13,5,6,7,1,14,7,5,3,1,17,0,13,5,16,7,11,15,18,16,10,6,13,0,6,1,15,5,11,10,4,4,16,10,5,12,7,6,14,9,9,5,11,10,7,1,12,9,9,14,9,13,8,2,2,7,11,4,4,1,2,11,3,12,11,11,1,1,2,4,3,1,2,11,14,0,7,17,5,2,2,7,7,10,10,14,7,20,5,11,6,16,13,11,2,6,5,8,11,3,17,5,2,8,21,6,2,12,7,6,0,9,9,9,12,6,15,2,12,3,9,14,9,8,5,6,6,10,11,3,3,9,7,5,10,3,20,7,6,3,12,5,13,1,13,9,7,10,0,5,6,10,3,9,6,1,12,1,6,9,12,9,1,9,8,17,17,10,16,5,6,8,11,9,6,2,10,6,2,7,1,3,7,4,3,3,8,6,18,2,3,2,2,12,4,5,11,5,7,3,16,8,19,12,7,2,9,11,18,8,4,2,10,2,11,14,12,13,2,9,12,17,1,13,12,8,5,3,12,7,8,3,7,7,5,10,1,12,10,5,10,2,8,9,8,5,3,8,2,0,17,18,3,0,2,4,12,5,8,1,10,6,7,0,17,5,6,4,18,3,20,2,23,11,15,4,18,5,11,10,1,13,5,1,5,10,2,2,8,5,13,13,7,3,4,11,23,3,6,9,0,12,16,1,7,7,6,3,11,12,14,0,20,1,1,10,20,12,12,13,11,5,11,6,6,1,3,11,7,7,14,14,11,6,0,13,3,4,7,6,12,11,16,9,6,17,12,7,7,9,1,14,6,11,6,10,21,3,9,4,12,8,4,3,8,0,7,8,3,17,9,5,15,6,9,14,8,8,15,12,14,6,19,5,5,2,16,11,4,16,15,14,9,11,6,6,11,4,13,6,12,16,5,3,1,16,9,6,17,13,7,3,1,1,15,21,6,10,2,10,8,8,12,2,16,21,4,1,5,12,13,19,11,2,15,2,5,14,11,13,3,11,13,4,5,8,11,6,2,12,0,11,18,10,13,7,5,3,7,3,2,9,12,15,3,10,12,9,5,14,0,7,6,3,10,3,5,0,13,12,3,5,2,6,5,9,8,23,12,9,5,12,2,2,13,10,8,5
Gene2S_167,62,69,58,31,63,62,48,33,20,64,42,69,43,52,66,36,28,84,42,38,38,71,42,65,75,54,42,67,61,43,50,52,34,75,59,46,55,44,31,42,46,46,31,83,64,97,61,33,19,78,48,70,60,89,24,68,73,71,28,87,49,73,40,40,90,34,60,85,62,30,54,57,78,40,58,70,63,58,60,46,72,37,24,75,72,49,40,75,74,59,37,72,72,44,77,23,65,47,38,51,74,56,48,76,29,83,44,63,70,42,71,70,35,29,34,49,65,60,42,66,38,22,70,52,91,70,49,48,27,51,73,83,59,79,37,83,61,42,58,34,59,49,33,96,56,54,19,35,67,63,45,56,42,39,57,43,54,35,57,31,71,62,40,53,43,40,74,52,89,52,67,58,51,83,66,68,54,29,51,17,88,29,69,23,30,67,57,62,53,33,54,51,62,32,90,35,69,29,51,60,78,91,63,71,66,37,68,54,47,64,66,58,75,63,46,61,61,62,92,60,70,32,67,58,54,19,58,68,63,48,74,38,53,44,45,33,34,71,29,61,51,30,38,40,54,78,17,33,44,32,65,85,62,60,40,37,38,57,79,51,28,40,65,50,56,51,50,69,51,41,71,66,58,83,44,94,18,51,69,62,59,53,75,42,80,32,57,35,27,64,69,80,55,39,56,71,37,71,62,70,40,49,81,24,37,58,59,54,36,49,39,51,66,66,49,44,40,81,60,65,51,66,45,43,23,83,61,74,37,58,35,53,40,74,80,38,49,53,85,52,34,53,37,24,51,63,40,45,42,39,63,30,53,42,60,25,88,40,51,53,94,36,74,51,46,56,68,61,91,65,48,58,81,53,36,70,19,54,44,41,62,54,40,35,48,70,82,53,90,64,75,30,42,51,54,64,65,48,58,57,70,37,67,31,64,47,47,41,23,64,46,61,75,55,80,35,43,24,69,47,67,51,56,49,62,55,70,38,74,61,61,29,58,45,56,86,45,52,69,34,70,37,39,51,49,73,69,61,60,81,79,17,40,38,83,51,39,61,33,49,29,40,62,70,23,53,26,56,24,86,36,66,21,83,39,54,62,67,72,56,42,26,49,25,63,54,59,33,42,47,43,66,77,56,50,76,29,27,63,62
Gene2S_168,116,80,78,38,108,86,65,77,88,73,87,100,81,91,98,101,62,42,80,78,87,102,27,79,116,38,116,80,65,86,83,56,87,81,43,84,117,91,21,74,64,52,33,122,91,75,79,40,47,75,35,98,61,86,65,85,71,102,41,101,115,113,62,118,64,73,63,76,93,112,94,35,132,121,94,105,62,105,94,74,75,58,119,61,97,71,28,94,109,76,49,92,71,87,43,81,79,119,98,112,103,31,69,83,99,55,88,79,69,34,126,111,68,91,42,90,72,48,90,85,134,30,95,63,44,56,57,125,64,105,89,79,90,71,43,78,79,62,19,75,104,70,128,85,77,89,92,74,55,88,64,77,95,72,31,105,91,47,42,123,79,71,81,75,66,29,91,103,84,118,78,67,76,49,71,97,69,87,33,85,93,38,63,83,96,72,91,120,53,84,100,63,61,94,36,102,81,63,58,54,85,64,59,79,57,95,116,39,66,116,97,114,72,62,85,58,111,81,99,24,83,93,72,93,82,74,92,61,21,75,85,119,56,22,91,81,48,72,88,96,87,45,80,89,62,89,29,89,38,88,85,44,124,85,81,55,72,73,110,116,69,14,26,99,72,73,119,92,60,63,68,13,26,89,102,86,97,105,96,101,98,75,68,102,53,77,94,45,45,67,31,77,97,99,54,82,73,44,123,75,49,61,121,54,113,79,58,111,93,70,103,43,81,57,70,79,70,31,74,62,124,98,37,109,55,71,35,91,35,58,78,87,80,97,39,98,84,77,109,96,118,82,79,84,88,36,77,93,74,112,55,72,73,70,96,33,53,95,40,87,75,74,107,98,74,42,48,73,46,74,70,68,61,52,77,49,69,63,97,68,61,110,74,90,77,28,79,106,131,87,53,66,83,81,88,95,96,87,79,35,66,101,93,62,75,114,92,91,51,26,31,79,77,103,80,48,98,46,122,62,89,49,103,127,109,58,87,121,36,101,35,116,74,70,115,82,103,25,92,67,108,61,81,118,106,44,42,112,3,68,53,91,78,78,81,40,108,49,88,77,72,36,104,95,59,91,65,34,68,106,97,89,56,73,60,96,91,34,33,118,78,110,63,88,109,109,26,64,89,85,88,94,44,46,94,80,66,55,103,56
Gene2S_169,71,73,108,47,112,107,152,130,116,128,63,97,119,120,133,119,124,126,153,60,69,105,133,95,108,136,80,60,76,126,106,136,100,97,84,73,111,132,86,104,117,89,117,83,126,59,103,89,47,86,81,123,96,41,90,120,38,124,90,84,103,109,149,124,126,136,96,93,108,107,82,73,47,140,104,100,94,118,103,82,129,111,61,107,117,132,96,87,145,120,47,99,130,110,117,148,86,97,111,66,132,69,68,134,120,109,112,87,125,75,131,105,139,43,93,56,120,53,101,108,144,161,75,114,124,119,85,79,119,133,90,108,13,113,93,57,98,38,119,106,120,47,49,108,77,92,115,110,138,91,135,45,137,122,105,132,126,112,123,139,61,137,100,130,115,113,98,104,99,111,110,120,92,72,108,124,126,51,113,136,135,107,139,113,79,129,88,95,112,68,60,87,93,62,48,82,129,106,42,106,138,94,119,48,117,92,117,82,71,153,152,57,108,110,74,142,90,121,127,97,98,105,101,92,112,25,78,88,147,103,101,120,121,96,133,71,77,124,132,130,123,144,123,73,137,80,76,124,95,109,61,134,72,71,104,131,114,126,97,87,116,84,77,97,79,92,125,122,124,139,106,93,93,91,93,115,105,109,94,83,89,74,89,134,101,120,87,137,109,90,120,79,134,117,115,95,133,51,88,79,143,147,132,128,107,106,88,153,129,147,117,95,156,77,137,61,97,51,105,103,102,89,89,93,140,69,100,99,95,108,97,128,54,130,129,85,144,58,85,100,105,9,134,133,85,78,98,71,122,121,83,129,156,141,92,48,51,70,65,73,89,94,119,90,97,76,141,139,121,121,127,95,78,96,107,138,92,101,90,143,50,105,107,108,128,80,99,106,142,122,96,110,83,134,127,149,132,87,58,123,39,122,128,74,96,98,106,134,110,68,108,71,72,108,142,48,118,107,127,131,109,125,97,113,87,80,78,118,81,78,44,127,120,49,111,124,133,118,113,108,142,107,74,64,91,132,73,71,129,112,95,105,68,133,127,68,131,35,104,66,75,100,78,117,70,133,71,121,92,123,137,48,110,117,111,108,120,105,87,124,124,68,103,132,131,84,101,87,120,135,130,62,112,107,83,109,104,97,129,110
Gene2S_170,66,54,79,54,56,95,29,53,86,44,46,36,49,31,40,49,51,70,32,35,46,45,58,29,67,78,43,27,40,32,75,53,98,69,46,31,18,30,21,47,66,56,36,44,58,41,46,77,71,58,35,62,61,17,32,75,29,40,29,45,58,68,35,39,24,66,50,78,68,46,64,26,95,85,71,72,53,32,46,48,54,31,36,30,43,63,43,74,36,43,59,45,21,50,74,74,66,75,29,54,45,59,55,17,43,70,53,49,91,91,42,50,28,45,67,75,69,10,88,39,58,72,60,18,27,51,33,41,55,58,77,39,37,72,49,62,48,72,65,90,44,59,15,59,60,59,74,48,36,45,82,72,52,73,50,38,57,62,17,64,44,49,79,41,53,51,36,38,52,46,62,69,48,36,55,32,82,37,61,66,91,14,14,95,80,27,56,51,80,44,39,51,62,46,56,61,81,75,18,58,74,63,39,59,70,54,77,9,29,76,24,48,41,68,42,58,65,41,45,36,58,22,53,37,51,52,47,47,41,73,38,32,74,48,60,36,38,39,31,39,48,24,95,47,82,71,55,44,29,69,46,63,55,50,60,51,41,97,36,79,38,91,44,85,42,50,75,65,41,46,25,59,69,92,14,53,17,65,27,63,60,32,29,24,64,106,69,81,29,54,58,18,48,38,46,56,79,45,8,23,32,12,13,57,41,33,68,81,20,51,52,34,83,79,47,23,53,37,31,52,32,71,26,47,39,76,60,34,57,79,54,53,80,50,80,44,76,74,39,41,57,32,79,72,62,68,28,72,34,66,36,83,54,63,35,60,73,61,66,65,18,44,38,58,38,35,52,29,54,63,73,102,76,23,31,69,72,31,16,58,53,34,42,39,43,27,37,84,41,59,24,48,73,50,29,53,54,55,29,71,80,69,75,50,53,41,46,114,62,38,65,30,49,50,39,42,41,88,85,42,88,77,64,50,63,14,43,37,68,71,46,67,60,78,91,37,59,57,33,58,46,55,43,83,55,72,39,48,58,49,23,76,59,52,71,49,101,43,43,53,44,12,87,59,63,66,17,56,53,70,17,37,65,78,63,73,79,74,45,51,56,75,66,29,42,49,44,63,24,87,34,26,25,23,45,49,45,41,19,49
Gene2S_171,53,90,112,145,101,60,68,93,75,96,81,78,94,16,33,92,87,65,97,96,73,101,92,91,121,58,47,118,94,110,154,125,38,104,85,56,110,82,118,69,79,102,94,91,73,101,56,94,120,94,110,55,109,63,134,64,90,135,39,43,138,57,56,95,53,68,102,113,105,58,77,101,130,105,141,65,99,110,77,92,75,41,88,47,51,92,62,55,59,88,92,83,46,82,72,92,73,38,48,98,103,71,49,54,77,59,98,78,59,106,113,100,37,105,72,67,26,63,78,111,98,39,126,99,51,98,88,36,120,78,105,67,104,118,76,25,112,95,94,84,21,155,78,158,57,106,107,120,106,109,132,80,96,94,63,88,39,66,65,108,132,82,111,84,123,135,110,133,137,110,53,88,84,55,96,92,87,76,129,79,71,147,51,86,84,60,135,132,88,127,118,114,130,93,82,101,57,103,93,106,128,122,113,94,81,146,92,64,49,61,67,50,63,74,126,71,97,93,88,82,57,127,91,94,92,107,72,73,101,86,32,103,68,96,63,99,105,84,101,101,78,112,52,102,82,89,95,105,89,102,61,85,86,136,49,145,99,110,98,77,60,96,49,95,135,104,91,108,102,93,90,99,105,62,90,111,61,93,124,73,103,56,67,109,79,42,39,94,71,131,102,119,75,163,87,98,93,68,71,87,87,40,38,63,135,101,124,99,71,33,48,15,55,72,51,99,55,97,10,46,109,86,108,115,71,121,116,120,79,92,106,35,69,79,81,63,67,87,56,116,64,22,81,108,67,86,130,91,118,116,90,78,106,56,74,115,101,116,53,97,24,128,84,82,78,76,130,107,79,68,12,66,132,96,74,85,93,53,68,106,94,116,90,65,14,77,65,62,58,111,100,98,112,47,133,53,95,33,101,109,84,93,93,90,111,69,80,73,52,94,70,102,105,73,37,78,110,93,32,55,33,119,130,153,79,80,75,74,82,45,51,42,101,65,96,68,115,74,106,69,48,132,80,79,103,76,95,107,103,80,46,79,100,108,118,46,93,95,92,87,42,112,24,104,92,61,60,145,82,90,126,68,65,117,91,88,64,107,129,66,76,36,131,104,65,86,123,81,65,52,115,89,84,113,114,78,87,45,81,107
Gene2S_172,14,10,12,14,10,6,8,11,18,14,6,18,18,6,10,9,20,9,12,15,11,23,8,10,16,12,16,10,7,10,10,7,10,13,17,5,16,7,6,18,19,5,19,7,9,11,12,17,16,11,10,11,3,14,11,16,13,10,7,11,7,13,11,11,16,17,13,9,14,9,11,11,17,17,14,10,4,20,10,3,4,8,7,11,17,14,15,16,9,12,12,10,10,12,14,10,20,11,7,13,15,11,13,13,14,14,12,7,10,18,7,14,12,15,4,5,12,11,9,14,3,12,15,10,8,13,12,7,9,11,13,8,16,8,10,13,8,9,15,14,9,6,12,10,8,14,13,9,10,6,4,8,6,16,13,8,11,5,16,10,24,13,14,10,6,4,14,13,12,12,13,8,14,10,14,14,13,24,13,10,13,18,8,9,20,12,6,10,14,11,18,21,7,8,8,9,16,6,18,12,15,12,7,16,9,10,14,6,15,14,14,13,9,12,12,11,15,14,18,13,19,16,7,22,20,16,13,6,16,12,4,13,9,15,7,9,12,9,12,8,17,19,7,18,13,11,12,7,7,11,4,8,5,9,16,9,7,11,15,9,16,16,12,10,13,14,14,14,15,14,11,18,14,7,12,16,14,16,8,13,19,21,14,13,16,13,14,16,11,18,16,10,7,11,6,3,15,16,11,17,14,7,13,12,6,11,13,17,7,12,15,16,14,14,8,15,19,13,14,9,11,15,12,11,12,14,17,11,17,10,21,8,10,9,13,12,10,11,15,7,12,7,7,10,12,15,13,12,12,16,10,6,9,4,12,5,11,15,13,12,12,12,9,8,6,12,6,10,12,8,14,14,17,14,9,8,13,9,16,8,5,12,14,10,12,18,11,13,10,15,10,13,16,9,15,18,14,10,13,18,20,17,13,15,10,8,12,15,12,13,18,10,16,17,12,14,12,17,9,19,22,13,13,6,5,8,4,15,12,8,8,13,14,7,11,13,7,12,6,13,10,9,19,12,9,11,9,11,8,7,6,13,17,5,10,13,18,13,12,14,18,9,13,9,11,5,12,14,11,8,13,11,12,8,13,12,18,10,12,18,17,10,21,9,15,13,12,14,11,7,8,14,14,13,4,10,13,20,11,14
Gene2S_173,40,78,40,39,69,50,52,73,43,30,63,71,0,62,30,33,39,56,45,87,28,13,26,50,84,6,32,83,44,68,43,96,7,90,71,26,32,42,30,105,56,22,63,42,49,58,92,34,91,21,67,26,36,41,58,28,15,91,32,58,34,74,29,128,20,17,23,105,57,81,84,104,45,51,71,26,78,12,2,49,33,27,51,60,42,54,23,119,101,102,77,53,69,33,20,1,32,65,48,113,51,57,96,35,59,37,14,92,12,89,25,31,13,81,44,32,53,14,45,78,41,24,22,95,51,63,65,23,53,43,54,111,68,17,22,31,71,29,80,101,61,90,44,20,43,79,11,67,20,34,17,38,11,74,54,57,49,13,64,21,64,41,8,38,29,6,37,71,109,47,82,81,69,6,29,61,50,43,64,46,10,24,46,44,29,40,13,46,32,32,17,74,5,13,76,60,63,68,49,15,19,43,37,14,63,38,23,35,19,49,34,42,60,88,35,139,57,39,64,31,14,53,34,78,78,60,32,57,109,5,5,0,37,45,42,48,20,51,23,58,37,30,49,52,48,101,115,19,104,29,59,7,55,79,27,31,54,66,41,116,67,62,37,33,109,56,71,54,60,46,98,19,65,53,61,22,48,37,37,29,40,43,69,8,15,18,44,100,81,26,41,47,15,22,43,70,18,4,52,65,89,25,13,110,51,60,1,29,20,50,28,80,56,81,53,88,64,80,75,40,42,126,24,47,24,32,42,77,89,102,27,29,36,19,67,40,29,68,15,124,87,79,22,58,12,91,117,19,52,38,10,91,15,39,69,40,49,81,10,83,28,37,14,97,49,67,95,19,12,61,65,11,76,4,78,61,78,85,28,49,34,11,23,64,27,51,17,62,45,99,13,33,12,47,36,45,40,63,2,38,44,65,68,13,136,76,60,32,8,22,26,21,49,14,76,33,28,57,22,49,99,40,36,27,82,21,88,81,79,13,41,25,87,72,82,23,58,42,87,68,79,78,79,9,98,94,64,22,61,62,26,66,46,64,25,61,66,25,85,18,98,40,76,49,94,25,48,56,70,29,6,103,68,13,44,22,43,88,90,38,65,45,43,44,83,35,81,68,25,31,55,40,34,57,71,82,66,23,68,32
Gene2S_174,27,1,0,2,33,19,1,23,33,10,41,29,33,6,1,15,43,13,9,3,6,10,24,9,7,0,0,12,7,15,2,0,12,27,49,1,38,6,4,11,3,8,24,2,15,38,13,34,9,15,4,23,12,11,7,9,5,2,30,25,31,1,15,0,6,16,67,16,3,13,19,10,21,12,4,46,4,11,1,0,12,4,7,34,10,3,18,22,3,6,30,5,5,34,18,26,17,38,15,10,4,21,19,40,7,19,11,26,0,14,18,29,4,32,6,16,22,21,43,2,21,23,0,28,28,31,24,10,15,17,42,1,6,33,18,38,37,36,24,11,35,14,31,10,20,13,10,0,33,48,20,5,3,1,0,17,14,43,14,23,19,37,0,2,10,1,8,6,28,31,7,1,11,13,4,18,15,9,2,6,26,18,4,14,23,0,25,2,14,10,38,7,16,21,5,41,0,5,44,5,0,36,7,28,41,43,6,7,20,10,8,47,1,24,0,65,4,22,26,6,32,25,8,12,6,37,17,22,14,17,2,45,1,1,24,0,14,1,18,1,4,7,1,13,14,20,11,6,8,49,23,3,5,9,42,13,0,11,2,12,8,0,20,4,21,13,15,7,11,3,2,14,19,17,14,0,27,16,22,6,35,12,0,5,1,12,24,20,11,23,24,20,25,14,9,22,28,30,11,0,22,10,30,23,13,18,3,2,31,12,28,21,20,5,5,13,18,9,1,31,17,17,1,22,39,22,23,18,10,0,9,3,10,31,17,13,4,5,33,3,25,24,24,20,11,19,17,6,34,20,10,42,2,5,13,7,20,6,0,0,26,10,29,37,42,11,21,4,16,8,48,6,7,16,37,30,34,6,5,1,46,25,10,0,12,44,21,19,31,27,8,0,41,25,14,51,25,9,45,16,0,49,1,41,34,23,10,17,14,25,40,1,8,6,0,21,26,0,15,25,2,21,12,42,19,8,20,4,41,3,24,16,12,28,4,19,3,40,7,11,13,22,4,14,13,10,15,17,16,31,10,28,36,26,11,51,15,0,13,35,8,1,3,20,9,1,11,6,45,10,25,36,19,9,7,11,34,21,2,3,7,19,25,15,37,6,6,15,49,47,4,1,18,43,1,16,17,17,12,27
Gene2S_175,60,64,43,89,102,62,30,15,67,52,98,80,91,60,49,79,52,61,52,98,49,59,103,54,105,88,71,102,111,39,85,99,79,71,77,46,70,43,28,60,82,80,66,71,90,90,20,61,76,97,39,69,65,46,112,44,51,32,75,70,90,69,81,87,91,29,54,44,68,71,81,73,41,86,77,57,103,39,108,46,89,103,71,81,80,97,61,53,81,62,51,71,65,47,62,87,43,69,48,22,71,112,51,91,64,88,60,59,76,64,77,74,66,79,125,72,76,102,76,62,52,87,59,25,74,61,31,43,82,61,81,70,54,50,44,55,72,26,61,91,68,55,83,93,34,84,65,42,53,78,57,46,82,68,57,43,87,44,45,87,56,85,62,119,60,57,81,55,67,72,61,75,126,57,90,93,61,36,76,89,100,47,61,74,104,97,104,59,38,70,120,40,99,84,81,39,47,72,67,104,64,54,38,62,81,36,89,74,100,64,75,81,44,65,77,17,60,80,71,114,60,53,120,49,39,79,94,116,77,40,69,33,76,51,112,44,57,95,60,57,82,46,50,81,92,50,74,50,68,37,32,80,42,105,91,83,64,89,88,55,92,80,58,85,102,80,60,19,76,56,46,88,66,48,34,87,34,89,71,64,26,56,59,97,44,78,55,53,45,72,72,94,77,79,62,68,130,106,63,92,43,33,37,54,83,63,50,80,58,74,94,99,75,58,71,86,50,62,64,83,59,82,77,50,83,47,95,60,46,84,61,94,77,68,78,53,55,57,31,52,65,61,22,32,86,74,55,47,107,43,32,107,85,26,85,95,60,95,90,76,84,77,119,23,56,100,87,77,64,37,38,52,61,31,89,38,72,43,42,7,67,54,69,59,33,108,33,71,67,74,90,85,49,65,37,96,51,63,96,81,96,91,93,120,122,52,50,78,30,70,37,71,41,47,72,86,79,95,50,105,35,56,40,67,85,97,84,57,105,82,87,63,65,93,86,55,61,95,53,47,83,105,54,98,59,105,89,78,96,83,63,67,96,66,78,69,64,26,62,80,72,58,61,43,74,100,68,69,70,77,54,56,77,102,55,92,70,32,66,65,69,68,83,47,76,76,92,26,45,87,45,81,47,30,76,104,91,85,64,104
Gene2S_176,24,37,23,33,39,49,25,38,27,30,18,54,17,17,19,25,47,46,24,10,20,39,40,17,26,39,41,27,3,20,37,21,18,28,61,17,15,11,41,26,35,24,16,12,42,34,38,29,27,37,21,22,24,30,25,20,33,21,22,29,34,25,33,28,41,12,22,36,14,18,14,21,20,32,49,17,22,14,21,48,33,16,28,33,7,35,23,24,38,48,39,5,16,26,33,32,4,33,13,26,38,43,19,5,34,16,36,23,32,23,25,42,33,34,13,19,29,23,32,28,31,30,7,42,13,27,5,37,21,22,40,20,25,29,40,19,14,30,22,17,22,2,19,27,20,43,15,16,31,32,19,30,26,18,21,20,7,36,20,38,31,29,22,29,32,19,15,15,2,35,24,37,25,22,29,20,25,17,42,22,44,28,15,16,8,37,31,14,10,51,38,6,22,31,30,39,18,28,21,30,19,10,30,11,30,24,34,19,27,12,3,4,29,31,14,44,37,38,35,32,22,27,9,17,4,37,20,20,17,25,24,17,36,44,16,11,23,37,15,27,29,24,34,4,25,10,13,6,41,22,29,51,3,29,32,29,22,40,24,31,32,30,34,27,16,20,19,45,29,35,8,44,24,36,25,24,28,12,22,11,16,40,35,9,22,22,8,17,10,53,13,35,44,11,36,23,25,6,30,18,26,13,12,28,25,14,26,21,36,38,14,13,20,3,15,22,16,27,42,10,16,25,33,13,33,23,21,3,3,41,31,5,29,27,17,18,33,22,15,11,7,39,42,41,1,10,32,24,23,32,33,26,43,11,28,11,22,12,45,21,31,14,34,15,3,41,31,24,33,31,40,34,3,22,16,8,18,8,15,12,48,43,44,29,6,18,10,27,25,17,29,5,17,8,13,26,20,22,33,25,36,23,24,22,24,18,41,19,23,24,26,17,36,34,28,38,31,25,23,21,17,47,18,41,18,28,35,32,39,26,28,26,15,31,49,19,19,33,36,38,48,34,25,36,14,18,30,22,36,11,8,17,26,12,25,35,41,18,11,15,24,31,33,40,49,34,31,48,14,29,21,12,38,9,21,14,7,39,14,17,32,12,26,28,25,20,29,11,26,28,47,12,22,19,7,29,11,32,28,15
Gene2S_177,3,5,4,15,38,1,10,50,13,1,3,36,3,10,8,18,4,0,5,0,15,22,7,20,77,66,4,62,13,29,3,0,0,1,12,59,1,7,30,0,22,6,4,0,4,33,13,61,6,67,22,74,49,2,13,10,26,11,9,48,25,12,39,25,21,24,10,9,35,4,19,52,18,29,1,0,18,36,1,20,0,35,10,16,20,41,5,9,21,1,10,8,6,15,24,4,25,14,0,5,1,9,45,19,3,12,7,59,24,3,0,23,21,42,57,1,16,2,41,28,3,9,55,0,27,29,33,38,7,10,3,1,1,48,7,3,16,38,44,6,10,6,49,15,3,1,65,43,0,41,0,2,7,51,27,1,52,28,8,35,40,37,54,54,6,3,0,0,32,58,15,2,4,0,32,2,8,12,0,5,6,6,41,0,35,81,16,21,23,6,0,7,18,45,9,6,9,9,16,6,36,0,24,16,25,1,21,11,33,13,22,2,48,23,13,20,17,12,17,12,5,34,1,1,17,4,20,19,0,21,6,4,13,27,3,17,30,2,2,9,68,0,3,24,0,35,10,16,41,0,15,34,0,42,8,14,11,4,7,35,26,55,0,2,2,32,45,19,18,0,19,31,5,12,46,3,5,13,39,44,10,0,19,0,75,23,30,13,39,43,13,1,28,37,20,6,1,4,0,15,26,4,16,50,0,48,37,31,1,5,49,12,0,19,0,4,1,4,0,30,0,14,0,20,21,24,9,26,0,28,17,7,19,22,0,21,0,71,11,1,14,11,29,14,48,0,31,2,12,5,2,15,17,27,12,18,3,19,22,30,0,3,28,0,2,34,14,43,5,8,51,60,10,1,0,0,75,29,20,9,5,10,18,22,48,12,25,1,19,13,26,0,0,5,1,2,1,21,8,13,4,18,4,25,19,3,2,1,0,3,11,18,1,0,1,2,4,19,1,64,19,3,11,2,7,3,0,40,24,14,17,0,22,13,0,24,21,17,38,53,9,9,18,38,4,6,8,67,19,26,0,20,4,7,28,45,15,11,25,4,2,0,20,0,9,41,0,11,3,76,4,0,4,18,3,9,25,24,1,20,0,0,19,36,69,5,37,40,20,30,9,20,0,7,28,19,61,10,17,27
Gene2S_178,49,50,27,43,58,39,47,70,24,58,56,21,58,46,10,41,28,24,28,37,41,76,41,47,56,42,49,53,61,65,32,29,41,26,42,22,20,59,37,43,31,34,25,47,37,39,44,31,30,24,50,65,57,32,19,36,53,21,51,42,52,46,55,41,74,39,70,32,43,49,58,43,57,42,35,46,48,48,80,57,28,33,64,33,68,52,29,20,31,40,36,36,35,62,35,56,44,40,51,52,51,64,35,27,46,33,33,23,45,46,38,57,37,39,54,32,45,53,44,38,49,21,40,47,37,72,43,41,52,36,37,66,34,53,25,65,68,68,24,55,63,29,24,52,46,61,32,64,69,52,49,38,54,40,35,15,43,40,54,44,54,31,32,33,14,60,41,27,15,63,39,66,29,42,44,40,30,40,34,45,31,42,57,47,63,23,31,28,47,47,55,59,40,73,48,58,37,40,38,33,45,20,58,34,26,35,8,62,42,21,24,49,69,69,53,54,26,49,67,53,74,30,59,37,62,14,40,49,46,50,37,64,38,48,37,27,29,42,49,29,25,45,30,40,43,70,45,10,15,23,52,36,56,48,27,29,42,64,23,31,40,14,66,48,40,46,37,30,33,66,37,52,30,42,40,41,54,63,40,37,25,43,67,26,37,24,80,24,38,22,56,30,74,37,38,52,41,46,47,57,53,31,24,48,40,74,57,57,62,45,61,42,55,30,41,21,42,78,63,42,65,48,77,55,33,42,29,58,26,44,25,38,53,43,65,44,51,34,44,49,25,54,39,42,37,27,33,46,56,27,28,38,41,45,43,25,36,45,43,25,23,49,53,71,57,38,59,49,30,45,22,66,22,39,50,33,21,15,53,49,56,56,48,39,39,62,8,37,26,14,44,50,68,23,16,34,10,62,28,15,27,25,40,39,60,31,62,75,45,41,20,48,51,20,33,46,44,58,49,61,39,54,44,30,35,37,42,33,61,46,38,38,33,63,23,49,17,52,37,38,55,64,76,34,34,48,70,57,16,40,80,52,75,55,49,43,55,41,44,17,75,16,47,32,27,23,30,34,43,62,36,40,18,36,47,28,44,54,55,29,38,17,56,20,16,29,43,32,47,58,59,72,33,32,46,29,33,59,35,73
Gene2S_179,121,42,48,90,30,80,57,105,29,81,64,38,66,75,71,67,31,77,17,61,88,26,18,60,34,71,59,95,29,56,74,68,70,55,25,62,45,79,72,57,31,80,37,70,103,81,48,53,72,27,99,49,69,43,74,50,58,42,18,87,60,110,54,51,22,56,56,40,117,34,35,34,55,82,84,93,58,70,35,26,33,30,52,85,98,43,63,82,58,75,58,65,21,49,48,99,49,83,41,25,78,64,70,78,47,27,82,53,60,63,37,55,73,48,12,81,26,56,42,87,52,43,42,32,22,30,88,35,71,43,69,77,48,80,77,10,68,52,35,70,23,69,47,43,39,92,70,81,56,45,52,80,19,76,74,44,38,57,28,72,56,46,62,60,57,67,58,62,77,47,59,87,77,43,14,56,52,36,55,54,67,78,70,70,66,16,31,46,35,83,62,50,66,84,93,50,43,97,16,45,60,66,49,52,80,104,55,74,90,27,58,41,56,84,84,59,43,41,36,52,8,71,33,29,14,97,78,94,43,38,29,55,74,60,32,26,56,44,59,53,62,92,39,71,71,74,56,45,71,67,50,76,126,73,65,54,69,21,91,84,64,59,56,58,121,54,87,60,70,35,79,32,39,37,18,38,93,43,60,61,76,49,85,27,69,32,85,7,83,42,45,59,73,61,95,72,9,72,116,58,23,68,85,15,76,43,72,86,71,65,22,82,29,44,43,81,78,94,62,20,52,19,23,79,6,58,62,40,49,18,27,39,60,60,46,58,54,93,53,50,52,89,45,68,38,43,75,57,55,91,47,42,39,84,35,66,41,64,59,46,89,53,104,23,78,29,69,34,31,103,50,100,37,42,108,119,31,96,29,98,41,54,39,93,38,60,59,68,37,64,18,73,84,65,66,50,73,90,77,87,49,66,49,41,34,37,7,60,52,43,40,26,94,51,46,82,70,41,39,68,66,80,57,46,54,44,65,33,82,99,84,61,59,25,45,45,87,47,95,67,65,84,50,74,58,59,70,54,70,63,61,69,70,56,72,92,41,50,19,99,110,89,61,72,109,89,54,109,46,80,96,65,71,31,75,36,105,44,49,43,44,45,59,34,42,40,96,78,49,81,64,51,56,49,72,64,82,54,59,37
Gene2S_180,19,3,9,8,15,10,17,14,15,5,14,7,27,11,7,1,0,10,13,12,10,10,9,10,20,1,19,10,9,6,4,3,5,21,9,7,4,8,19,5,14,6,3,8,11,19,12,7,26,15,3,15,4,19,26,18,12,21,15,5,1,1,20,14,9,11,10,2,0,15,11,11,11,1,17,26,25,11,13,4,11,3,24,4,5,18,9,2,9,12,3,24,9,21,11,8,5,9,15,13,12,10,2,22,3,9,16,13,2,10,1,7,3,5,5,7,6,8,11,3,2,8,7,7,18,16,0,7,10,12,11,16,18,9,4,2,17,5,14,19,27,9,4,23,21,17,11,19,20,0,0,0,14,0,2,17,8,17,1,19,26,22,0,7,15,21,4,6,7,5,9,10,11,1,3,4,20,3,7,16,8,4,12,2,16,2,1,18,16,6,20,20,6,15,13,4,9,9,18,2,2,24,7,17,10,4,13,11,11,7,0,4,6,17,0,8,6,0,18,7,20,17,4,5,16,8,9,0,19,11,6,10,20,14,11,11,14,22,2,7,9,15,11,25,0,10,20,5,21,6,0,13,1,15,13,16,13,26,18,0,16,13,15,7,9,9,4,11,1,12,13,11,7,6,10,3,11,0,13,8,4,21,4,4,12,23,1,6,9,7,14,6,8,26,8,24,10,20,2,13,22,21,10,7,25,4,22,13,13,12,8,9,9,11,2,16,15,28,0,6,3,22,5,1,3,17,20,15,1,3,22,10,5,4,0,2,19,15,8,11,15,26,8,10,22,12,16,18,4,22,17,4,7,13,12,8,7,32,10,21,24,13,24,26,22,5,5,7,11,13,20,4,14,15,2,20,5,8,10,7,3,4,3,2,16,9,0,5,2,3,13,7,0,15,11,15,14,6,10,6,7,1,16,20,15,9,7,11,14,11,10,5,18,17,8,18,1,3,18,7,12,2,10,14,7,17,26,26,13,27,20,5,3,15,13,15,23,4,14,11,2,11,19,4,3,9,17,14,15,7,0,6,9,1,6,7,15,6,17,3,2,26,13,16,1,12,18,11,10,11,15,9,16,6,10,8,14,11,5,7,18,21,21,11,1,14,15,1,19,10,13,3,3,3,12,9,6,0,6,1
Gene2S_181,15,30,28,34,14,15,16,35,14,31,16,32,21,19,24,11,24,13,22,26,26,21,32,24,27,30,16,39,15,29,27,23,7,33,25,22,38,39,32,23,32,22,28,21,24,13,26,45,32,20,37,33,15,33,34,17,38,26,31,44,29,37,31,13,23,31,38,13,22,19,37,15,35,20,12,17,37,32,31,29,21,36,28,18,28,26,23,33,27,20,32,27,15,31,20,54,38,26,19,27,28,33,4,30,16,38,13,40,25,30,19,32,22,18,22,15,28,14,8,37,36,25,22,36,30,36,21,34,15,34,27,20,19,22,31,26,36,28,22,29,18,29,16,19,35,28,28,18,24,36,34,26,34,24,23,31,27,12,37,28,21,32,19,23,21,33,30,34,36,25,27,26,28,35,23,18,12,28,38,25,42,37,19,19,25,33,24,24,16,9,26,23,33,23,37,22,12,8,14,30,12,40,23,41,21,20,24,18,39,16,19,18,21,39,32,21,23,20,19,37,45,23,19,22,28,31,24,35,27,22,47,28,19,24,27,28,20,18,33,20,34,18,33,20,42,27,30,20,18,35,35,26,21,7,24,15,16,16,22,10,24,20,36,22,29,24,23,23,16,31,14,8,28,34,20,25,35,16,12,32,6,29,20,50,35,33,35,22,9,19,19,37,8,16,18,27,20,10,12,19,4,16,18,15,31,15,34,5,23,36,13,29,26,29,13,23,10,29,19,18,23,30,8,38,20,22,32,28,28,32,19,33,40,28,18,26,19,21,43,18,47,17,28,26,11,35,11,25,18,29,39,25,26,24,26,20,23,15,20,40,15,23,21,27,16,29,27,11,36,29,24,32,6,24,30,36,18,30,23,3,23,32,27,31,23,18,35,25,11,33,28,17,21,34,43,25,11,35,32,37,26,26,24,33,51,27,24,23,17,30,26,40,13,15,17,20,14,23,20,50,18,32,35,15,24,31,31,25,8,16,42,28,28,17,7,15,22,44,28,19,31,27,16,28,39,32,39,32,28,38,38,26,19,13,23,6,21,18,24,34,19,14,35,22,21,26,30,20,19,30,9,18,11,36,34,23,34,12,34,23,17,39,18,23,28,24,30,32,11,27,48,18,34,19,30,30,19,11,29,17
Gene2S_182,42,34,50,53,28,11,18,32,50,35,31,30,52,32,41,23,17,15,25,29,49,15,21,34,41,15,23,4,25,39,29,21,39,30,24,19,28,20,34,26,22,10,35,26,3,27,40,35,26,23,54,28,47,25,33,41,46,15,28,15,24,35,42,38,32,46,44,35,52,21,20,26,51,36,20,42,29,18,21,33,33,39,44,23,21,30,9,25,36,36,32,41,32,20,29,27,29,37,12,56,57,17,32,63,25,8,40,31,52,19,40,44,42,33,42,22,34,8,18,40,25,11,24,17,28,30,30,11,45,22,11,5,24,29,18,48,29,39,14,19,37,26,37,32,29,22,29,8,28,26,26,45,9,52,23,28,17,21,37,44,30,31,23,42,47,10,29,45,5,38,33,46,16,29,37,34,48,32,38,26,44,26,43,18,36,24,8,25,18,27,38,29,21,41,53,40,35,27,31,43,30,47,23,29,36,45,47,41,59,9,27,7,31,39,15,27,35,30,23,42,30,14,43,30,10,33,29,46,22,29,18,34,25,37,23,26,47,24,39,21,41,39,39,17,13,38,17,9,47,13,49,26,19,41,31,35,23,40,47,33,25,23,19,18,31,14,22,24,42,47,27,49,32,31,39,7,21,21,50,12,42,45,16,49,38,51,24,31,34,56,31,20,51,26,36,38,42,22,30,48,21,32,35,30,25,25,45,35,53,44,16,44,44,43,27,32,23,39,35,32,38,24,20,19,17,19,27,47,34,25,48,43,28,18,34,31,47,25,25,14,62,24,7,37,49,47,22,40,23,38,36,17,56,25,17,27,27,9,13,34,32,42,8,43,35,30,7,15,10,45,28,22,43,38,29,34,22,42,20,30,42,23,21,12,46,26,18,48,35,48,17,43,44,31,11,36,22,25,41,11,33,18,21,54,28,26,5,29,47,36,22,14,40,50,51,33,25,26,12,55,43,49,54,30,58,21,18,25,40,13,18,44,50,29,21,18,20,25,22,48,32,22,40,43,50,38,42,30,31,40,36,36,35,36,42,67,47,53,26,28,40,25,40,36,35,39,31,44,51,15,42,19,60,39,26,45,13,26,24,36,30,14,65,2,40,29,24,39,18,34,38,39,34,17,22,29,44,33,20,41
Gene2S_183,26,0,13,12,2,25,15,4,7,6,10,3,24,10,25,33,17,35,3,7,11,30,46,14,24,17,4,6,57,9,54,6,4,0,0,25,7,5,19,10,0,8,12,1,0,38,18,11,9,21,22,11,5,33,3,15,2,6,47,5,19,1,14,40,52,46,8,36,1,9,11,5,17,32,30,24,16,0,19,22,16,41,59,40,29,2,6,45,14,2,12,35,4,7,20,49,13,17,19,23,5,17,0,16,2,4,1,11,19,60,16,6,8,1,17,24,7,50,15,13,4,5,8,30,13,35,18,18,17,6,13,1,0,9,20,13,12,27,10,0,6,26,27,23,7,10,60,2,4,21,50,0,74,12,12,19,25,19,3,38,10,3,26,36,5,21,46,3,16,15,29,4,8,12,0,52,50,1,19,22,19,70,42,24,22,29,26,19,68,19,4,4,7,5,38,18,5,10,35,5,0,14,6,14,23,12,2,14,10,2,12,36,12,23,34,2,11,2,4,25,6,0,26,0,16,13,17,34,1,35,37,0,22,19,11,13,4,37,48,35,13,18,23,8,33,14,35,0,17,31,30,8,13,4,0,4,15,49,23,11,26,20,13,33,13,10,2,12,41,24,14,11,8,1,7,0,8,3,8,0,14,9,21,14,8,49,10,11,3,4,33,5,48,14,17,8,15,28,17,62,19,4,15,23,23,7,4,13,10,1,41,35,8,22,3,20,28,12,68,4,29,14,2,13,20,15,32,5,16,40,4,18,17,7,33,6,13,22,44,20,47,46,25,32,20,32,46,22,15,25,33,68,7,18,38,32,7,12,19,54,17,11,14,12,27,20,11,25,1,1,10,4,28,0,13,13,24,49,21,1,7,8,79,2,0,27,3,20,6,5,1,44,21,10,0,17,17,0,43,74,13,19,41,18,9,11,53,24,1,19,38,44,27,23,1,44,13,3,0,2,29,22,12,4,10,25,4,6,25,5,20,2,3,17,26,23,14,60,23,7,30,4,20,27,11,7,8,58,44,41,6,34,1,39,47,21,13,30,22,25,23,42,4,29,6,22,28,13,9,37,6,10,60,20,9,40,1,8,1,1,4,55,12,13,12,62,5,4,17,0,9,3,33,43,53,0,0,9,5,11
Gene2S_184,8,83,63,83,107,72,147,76,104,87,97,62,34,46,86,89,76,54,81,46,16,98,76,64,112,47,33,99,56,70,111,124,76,94,63,130,62,83,75,56,74,103,88,80,99,60,110,88,103,67,99,45,65,69,85,96,86,89,68,34,96,101,70,90,39,111,59,60,50,71,61,67,95,84,76,92,102,107,98,69,110,50,70,74,93,54,94,38,108,42,85,103,46,82,34,61,64,72,77,92,48,87,67,94,116,69,55,122,29,94,46,86,32,69,94,89,71,65,70,91,66,70,36,58,74,53,126,98,87,97,66,90,56,52,20,53,42,92,63,96,91,61,95,87,58,83,118,66,106,50,93,100,97,98,70,76,57,67,107,96,74,56,65,73,111,76,92,74,73,62,113,106,88,74,55,94,96,72,92,21,90,74,59,91,61,61,94,103,65,93,55,92,83,84,61,54,109,72,40,102,88,43,84,116,100,60,65,79,77,54,59,62,55,50,109,85,115,98,46,25,36,92,61,20,87,73,110,85,108,50,93,84,81,115,93,79,4,71,83,108,48,78,64,108,80,63,70,82,134,101,50,69,70,70,79,29,65,52,78,83,79,101,81,65,44,28,86,94,122,72,55,44,92,90,85,55,32,103,93,109,82,120,111,79,72,39,57,94,108,95,93,87,75,61,67,81,60,77,54,81,57,36,56,47,85,60,93,50,72,81,80,93,67,66,69,80,108,108,85,93,90,90,58,74,92,89,126,125,116,125,24,130,81,104,115,63,88,86,102,98,66,113,56,48,128,35,76,64,41,64,49,67,62,37,109,91,56,85,16,91,110,68,88,69,64,118,115,72,104,96,33,78,79,126,73,79,38,72,57,59,48,78,82,101,60,82,39,134,44,68,67,99,55,78,111,84,79,50,84,71,33,43,95,41,109,75,80,83,60,44,86,61,63,79,63,40,94,55,88,72,70,89,58,90,86,71,75,65,103,98,77,71,68,61,68,52,113,80,75,113,68,51,82,73,47,121,104,91,95,74,52,67,103,87,55,53,69,84,72,76,43,99,131,100,66,93,74,45,16,79,103,72,68,84,68,89,96,49,56,74,86,86,107,37,89,93,60,61,65,86,82,84,48,26,50,84,88,30,117,45
Gene2S_185,58,42,40,59,94,76,99,34,91,56,60,51,77,66,149,78,67,89,61,42,106,114,73,34,78,105,44,18,65,96,68,101,71,42,131,106,31,71,59,77,92,54,106,67,88,59,77,34,92,67,86,50,98,84,103,88,99,50,116,35,26,34,52,64,47,90,54,69,102,87,96,61,77,110,81,76,52,69,92,93,59,50,44,85,79,84,67,69,46,46,85,50,58,13,94,93,51,101,79,80,57,82,48,59,26,82,61,91,44,34,123,36,16,41,100,91,19,81,81,87,80,73,103,17,47,88,43,89,81,88,105,56,76,61,32,68,46,113,62,54,20,78,101,87,49,67,49,66,117,68,74,108,49,31,63,52,52,71,81,82,30,37,36,63,63,113,80,70,96,75,46,17,20,43,77,62,55,126,110,101,34,64,75,19,23,17,97,67,66,66,55,81,44,51,22,87,111,10,74,49,116,83,46,67,71,48,54,90,44,64,46,49,23,29,84,97,74,37,49,73,108,38,102,52,88,73,48,114,75,25,59,66,52,74,47,67,82,79,118,37,109,73,36,59,26,105,68,88,70,108,65,10,51,28,64,59,57,100,100,95,68,65,76,70,86,30,45,71,68,69,51,27,125,71,83,49,89,103,75,43,51,29,33,82,63,64,77,103,35,107,77,64,78,41,58,47,82,23,36,25,60,67,48,20,93,48,25,95,100,87,45,42,70,69,90,36,75,81,53,83,58,47,87,66,93,34,117,58,69,23,29,97,70,121,125,73,40,58,84,89,85,91,6,69,74,91,55,86,58,31,58,45,85,100,39,129,70,42,132,44,60,61,81,43,94,27,92,17,84,83,25,57,61,36,39,114,39,34,64,55,33,22,45,60,19,60,37,54,66,89,43,94,50,81,79,54,70,35,57,124,84,142,41,87,69,51,27,44,55,29,70,22,80,78,112,82,111,92,90,91,32,86,42,34,72,51,65,39,81,58,38,107,100,71,49,26,66,96,53,24,110,76,65,84,65,20,71,67,103,38,46,103,70,70,70,109,57,82,104,81,54,117,45,75,54,26,20,77,42,83,74,64,87,65,59,110,83,138,85,83,71,54,87,111,41,76,24,77,52,48,49,101,65,48,89,56,49,91,45,62
Gene2S_186,1,10,0,6,13,16,6,3,15,8,22,6,5,8,15,17,16,5,1,5,12,8,8,6,3,8,7,4,8,5,4,6,20,19,8,2,11,7,2,12,8,5,6,9,10,10,12,8,11,11,8,14,8,11,9,9,6,14,6,12,15,3,17,11,10,5,18,12,23,7,14,16,3,13,11,8,11,9,8,11,11,12,3,10,11,8,10,14,18,8,7,6,13,2,12,2,11,10,12,2,9,7,12,3,15,16,12,13,2,6,9,14,22,11,8,6,9,10,8,5,10,2,19,3,10,14,7,10,9,10,7,7,5,16,15,5,17,10,13,11,5,10,10,3,5,13,19,11,4,13,18,8,5,8,8,8,5,5,4,7,6,10,10,10,6,5,16,9,15,13,1,11,10,8,5,12,9,2,7,13,9,13,13,12,6,11,4,7,17,6,4,4,14,11,10,13,6,11,3,14,1,11,0,8,7,14,3,9,3,8,8,3,16,12,3,4,16,17,10,11,3,9,8,3,12,15,12,12,8,15,7,10,21,3,3,9,2,15,3,12,2,11,2,11,4,13,3,7,4,15,5,5,11,1,8,4,8,4,1,12,0,9,9,12,9,8,4,13,16,17,7,1,8,11,8,15,11,6,1,5,8,19,7,9,2,5,7,9,14,15,12,21,19,15,19,8,8,7,9,5,9,6,11,13,16,8,10,1,4,10,13,7,2,11,10,10,7,10,10,4,10,14,6,4,7,3,13,7,11,5,13,13,12,16,8,10,1,15,9,5,12,2,8,6,5,13,8,12,11,12,3,10,3,2,10,6,8,8,4,11,4,0,14,7,12,7,15,14,18,12,11,14,7,13,9,16,4,15,11,4,16,2,6,12,3,8,10,10,5,16,11,18,6,6,15,12,1,8,10,13,8,14,11,10,8,9,9,15,19,11,13,17,14,12,13,7,10,5,17,5,8,4,8,6,6,6,10,20,10,12,7,16,8,9,3,9,17,6,12,6,6,11,8,14,4,0,9,9,0,7,9,4,6,12,1,12,13,4,5,8,7,14,17,3,11,10,11,3,10,10,20,7,5,19,11,3,17,12,4,12,10,12,5,14,10,14,4,16,4,3,13,11,7,15,7,7,12,13,4,8
Gene2S_187,85,58,68,80,81,32,44,49,43,97,81,82,26,98,63,53,82,49,55,25,76,68,31,57,65,92,40,51,92,76,43,56,77,42,22,32,28,48,68,15,46,71,75,71,37,52,65,68,49,90,66,45,71,59,50,49,17,67,59,58,59,52,68,70,55,55,36,54,34,91,56,38,54,52,56,41,63,88,77,28,27,92,17,37,64,42,40,60,38,27,66,88,22,45,41,55,79,40,29,53,47,27,33,26,30,67,68,94,86,67,68,61,56,61,92,7,105,41,53,61,100,68,57,72,86,64,88,84,92,51,72,30,20,78,87,46,61,45,41,56,64,54,56,90,111,55,34,40,21,41,30,57,49,66,6,81,52,66,56,50,50,62,36,69,68,44,70,46,78,87,43,77,51,86,99,24,50,35,65,29,9,74,53,56,55,25,39,23,50,95,34,42,44,50,42,40,30,57,70,36,61,26,44,37,49,61,41,34,81,84,60,60,54,74,23,36,61,52,82,74,62,65,67,28,42,59,40,75,83,50,77,85,60,62,85,18,40,50,85,52,31,52,66,49,62,63,64,59,77,44,78,59,86,54,68,31,48,27,41,70,44,45,65,62,95,72,26,48,63,58,63,23,95,58,54,36,51,87,49,81,82,51,12,76,45,73,52,90,37,30,26,30,71,54,84,58,64,81,107,62,71,37,56,27,81,89,69,51,77,87,61,22,71,99,61,65,46,61,47,73,48,42,34,56,74,46,36,93,69,34,53,84,52,56,52,40,46,51,29,56,55,67,54,80,46,81,57,53,31,39,49,68,31,47,93,28,38,35,39,51,51,71,90,60,87,23,69,34,54,65,74,77,84,75,48,51,91,54,82,84,19,94,55,43,28,57,65,41,94,30,90,45,58,103,43,69,47,34,52,73,84,59,59,65,35,53,38,61,21,28,74,47,72,29,76,60,77,67,68,106,48,73,58,40,74,74,63,73,81,85,45,95,51,48,52,78,57,82,45,46,64,77,81,53,66,72,69,54,50,58,54,54,74,87,48,78,67,60,69,41,54,36,31,52,66,80,60,58,81,62,29,37,56,22,86,108,41,53,52,88,110,59,66,87,60,39,70,79,13,57,65,38,66,28,53,49,95,96,65,52
Gene2S_188,4,10,5,10,7,2,2,11,5,1,4,9,6,4,7,6,7,7,13,4,13,3,1,0,4,4,6,9,4,2,10,0,3,12,1,11,12,6,16,9,13,10,1,13,9,0,8,3,7,6,13,15,5,10,5,10,7,4,9,2,5,14,7,17,9,13,10,6,7,7,7,10,6,7,0,2,4,8,2,13,0,9,15,2,3,10,15,1,7,6,7,6,4,0,5,9,20,11,9,7,6,8,10,15,6,0,11,5,6,3,2,5,3,5,4,2,4,3,5,2,6,1,0,4,2,10,6,8,6,1,12,10,8,2,7,3,5,4,13,11,9,9,9,1,7,5,8,8,10,9,2,10,3,14,9,10,5,0,9,1,9,5,11,12,5,7,10,2,13,15,8,0,13,4,3,5,7,8,0,5,3,12,1,16,9,3,5,5,4,9,11,19,8,7,13,3,8,7,3,10,1,9,6,13,4,13,11,1,0,4,8,8,10,14,14,0,11,7,12,6,1,12,10,1,0,10,1,8,11,3,14,5,4,10,10,12,3,0,5,10,1,9,9,1,2,7,11,3,7,2,12,4,3,3,10,0,4,12,2,8,9,11,4,5,0,1,8,11,6,1,10,5,8,6,4,11,11,9,5,4,16,0,3,7,1,4,6,6,5,8,10,1,4,6,4,5,11,9,4,3,11,6,7,5,10,0,0,3,11,12,10,9,0,8,9,4,6,7,9,13,5,7,3,6,1,5,6,4,11,4,11,14,8,1,7,4,7,13,0,3,10,5,6,5,6,1,20,3,10,14,6,7,5,0,3,3,12,10,4,12,6,6,7,12,1,7,13,15,5,6,5,3,8,6,10,4,12,7,10,7,8,8,2,3,9,9,4,12,0,10,0,0,5,5,7,3,6,3,5,13,5,3,5,15,7,5,3,3,12,0,5,8,11,5,5,1,6,11,7,2,1,16,10,5,4,1,2,3,8,8,12,10,4,3,5,5,2,7,11,0,1,4,5,0,6,8,6,11,10,9,6,14,0,9,8,5,9,4,9,7,0,10,3,3,0,5,7,3,13,2,5,8,11,4,8,0,16,9,11,6,8,3,1,7,5,7,8,6,4,8,4,5,3,9,10,3,4,9,14,4
Gene2S_189,48,19,18,24,32,32,47,43,52,2,1,18,38,20,19,20,30,18,16,28,43,11,19,22,42,41,32,27,25,6,14,31,32,21,28,30,32,29,14,21,46,16,1,41,8,23,16,24,10,11,35,9,47,47,23,17,37,16,3,32,17,18,5,2,15,58,44,54,1,22,18,26,8,8,54,19,42,44,35,40,8,2,48,14,14,29,14,14,18,26,26,21,18,24,39,40,38,27,51,44,12,16,10,8,37,22,45,19,35,31,17,46,8,23,6,60,25,16,6,35,9,15,21,33,38,14,33,58,5,18,33,11,37,15,34,18,23,50,17,25,20,37,32,31,14,28,40,35,17,11,18,46,18,22,48,26,34,25,36,23,47,22,33,39,30,54,32,18,5,36,6,29,23,17,4,32,15,64,40,38,37,36,20,46,7,9,6,18,43,8,33,13,16,31,13,20,44,34,44,46,11,39,41,12,38,26,17,36,36,10,19,31,2,47,45,16,34,37,49,6,15,50,20,17,42,25,33,21,30,12,7,26,30,43,19,46,18,25,39,52,53,29,36,18,37,14,44,24,39,22,30,14,8,33,20,31,13,56,35,35,24,44,1,3,9,19,32,20,18,48,47,4,10,42,24,55,35,5,32,23,22,9,14,57,12,19,18,16,57,25,11,14,30,13,47,37,47,24,15,27,42,38,13,2,32,29,23,52,28,46,19,23,12,36,56,46,17,13,40,33,13,13,23,39,29,37,7,31,25,29,11,12,11,30,10,39,23,29,17,17,54,46,25,10,44,29,46,16,12,25,47,25,24,24,19,36,5,37,35,10,19,21,12,28,26,20,7,38,20,5,15,33,35,15,3,13,4,54,23,17,19,33,29,30,4,25,30,59,40,17,22,65,21,28,37,27,32,18,50,39,11,26,25,3,28,36,15,29,9,15,56,13,28,12,5,13,33,29,20,34,45,7,21,9,15,17,4,13,21,21,23,11,10,8,26,25,27,31,1,21,26,39,36,25,12,28,10,27,12,42,40,21,26,11,35,13,32,35,59,20,15,21,62,38,13,18,23,30,39,58,15,4,9,32,4,46,13,6,16,37,40,33,27,1,19,35,13,25,14,41,37,14,24,15,6,30,14,49,18,27
Gene2S_190,33,14,28,42,20,7,20,7,30,38,24,42,23,22,10,13,23,10,11,3,25,6,21,28,18,29,9,42,22,13,11,21,42,30,19,15,29,15,25,22,8,40,19,11,12,5,17,13,20,22,38,14,13,10,16,31,15,8,40,25,5,31,21,3,30,5,25,12,18,13,22,18,11,23,28,33,41,19,24,23,9,6,16,7,13,18,35,11,15,26,21,25,27,0,0,7,29,19,26,4,16,22,16,21,12,38,19,9,19,23,11,24,32,33,17,9,9,29,26,26,17,9,21,1,17,19,13,3,28,25,5,16,24,16,16,26,16,11,31,19,24,7,46,24,12,28,19,19,31,27,12,24,31,44,8,19,22,4,30,37,18,21,14,21,33,14,20,17,29,26,30,18,25,16,31,11,22,16,34,7,3,27,24,20,17,18,18,15,34,4,11,24,18,32,37,26,23,24,38,4,13,8,14,13,1,36,17,8,15,19,38,39,12,3,34,11,12,10,6,31,20,31,13,9,34,26,12,28,37,16,17,27,12,6,40,27,15,9,1,21,17,37,31,23,3,15,2,14,4,12,9,40,8,33,13,13,8,24,21,29,9,19,9,23,25,25,5,29,29,16,32,14,15,18,27,21,11,20,23,20,14,29,9,46,16,39,50,10,10,19,15,2,13,11,43,15,26,23,20,19,36,16,32,18,21,6,30,18,27,4,33,41,11,24,21,36,36,32,17,3,9,9,39,14,12,30,22,27,19,16,34,5,49,5,6,39,24,15,27,24,23,10,38,13,32,10,36,26,23,30,22,18,9,28,34,15,13,12,8,4,23,30,33,10,8,29,22,46,30,12,7,27,7,13,29,25,7,22,46,8,27,21,37,11,35,34,33,9,11,19,27,22,18,23,34,16,3,18,17,14,13,13,23,9,5,11,26,2,15,9,4,18,14,7,6,5,14,5,7,59,4,20,1,20,37,23,37,14,37,33,22,32,15,22,45,20,28,47,30,31,34,18,21,14,23,21,32,7,21,36,3,10,5,29,23,21,33,8,18,25,33,7,19,30,17,47,15,24,15,41,42,6,23,30,13,9,16,12,7,15,22,19,19,33,8,26,22,16,6,29,39,15,30,19,8,9,29,30,16,8
Gene2S_191,22,22,41,17,21,45,55,26,31,22,5,16,47,12,4,13,31,25,53,17,37,22,20,43,38,41,30,5,48,4,37,50,31,31,22,32,37,26,26,21,43,16,21,36,31,34,10,35,12,34,29,8,34,16,22,21,23,29,43,13,33,33,6,53,16,22,21,24,15,31,40,11,21,27,19,28,27,22,37,39,10,29,33,14,35,5,11,16,31,12,29,16,32,18,27,19,13,30,31,6,33,35,51,27,53,20,9,46,38,42,20,9,37,50,47,27,25,9,25,22,22,51,21,36,27,5,26,28,24,28,29,9,51,41,38,21,34,40,2,21,40,48,44,23,39,40,39,16,10,24,37,18,37,36,13,22,30,3,23,14,33,34,22,52,24,47,33,6,27,23,10,6,17,10,18,40,10,34,40,26,23,17,37,37,29,6,14,38,24,39,46,24,9,40,19,12,32,16,25,26,30,14,22,41,54,3,23,26,18,17,34,35,39,18,6,36,9,44,28,39,19,14,17,33,10,9,40,34,41,28,13,19,19,11,17,10,9,13,28,5,16,13,11,17,14,27,33,41,31,23,12,34,21,22,51,21,19,37,31,37,21,32,21,13,37,28,25,14,25,19,39,1,30,7,45,39,19,22,7,53,27,28,45,16,23,37,65,18,27,20,13,22,21,40,45,25,16,38,17,25,26,21,33,18,25,22,34,15,19,9,22,29,36,53,18,48,4,31,39,15,22,27,42,42,32,16,26,29,21,46,30,13,48,31,37,24,28,13,25,11,21,16,16,22,14,25,49,9,18,36,30,19,21,49,19,15,32,40,34,22,42,12,4,26,21,41,35,19,15,25,15,19,32,23,14,4,16,31,6,32,51,30,17,23,28,28,29,26,30,6,14,20,49,42,9,21,45,16,34,14,42,43,13,12,29,44,41,19,24,9,27,51,15,41,12,21,15,24,14,64,25,1,30,25,18,45,18,12,42,34,27,46,31,23,39,21,28,30,23,41,13,17,44,27,24,15,25,14,47,3,30,28,37,7,31,32,36,6,41,21,14,32,20,26,38,33,35,17,19,24,18,22,53,24,22,21,40,29,18,21,34,35,35,14,10,26,9,23,41,22,32,17,23,42,29,27,30,12,17,38
Gene2S_192,52,9,64,31,37,30,15,75,42,75,100,85,49,62,54,99,35,73,76,12,68,80,42,102,58,100,43,60,75,81,130,40,55,71,102,110,20,86,59,84,72,94,69,71,53,15,60,29,112,87,81,50,42,28,26,62,44,24,41,89,59,82,99,42,91,43,50,24,42,88,72,75,38,88,59,6,22,54,53,69,61,43,39,54,68,49,48,110,69,91,78,59,34,46,113,59,63,64,56,31,30,96,45,92,31,78,17,42,80,46,51,26,50,76,61,65,76,50,50,58,62,88,102,24,107,41,64,103,65,113,53,60,54,72,56,81,59,65,69,45,64,30,76,83,36,34,62,18,65,70,47,35,84,84,96,115,69,38,24,36,53,48,34,56,36,42,25,91,86,104,62,58,70,69,102,79,81,62,67,62,39,53,94,91,34,58,35,93,31,81,124,93,61,67,73,75,50,45,67,87,77,84,33,84,60,49,72,30,97,77,78,78,28,24,44,21,52,51,75,29,46,63,46,60,77,41,54,54,39,46,84,39,74,76,64,50,38,85,62,14,92,77,14,66,54,58,28,61,41,68,62,53,54,51,89,20,50,28,47,76,73,65,81,70,23,48,47,49,30,62,67,61,47,23,40,69,51,37,60,66,112,44,106,47,29,27,68,74,74,52,104,69,38,91,70,41,23,41,83,33,49,46,44,91,55,64,56,67,78,66,81,29,60,56,61,80,42,92,59,54,69,54,56,77,31,59,55,62,60,72,57,63,29,75,20,110,82,24,11,32,75,86,79,88,7,68,78,52,113,49,62,32,77,44,51,37,26,31,48,108,62,87,53,87,27,82,24,40,68,62,61,112,53,38,51,41,47,103,79,95,87,48,54,97,69,10,40,34,53,41,38,84,84,58,69,71,75,10,36,47,71,139,54,42,26,38,91,84,61,110,65,16,98,36,34,41,31,104,69,40,59,21,26,95,56,23,83,63,72,44,72,113,49,16,67,96,34,78,79,74,55,79,76,91,3,58,39,47,31,104,85,105,79,46,58,96,61,137,15,43,44,74,36,69,48,89,43,43,67,16,95,70,68,40,36,97,55,93,45,95,49,44,48,61,59,39,42,33,38,48,60,72,79,77,63,64,45,85,97,72
Gene2S_193,20,0,22,0,3,4,10,23,7,10,14,2,2,5,2,7,11,13,8,11,31,12,7,21,2,20,15,4,17,13,17,8,19,32,7,1,3,4,11,6,1,13,1,10,7,11,12,0,12,25,2,14,2,21,14,6,9,14,0,36,9,9,15,9,22,35,11,6,2,0,13,3,29,3,47,0,18,0,5,0,5,16,36,43,9,30,15,33,31,14,25,44,7,11,7,17,4,31,1,10,9,7,14,5,5,4,3,22,7,29,6,8,23,25,23,7,19,11,24,21,5,11,11,11,18,20,20,8,8,32,18,6,5,1,41,40,37,16,54,0,46,27,3,10,13,7,2,9,32,2,27,0,11,8,8,24,2,7,6,34,34,5,27,28,5,11,20,16,15,0,14,1,42,11,38,16,12,1,22,19,24,39,22,24,1,9,38,56,17,9,1,25,3,11,4,37,31,23,48,7,5,18,7,29,5,22,13,20,30,30,22,6,38,19,44,0,16,14,42,14,11,1,0,4,34,4,25,0,33,7,2,13,5,27,5,10,3,6,46,31,18,7,0,43,7,11,4,2,34,24,2,15,20,14,7,11,20,6,27,10,11,6,4,9,0,37,6,23,9,25,5,9,23,31,20,42,22,16,14,5,17,1,18,1,2,24,20,8,18,18,20,16,28,8,19,25,12,15,3,6,5,4,0,32,15,10,5,22,17,21,11,30,6,16,22,3,3,34,13,3,41,23,6,3,10,3,17,17,14,7,23,27,12,6,59,2,0,0,2,1,10,23,13,44,19,26,19,23,8,17,21,11,8,31,42,53,11,5,16,21,27,10,7,11,5,44,7,10,19,14,0,8,5,0,4,31,7,18,25,0,7,19,12,10,6,0,46,13,6,5,20,14,54,8,2,21,7,11,15,12,23,19,8,15,24,10,20,21,14,5,45,8,10,25,9,19,3,19,16,4,40,26,23,4,2,6,38,0,11,21,6,0,19,8,24,0,2,6,1,18,10,28,14,9,15,15,8,53,25,1,3,14,11,22,28,25,15,34,3,29,7,0,13,1,22,21,20,15,8,3,5,0,24,1,5,13,18,9,25,3,24,17,20,36,4,0,16,19,7,34,50,5,22,35,4,15,30,27,24,9
Gene2S_194,37,11,37,64,12,88,56,77,47,73,26,5,36,20,73,29,46,94,29,56,4,13,89,40,11,31,119,132,74,74,32,29,75,65,91,100,78,146,56,70,62,28,26,78,25,24,38,89,55,42,46,19,25,61,114,58,33,76,47,68,14,13,81,35,64,69,63,61,32,21,70,78,14,71,52,5,22,39,101,104,52,77,83,38,33,80,35,36,29,25,50,4,25,47,82,26,34,12,48,73,93,19,103,113,25,59,74,20,31,35,122,99,74,99,69,32,78,33,88,29,41,61,74,45,76,23,75,71,49,14,49,46,86,77,34,81,18,14,60,25,63,150,81,40,13,83,30,94,67,75,32,153,92,109,34,72,50,101,49,98,19,91,47,15,133,73,88,80,32,77,84,107,21,96,80,13,32,115,44,65,24,78,90,17,53,47,49,53,122,90,20,73,102,60,107,75,90,55,75,46,30,19,56,37,37,73,38,12,76,16,52,66,36,74,78,37,124,22,36,30,96,20,4,105,17,44,110,37,78,95,34,49,77,101,25,37,65,23,12,10,28,66,53,22,73,34,108,48,98,34,55,39,43,20,20,89,37,7,30,93,75,90,110,8,90,83,94,17,63,36,22,78,57,55,96,16,25,41,111,79,65,18,53,104,44,79,22,10,120,64,35,53,88,40,64,55,35,12,26,33,21,38,42,10,67,94,11,70,33,105,69,22,108,57,85,75,103,99,30,31,65,51,66,73,33,64,80,15,120,116,73,16,34,83,29,20,27,92,92,103,29,19,5,25,45,26,35,56,72,37,18,76,61,104,28,16,32,35,23,10,67,103,43,22,58,63,59,124,78,80,90,83,106,31,18,55,89,99,67,68,33,58,46,50,46,36,113,92,9,52,41,10,50,35,46,58,11,28,33,7,31,109,104,34,41,51,26,33,26,42,83,63,52,45,76,34,78,99,89,36,34,82,14,28,30,56,88,91,13,31,55,61,80,37,37,5,58,85,108,86,106,35,18,69,38,39,125,98,46,84,12,12,47,27,82,112,42,83,89,46,37,51,87,37,22,16,68,95,87,7,10,72,16,57,86,98,25,106,90,37,49,124,51,96,23,112,32,12,42,39,120,47,36,51,42,58,121,89,14,15
Gene2S_195,33,66,38,60,76,48,24,15,37,54,85,34,10,94,70,84,83,87,82,59,86,49,35,9,86,46,80,72,34,75,87,89,70,67,74,32,41,77,84,24,69,78,77,78,105,40,54,72,51,69,80,51,67,63,41,52,39,33,80,65,80,58,79,49,67,20,21,11,64,45,39,79,55,84,37,71,56,97,45,22,48,26,69,63,60,44,12,52,86,43,28,25,45,24,26,70,61,11,29,95,61,81,71,25,43,25,64,31,70,69,48,58,78,73,58,70,49,53,81,88,62,96,53,89,52,72,27,30,80,68,70,53,45,52,24,53,10,36,10,10,74,74,67,64,49,58,64,28,60,48,17,77,44,89,53,82,72,47,80,44,102,30,59,70,19,61,69,22,44,36,66,64,93,71,43,65,43,81,65,60,32,51,61,87,60,75,46,7,54,67,52,102,71,49,41,38,81,97,57,99,70,32,44,43,73,31,20,33,78,59,65,51,62,41,93,34,52,69,64,40,64,15,55,43,20,50,93,71,61,53,92,82,75,33,65,69,32,95,69,26,29,60,47,47,105,59,48,80,24,60,47,37,87,42,84,45,58,4,54,67,77,65,42,45,84,94,45,58,75,30,43,69,56,65,61,67,11,51,94,6,35,39,51,50,66,81,33,86,57,39,20,45,66,54,54,63,110,73,85,52,41,28,79,82,82,70,43,12,13,53,41,26,83,70,71,41,115,48,35,45,31,83,38,26,60,38,97,87,40,102,65,50,78,43,73,50,44,40,40,52,37,111,56,85,55,79,74,74,74,77,39,69,39,103,46,94,27,68,104,57,29,50,52,24,69,68,70,60,61,52,63,94,37,17,45,51,79,90,67,31,28,47,78,45,26,77,65,72,78,69,46,33,63,92,72,83,28,56,45,51,48,70,67,87,52,94,94,54,59,75,33,84,46,21,66,94,59,40,70,79,30,100,97,65,53,47,60,97,13,57,36,101,75,35,66,29,80,74,51,47,72,46,72,63,45,36,23,76,71,44,72,24,75,87,31,62,93,58,30,47,71,101,29,27,58,68,59,64,62,24,75,56,75,33,61,76,54,50,58,38,94,26,56,28,80,56,40,68,52,66,46,67,63,92,75,65,58,31,49,67
Gene2S_196,21,28,32,17,7,16,23,25,21,13,21,20,20,33,9,27,19,27,23,14,12,7,23,26,20,25,23,19,17,28,16,11,26,0,5,21,23,15,1,34,22,6,6,16,12,25,16,22,3,21,2,18,7,2,8,23,20,22,12,26,24,2,24,32,26,26,25,37,16,4,10,13,18,22,24,24,14,12,10,17,24,14,18,15,21,26,29,21,23,6,20,20,13,19,7,1,34,7,17,15,26,25,24,6,34,29,24,30,11,19,32,20,21,1,16,20,29,15,24,14,23,14,21,20,17,6,30,18,23,2,14,17,10,5,20,13,18,33,28,19,25,33,29,2,2,15,32,16,8,23,19,7,16,18,14,23,27,1,16,25,22,34,26,4,11,27,11,32,15,22,3,24,25,29,23,23,8,12,20,25,29,20,16,36,19,12,7,26,22,30,29,36,16,24,6,22,2,29,7,23,19,20,23,21,28,30,33,2,31,20,21,21,28,8,27,23,17,14,19,3,30,24,11,22,7,0,9,2,22,25,19,5,13,3,17,12,2,16,22,13,18,14,26,28,16,6,24,12,19,11,19,21,26,25,18,10,9,7,24,12,16,4,4,16,15,11,13,11,18,17,16,25,17,9,25,22,27,19,10,19,19,11,5,4,17,12,19,13,5,13,29,19,20,24,6,7,14,24,15,28,14,16,23,7,20,20,10,26,24,38,18,16,23,16,12,21,23,3,23,24,1,25,4,9,4,3,23,26,14,2,21,10,30,2,9,5,35,26,6,20,16,13,32,31,15,19,17,30,26,23,38,13,13,9,9,16,7,22,23,26,27,21,22,11,21,13,8,27,15,32,34,10,20,5,13,30,24,12,9,14,29,18,22,30,7,20,11,9,14,16,24,32,11,2,13,30,24,9,25,16,25,30,0,17,28,24,17,4,9,31,17,31,31,6,25,9,19,27,29,20,12,30,19,10,11,17,13,24,24,13,16,18,21,2,12,3,26,17,23,0,20,7,18,17,29,13,13,25,4,24,30,13,43,5,21,22,27,29,10,23,14,21,5,8,25,14,13,16,11,5,15,9,19,21,12,5,28,21,8,28,33,16,20,23,16,23,23,22,29,18,20,26,23,18,20,9,10,21,20,19
Gene2S_197,3,7,10,6,15,3,25,16,8,3,20,8,27,11,7,17,9,5,21,19,30,18,2,9,5,7,10,15,15,6,33,24,21,4,32,9,16,20,14,25,6,10,5,13,14,12,6,22,18,12,11,4,21,11,7,29,12,17,4,8,0,9,8,8,1,5,9,10,22,18,3,16,6,17,16,6,35,13,1,14,16,7,23,17,12,23,12,20,8,10,27,6,22,19,7,22,14,19,10,15,20,17,14,1,14,5,7,14,17,20,12,11,22,23,7,15,19,21,12,16,10,5,4,2,8,15,22,19,12,28,2,25,13,19,5,1,11,2,9,4,30,9,16,7,4,11,3,9,19,27,30,16,25,23,16,15,11,8,17,19,0,18,18,17,19,8,13,21,26,2,22,25,38,9,0,11,27,13,2,13,9,18,11,18,16,7,20,6,1,10,0,2,24,2,21,5,9,28,2,15,12,0,0,0,22,9,2,20,21,2,14,11,9,9,6,15,2,9,3,1,21,17,13,23,2,28,6,2,24,9,15,10,16,31,21,21,16,25,35,13,12,17,7,23,32,12,30,14,3,0,2,21,1,7,1,34,16,11,17,4,11,27,13,8,11,20,14,29,21,9,10,7,13,3,14,3,3,20,20,27,24,12,15,5,3,8,4,11,15,6,9,15,5,2,12,8,26,30,28,12,2,3,3,21,22,7,8,4,25,3,6,7,21,6,3,27,10,13,7,10,27,6,3,5,13,30,12,3,9,24,16,1,2,18,15,7,14,5,0,12,10,0,7,11,17,24,22,0,15,19,21,6,1,26,19,18,27,18,19,21,6,18,15,18,15,13,28,2,10,17,5,11,23,32,2,1,3,12,20,13,25,24,2,15,10,3,26,26,12,15,4,0,21,16,11,15,22,20,0,8,16,16,2,18,0,11,8,5,6,11,21,23,23,12,15,15,11,19,9,17,14,14,9,5,0,31,10,24,25,14,13,9,23,3,23,33,21,27,10,11,9,23,11,29,12,9,2,6,27,17,16,18,23,12,7,13,6,15,25,19,4,5,8,20,6,13,6,19,24,4,28,2,25,23,25,25,6,16,15,16,20,2,15,0,16,16,9,1,24,4,7,14,15,16,10,0,4,1,1,20
Gene2S_198,20,61,49,63,31,30,27,59,39,31,68,14,23,36,29,37,42,43,28,53,30,54,50,58,35,51,49,53,38,52,14,15,16,45,38,49,36,47,52,27,59,28,35,50,69,51,64,62,29,46,66,39,42,35,55,48,29,48,47,42,14,24,33,40,53,50,52,31,25,55,49,50,42,54,39,29,30,55,41,54,58,33,54,54,17,13,39,35,62,27,43,26,32,36,25,47,62,57,32,40,59,18,44,46,54,48,44,32,41,61,39,59,45,23,20,53,42,45,16,45,34,40,54,39,38,20,31,37,42,52,52,44,30,26,30,26,32,18,48,35,43,46,47,37,42,3,52,39,40,22,44,42,31,33,45,57,50,51,46,55,53,63,49,65,48,52,25,32,34,41,54,47,40,40,46,43,36,56,51,48,42,50,39,18,37,51,23,59,29,47,48,33,50,40,38,24,21,19,39,42,46,35,47,49,57,51,56,50,23,39,63,28,44,22,45,50,55,45,53,45,55,36,55,55,61,17,43,35,43,34,45,30,48,42,49,32,58,14,48,51,37,32,19,40,41,51,44,37,21,30,48,49,47,43,63,43,69,54,49,47,42,39,54,67,42,50,35,23,34,38,67,35,44,68,66,43,54,52,19,58,40,37,38,51,32,59,55,52,44,52,45,26,51,39,47,49,41,56,25,40,39,40,38,26,32,49,44,31,43,31,39,56,53,16,67,54,25,44,59,21,34,48,41,35,41,22,49,30,37,50,38,32,50,27,62,43,39,27,47,51,31,62,45,19,39,54,32,28,64,41,36,15,40,35,31,19,6,45,49,47,29,24,49,54,60,21,23,34,49,57,48,49,4,68,47,22,54,60,40,51,54,44,47,53,47,41,59,9,65,32,38,33,36,51,50,15,53,44,39,47,43,32,34,35,53,22,56,33,58,37,53,44,54,31,30,54,45,16,63,35,50,43,59,53,35,52,47,43,46,36,43,46,9,43,35,38,50,35,33,42,32,50,44,60,51,39,14,28,53,33,34,33,49,57,40,55,14,37,64,23,74,39,28,64,51,58,62,25,34,47,33,46,38,51,65,37,29,40,48,38,45,30,64,65,46,26,36,37,35,66,28,58,34,31,38,47,65,46,42,56
Gene2S_199,57,53,63,29,66,99,82,59,89,45,39,67,20,43,80,72,46,89,54,69,72,46,89,79,66,54,62,74,77,80,70,59,82,71,79,80,94,37,52,87,66,66,80,44,71,77,54,61,54,96,92,55,42,85,92,77,60,68,90,41,62,66,76,99,62,62,37,47,91,46,69,77,59,60,72,45,66,61,98,52,53,63,98,77,78,91,68,34,50,102,31,61,79,61,78,43,69,72,82,58,56,84,47,100,85,57,72,51,58,71,64,52,62,75,32,68,84,82,60,80,83,79,42,49,63,76,79,64,74,57,63,79,69,56,105,44,51,87,57,76,77,94,76,86,64,68,72,61,67,90,39,79,87,71,32,109,74,54,73,68,88,23,87,68,85,84,56,83,81,40,64,64,65,110,58,93,53,63,56,81,75,81,85,65,77,64,53,44,69,47,76,70,63,94,73,88,82,71,58,32,49,45,96,75,69,34,72,74,57,47,47,72,75,86,73,74,58,58,81,76,40,56,76,85,56,78,65,51,66,66,40,67,86,60,65,62,59,42,84,37,85,63,60,33,113,96,54,37,102,67,73,30,75,82,61,44,64,47,75,72,27,26,62,91,75,67,69,75,87,81,65,67,57,59,75,44,85,61,52,81,106,86,74,74,81,100,53,57,78,62,45,105,92,76,79,112,77,77,71,40,55,70,75,36,70,34,59,63,44,19,49,19,103,58,83,60,43,88,78,74,70,91,39,77,87,53,50,80,48,59,54,57,76,53,83,62,75,78,80,76,67,77,68,71,58,65,67,60,55,75,83,85,71,66,93,79,101,33,32,53,25,73,56,54,36,93,32,72,39,35,46,92,84,66,48,34,92,67,61,59,84,100,56,86,62,47,71,69,65,50,66,71,72,108,36,54,58,49,63,67,96,73,65,55,62,59,53,64,37,26,73,73,93,49,45,76,37,78,66,93,61,66,67,57,95,36,40,52,51,50,59,45,47,60,88,55,66,48,58,101,94,49,39,73,55,92,96,91,107,91,76,52,81,98,63,50,57,16,90,78,76,71,79,82,85,49,78,69,39,95,64,38,67,58,92,78,76,37,72,34,62,62,66,65,35,42,58,56,81,98,74,95,59,80,65,38,80,23,30,93
Gene2S_200,3,3,9,0,11,18,14,12,7,13,2,1,19,14,14,14,13,9,10,4,9,4,9,2,12,4,9,1,11,11,17,5,3,20,11,9,1,6,10,5,14,13,2,8,17,21,20,10,8,0,1,11,9,4,1,4,7,11,9,4,0,11,2,8,8,1,10,7,0,18,6,8,3,7,12,7,5,0,3,12,0,11,11,14,5,10,6,7,6,1,11,0,6,12,11,9,6,5,15,0,12,4,9,5,5,0,7,5,14,12,8,6,6,20,9,20,1,8,15,7,14,20,15,19,7,6,15,1,16,14,2,5,11,3,5,9,14,11,13,6,3,1,12,1,7,6,6,11,5,2,9,9,12,6,4,4,14,3,2,4,12,1,8,2,8,9,3,12,14,3,15,2,1,6,12,5,13,4,2,8,2,9,16,3,0,0,17,0,3,6,1,6,0,6,17,14,9,12,19,3,3,9,9,7,8,2,7,3,10,10,5,0,10,0,4,15,1,16,12,2,6,5,2,14,6,6,2,6,6,12,7,15,13,7,2,9,12,10,6,8,11,1,2,5,18,1,4,6,8,14,4,0,6,7,8,1,23,16,6,12,11,6,2,2,14,12,6,3,11,8,5,7,0,9,10,4,1,1,6,14,8,14,5,6,17,14,0,10,1,0,3,10,2,9,13,5,3,2,3,5,6,3,11,7,7,13,11,8,6,11,10,11,12,0,8,2,12,11,2,13,0,4,13,13,15,13,15,2,5,11,12,5,2,8,4,3,7,0,7,11,16,15,0,4,5,9,19,8,4,2,6,10,6,1,6,2,4,16,5,7,16,2,8,4,9,0,7,3,9,4,4,1,12,13,1,12,3,9,4,7,15,6,1,4,14,5,7,11,15,8,11,5,5,4,7,3,6,8,4,0,6,4,1,0,3,1,9,0,18,13,9,5,13,8,15,4,17,5,9,1,0,5,3,1,10,1,6,15,8,5,3,0,2,7,1,3,3,9,3,10,7,12,4,6,3,9,11,6,3,3,8,9,4,10,9,1,0,2,7,18,5,13,12,3,20,2,11,8,10,5,2,0,7,14,1,5,4,2,2,6,8,7,0,1,12,3,1,8,1,8,7,0,6,5,14,0,5,5,4,2
